<?xml version="1.0" encoding="UTF-8" standalone="yes"?>
<gpx xmlns="http://www.topografix.com/GPX/1/1" xmlns:tt="TT" version="1.1" creator="TomTom MyDrive">
    <wpt lat="41.924958" lon="8.713457">
        <type>TT_HARD</type>
    </wpt>
    <wpt lat="41.4937" lon="9.0516">
        <type>TT_HARD</type>
    </wpt>
    <rte>
        <name>1 agosto</name>
        <rtept lat="41.924958" lon="8.713457">
            <type>TT_HARD</type>
        </rtept>
        <rtept lat="41.4937" lon="9.0516">
            <type>TT_HARD</type>
        </rtept>
    </rte>
    <trk>
        <name>1 agosto</name>
        <trkseg>
            <trkpt lat="41.92507" lon="8.71344"/>
            <trkpt lat="41.92506" lon="8.7134"/>
            <trkpt lat="41.92503" lon="8.71323"/>
            <trkpt lat="41.92501" lon="8.71316"/>
            <trkpt lat="41.92488" lon="8.71263"/>
            <trkpt lat="41.92489" lon="8.71256"/>
            <trkpt lat="41.92491" lon="8.71254"/>
            <trkpt lat="41.92493" lon="8.71253"/>
            <trkpt lat="41.92495" lon="8.71254"/>
            <trkpt lat="41.92498" lon="8.71257"/>
            <trkpt lat="41.92501" lon="8.71262"/>
            <trkpt lat="41.92528" lon="8.71349"/>
            <trkpt lat="41.92543" lon="8.7139"/>
            <trkpt lat="41.92545" lon="8.71398"/>
            <trkpt lat="41.92551" lon="8.71416"/>
            <trkpt lat="41.92554" lon="8.71434"/>
            <trkpt lat="41.92524" lon="8.71471"/>
            <trkpt lat="41.92515" lon="8.71484"/>
            <trkpt lat="41.92513" lon="8.7149"/>
            <trkpt lat="41.9251" lon="8.71499"/>
            <trkpt lat="41.92509" lon="8.71507"/>
            <trkpt lat="41.92508" lon="8.71522"/>
            <trkpt lat="41.92509" lon="8.71534"/>
            <trkpt lat="41.92512" lon="8.71547"/>
            <trkpt lat="41.92517" lon="8.71559"/>
            <trkpt lat="41.92521" lon="8.71573"/>
            <trkpt lat="41.92527" lon="8.71595"/>
            <trkpt lat="41.92527" lon="8.71596"/>
            <trkpt lat="41.92536" lon="8.71622"/>
            <trkpt lat="41.92539" lon="8.71629"/>
            <trkpt lat="41.92543" lon="8.71637"/>
            <trkpt lat="41.92577" lon="8.71688"/>
            <trkpt lat="41.92583" lon="8.71699"/>
            <trkpt lat="41.92587" lon="8.71708"/>
            <trkpt lat="41.92594" lon="8.7173"/>
            <trkpt lat="41.92604" lon="8.71764"/>
            <trkpt lat="41.92605" lon="8.71774"/>
            <trkpt lat="41.92605" lon="8.71783"/>
            <trkpt lat="41.92605" lon="8.71791"/>
            <trkpt lat="41.92603" lon="8.71798"/>
            <trkpt lat="41.926" lon="8.71803"/>
            <trkpt lat="41.92596" lon="8.71809"/>
            <trkpt lat="41.92591" lon="8.71812"/>
            <trkpt lat="41.92585" lon="8.71813"/>
            <trkpt lat="41.92584" lon="8.71814"/>
            <trkpt lat="41.9257" lon="8.71817"/>
            <trkpt lat="41.92531" lon="8.71823"/>
            <trkpt lat="41.92525" lon="8.71825"/>
            <trkpt lat="41.9252" lon="8.7183"/>
            <trkpt lat="41.92516" lon="8.71835"/>
            <trkpt lat="41.92512" lon="8.71843"/>
            <trkpt lat="41.92499" lon="8.71873"/>
            <trkpt lat="41.92495" lon="8.71881"/>
            <trkpt lat="41.92491" lon="8.71889"/>
            <trkpt lat="41.92457" lon="8.71927"/>
            <trkpt lat="41.92448" lon="8.7194"/>
            <trkpt lat="41.92432" lon="8.71967"/>
            <trkpt lat="41.92429" lon="8.71975"/>
            <trkpt lat="41.92428" lon="8.71981"/>
            <trkpt lat="41.92427" lon="8.71988"/>
            <trkpt lat="41.92427" lon="8.71996"/>
            <trkpt lat="41.92429" lon="8.72007"/>
            <trkpt lat="41.92435" lon="8.72035"/>
            <trkpt lat="41.92439" lon="8.72055"/>
            <trkpt lat="41.92441" lon="8.72079"/>
            <trkpt lat="41.9244" lon="8.7212"/>
            <trkpt lat="41.92439" lon="8.72145"/>
            <trkpt lat="41.92439" lon="8.72153"/>
            <trkpt lat="41.92441" lon="8.72159"/>
            <trkpt lat="41.92444" lon="8.72165"/>
            <trkpt lat="41.92467" lon="8.72193"/>
            <trkpt lat="41.92491" lon="8.72223"/>
            <trkpt lat="41.925" lon="8.72238"/>
            <trkpt lat="41.92506" lon="8.72252"/>
            <trkpt lat="41.9251" lon="8.72263"/>
            <trkpt lat="41.92511" lon="8.72268"/>
            <trkpt lat="41.92513" lon="8.7228"/>
            <trkpt lat="41.92519" lon="8.72314"/>
            <trkpt lat="41.92533" lon="8.72403"/>
            <trkpt lat="41.92535" lon="8.72424"/>
            <trkpt lat="41.92535" lon="8.72435"/>
            <trkpt lat="41.92527" lon="8.72501"/>
            <trkpt lat="41.92517" lon="8.72585"/>
            <trkpt lat="41.92515" lon="8.72599"/>
            <trkpt lat="41.92512" lon="8.72625"/>
            <trkpt lat="41.92501" lon="8.72669"/>
            <trkpt lat="41.92496" lon="8.7268"/>
            <trkpt lat="41.92494" lon="8.72701"/>
            <trkpt lat="41.92494" lon="8.72712"/>
            <trkpt lat="41.92501" lon="8.72774"/>
            <trkpt lat="41.92501" lon="8.72784"/>
            <trkpt lat="41.925" lon="8.72792"/>
            <trkpt lat="41.92496" lon="8.72804"/>
            <trkpt lat="41.92488" lon="8.72827"/>
            <trkpt lat="41.92477" lon="8.7285"/>
            <trkpt lat="41.92466" lon="8.7287"/>
            <trkpt lat="41.9246" lon="8.72879"/>
            <trkpt lat="41.92456" lon="8.72885"/>
            <trkpt lat="41.92451" lon="8.72888"/>
            <trkpt lat="41.92448" lon="8.72891"/>
            <trkpt lat="41.92421" lon="8.72905"/>
            <trkpt lat="41.9239" lon="8.72925"/>
            <trkpt lat="41.92383" lon="8.72932"/>
            <trkpt lat="41.92353" lon="8.7296"/>
            <trkpt lat="41.92345" lon="8.72964"/>
            <trkpt lat="41.92336" lon="8.72965"/>
            <trkpt lat="41.92325" lon="8.72964"/>
            <trkpt lat="41.92302" lon="8.72958"/>
            <trkpt lat="41.92286" lon="8.7295"/>
            <trkpt lat="41.92254" lon="8.72926"/>
            <trkpt lat="41.92249" lon="8.72924"/>
            <trkpt lat="41.92245" lon="8.72924"/>
            <trkpt lat="41.92241" lon="8.72925"/>
            <trkpt lat="41.92239" lon="8.72927"/>
            <trkpt lat="41.92237" lon="8.7293"/>
            <trkpt lat="41.92237" lon="8.72932"/>
            <trkpt lat="41.92236" lon="8.72935"/>
            <trkpt lat="41.92237" lon="8.72938"/>
            <trkpt lat="41.92238" lon="8.72944"/>
            <trkpt lat="41.92242" lon="8.72949"/>
            <trkpt lat="41.92274" lon="8.72976"/>
            <trkpt lat="41.923" lon="8.73002"/>
            <trkpt lat="41.92316" lon="8.73019"/>
            <trkpt lat="41.92318" lon="8.73023"/>
            <trkpt lat="41.9232" lon="8.73029"/>
            <trkpt lat="41.9232" lon="8.73034"/>
            <trkpt lat="41.92337" lon="8.73039"/>
            <trkpt lat="41.92349" lon="8.7304"/>
            <trkpt lat="41.9236" lon="8.73038"/>
            <trkpt lat="41.92373" lon="8.73029"/>
            <trkpt lat="41.92383" lon="8.7302"/>
            <trkpt lat="41.92395" lon="8.7301"/>
            <trkpt lat="41.92422" lon="8.72982"/>
            <trkpt lat="41.92433" lon="8.72971"/>
            <trkpt lat="41.92441" lon="8.72965"/>
            <trkpt lat="41.92497" lon="8.72936"/>
            <trkpt lat="41.92508" lon="8.72928"/>
            <trkpt lat="41.92513" lon="8.72923"/>
            <trkpt lat="41.92521" lon="8.72908"/>
            <trkpt lat="41.92533" lon="8.72884"/>
            <trkpt lat="41.92543" lon="8.72872"/>
            <trkpt lat="41.9255" lon="8.72867"/>
            <trkpt lat="41.92558" lon="8.72864"/>
            <trkpt lat="41.92564" lon="8.72862"/>
            <trkpt lat="41.92579" lon="8.72861"/>
            <trkpt lat="41.92582" lon="8.72862"/>
            <trkpt lat="41.92635" lon="8.72877"/>
            <trkpt lat="41.92643" lon="8.7288"/>
            <trkpt lat="41.92648" lon="8.72884"/>
            <trkpt lat="41.92654" lon="8.7289"/>
            <trkpt lat="41.9266" lon="8.72898"/>
            <trkpt lat="41.92664" lon="8.72906"/>
            <trkpt lat="41.92693" lon="8.72977"/>
            <trkpt lat="41.92701" lon="8.73"/>
            <trkpt lat="41.92718" lon="8.73048"/>
            <trkpt lat="41.92721" lon="8.73059"/>
            <trkpt lat="41.92726" lon="8.73076"/>
            <trkpt lat="41.9273" lon="8.73091"/>
            <trkpt lat="41.92734" lon="8.73106"/>
            <trkpt lat="41.92738" lon="8.7313"/>
            <trkpt lat="41.92745" lon="8.73164"/>
            <trkpt lat="41.92753" lon="8.73186"/>
            <trkpt lat="41.92769" lon="8.73233"/>
            <trkpt lat="41.92777" lon="8.73256"/>
            <trkpt lat="41.92782" lon="8.73279"/>
            <trkpt lat="41.92783" lon="8.73292"/>
            <trkpt lat="41.92781" lon="8.73311"/>
            <trkpt lat="41.92779" lon="8.73319"/>
            <trkpt lat="41.92776" lon="8.73327"/>
            <trkpt lat="41.92774" lon="8.73331"/>
            <trkpt lat="41.92718" lon="8.73422"/>
            <trkpt lat="41.92703" lon="8.7345"/>
            <trkpt lat="41.9269" lon="8.73469"/>
            <trkpt lat="41.92679" lon="8.73474"/>
            <trkpt lat="41.92677" lon="8.73469"/>
            <trkpt lat="41.92676" lon="8.73468"/>
            <trkpt lat="41.92674" lon="8.73467"/>
            <trkpt lat="41.92672" lon="8.73467"/>
            <trkpt lat="41.92669" lon="8.73469"/>
            <trkpt lat="41.92667" lon="8.73473"/>
            <trkpt lat="41.92667" lon="8.73477"/>
            <trkpt lat="41.92668" lon="8.7348"/>
            <trkpt lat="41.92669" lon="8.73481"/>
            <trkpt lat="41.9267" lon="8.73483"/>
            <trkpt lat="41.92672" lon="8.73484"/>
            <trkpt lat="41.92674" lon="8.73484"/>
            <trkpt lat="41.92671" lon="8.7353"/>
            <trkpt lat="41.92664" lon="8.736"/>
            <trkpt lat="41.92661" lon="8.73627"/>
            <trkpt lat="41.92652" lon="8.73713"/>
            <trkpt lat="41.92646" lon="8.73765"/>
            <trkpt lat="41.92641" lon="8.73797"/>
            <trkpt lat="41.92636" lon="8.73833"/>
            <trkpt lat="41.92657" lon="8.73837"/>
            <trkpt lat="41.92702" lon="8.73846"/>
            <trkpt lat="41.92712" lon="8.73848"/>
            <trkpt lat="41.92723" lon="8.73851"/>
            <trkpt lat="41.92767" lon="8.73861"/>
            <trkpt lat="41.92789" lon="8.73866"/>
            <trkpt lat="41.92815" lon="8.7387"/>
            <trkpt lat="41.92827" lon="8.73872"/>
            <trkpt lat="41.92863" lon="8.73883"/>
            <trkpt lat="41.92901" lon="8.73895"/>
            <trkpt lat="41.92987" lon="8.73926"/>
            <trkpt lat="41.92992" lon="8.73927"/>
            <trkpt lat="41.92995" lon="8.73932"/>
            <trkpt lat="41.93001" lon="8.73936"/>
            <trkpt lat="41.93007" lon="8.73939"/>
            <trkpt lat="41.93037" lon="8.73959"/>
            <trkpt lat="41.9305" lon="8.73963"/>
            <trkpt lat="41.93076" lon="8.73973"/>
            <trkpt lat="41.93107" lon="8.73985"/>
            <trkpt lat="41.93152" lon="8.74004"/>
            <trkpt lat="41.93153" lon="8.74013"/>
            <trkpt lat="41.93153" lon="8.74022"/>
            <trkpt lat="41.93153" lon="8.74034"/>
            <trkpt lat="41.93171" lon="8.74044"/>
            <trkpt lat="41.93196" lon="8.74065"/>
            <trkpt lat="41.93202" lon="8.7407"/>
            <trkpt lat="41.9322" lon="8.74089"/>
            <trkpt lat="41.93226" lon="8.74096"/>
            <trkpt lat="41.93231" lon="8.74103"/>
            <trkpt lat="41.93244" lon="8.74129"/>
            <trkpt lat="41.93281" lon="8.7423"/>
            <trkpt lat="41.93302" lon="8.74283"/>
            <trkpt lat="41.93326" lon="8.74349"/>
            <trkpt lat="41.93351" lon="8.74437"/>
            <trkpt lat="41.93369" lon="8.74507"/>
            <trkpt lat="41.9337" lon="8.74512"/>
            <trkpt lat="41.93373" lon="8.74523"/>
            <trkpt lat="41.93379" lon="8.74557"/>
            <trkpt lat="41.93387" lon="8.74612"/>
            <trkpt lat="41.9339" lon="8.7463"/>
            <trkpt lat="41.93393" lon="8.74657"/>
            <trkpt lat="41.93393" lon="8.7468"/>
            <trkpt lat="41.93392" lon="8.7479"/>
            <trkpt lat="41.93389" lon="8.74881"/>
            <trkpt lat="41.93387" lon="8.75025"/>
            <trkpt lat="41.93387" lon="8.75036"/>
            <trkpt lat="41.93387" lon="8.75054"/>
            <trkpt lat="41.93388" lon="8.75064"/>
            <trkpt lat="41.93389" lon="8.75073"/>
            <trkpt lat="41.9339" lon="8.75087"/>
            <trkpt lat="41.93392" lon="8.75094"/>
            <trkpt lat="41.93397" lon="8.75117"/>
            <trkpt lat="41.934" lon="8.75133"/>
            <trkpt lat="41.93401" lon="8.75146"/>
            <trkpt lat="41.934" lon="8.75192"/>
            <trkpt lat="41.934" lon="8.75227"/>
            <trkpt lat="41.93398" lon="8.75252"/>
            <trkpt lat="41.93391" lon="8.75291"/>
            <trkpt lat="41.93389" lon="8.75299"/>
            <trkpt lat="41.93386" lon="8.75311"/>
            <trkpt lat="41.93374" lon="8.7535"/>
            <trkpt lat="41.93347" lon="8.75426"/>
            <trkpt lat="41.93332" lon="8.75465"/>
            <trkpt lat="41.9332" lon="8.755"/>
            <trkpt lat="41.93317" lon="8.75509"/>
            <trkpt lat="41.93305" lon="8.75534"/>
            <trkpt lat="41.933" lon="8.75545"/>
            <trkpt lat="41.93284" lon="8.75568"/>
            <trkpt lat="41.93265" lon="8.7559"/>
            <trkpt lat="41.93247" lon="8.75606"/>
            <trkpt lat="41.93226" lon="8.75618"/>
            <trkpt lat="41.93207" lon="8.75627"/>
            <trkpt lat="41.93197" lon="8.75632"/>
            <trkpt lat="41.93186" lon="8.75638"/>
            <trkpt lat="41.93176" lon="8.75645"/>
            <trkpt lat="41.93144" lon="8.75676"/>
            <trkpt lat="41.93124" lon="8.75691"/>
            <trkpt lat="41.93109" lon="8.75698"/>
            <trkpt lat="41.93092" lon="8.75704"/>
            <trkpt lat="41.93084" lon="8.75706"/>
            <trkpt lat="41.93045" lon="8.7571"/>
            <trkpt lat="41.93015" lon="8.75709"/>
            <trkpt lat="41.93013" lon="8.75706"/>
            <trkpt lat="41.9301" lon="8.75704"/>
            <trkpt lat="41.93008" lon="8.75703"/>
            <trkpt lat="41.93005" lon="8.75702"/>
            <trkpt lat="41.93002" lon="8.75702"/>
            <trkpt lat="41.92999" lon="8.75703"/>
            <trkpt lat="41.92997" lon="8.75704"/>
            <trkpt lat="41.92994" lon="8.75706"/>
            <trkpt lat="41.9299" lon="8.75711"/>
            <trkpt lat="41.92987" lon="8.75717"/>
            <trkpt lat="41.92987" lon="8.75721"/>
            <trkpt lat="41.92986" lon="8.75726"/>
            <trkpt lat="41.92987" lon="8.75729"/>
            <trkpt lat="41.92987" lon="8.75732"/>
            <trkpt lat="41.92982" lon="8.75746"/>
            <trkpt lat="41.92981" lon="8.75751"/>
            <trkpt lat="41.92979" lon="8.75759"/>
            <trkpt lat="41.92977" lon="8.75772"/>
            <trkpt lat="41.92974" lon="8.75845"/>
            <trkpt lat="41.92971" lon="8.75998"/>
            <trkpt lat="41.92966" lon="8.76045"/>
            <trkpt lat="41.92963" lon="8.76115"/>
            <trkpt lat="41.92961" lon="8.76118"/>
            <trkpt lat="41.9296" lon="8.76121"/>
            <trkpt lat="41.92958" lon="8.76125"/>
            <trkpt lat="41.92958" lon="8.76129"/>
            <trkpt lat="41.92958" lon="8.76135"/>
            <trkpt lat="41.92959" lon="8.76138"/>
            <trkpt lat="41.92961" lon="8.76146"/>
            <trkpt lat="41.92949" lon="8.76221"/>
            <trkpt lat="41.92936" lon="8.76289"/>
            <trkpt lat="41.92924" lon="8.76333"/>
            <trkpt lat="41.92915" lon="8.76361"/>
            <trkpt lat="41.92909" lon="8.76384"/>
            <trkpt lat="41.92885" lon="8.76466"/>
            <trkpt lat="41.92869" lon="8.76535"/>
            <trkpt lat="41.92862" lon="8.76582"/>
            <trkpt lat="41.92857" lon="8.76642"/>
            <trkpt lat="41.92855" lon="8.76685"/>
            <trkpt lat="41.92854" lon="8.76709"/>
            <trkpt lat="41.92853" lon="8.76756"/>
            <trkpt lat="41.92853" lon="8.76824"/>
            <trkpt lat="41.92854" lon="8.76883"/>
            <trkpt lat="41.92855" lon="8.7692"/>
            <trkpt lat="41.92859" lon="8.77021"/>
            <trkpt lat="41.92859" lon="8.77036"/>
            <trkpt lat="41.92858" lon="8.77081"/>
            <trkpt lat="41.92848" lon="8.77244"/>
            <trkpt lat="41.92847" lon="8.77276"/>
            <trkpt lat="41.92843" lon="8.77317"/>
            <trkpt lat="41.92837" lon="8.77353"/>
            <trkpt lat="41.92828" lon="8.77395"/>
            <trkpt lat="41.92822" lon="8.77429"/>
            <trkpt lat="41.92814" lon="8.77462"/>
            <trkpt lat="41.92798" lon="8.7752"/>
            <trkpt lat="41.9279" lon="8.77543"/>
            <trkpt lat="41.92772" lon="8.77603"/>
            <trkpt lat="41.92759" lon="8.77659"/>
            <trkpt lat="41.92752" lon="8.7769"/>
            <trkpt lat="41.92745" lon="8.77731"/>
            <trkpt lat="41.92738" lon="8.77782"/>
            <trkpt lat="41.92735" lon="8.77798"/>
            <trkpt lat="41.92734" lon="8.77805"/>
            <trkpt lat="41.92728" lon="8.77824"/>
            <trkpt lat="41.9272" lon="8.77837"/>
            <trkpt lat="41.92715" lon="8.77838"/>
            <trkpt lat="41.92711" lon="8.77841"/>
            <trkpt lat="41.92703" lon="8.7785"/>
            <trkpt lat="41.927" lon="8.77853"/>
            <trkpt lat="41.92696" lon="8.77863"/>
            <trkpt lat="41.92695" lon="8.77876"/>
            <trkpt lat="41.92695" lon="8.77883"/>
            <trkpt lat="41.92696" lon="8.7789"/>
            <trkpt lat="41.92697" lon="8.77894"/>
            <trkpt lat="41.92699" lon="8.77901"/>
            <trkpt lat="41.92703" lon="8.77907"/>
            <trkpt lat="41.92703" lon="8.77915"/>
            <trkpt lat="41.92704" lon="8.77923"/>
            <trkpt lat="41.92705" lon="8.7793"/>
            <trkpt lat="41.92705" lon="8.77941"/>
            <trkpt lat="41.92702" lon="8.77963"/>
            <trkpt lat="41.92696" lon="8.78042"/>
            <trkpt lat="41.92694" lon="8.78099"/>
            <trkpt lat="41.92694" lon="8.78113"/>
            <trkpt lat="41.92693" lon="8.78154"/>
            <trkpt lat="41.9269" lon="8.78234"/>
            <trkpt lat="41.9269" lon="8.7833"/>
            <trkpt lat="41.9269" lon="8.7841"/>
            <trkpt lat="41.92695" lon="8.78541"/>
            <trkpt lat="41.92706" lon="8.78906"/>
            <trkpt lat="41.92714" lon="8.79172"/>
            <trkpt lat="41.92721" lon="8.7928"/>
            <trkpt lat="41.92733" lon="8.79419"/>
            <trkpt lat="41.92734" lon="8.79456"/>
            <trkpt lat="41.92746" lon="8.79617"/>
            <trkpt lat="41.92746" lon="8.79633"/>
            <trkpt lat="41.92745" lon="8.7964"/>
            <trkpt lat="41.92743" lon="8.79646"/>
            <trkpt lat="41.92742" lon="8.79651"/>
            <trkpt lat="41.92739" lon="8.79657"/>
            <trkpt lat="41.92737" lon="8.79664"/>
            <trkpt lat="41.92736" lon="8.79669"/>
            <trkpt lat="41.92736" lon="8.79676"/>
            <trkpt lat="41.92737" lon="8.7968"/>
            <trkpt lat="41.92738" lon="8.79686"/>
            <trkpt lat="41.9274" lon="8.79692"/>
            <trkpt lat="41.92744" lon="8.79696"/>
            <trkpt lat="41.92747" lon="8.79699"/>
            <trkpt lat="41.92749" lon="8.79701"/>
            <trkpt lat="41.92752" lon="8.79707"/>
            <trkpt lat="41.92756" lon="8.79722"/>
            <trkpt lat="41.92764" lon="8.79802"/>
            <trkpt lat="41.9277" lon="8.79847"/>
            <trkpt lat="41.92778" lon="8.79879"/>
            <trkpt lat="41.92782" lon="8.79894"/>
            <trkpt lat="41.92786" lon="8.79906"/>
            <trkpt lat="41.92796" lon="8.79932"/>
            <trkpt lat="41.92806" lon="8.79954"/>
            <trkpt lat="41.92808" lon="8.79958"/>
            <trkpt lat="41.92815" lon="8.79973"/>
            <trkpt lat="41.92841" lon="8.80014"/>
            <trkpt lat="41.92863" lon="8.80039"/>
            <trkpt lat="41.92873" lon="8.8005"/>
            <trkpt lat="41.92892" lon="8.8007"/>
            <trkpt lat="41.92937" lon="8.80111"/>
            <trkpt lat="41.92942" lon="8.80116"/>
            <trkpt lat="41.9296" lon="8.80131"/>
            <trkpt lat="41.92981" lon="8.80148"/>
            <trkpt lat="41.93008" lon="8.80168"/>
            <trkpt lat="41.93012" lon="8.80168"/>
            <trkpt lat="41.9305" lon="8.80193"/>
            <trkpt lat="41.93091" lon="8.80216"/>
            <trkpt lat="41.93099" lon="8.80222"/>
            <trkpt lat="41.93104" lon="8.80225"/>
            <trkpt lat="41.93117" lon="8.80236"/>
            <trkpt lat="41.93139" lon="8.8026"/>
            <trkpt lat="41.9315" lon="8.80276"/>
            <trkpt lat="41.93154" lon="8.80282"/>
            <trkpt lat="41.93184" lon="8.80334"/>
            <trkpt lat="41.93202" lon="8.80357"/>
            <trkpt lat="41.93218" lon="8.80373"/>
            <trkpt lat="41.93219" lon="8.80378"/>
            <trkpt lat="41.93224" lon="8.80385"/>
            <trkpt lat="41.93236" lon="8.80398"/>
            <trkpt lat="41.93266" lon="8.80432"/>
            <trkpt lat="41.93275" lon="8.80445"/>
            <trkpt lat="41.93298" lon="8.8048"/>
            <trkpt lat="41.93315" lon="8.8052"/>
            <trkpt lat="41.93325" lon="8.80549"/>
            <trkpt lat="41.93332" lon="8.80573"/>
            <trkpt lat="41.93338" lon="8.80607"/>
            <trkpt lat="41.93343" lon="8.80648"/>
            <trkpt lat="41.93344" lon="8.80688"/>
            <trkpt lat="41.93341" lon="8.80719"/>
            <trkpt lat="41.93335" lon="8.80762"/>
            <trkpt lat="41.9333" lon="8.80785"/>
            <trkpt lat="41.93317" lon="8.80825"/>
            <trkpt lat="41.933" lon="8.80862"/>
            <trkpt lat="41.93288" lon="8.80884"/>
            <trkpt lat="41.93263" lon="8.8092"/>
            <trkpt lat="41.93246" lon="8.80938"/>
            <trkpt lat="41.9323" lon="8.80952"/>
            <trkpt lat="41.93207" lon="8.80969"/>
            <trkpt lat="41.93183" lon="8.80981"/>
            <trkpt lat="41.93161" lon="8.80988"/>
            <trkpt lat="41.93128" lon="8.80994"/>
            <trkpt lat="41.93101" lon="8.80994"/>
            <trkpt lat="41.93076" lon="8.8099"/>
            <trkpt lat="41.92951" lon="8.80961"/>
            <trkpt lat="41.92737" lon="8.80907"/>
            <trkpt lat="41.92673" lon="8.80894"/>
            <trkpt lat="41.92639" lon="8.80893"/>
            <trkpt lat="41.92624" lon="8.80895"/>
            <trkpt lat="41.92603" lon="8.80899"/>
            <trkpt lat="41.92574" lon="8.80909"/>
            <trkpt lat="41.92546" lon="8.80922"/>
            <trkpt lat="41.92514" lon="8.80943"/>
            <trkpt lat="41.92489" lon="8.80965"/>
            <trkpt lat="41.92469" lon="8.80988"/>
            <trkpt lat="41.92444" lon="8.81022"/>
            <trkpt lat="41.92422" lon="8.8106"/>
            <trkpt lat="41.9241" lon="8.81087"/>
            <trkpt lat="41.92404" lon="8.81104"/>
            <trkpt lat="41.924" lon="8.81115"/>
            <trkpt lat="41.92388" lon="8.81154"/>
            <trkpt lat="41.92383" lon="8.81176"/>
            <trkpt lat="41.92382" lon="8.81179"/>
            <trkpt lat="41.92351" lon="8.81308"/>
            <trkpt lat="41.9231" lon="8.81474"/>
            <trkpt lat="41.92292" lon="8.81542"/>
            <trkpt lat="41.9228" lon="8.81574"/>
            <trkpt lat="41.92277" lon="8.81584"/>
            <trkpt lat="41.92266" lon="8.81612"/>
            <trkpt lat="41.92255" lon="8.81633"/>
            <trkpt lat="41.92235" lon="8.81664"/>
            <trkpt lat="41.92208" lon="8.81697"/>
            <trkpt lat="41.92157" lon="8.81746"/>
            <trkpt lat="41.91968" lon="8.8191"/>
            <trkpt lat="41.91949" lon="8.81927"/>
            <trkpt lat="41.91918" lon="8.8195"/>
            <trkpt lat="41.9191" lon="8.81956"/>
            <trkpt lat="41.91872" lon="8.81977"/>
            <trkpt lat="41.91816" lon="8.82002"/>
            <trkpt lat="41.91768" lon="8.82016"/>
            <trkpt lat="41.91654" lon="8.82051"/>
            <trkpt lat="41.91555" lon="8.82081"/>
            <trkpt lat="41.91526" lon="8.82095"/>
            <trkpt lat="41.91501" lon="8.8211"/>
            <trkpt lat="41.91485" lon="8.82122"/>
            <trkpt lat="41.91469" lon="8.82137"/>
            <trkpt lat="41.91442" lon="8.82173"/>
            <trkpt lat="41.91434" lon="8.82187"/>
            <trkpt lat="41.91417" lon="8.8222"/>
            <trkpt lat="41.91407" lon="8.82247"/>
            <trkpt lat="41.91404" lon="8.82256"/>
            <trkpt lat="41.91377" lon="8.82334"/>
            <trkpt lat="41.9137" lon="8.8236"/>
            <trkpt lat="41.91343" lon="8.82442"/>
            <trkpt lat="41.91333" lon="8.82469"/>
            <trkpt lat="41.91328" lon="8.82477"/>
            <trkpt lat="41.91324" lon="8.82482"/>
            <trkpt lat="41.9132" lon="8.82481"/>
            <trkpt lat="41.91317" lon="8.82482"/>
            <trkpt lat="41.91313" lon="8.82483"/>
            <trkpt lat="41.91309" lon="8.82485"/>
            <trkpt lat="41.91306" lon="8.82488"/>
            <trkpt lat="41.91302" lon="8.82492"/>
            <trkpt lat="41.913" lon="8.82497"/>
            <trkpt lat="41.91298" lon="8.82501"/>
            <trkpt lat="41.91296" lon="8.82509"/>
            <trkpt lat="41.91296" lon="8.82519"/>
            <trkpt lat="41.91297" lon="8.82524"/>
            <trkpt lat="41.91297" lon="8.8253"/>
            <trkpt lat="41.91291" lon="8.82542"/>
            <trkpt lat="41.91281" lon="8.82554"/>
            <trkpt lat="41.91267" lon="8.82569"/>
            <trkpt lat="41.91258" lon="8.82577"/>
            <trkpt lat="41.91248" lon="8.82585"/>
            <trkpt lat="41.91237" lon="8.82592"/>
            <trkpt lat="41.91211" lon="8.8261"/>
            <trkpt lat="41.912" lon="8.82622"/>
            <trkpt lat="41.91191" lon="8.82631"/>
            <trkpt lat="41.91184" lon="8.82635"/>
            <trkpt lat="41.91177" lon="8.82638"/>
            <trkpt lat="41.91173" lon="8.82637"/>
            <trkpt lat="41.91169" lon="8.82637"/>
            <trkpt lat="41.91164" lon="8.8264"/>
            <trkpt lat="41.9116" lon="8.82645"/>
            <trkpt lat="41.91158" lon="8.82649"/>
            <trkpt lat="41.91157" lon="8.82654"/>
            <trkpt lat="41.91157" lon="8.82657"/>
            <trkpt lat="41.91157" lon="8.82661"/>
            <trkpt lat="41.91159" lon="8.82666"/>
            <trkpt lat="41.91162" lon="8.8267"/>
            <trkpt lat="41.91168" lon="8.82674"/>
            <trkpt lat="41.9117" lon="8.82675"/>
            <trkpt lat="41.91173" lon="8.82675"/>
            <trkpt lat="41.91177" lon="8.82675"/>
            <trkpt lat="41.91185" lon="8.82695"/>
            <trkpt lat="41.91191" lon="8.82714"/>
            <trkpt lat="41.91212" lon="8.82769"/>
            <trkpt lat="41.91242" lon="8.82839"/>
            <trkpt lat="41.91255" lon="8.82872"/>
            <trkpt lat="41.91274" lon="8.82935"/>
            <trkpt lat="41.9131" lon="8.8309"/>
            <trkpt lat="41.91327" lon="8.83165"/>
            <trkpt lat="41.91332" lon="8.83198"/>
            <trkpt lat="41.91336" lon="8.83233"/>
            <trkpt lat="41.91338" lon="8.8327"/>
            <trkpt lat="41.91337" lon="8.83287"/>
            <trkpt lat="41.91336" lon="8.83301"/>
            <trkpt lat="41.91335" lon="8.83311"/>
            <trkpt lat="41.91331" lon="8.83343"/>
            <trkpt lat="41.91318" lon="8.83388"/>
            <trkpt lat="41.91311" lon="8.83407"/>
            <trkpt lat="41.9129" lon="8.83452"/>
            <trkpt lat="41.91236" lon="8.83546"/>
            <trkpt lat="41.91229" lon="8.83558"/>
            <trkpt lat="41.91221" lon="8.83567"/>
            <trkpt lat="41.91185" lon="8.83632"/>
            <trkpt lat="41.91171" lon="8.8366"/>
            <trkpt lat="41.91162" lon="8.83686"/>
            <trkpt lat="41.91152" lon="8.83719"/>
            <trkpt lat="41.91148" lon="8.8374"/>
            <trkpt lat="41.91129" lon="8.83737"/>
            <trkpt lat="41.91118" lon="8.8374"/>
            <trkpt lat="41.91115" lon="8.83741"/>
            <trkpt lat="41.91107" lon="8.83744"/>
            <trkpt lat="41.91051" lon="8.83756"/>
            <trkpt lat="41.91037" lon="8.83762"/>
            <trkpt lat="41.91003" lon="8.83779"/>
            <trkpt lat="41.90968" lon="8.83795"/>
            <trkpt lat="41.90957" lon="8.83796"/>
            <trkpt lat="41.90941" lon="8.83796"/>
            <trkpt lat="41.90927" lon="8.83793"/>
            <trkpt lat="41.90819" lon="8.83743"/>
            <trkpt lat="41.90795" lon="8.83734"/>
            <trkpt lat="41.90764" lon="8.83724"/>
            <trkpt lat="41.90675" lon="8.83713"/>
            <trkpt lat="41.9058" lon="8.83707"/>
            <trkpt lat="41.90572" lon="8.83707"/>
            <trkpt lat="41.90542" lon="8.83713"/>
            <trkpt lat="41.90529" lon="8.83718"/>
            <trkpt lat="41.90515" lon="8.83726"/>
            <trkpt lat="41.90488" lon="8.83748"/>
            <trkpt lat="41.90467" lon="8.83773"/>
            <trkpt lat="41.9046" lon="8.83784"/>
            <trkpt lat="41.90448" lon="8.83812"/>
            <trkpt lat="41.90445" lon="8.83825"/>
            <trkpt lat="41.9044" lon="8.83863"/>
            <trkpt lat="41.9044" lon="8.8392"/>
            <trkpt lat="41.90436" lon="8.84004"/>
            <trkpt lat="41.90432" lon="8.84062"/>
            <trkpt lat="41.90425" lon="8.84117"/>
            <trkpt lat="41.90423" lon="8.84124"/>
            <trkpt lat="41.90417" lon="8.84151"/>
            <trkpt lat="41.90403" lon="8.8419"/>
            <trkpt lat="41.90359" lon="8.84284"/>
            <trkpt lat="41.90334" lon="8.84331"/>
            <trkpt lat="41.90327" lon="8.84342"/>
            <trkpt lat="41.90323" lon="8.84347"/>
            <trkpt lat="41.90318" lon="8.8435"/>
            <trkpt lat="41.90312" lon="8.84354"/>
            <trkpt lat="41.90305" lon="8.84357"/>
            <trkpt lat="41.90282" lon="8.84359"/>
            <trkpt lat="41.90269" lon="8.84361"/>
            <trkpt lat="41.90267" lon="8.84361"/>
            <trkpt lat="41.90243" lon="8.84369"/>
            <trkpt lat="41.90238" lon="8.84372"/>
            <trkpt lat="41.90225" lon="8.84375"/>
            <trkpt lat="41.90216" lon="8.84375"/>
            <trkpt lat="41.90206" lon="8.84374"/>
            <trkpt lat="41.90186" lon="8.84368"/>
            <trkpt lat="41.9018" lon="8.84367"/>
            <trkpt lat="41.90163" lon="8.84359"/>
            <trkpt lat="41.9015" lon="8.84353"/>
            <trkpt lat="41.90137" lon="8.84345"/>
            <trkpt lat="41.90124" lon="8.84336"/>
            <trkpt lat="41.90096" lon="8.84311"/>
            <trkpt lat="41.90036" lon="8.8425"/>
            <trkpt lat="41.90025" lon="8.84241"/>
            <trkpt lat="41.90019" lon="8.84237"/>
            <trkpt lat="41.90012" lon="8.84235"/>
            <trkpt lat="41.90005" lon="8.84234"/>
            <trkpt lat="41.89999" lon="8.84236"/>
            <trkpt lat="41.8997" lon="8.84245"/>
            <trkpt lat="41.89947" lon="8.84248"/>
            <trkpt lat="41.8993" lon="8.84247"/>
            <trkpt lat="41.89916" lon="8.84243"/>
            <trkpt lat="41.89904" lon="8.84243"/>
            <trkpt lat="41.89896" lon="8.84245"/>
            <trkpt lat="41.89884" lon="8.84251"/>
            <trkpt lat="41.89851" lon="8.8426"/>
            <trkpt lat="41.89838" lon="8.84265"/>
            <trkpt lat="41.8983" lon="8.84267"/>
            <trkpt lat="41.89821" lon="8.84267"/>
            <trkpt lat="41.89767" lon="8.84263"/>
            <trkpt lat="41.89761" lon="8.84265"/>
            <trkpt lat="41.89756" lon="8.8427"/>
            <trkpt lat="41.89749" lon="8.84283"/>
            <trkpt lat="41.89739" lon="8.84308"/>
            <trkpt lat="41.89735" lon="8.84321"/>
            <trkpt lat="41.89735" lon="8.84348"/>
            <trkpt lat="41.89735" lon="8.84351"/>
            <trkpt lat="41.89736" lon="8.84359"/>
            <trkpt lat="41.89741" lon="8.84374"/>
            <trkpt lat="41.89763" lon="8.84436"/>
            <trkpt lat="41.89767" lon="8.8445"/>
            <trkpt lat="41.8977" lon="8.84488"/>
            <trkpt lat="41.89773" lon="8.84499"/>
            <trkpt lat="41.89777" lon="8.84509"/>
            <trkpt lat="41.89793" lon="8.8455"/>
            <trkpt lat="41.89794" lon="8.84554"/>
            <trkpt lat="41.89794" lon="8.8456"/>
            <trkpt lat="41.89793" lon="8.84565"/>
            <trkpt lat="41.89789" lon="8.84575"/>
            <trkpt lat="41.89783" lon="8.84583"/>
            <trkpt lat="41.89778" lon="8.84588"/>
            <trkpt lat="41.89768" lon="8.84594"/>
            <trkpt lat="41.8976" lon="8.84601"/>
            <trkpt lat="41.89753" lon="8.84614"/>
            <trkpt lat="41.89749" lon="8.84623"/>
            <trkpt lat="41.89746" lon="8.84634"/>
            <trkpt lat="41.89745" lon="8.84646"/>
            <trkpt lat="41.89745" lon="8.84659"/>
            <trkpt lat="41.89748" lon="8.84684"/>
            <trkpt lat="41.89757" lon="8.8471"/>
            <trkpt lat="41.89758" lon="8.84719"/>
            <trkpt lat="41.89759" lon="8.8473"/>
            <trkpt lat="41.89758" lon="8.84736"/>
            <trkpt lat="41.89754" lon="8.84749"/>
            <trkpt lat="41.89751" lon="8.84764"/>
            <trkpt lat="41.89744" lon="8.84799"/>
            <trkpt lat="41.89742" lon="8.84807"/>
            <trkpt lat="41.89735" lon="8.84817"/>
            <trkpt lat="41.89731" lon="8.84821"/>
            <trkpt lat="41.89726" lon="8.84823"/>
            <trkpt lat="41.8972" lon="8.84823"/>
            <trkpt lat="41.89706" lon="8.84819"/>
            <trkpt lat="41.89697" lon="8.84815"/>
            <trkpt lat="41.8967" lon="8.848"/>
            <trkpt lat="41.89661" lon="8.84796"/>
            <trkpt lat="41.89656" lon="8.84794"/>
            <trkpt lat="41.89648" lon="8.84793"/>
            <trkpt lat="41.8964" lon="8.84795"/>
            <trkpt lat="41.89632" lon="8.84798"/>
            <trkpt lat="41.89624" lon="8.84807"/>
            <trkpt lat="41.89615" lon="8.84821"/>
            <trkpt lat="41.89601" lon="8.84853"/>
            <trkpt lat="41.89594" lon="8.84865"/>
            <trkpt lat="41.89585" lon="8.84876"/>
            <trkpt lat="41.89568" lon="8.84899"/>
            <trkpt lat="41.8955" lon="8.84914"/>
            <trkpt lat="41.8954" lon="8.8492"/>
            <trkpt lat="41.89516" lon="8.8493"/>
            <trkpt lat="41.89499" lon="8.84938"/>
            <trkpt lat="41.89494" lon="8.84943"/>
            <trkpt lat="41.8949" lon="8.84951"/>
            <trkpt lat="41.89476" lon="8.84984"/>
            <trkpt lat="41.89472" lon="8.8499"/>
            <trkpt lat="41.89466" lon="8.84996"/>
            <trkpt lat="41.89443" lon="8.85011"/>
            <trkpt lat="41.89436" lon="8.85018"/>
            <trkpt lat="41.89431" lon="8.85027"/>
            <trkpt lat="41.89424" lon="8.85052"/>
            <trkpt lat="41.89421" lon="8.85074"/>
            <trkpt lat="41.89419" lon="8.85082"/>
            <trkpt lat="41.89417" lon="8.85087"/>
            <trkpt lat="41.894" lon="8.85116"/>
            <trkpt lat="41.89392" lon="8.8513"/>
            <trkpt lat="41.8939" lon="8.85137"/>
            <trkpt lat="41.89389" lon="8.85161"/>
            <trkpt lat="41.89382" lon="8.852"/>
            <trkpt lat="41.89378" lon="8.85209"/>
            <trkpt lat="41.89375" lon="8.85216"/>
            <trkpt lat="41.8937" lon="8.85221"/>
            <trkpt lat="41.8934" lon="8.85237"/>
            <trkpt lat="41.89326" lon="8.85247"/>
            <trkpt lat="41.89321" lon="8.85255"/>
            <trkpt lat="41.89312" lon="8.85281"/>
            <trkpt lat="41.89309" lon="8.85285"/>
            <trkpt lat="41.89303" lon="8.85291"/>
            <trkpt lat="41.89285" lon="8.853"/>
            <trkpt lat="41.8925" lon="8.85309"/>
            <trkpt lat="41.89243" lon="8.85314"/>
            <trkpt lat="41.89237" lon="8.85318"/>
            <trkpt lat="41.89231" lon="8.85325"/>
            <trkpt lat="41.89226" lon="8.85332"/>
            <trkpt lat="41.89223" lon="8.85341"/>
            <trkpt lat="41.89221" lon="8.85351"/>
            <trkpt lat="41.8922" lon="8.85363"/>
            <trkpt lat="41.89221" lon="8.85371"/>
            <trkpt lat="41.89224" lon="8.85384"/>
            <trkpt lat="41.89225" lon="8.85393"/>
            <trkpt lat="41.89225" lon="8.854"/>
            <trkpt lat="41.89224" lon="8.85405"/>
            <trkpt lat="41.89222" lon="8.85409"/>
            <trkpt lat="41.89218" lon="8.85411"/>
            <trkpt lat="41.8921" lon="8.85411"/>
            <trkpt lat="41.89199" lon="8.8541"/>
            <trkpt lat="41.89171" lon="8.854"/>
            <trkpt lat="41.89164" lon="8.854"/>
            <trkpt lat="41.89159" lon="8.85401"/>
            <trkpt lat="41.89153" lon="8.85404"/>
            <trkpt lat="41.89142" lon="8.85419"/>
            <trkpt lat="41.8913" lon="8.85439"/>
            <trkpt lat="41.89125" lon="8.85451"/>
            <trkpt lat="41.89122" lon="8.8546"/>
            <trkpt lat="41.89119" lon="8.85465"/>
            <trkpt lat="41.89101" lon="8.85488"/>
            <trkpt lat="41.89099" lon="8.85493"/>
            <trkpt lat="41.89098" lon="8.85498"/>
            <trkpt lat="41.89097" lon="8.855"/>
            <trkpt lat="41.89097" lon="8.85509"/>
            <trkpt lat="41.89099" lon="8.85525"/>
            <trkpt lat="41.89099" lon="8.85532"/>
            <trkpt lat="41.89098" lon="8.85539"/>
            <trkpt lat="41.89096" lon="8.85543"/>
            <trkpt lat="41.89092" lon="8.85547"/>
            <trkpt lat="41.89087" lon="8.85549"/>
            <trkpt lat="41.89066" lon="8.85551"/>
            <trkpt lat="41.89046" lon="8.85549"/>
            <trkpt lat="41.89026" lon="8.8555"/>
            <trkpt lat="41.89012" lon="8.85552"/>
            <trkpt lat="41.88998" lon="8.85559"/>
            <trkpt lat="41.88978" lon="8.85563"/>
            <trkpt lat="41.8897" lon="8.85562"/>
            <trkpt lat="41.88961" lon="8.85559"/>
            <trkpt lat="41.88952" lon="8.85554"/>
            <trkpt lat="41.88947" lon="8.85548"/>
            <trkpt lat="41.88941" lon="8.85539"/>
            <trkpt lat="41.88938" lon="8.85531"/>
            <trkpt lat="41.88937" lon="8.85526"/>
            <trkpt lat="41.88938" lon="8.85518"/>
            <trkpt lat="41.88938" lon="8.85515"/>
            <trkpt lat="41.88941" lon="8.85498"/>
            <trkpt lat="41.88943" lon="8.8549"/>
            <trkpt lat="41.88943" lon="8.85478"/>
            <trkpt lat="41.88923" lon="8.85397"/>
            <trkpt lat="41.8892" lon="8.85388"/>
            <trkpt lat="41.88918" lon="8.85383"/>
            <trkpt lat="41.88912" lon="8.85376"/>
            <trkpt lat="41.88907" lon="8.85372"/>
            <trkpt lat="41.88903" lon="8.85369"/>
            <trkpt lat="41.88899" lon="8.85368"/>
            <trkpt lat="41.88894" lon="8.85367"/>
            <trkpt lat="41.88887" lon="8.85368"/>
            <trkpt lat="41.88881" lon="8.8537"/>
            <trkpt lat="41.88877" lon="8.85372"/>
            <trkpt lat="41.88874" lon="8.85375"/>
            <trkpt lat="41.88851" lon="8.854"/>
            <trkpt lat="41.88847" lon="8.85403"/>
            <trkpt lat="41.88843" lon="8.85404"/>
            <trkpt lat="41.88839" lon="8.85402"/>
            <trkpt lat="41.88833" lon="8.85399"/>
            <trkpt lat="41.88831" lon="8.85394"/>
            <trkpt lat="41.88828" lon="8.85389"/>
            <trkpt lat="41.88827" lon="8.85382"/>
            <trkpt lat="41.88827" lon="8.85351"/>
            <trkpt lat="41.88826" lon="8.85344"/>
            <trkpt lat="41.88826" lon="8.85339"/>
            <trkpt lat="41.88824" lon="8.85334"/>
            <trkpt lat="41.8882" lon="8.85325"/>
            <trkpt lat="41.88808" lon="8.853"/>
            <trkpt lat="41.88805" lon="8.85287"/>
            <trkpt lat="41.88802" lon="8.8524"/>
            <trkpt lat="41.888" lon="8.85229"/>
            <trkpt lat="41.88795" lon="8.8522"/>
            <trkpt lat="41.88782" lon="8.85203"/>
            <trkpt lat="41.88776" lon="8.85199"/>
            <trkpt lat="41.88764" lon="8.85197"/>
            <trkpt lat="41.88738" lon="8.85198"/>
            <trkpt lat="41.88713" lon="8.85204"/>
            <trkpt lat="41.88701" lon="8.85204"/>
            <trkpt lat="41.88688" lon="8.85202"/>
            <trkpt lat="41.88667" lon="8.85196"/>
            <trkpt lat="41.88642" lon="8.85186"/>
            <trkpt lat="41.88626" lon="8.85184"/>
            <trkpt lat="41.88621" lon="8.85184"/>
            <trkpt lat="41.88614" lon="8.85188"/>
            <trkpt lat="41.88608" lon="8.85195"/>
            <trkpt lat="41.88603" lon="8.85207"/>
            <trkpt lat="41.88602" lon="8.85213"/>
            <trkpt lat="41.88603" lon="8.85223"/>
            <trkpt lat="41.88609" lon="8.8525"/>
            <trkpt lat="41.8861" lon="8.85256"/>
            <trkpt lat="41.88609" lon="8.85261"/>
            <trkpt lat="41.88607" lon="8.85267"/>
            <trkpt lat="41.88599" lon="8.85279"/>
            <trkpt lat="41.88581" lon="8.85297"/>
            <trkpt lat="41.88578" lon="8.85303"/>
            <trkpt lat="41.88574" lon="8.85319"/>
            <trkpt lat="41.88572" lon="8.85328"/>
            <trkpt lat="41.88567" lon="8.85337"/>
            <trkpt lat="41.88562" lon="8.85345"/>
            <trkpt lat="41.88561" lon="8.85346"/>
            <trkpt lat="41.88557" lon="8.8535"/>
            <trkpt lat="41.88551" lon="8.85352"/>
            <trkpt lat="41.88545" lon="8.85354"/>
            <trkpt lat="41.88539" lon="8.85354"/>
            <trkpt lat="41.88533" lon="8.85352"/>
            <trkpt lat="41.88526" lon="8.85348"/>
            <trkpt lat="41.88506" lon="8.85326"/>
            <trkpt lat="41.88483" lon="8.85293"/>
            <trkpt lat="41.88473" lon="8.85281"/>
            <trkpt lat="41.88467" lon="8.85276"/>
            <trkpt lat="41.88463" lon="8.85275"/>
            <trkpt lat="41.88446" lon="8.8527"/>
            <trkpt lat="41.88423" lon="8.85266"/>
            <trkpt lat="41.8841" lon="8.85261"/>
            <trkpt lat="41.88404" lon="8.85257"/>
            <trkpt lat="41.88399" lon="8.85253"/>
            <trkpt lat="41.88395" lon="8.85246"/>
            <trkpt lat="41.88393" lon="8.85242"/>
            <trkpt lat="41.88382" lon="8.85217"/>
            <trkpt lat="41.88365" lon="8.85184"/>
            <trkpt lat="41.88356" lon="8.85163"/>
            <trkpt lat="41.88347" lon="8.85126"/>
            <trkpt lat="41.88345" lon="8.85119"/>
            <trkpt lat="41.8834" lon="8.85106"/>
            <trkpt lat="41.88322" lon="8.85079"/>
            <trkpt lat="41.88319" lon="8.85073"/>
            <trkpt lat="41.88318" lon="8.85069"/>
            <trkpt lat="41.88313" lon="8.85041"/>
            <trkpt lat="41.88311" lon="8.85033"/>
            <trkpt lat="41.88306" lon="8.85026"/>
            <trkpt lat="41.883" lon="8.8502"/>
            <trkpt lat="41.88291" lon="8.85013"/>
            <trkpt lat="41.88277" lon="8.85008"/>
            <trkpt lat="41.88249" lon="8.85001"/>
            <trkpt lat="41.88221" lon="8.84989"/>
            <trkpt lat="41.88199" lon="8.84973"/>
            <trkpt lat="41.88186" lon="8.84966"/>
            <trkpt lat="41.88171" lon="8.84961"/>
            <trkpt lat="41.88164" lon="8.8496"/>
            <trkpt lat="41.88156" lon="8.84961"/>
            <trkpt lat="41.88144" lon="8.84966"/>
            <trkpt lat="41.88132" lon="8.84982"/>
            <trkpt lat="41.88112" lon="8.85019"/>
            <trkpt lat="41.88106" lon="8.85027"/>
            <trkpt lat="41.88099" lon="8.85034"/>
            <trkpt lat="41.88092" lon="8.85038"/>
            <trkpt lat="41.88077" lon="8.85042"/>
            <trkpt lat="41.88052" lon="8.85046"/>
            <trkpt lat="41.8805" lon="8.85046"/>
            <trkpt lat="41.88037" lon="8.85051"/>
            <trkpt lat="41.88033" lon="8.85051"/>
            <trkpt lat="41.88026" lon="8.85051"/>
            <trkpt lat="41.88019" lon="8.85049"/>
            <trkpt lat="41.87995" lon="8.85036"/>
            <trkpt lat="41.87992" lon="8.85035"/>
            <trkpt lat="41.87988" lon="8.85035"/>
            <trkpt lat="41.87979" lon="8.85033"/>
            <trkpt lat="41.87932" lon="8.85033"/>
            <trkpt lat="41.87926" lon="8.85032"/>
            <trkpt lat="41.87902" lon="8.85021"/>
            <trkpt lat="41.87894" lon="8.85016"/>
            <trkpt lat="41.87887" lon="8.85013"/>
            <trkpt lat="41.87856" lon="8.85005"/>
            <trkpt lat="41.87848" lon="8.85002"/>
            <trkpt lat="41.8784" lon="8.84996"/>
            <trkpt lat="41.87835" lon="8.84989"/>
            <trkpt lat="41.8783" lon="8.84981"/>
            <trkpt lat="41.87828" lon="8.84975"/>
            <trkpt lat="41.87826" lon="8.8497"/>
            <trkpt lat="41.87825" lon="8.84961"/>
            <trkpt lat="41.87822" lon="8.84914"/>
            <trkpt lat="41.87821" lon="8.84901"/>
            <trkpt lat="41.87809" lon="8.84854"/>
            <trkpt lat="41.87806" lon="8.84847"/>
            <trkpt lat="41.87774" lon="8.84797"/>
            <trkpt lat="41.87753" lon="8.84759"/>
            <trkpt lat="41.87711" lon="8.84706"/>
            <trkpt lat="41.87707" lon="8.84697"/>
            <trkpt lat="41.87705" lon="8.84688"/>
            <trkpt lat="41.87705" lon="8.84674"/>
            <trkpt lat="41.87707" lon="8.84665"/>
            <trkpt lat="41.87709" lon="8.84642"/>
            <trkpt lat="41.87709" lon="8.84627"/>
            <trkpt lat="41.87708" lon="8.84618"/>
            <trkpt lat="41.877" lon="8.84602"/>
            <trkpt lat="41.87695" lon="8.84594"/>
            <trkpt lat="41.8769" lon="8.84591"/>
            <trkpt lat="41.87683" lon="8.84588"/>
            <trkpt lat="41.87634" lon="8.84576"/>
            <trkpt lat="41.87611" lon="8.84566"/>
            <trkpt lat="41.87596" lon="8.84555"/>
            <trkpt lat="41.87584" lon="8.84543"/>
            <trkpt lat="41.87559" lon="8.8451"/>
            <trkpt lat="41.87516" lon="8.84459"/>
            <trkpt lat="41.87503" lon="8.84447"/>
            <trkpt lat="41.87485" lon="8.84436"/>
            <trkpt lat="41.87472" lon="8.84429"/>
            <trkpt lat="41.8746" lon="8.84428"/>
            <trkpt lat="41.87451" lon="8.8443"/>
            <trkpt lat="41.87446" lon="8.84433"/>
            <trkpt lat="41.87439" lon="8.84441"/>
            <trkpt lat="41.87425" lon="8.84465"/>
            <trkpt lat="41.87418" lon="8.84484"/>
            <trkpt lat="41.87418" lon="8.84495"/>
            <trkpt lat="41.8742" lon="8.84517"/>
            <trkpt lat="41.87424" lon="8.84535"/>
            <trkpt lat="41.87425" lon="8.84543"/>
            <trkpt lat="41.87425" lon="8.8455"/>
            <trkpt lat="41.87424" lon="8.84556"/>
            <trkpt lat="41.87421" lon="8.84561"/>
            <trkpt lat="41.87414" lon="8.84565"/>
            <trkpt lat="41.87402" lon="8.8457"/>
            <trkpt lat="41.87386" lon="8.84572"/>
            <trkpt lat="41.87374" lon="8.84577"/>
            <trkpt lat="41.87351" lon="8.84598"/>
            <trkpt lat="41.87335" lon="8.84609"/>
            <trkpt lat="41.87329" lon="8.84614"/>
            <trkpt lat="41.87324" lon="8.84622"/>
            <trkpt lat="41.8732" lon="8.84629"/>
            <trkpt lat="41.87317" lon="8.84637"/>
            <trkpt lat="41.87317" lon="8.84645"/>
            <trkpt lat="41.87319" lon="8.84655"/>
            <trkpt lat="41.87322" lon="8.84668"/>
            <trkpt lat="41.87328" lon="8.84685"/>
            <trkpt lat="41.87332" lon="8.84704"/>
            <trkpt lat="41.87339" lon="8.84745"/>
            <trkpt lat="41.87356" lon="8.84803"/>
            <trkpt lat="41.87361" lon="8.84826"/>
            <trkpt lat="41.87374" lon="8.84892"/>
            <trkpt lat="41.87379" lon="8.84943"/>
            <trkpt lat="41.87379" lon="8.84964"/>
            <trkpt lat="41.87378" lon="8.8498"/>
            <trkpt lat="41.87373" lon="8.84999"/>
            <trkpt lat="41.87371" lon="8.85004"/>
            <trkpt lat="41.87367" lon="8.85012"/>
            <trkpt lat="41.87358" lon="8.85022"/>
            <trkpt lat="41.87357" lon="8.85022"/>
            <trkpt lat="41.87341" lon="8.85031"/>
            <trkpt lat="41.87328" lon="8.85036"/>
            <trkpt lat="41.87309" lon="8.85044"/>
            <trkpt lat="41.87294" lon="8.85055"/>
            <trkpt lat="41.87265" lon="8.85083"/>
            <trkpt lat="41.87261" lon="8.85086"/>
            <trkpt lat="41.87254" lon="8.85097"/>
            <trkpt lat="41.87252" lon="8.85101"/>
            <trkpt lat="41.87249" lon="8.85111"/>
            <trkpt lat="41.87248" lon="8.85114"/>
            <trkpt lat="41.87241" lon="8.85141"/>
            <trkpt lat="41.87239" lon="8.85148"/>
            <trkpt lat="41.87235" lon="8.85157"/>
            <trkpt lat="41.87232" lon="8.85162"/>
            <trkpt lat="41.87228" lon="8.85167"/>
            <trkpt lat="41.87222" lon="8.85171"/>
            <trkpt lat="41.872" lon="8.85179"/>
            <trkpt lat="41.87195" lon="8.8518"/>
            <trkpt lat="41.87187" lon="8.85185"/>
            <trkpt lat="41.87184" lon="8.85188"/>
            <trkpt lat="41.87179" lon="8.85194"/>
            <trkpt lat="41.87165" lon="8.85213"/>
            <trkpt lat="41.87158" lon="8.85219"/>
            <trkpt lat="41.87151" lon="8.85223"/>
            <trkpt lat="41.87144" lon="8.85226"/>
            <trkpt lat="41.87113" lon="8.85227"/>
            <trkpt lat="41.87106" lon="8.85228"/>
            <trkpt lat="41.87102" lon="8.8523"/>
            <trkpt lat="41.87093" lon="8.85237"/>
            <trkpt lat="41.87091" lon="8.85239"/>
            <trkpt lat="41.87074" lon="8.85264"/>
            <trkpt lat="41.87071" lon="8.85267"/>
            <trkpt lat="41.87066" lon="8.8527"/>
            <trkpt lat="41.87061" lon="8.85272"/>
            <trkpt lat="41.87054" lon="8.85274"/>
            <trkpt lat="41.87025" lon="8.85272"/>
            <trkpt lat="41.87013" lon="8.85274"/>
            <trkpt lat="41.87008" lon="8.85276"/>
            <trkpt lat="41.87001" lon="8.8528"/>
            <trkpt lat="41.86986" lon="8.85296"/>
            <trkpt lat="41.86954" lon="8.85334"/>
            <trkpt lat="41.8694" lon="8.85352"/>
            <trkpt lat="41.86938" lon="8.85356"/>
            <trkpt lat="41.86937" lon="8.85359"/>
            <trkpt lat="41.86935" lon="8.85365"/>
            <trkpt lat="41.86933" lon="8.85381"/>
            <trkpt lat="41.86937" lon="8.85398"/>
            <trkpt lat="41.86949" lon="8.85429"/>
            <trkpt lat="41.86951" lon="8.85448"/>
            <trkpt lat="41.86952" lon="8.85466"/>
            <trkpt lat="41.86947" lon="8.85498"/>
            <trkpt lat="41.86947" lon="8.85502"/>
            <trkpt lat="41.86943" lon="8.85514"/>
            <trkpt lat="41.86939" lon="8.85519"/>
            <trkpt lat="41.86934" lon="8.85524"/>
            <trkpt lat="41.86931" lon="8.85525"/>
            <trkpt lat="41.86929" lon="8.85525"/>
            <trkpt lat="41.86926" lon="8.85524"/>
            <trkpt lat="41.86915" lon="8.85518"/>
            <trkpt lat="41.86901" lon="8.85498"/>
            <trkpt lat="41.86889" lon="8.85481"/>
            <trkpt lat="41.86887" lon="8.8548"/>
            <trkpt lat="41.86882" lon="8.85476"/>
            <trkpt lat="41.8687" lon="8.85466"/>
            <trkpt lat="41.86852" lon="8.85456"/>
            <trkpt lat="41.86842" lon="8.85453"/>
            <trkpt lat="41.86835" lon="8.85452"/>
            <trkpt lat="41.86828" lon="8.85452"/>
            <trkpt lat="41.86826" lon="8.85452"/>
            <trkpt lat="41.86815" lon="8.85454"/>
            <trkpt lat="41.86813" lon="8.85455"/>
            <trkpt lat="41.86804" lon="8.8546"/>
            <trkpt lat="41.86796" lon="8.8547"/>
            <trkpt lat="41.86793" lon="8.85478"/>
            <trkpt lat="41.86792" lon="8.85488"/>
            <trkpt lat="41.86791" lon="8.85498"/>
            <trkpt lat="41.86791" lon="8.85507"/>
            <trkpt lat="41.86793" lon="8.8554"/>
            <trkpt lat="41.86797" lon="8.85582"/>
            <trkpt lat="41.86798" lon="8.85617"/>
            <trkpt lat="41.86798" lon="8.8564"/>
            <trkpt lat="41.86794" lon="8.85658"/>
            <trkpt lat="41.86785" lon="8.85691"/>
            <trkpt lat="41.86776" lon="8.85714"/>
            <trkpt lat="41.86772" lon="8.85728"/>
            <trkpt lat="41.8677" lon="8.85744"/>
            <trkpt lat="41.86767" lon="8.858"/>
            <trkpt lat="41.86765" lon="8.85813"/>
            <trkpt lat="41.86763" lon="8.85822"/>
            <trkpt lat="41.86761" lon="8.8583"/>
            <trkpt lat="41.86756" lon="8.85836"/>
            <trkpt lat="41.86744" lon="8.85841"/>
            <trkpt lat="41.86732" lon="8.85842"/>
            <trkpt lat="41.86699" lon="8.8584"/>
            <trkpt lat="41.86686" lon="8.85841"/>
            <trkpt lat="41.86649" lon="8.85853"/>
            <trkpt lat="41.86627" lon="8.85856"/>
            <trkpt lat="41.86571" lon="8.85856"/>
            <trkpt lat="41.86553" lon="8.85861"/>
            <trkpt lat="41.86538" lon="8.85867"/>
            <trkpt lat="41.86526" lon="8.85874"/>
            <trkpt lat="41.865" lon="8.85896"/>
            <trkpt lat="41.86493" lon="8.859"/>
            <trkpt lat="41.86483" lon="8.85905"/>
            <trkpt lat="41.86453" lon="8.85908"/>
            <trkpt lat="41.86411" lon="8.85918"/>
            <trkpt lat="41.86392" lon="8.85917"/>
            <trkpt lat="41.86377" lon="8.85915"/>
            <trkpt lat="41.8634" lon="8.85904"/>
            <trkpt lat="41.86318" lon="8.85893"/>
            <trkpt lat="41.86288" lon="8.85877"/>
            <trkpt lat="41.86278" lon="8.85876"/>
            <trkpt lat="41.86218" lon="8.85889"/>
            <trkpt lat="41.86187" lon="8.85888"/>
            <trkpt lat="41.86091" lon="8.85881"/>
            <trkpt lat="41.86081" lon="8.85881"/>
            <trkpt lat="41.86075" lon="8.85883"/>
            <trkpt lat="41.86068" lon="8.8589"/>
            <trkpt lat="41.86064" lon="8.85899"/>
            <trkpt lat="41.86058" lon="8.85925"/>
            <trkpt lat="41.86056" lon="8.85955"/>
            <trkpt lat="41.86052" lon="8.85982"/>
            <trkpt lat="41.86049" lon="8.85988"/>
            <trkpt lat="41.86043" lon="8.85993"/>
            <trkpt lat="41.86035" lon="8.85996"/>
            <trkpt lat="41.86025" lon="8.85998"/>
            <trkpt lat="41.85997" lon="8.86"/>
            <trkpt lat="41.85973" lon="8.85998"/>
            <trkpt lat="41.85922" lon="8.8599"/>
            <trkpt lat="41.85886" lon="8.85982"/>
            <trkpt lat="41.8587" lon="8.85979"/>
            <trkpt lat="41.8585" lon="8.85979"/>
            <trkpt lat="41.85842" lon="8.85981"/>
            <trkpt lat="41.85835" lon="8.85986"/>
            <trkpt lat="41.85822" lon="8.86003"/>
            <trkpt lat="41.85812" lon="8.86023"/>
            <trkpt lat="41.85809" lon="8.86036"/>
            <trkpt lat="41.85806" lon="8.86082"/>
            <trkpt lat="41.85803" lon="8.86107"/>
            <trkpt lat="41.85798" lon="8.86123"/>
            <trkpt lat="41.85791" lon="8.86131"/>
            <trkpt lat="41.8579" lon="8.86131"/>
            <trkpt lat="41.85782" lon="8.86136"/>
            <trkpt lat="41.85774" lon="8.86136"/>
            <trkpt lat="41.85768" lon="8.8613"/>
            <trkpt lat="41.85763" lon="8.8612"/>
            <trkpt lat="41.8576" lon="8.86111"/>
            <trkpt lat="41.85757" lon="8.86097"/>
            <trkpt lat="41.85749" lon="8.86064"/>
            <trkpt lat="41.85732" lon="8.86026"/>
            <trkpt lat="41.85724" lon="8.86016"/>
            <trkpt lat="41.85695" lon="8.85993"/>
            <trkpt lat="41.85676" lon="8.85982"/>
            <trkpt lat="41.85662" lon="8.85965"/>
            <trkpt lat="41.85653" lon="8.85941"/>
            <trkpt lat="41.85649" lon="8.85933"/>
            <trkpt lat="41.85642" lon="8.85912"/>
            <trkpt lat="41.85635" lon="8.85902"/>
            <trkpt lat="41.85606" lon="8.85872"/>
            <trkpt lat="41.85601" lon="8.85864"/>
            <trkpt lat="41.85598" lon="8.85855"/>
            <trkpt lat="41.85595" lon="8.85845"/>
            <trkpt lat="41.8559" lon="8.85823"/>
            <trkpt lat="41.85586" lon="8.85814"/>
            <trkpt lat="41.85575" lon="8.85795"/>
            <trkpt lat="41.85569" lon="8.85789"/>
            <trkpt lat="41.85535" lon="8.85749"/>
            <trkpt lat="41.85526" lon="8.8573"/>
            <trkpt lat="41.85523" lon="8.85713"/>
            <trkpt lat="41.85521" lon="8.85684"/>
            <trkpt lat="41.85515" lon="8.85636"/>
            <trkpt lat="41.85511" lon="8.85625"/>
            <trkpt lat="41.85486" lon="8.85586"/>
            <trkpt lat="41.85476" lon="8.85566"/>
            <trkpt lat="41.85469" lon="8.85546"/>
            <trkpt lat="41.85467" lon="8.85538"/>
            <trkpt lat="41.85464" lon="8.85531"/>
            <trkpt lat="41.85458" lon="8.8552"/>
            <trkpt lat="41.85439" lon="8.85498"/>
            <trkpt lat="41.85437" lon="8.85496"/>
            <trkpt lat="41.85422" lon="8.8548"/>
            <trkpt lat="41.85405" lon="8.85475"/>
            <trkpt lat="41.85404" lon="8.85471"/>
            <trkpt lat="41.85401" lon="8.85469"/>
            <trkpt lat="41.85396" lon="8.85469"/>
            <trkpt lat="41.85389" lon="8.85471"/>
            <trkpt lat="41.85354" lon="8.85485"/>
            <trkpt lat="41.85344" lon="8.85493"/>
            <trkpt lat="41.8534" lon="8.85498"/>
            <trkpt lat="41.8534" lon="8.85498"/>
            <trkpt lat="41.85326" lon="8.85528"/>
            <trkpt lat="41.85309" lon="8.85552"/>
            <trkpt lat="41.85278" lon="8.85577"/>
            <trkpt lat="41.85268" lon="8.8559"/>
            <trkpt lat="41.85263" lon="8.85608"/>
            <trkpt lat="41.85262" lon="8.85617"/>
            <trkpt lat="41.85269" lon="8.85635"/>
            <trkpt lat="41.85279" lon="8.85648"/>
            <trkpt lat="41.85286" lon="8.85653"/>
            <trkpt lat="41.85297" lon="8.85659"/>
            <trkpt lat="41.85303" lon="8.85662"/>
            <trkpt lat="41.8531" lon="8.85667"/>
            <trkpt lat="41.85314" lon="8.85673"/>
            <trkpt lat="41.85318" lon="8.85682"/>
            <trkpt lat="41.85319" lon="8.85696"/>
            <trkpt lat="41.85315" lon="8.85707"/>
            <trkpt lat="41.85308" lon="8.85718"/>
            <trkpt lat="41.85296" lon="8.85728"/>
            <trkpt lat="41.85263" lon="8.85749"/>
            <trkpt lat="41.85238" lon="8.85764"/>
            <trkpt lat="41.85232" lon="8.85767"/>
            <trkpt lat="41.85226" lon="8.85767"/>
            <trkpt lat="41.85218" lon="8.85765"/>
            <trkpt lat="41.85189" lon="8.85745"/>
            <trkpt lat="41.8515" lon="8.85731"/>
            <trkpt lat="41.85109" lon="8.85707"/>
            <trkpt lat="41.85046" lon="8.85693"/>
            <trkpt lat="41.84986" lon="8.85671"/>
            <trkpt lat="41.84969" lon="8.85671"/>
            <trkpt lat="41.84959" lon="8.85675"/>
            <trkpt lat="41.84914" lon="8.85712"/>
            <trkpt lat="41.84908" lon="8.85714"/>
            <trkpt lat="41.84901" lon="8.85713"/>
            <trkpt lat="41.84896" lon="8.85711"/>
            <trkpt lat="41.84893" lon="8.85706"/>
            <trkpt lat="41.84888" lon="8.85697"/>
            <trkpt lat="41.84866" lon="8.8565"/>
            <trkpt lat="41.84846" lon="8.85608"/>
            <trkpt lat="41.84839" lon="8.85598"/>
            <trkpt lat="41.84832" lon="8.85592"/>
            <trkpt lat="41.848" lon="8.85572"/>
            <trkpt lat="41.84781" lon="8.85568"/>
            <trkpt lat="41.84743" lon="8.85569"/>
            <trkpt lat="41.84732" lon="8.85572"/>
            <trkpt lat="41.84695" lon="8.85591"/>
            <trkpt lat="41.84689" lon="8.85594"/>
            <trkpt lat="41.84672" lon="8.85599"/>
            <trkpt lat="41.84641" lon="8.85601"/>
            <trkpt lat="41.84616" lon="8.85597"/>
            <trkpt lat="41.84608" lon="8.85594"/>
            <trkpt lat="41.84577" lon="8.85571"/>
            <trkpt lat="41.84569" lon="8.85562"/>
            <trkpt lat="41.84554" lon="8.85537"/>
            <trkpt lat="41.84548" lon="8.85531"/>
            <trkpt lat="41.84543" lon="8.85525"/>
            <trkpt lat="41.84538" lon="8.85522"/>
            <trkpt lat="41.8453" lon="8.85519"/>
            <trkpt lat="41.84502" lon="8.85515"/>
            <trkpt lat="41.84496" lon="8.85515"/>
            <trkpt lat="41.84489" lon="8.85518"/>
            <trkpt lat="41.84464" lon="8.85533"/>
            <trkpt lat="41.84452" lon="8.85534"/>
            <trkpt lat="41.84437" lon="8.85533"/>
            <trkpt lat="41.84415" lon="8.85525"/>
            <trkpt lat="41.84391" lon="8.85516"/>
            <trkpt lat="41.84361" lon="8.85514"/>
            <trkpt lat="41.84334" lon="8.85514"/>
            <trkpt lat="41.8431" lon="8.8552"/>
            <trkpt lat="41.84303" lon="8.8552"/>
            <trkpt lat="41.84293" lon="8.85517"/>
            <trkpt lat="41.84264" lon="8.85504"/>
            <trkpt lat="41.84247" lon="8.855"/>
            <trkpt lat="41.84227" lon="8.855"/>
            <trkpt lat="41.8421" lon="8.85504"/>
            <trkpt lat="41.84188" lon="8.85514"/>
            <trkpt lat="41.84173" lon="8.85524"/>
            <trkpt lat="41.84169" lon="8.85528"/>
            <trkpt lat="41.84162" lon="8.85535"/>
            <trkpt lat="41.84141" lon="8.85548"/>
            <trkpt lat="41.84137" lon="8.85551"/>
            <trkpt lat="41.84129" lon="8.85557"/>
            <trkpt lat="41.84123" lon="8.85564"/>
            <trkpt lat="41.84118" lon="8.85572"/>
            <trkpt lat="41.8411" lon="8.85588"/>
            <trkpt lat="41.84103" lon="8.85609"/>
            <trkpt lat="41.841" lon="8.85613"/>
            <trkpt lat="41.84098" lon="8.85616"/>
            <trkpt lat="41.84095" lon="8.85617"/>
            <trkpt lat="41.84091" lon="8.85618"/>
            <trkpt lat="41.84088" lon="8.85617"/>
            <trkpt lat="41.84071" lon="8.85602"/>
            <trkpt lat="41.84062" lon="8.85601"/>
            <trkpt lat="41.84055" lon="8.85602"/>
            <trkpt lat="41.8405" lon="8.85605"/>
            <trkpt lat="41.84028" lon="8.85625"/>
            <trkpt lat="41.84017" lon="8.85632"/>
            <trkpt lat="41.84006" lon="8.85636"/>
            <trkpt lat="41.83994" lon="8.85638"/>
            <trkpt lat="41.83971" lon="8.85636"/>
            <trkpt lat="41.83948" lon="8.85632"/>
            <trkpt lat="41.83927" lon="8.85625"/>
            <trkpt lat="41.83912" lon="8.85617"/>
            <trkpt lat="41.83905" lon="8.8561"/>
            <trkpt lat="41.83905" lon="8.85609"/>
            <trkpt lat="41.83903" lon="8.85604"/>
            <trkpt lat="41.83902" lon="8.85596"/>
            <trkpt lat="41.83902" lon="8.8559"/>
            <trkpt lat="41.83903" lon="8.85583"/>
            <trkpt lat="41.83908" lon="8.85574"/>
            <trkpt lat="41.83911" lon="8.85569"/>
            <trkpt lat="41.83916" lon="8.85565"/>
            <trkpt lat="41.83925" lon="8.8556"/>
            <trkpt lat="41.83937" lon="8.85557"/>
            <trkpt lat="41.83961" lon="8.85552"/>
            <trkpt lat="41.8397" lon="8.8555"/>
            <trkpt lat="41.83974" lon="8.85546"/>
            <trkpt lat="41.83978" lon="8.85538"/>
            <trkpt lat="41.8398" lon="8.85533"/>
            <trkpt lat="41.83981" lon="8.85522"/>
            <trkpt lat="41.8398" lon="8.85515"/>
            <trkpt lat="41.83979" lon="8.85512"/>
            <trkpt lat="41.83977" lon="8.85506"/>
            <trkpt lat="41.8397" lon="8.85498"/>
            <trkpt lat="41.83958" lon="8.85483"/>
            <trkpt lat="41.83904" lon="8.85428"/>
            <trkpt lat="41.83896" lon="8.85415"/>
            <trkpt lat="41.83889" lon="8.854"/>
            <trkpt lat="41.83877" lon="8.85367"/>
            <trkpt lat="41.83864" lon="8.8532"/>
            <trkpt lat="41.83858" lon="8.85309"/>
            <trkpt lat="41.83854" lon="8.85307"/>
            <trkpt lat="41.83849" lon="8.85304"/>
            <trkpt lat="41.83836" lon="8.853"/>
            <trkpt lat="41.83831" lon="8.85298"/>
            <trkpt lat="41.83825" lon="8.85294"/>
            <trkpt lat="41.83813" lon="8.85283"/>
            <trkpt lat="41.83801" lon="8.85275"/>
            <trkpt lat="41.83792" lon="8.85271"/>
            <trkpt lat="41.83778" lon="8.8527"/>
            <trkpt lat="41.83747" lon="8.85271"/>
            <trkpt lat="41.83732" lon="8.85268"/>
            <trkpt lat="41.83698" lon="8.8525"/>
            <trkpt lat="41.8366" lon="8.85242"/>
            <trkpt lat="41.83629" lon="8.85233"/>
            <trkpt lat="41.83601" lon="8.85222"/>
            <trkpt lat="41.83594" lon="8.85218"/>
            <trkpt lat="41.83563" lon="8.85202"/>
            <trkpt lat="41.83555" lon="8.85194"/>
            <trkpt lat="41.83527" lon="8.85157"/>
            <trkpt lat="41.83512" lon="8.85142"/>
            <trkpt lat="41.83486" lon="8.85122"/>
            <trkpt lat="41.83463" lon="8.8509"/>
            <trkpt lat="41.83455" lon="8.85083"/>
            <trkpt lat="41.8345" lon="8.85081"/>
            <trkpt lat="41.83438" lon="8.85079"/>
            <trkpt lat="41.83407" lon="8.85083"/>
            <trkpt lat="41.83398" lon="8.85083"/>
            <trkpt lat="41.83382" lon="8.85082"/>
            <trkpt lat="41.83368" lon="8.85079"/>
            <trkpt lat="41.83335" lon="8.85067"/>
            <trkpt lat="41.83317" lon="8.85062"/>
            <trkpt lat="41.8329" lon="8.85061"/>
            <trkpt lat="41.8327" lon="8.85055"/>
            <trkpt lat="41.83239" lon="8.85053"/>
            <trkpt lat="41.83187" lon="8.85042"/>
            <trkpt lat="41.83169" lon="8.85035"/>
            <trkpt lat="41.83143" lon="8.8502"/>
            <trkpt lat="41.83104" lon="8.85004"/>
            <trkpt lat="41.8304" lon="8.8498"/>
            <trkpt lat="41.83017" lon="8.84967"/>
            <trkpt lat="41.82976" lon="8.8494"/>
            <trkpt lat="41.82928" lon="8.84917"/>
            <trkpt lat="41.82902" lon="8.84908"/>
            <trkpt lat="41.82886" lon="8.84902"/>
            <trkpt lat="41.82878" lon="8.84896"/>
            <trkpt lat="41.8287" lon="8.84887"/>
            <trkpt lat="41.82862" lon="8.84873"/>
            <trkpt lat="41.82859" lon="8.84865"/>
            <trkpt lat="41.82857" lon="8.84858"/>
            <trkpt lat="41.82856" lon="8.84852"/>
            <trkpt lat="41.82854" lon="8.84834"/>
            <trkpt lat="41.82853" lon="8.84808"/>
            <trkpt lat="41.82856" lon="8.84773"/>
            <trkpt lat="41.82858" lon="8.84762"/>
            <trkpt lat="41.82859" lon="8.84751"/>
            <trkpt lat="41.82861" lon="8.84747"/>
            <trkpt lat="41.82866" lon="8.84738"/>
            <trkpt lat="41.82877" lon="8.84728"/>
            <trkpt lat="41.82885" lon="8.84723"/>
            <trkpt lat="41.82881" lon="8.8472"/>
            <trkpt lat="41.82876" lon="8.84719"/>
            <trkpt lat="41.82871" lon="8.84719"/>
            <trkpt lat="41.82866" lon="8.84723"/>
            <trkpt lat="41.82858" lon="8.84733"/>
            <trkpt lat="41.82838" lon="8.84745"/>
            <trkpt lat="41.82809" lon="8.8475"/>
            <trkpt lat="41.8279" lon="8.84757"/>
            <trkpt lat="41.82782" lon="8.8476"/>
            <trkpt lat="41.82756" lon="8.84777"/>
            <trkpt lat="41.82741" lon="8.84782"/>
            <trkpt lat="41.82724" lon="8.84784"/>
            <trkpt lat="41.82684" lon="8.84783"/>
            <trkpt lat="41.82607" lon="8.84779"/>
            <trkpt lat="41.82589" lon="8.84776"/>
            <trkpt lat="41.8255" lon="8.84777"/>
            <trkpt lat="41.82531" lon="8.84776"/>
            <trkpt lat="41.82522" lon="8.84774"/>
            <trkpt lat="41.82479" lon="8.84757"/>
            <trkpt lat="41.82399" lon="8.84744"/>
            <trkpt lat="41.82362" lon="8.8473"/>
            <trkpt lat="41.8233" lon="8.8472"/>
            <trkpt lat="41.82295" lon="8.84715"/>
            <trkpt lat="41.82283" lon="8.84719"/>
            <trkpt lat="41.82259" lon="8.84734"/>
            <trkpt lat="41.82119" lon="8.8479"/>
            <trkpt lat="41.82076" lon="8.84811"/>
            <trkpt lat="41.82064" lon="8.84813"/>
            <trkpt lat="41.82062" lon="8.84813"/>
            <trkpt lat="41.82058" lon="8.84812"/>
            <trkpt lat="41.82055" lon="8.84808"/>
            <trkpt lat="41.8205" lon="8.84799"/>
            <trkpt lat="41.82046" lon="8.84793"/>
            <trkpt lat="41.8204" lon="8.84789"/>
            <trkpt lat="41.81984" lon="8.84767"/>
            <trkpt lat="41.81968" lon="8.84765"/>
            <trkpt lat="41.8195" lon="8.84768"/>
            <trkpt lat="41.81944" lon="8.84771"/>
            <trkpt lat="41.8193" lon="8.84799"/>
            <trkpt lat="41.81915" lon="8.84817"/>
            <trkpt lat="41.81901" lon="8.84825"/>
            <trkpt lat="41.81879" lon="8.84829"/>
            <trkpt lat="41.81853" lon="8.84837"/>
            <trkpt lat="41.81766" lon="8.84886"/>
            <trkpt lat="41.81742" lon="8.84898"/>
            <trkpt lat="41.81718" lon="8.84911"/>
            <trkpt lat="41.8171" lon="8.84918"/>
            <trkpt lat="41.81707" lon="8.8493"/>
            <trkpt lat="41.81705" lon="8.84943"/>
            <trkpt lat="41.81702" lon="8.84954"/>
            <trkpt lat="41.81697" lon="8.84962"/>
            <trkpt lat="41.8169" lon="8.84969"/>
            <trkpt lat="41.81681" lon="8.84976"/>
            <trkpt lat="41.81664" lon="8.84983"/>
            <trkpt lat="41.81649" lon="8.84987"/>
            <trkpt lat="41.81606" lon="8.84995"/>
            <trkpt lat="41.81581" lon="8.85002"/>
            <trkpt lat="41.81557" lon="8.85013"/>
            <trkpt lat="41.81553" lon="8.85015"/>
            <trkpt lat="41.81547" lon="8.8502"/>
            <trkpt lat="41.81538" lon="8.85024"/>
            <trkpt lat="41.81525" lon="8.85023"/>
            <trkpt lat="41.81515" lon="8.85023"/>
            <trkpt lat="41.81508" lon="8.85026"/>
            <trkpt lat="41.81489" lon="8.85044"/>
            <trkpt lat="41.81482" lon="8.85046"/>
            <trkpt lat="41.81474" lon="8.85045"/>
            <trkpt lat="41.81466" lon="8.85038"/>
            <trkpt lat="41.81461" lon="8.85035"/>
            <trkpt lat="41.81453" lon="8.85036"/>
            <trkpt lat="41.81406" lon="8.85056"/>
            <trkpt lat="41.81396" lon="8.85058"/>
            <trkpt lat="41.81382" lon="8.8506"/>
            <trkpt lat="41.81369" lon="8.85061"/>
            <trkpt lat="41.81342" lon="8.85057"/>
            <trkpt lat="41.81313" lon="8.85045"/>
            <trkpt lat="41.81293" lon="8.85034"/>
            <trkpt lat="41.81259" lon="8.85002"/>
            <trkpt lat="41.81253" lon="8.85001"/>
            <trkpt lat="41.81248" lon="8.85004"/>
            <trkpt lat="41.81242" lon="8.85009"/>
            <trkpt lat="41.81229" lon="8.85029"/>
            <trkpt lat="41.81221" lon="8.85036"/>
            <trkpt lat="41.81216" lon="8.85039"/>
            <trkpt lat="41.81211" lon="8.85039"/>
            <trkpt lat="41.81202" lon="8.85037"/>
            <trkpt lat="41.81196" lon="8.85031"/>
            <trkpt lat="41.81173" lon="8.84986"/>
            <trkpt lat="41.81167" lon="8.84976"/>
            <trkpt lat="41.81161" lon="8.84972"/>
            <trkpt lat="41.81145" lon="8.84962"/>
            <trkpt lat="41.81136" lon="8.84954"/>
            <trkpt lat="41.81129" lon="8.84946"/>
            <trkpt lat="41.81124" lon="8.84934"/>
            <trkpt lat="41.81098" lon="8.84866"/>
            <trkpt lat="41.81092" lon="8.84859"/>
            <trkpt lat="41.81085" lon="8.84853"/>
            <trkpt lat="41.81066" lon="8.84847"/>
            <trkpt lat="41.81027" lon="8.84835"/>
            <trkpt lat="41.81022" lon="8.84826"/>
            <trkpt lat="41.80997" lon="8.84774"/>
            <trkpt lat="41.8096" lon="8.84715"/>
            <trkpt lat="41.80951" lon="8.84693"/>
            <trkpt lat="41.80948" lon="8.84681"/>
            <trkpt lat="41.80947" lon="8.84671"/>
            <trkpt lat="41.80946" lon="8.84615"/>
            <trkpt lat="41.80945" lon="8.84604"/>
            <trkpt lat="41.80939" lon="8.84593"/>
            <trkpt lat="41.80934" lon="8.84587"/>
            <trkpt lat="41.80925" lon="8.84579"/>
            <trkpt lat="41.80872" lon="8.84555"/>
            <trkpt lat="41.80865" lon="8.84549"/>
            <trkpt lat="41.80851" lon="8.84535"/>
            <trkpt lat="41.80834" lon="8.84506"/>
            <trkpt lat="41.80828" lon="8.84485"/>
            <trkpt lat="41.80828" lon="8.84473"/>
            <trkpt lat="41.80829" lon="8.84464"/>
            <trkpt lat="41.80835" lon="8.84449"/>
            <trkpt lat="41.80854" lon="8.84425"/>
            <trkpt lat="41.80857" lon="8.84416"/>
            <trkpt lat="41.80857" lon="8.84407"/>
            <trkpt lat="41.80855" lon="8.844"/>
            <trkpt lat="41.80854" lon="8.84394"/>
            <trkpt lat="41.80849" lon="8.84389"/>
            <trkpt lat="41.80788" lon="8.84377"/>
            <trkpt lat="41.80779" lon="8.84373"/>
            <trkpt lat="41.80774" lon="8.8437"/>
            <trkpt lat="41.80769" lon="8.84362"/>
            <trkpt lat="41.80766" lon="8.84354"/>
            <trkpt lat="41.80763" lon="8.84342"/>
            <trkpt lat="41.80761" lon="8.84334"/>
            <trkpt lat="41.80757" lon="8.84325"/>
            <trkpt lat="41.80752" lon="8.84317"/>
            <trkpt lat="41.80746" lon="8.84311"/>
            <trkpt lat="41.80701" lon="8.84287"/>
            <trkpt lat="41.80693" lon="8.84281"/>
            <trkpt lat="41.80688" lon="8.84276"/>
            <trkpt lat="41.80673" lon="8.8425"/>
            <trkpt lat="41.80654" lon="8.84224"/>
            <trkpt lat="41.80641" lon="8.84205"/>
            <trkpt lat="41.80638" lon="8.842"/>
            <trkpt lat="41.80631" lon="8.84183"/>
            <trkpt lat="41.80628" lon="8.84162"/>
            <trkpt lat="41.80629" lon="8.84146"/>
            <trkpt lat="41.80631" lon="8.84122"/>
            <trkpt lat="41.80637" lon="8.84101"/>
            <trkpt lat="41.80644" lon="8.84089"/>
            <trkpt lat="41.8065" lon="8.8408"/>
            <trkpt lat="41.80656" lon="8.84075"/>
            <trkpt lat="41.80667" lon="8.84069"/>
            <trkpt lat="41.80704" lon="8.84057"/>
            <trkpt lat="41.80708" lon="8.84053"/>
            <trkpt lat="41.8071" lon="8.84049"/>
            <trkpt lat="41.80711" lon="8.84044"/>
            <trkpt lat="41.80712" lon="8.84032"/>
            <trkpt lat="41.80708" lon="8.8402"/>
            <trkpt lat="41.80696" lon="8.84001"/>
            <trkpt lat="41.80662" lon="8.83968"/>
            <trkpt lat="41.80645" lon="8.83947"/>
            <trkpt lat="41.80633" lon="8.83929"/>
            <trkpt lat="41.80608" lon="8.83881"/>
            <trkpt lat="41.80599" lon="8.83867"/>
            <trkpt lat="41.80591" lon="8.83859"/>
            <trkpt lat="41.80583" lon="8.83852"/>
            <trkpt lat="41.80573" lon="8.83847"/>
            <trkpt lat="41.80558" lon="8.83841"/>
            <trkpt lat="41.80496" lon="8.83822"/>
            <trkpt lat="41.80476" lon="8.83815"/>
            <trkpt lat="41.80458" lon="8.83806"/>
            <trkpt lat="41.80393" lon="8.83767"/>
            <trkpt lat="41.80369" lon="8.83751"/>
            <trkpt lat="41.80301" lon="8.83709"/>
            <trkpt lat="41.80286" lon="8.83704"/>
            <trkpt lat="41.80153" lon="8.83671"/>
            <trkpt lat="41.80124" lon="8.83662"/>
            <trkpt lat="41.80116" lon="8.83658"/>
            <trkpt lat="41.80108" lon="8.83653"/>
            <trkpt lat="41.80099" lon="8.83645"/>
            <trkpt lat="41.80094" lon="8.83637"/>
            <trkpt lat="41.80086" lon="8.83622"/>
            <trkpt lat="41.80059" lon="8.83556"/>
            <trkpt lat="41.80047" lon="8.83536"/>
            <trkpt lat="41.80041" lon="8.83529"/>
            <trkpt lat="41.80003" lon="8.83507"/>
            <trkpt lat="41.79994" lon="8.83497"/>
            <trkpt lat="41.79979" lon="8.83471"/>
            <trkpt lat="41.79974" lon="8.8345"/>
            <trkpt lat="41.79959" lon="8.83402"/>
            <trkpt lat="41.79948" lon="8.83373"/>
            <trkpt lat="41.7992" lon="8.83331"/>
            <trkpt lat="41.79892" lon="8.83301"/>
            <trkpt lat="41.79886" lon="8.83294"/>
            <trkpt lat="41.79841" lon="8.8324"/>
            <trkpt lat="41.79829" lon="8.83229"/>
            <trkpt lat="41.79798" lon="8.83215"/>
            <trkpt lat="41.79743" lon="8.83169"/>
            <trkpt lat="41.7973" lon="8.83151"/>
            <trkpt lat="41.79723" lon="8.83133"/>
            <trkpt lat="41.79701" lon="8.83064"/>
            <trkpt lat="41.79695" lon="8.83051"/>
            <trkpt lat="41.79687" lon="8.83039"/>
            <trkpt lat="41.79676" lon="8.83026"/>
            <trkpt lat="41.7962" lon="8.82971"/>
            <trkpt lat="41.7961" lon="8.82959"/>
            <trkpt lat="41.79602" lon="8.82945"/>
            <trkpt lat="41.79597" lon="8.82928"/>
            <trkpt lat="41.79596" lon="8.82915"/>
            <trkpt lat="41.79597" lon="8.829"/>
            <trkpt lat="41.79602" lon="8.82859"/>
            <trkpt lat="41.79607" lon="8.82845"/>
            <trkpt lat="41.79614" lon="8.82828"/>
            <trkpt lat="41.7964" lon="8.82786"/>
            <trkpt lat="41.79644" lon="8.82777"/>
            <trkpt lat="41.79643" lon="8.82769"/>
            <trkpt lat="41.79642" lon="8.82761"/>
            <trkpt lat="41.79639" lon="8.82754"/>
            <trkpt lat="41.79634" lon="8.82751"/>
            <trkpt lat="41.79618" lon="8.82742"/>
            <trkpt lat="41.796" lon="8.8273"/>
            <trkpt lat="41.79581" lon="8.82718"/>
            <trkpt lat="41.79564" lon="8.82709"/>
            <trkpt lat="41.79532" lon="8.82689"/>
            <trkpt lat="41.79524" lon="8.82682"/>
            <trkpt lat="41.79519" lon="8.82677"/>
            <trkpt lat="41.79517" lon="8.82673"/>
            <trkpt lat="41.79506" lon="8.82655"/>
            <trkpt lat="41.79506" lon="8.82655"/>
            <trkpt lat="41.79498" lon="8.82639"/>
            <trkpt lat="41.79464" lon="8.82569"/>
            <trkpt lat="41.79456" lon="8.82556"/>
            <trkpt lat="41.79418" lon="8.82511"/>
            <trkpt lat="41.79411" lon="8.82498"/>
            <trkpt lat="41.79402" lon="8.82464"/>
            <trkpt lat="41.79392" lon="8.8244"/>
            <trkpt lat="41.7938" lon="8.82421"/>
            <trkpt lat="41.79369" lon="8.82407"/>
            <trkpt lat="41.79356" lon="8.82393"/>
            <trkpt lat="41.79324" lon="8.82368"/>
            <trkpt lat="41.79296" lon="8.82349"/>
            <trkpt lat="41.7928" lon="8.82334"/>
            <trkpt lat="41.79271" lon="8.82326"/>
            <trkpt lat="41.79267" lon="8.82324"/>
            <trkpt lat="41.79265" lon="8.82324"/>
            <trkpt lat="41.79263" lon="8.82324"/>
            <trkpt lat="41.7926" lon="8.82326"/>
            <trkpt lat="41.79257" lon="8.82328"/>
            <trkpt lat="41.79255" lon="8.82331"/>
            <trkpt lat="41.79249" lon="8.82335"/>
            <trkpt lat="41.79242" lon="8.82339"/>
            <trkpt lat="41.79238" lon="8.82339"/>
            <trkpt lat="41.79233" lon="8.82337"/>
            <trkpt lat="41.79199" lon="8.82322"/>
            <trkpt lat="41.7919" lon="8.82318"/>
            <trkpt lat="41.79174" lon="8.82309"/>
            <trkpt lat="41.79167" lon="8.82303"/>
            <trkpt lat="41.79164" lon="8.82298"/>
            <trkpt lat="41.79154" lon="8.82283"/>
            <trkpt lat="41.7915" lon="8.82279"/>
            <trkpt lat="41.79146" lon="8.82279"/>
            <trkpt lat="41.79143" lon="8.82283"/>
            <trkpt lat="41.79142" lon="8.82286"/>
            <trkpt lat="41.79141" lon="8.82289"/>
            <trkpt lat="41.79145" lon="8.82299"/>
            <trkpt lat="41.79154" lon="8.82314"/>
            <trkpt lat="41.79166" lon="8.82329"/>
            <trkpt lat="41.79187" lon="8.82349"/>
            <trkpt lat="41.79199" lon="8.82372"/>
            <trkpt lat="41.79212" lon="8.82398"/>
            <trkpt lat="41.7922" lon="8.82407"/>
            <trkpt lat="41.79221" lon="8.82408"/>
            <trkpt lat="41.79232" lon="8.82417"/>
            <trkpt lat="41.79254" lon="8.82428"/>
            <trkpt lat="41.79304" lon="8.82459"/>
            <trkpt lat="41.79324" lon="8.82476"/>
            <trkpt lat="41.79325" lon="8.82477"/>
            <trkpt lat="41.79337" lon="8.8249"/>
            <trkpt lat="41.79353" lon="8.82513"/>
            <trkpt lat="41.79369" lon="8.82542"/>
            <trkpt lat="41.79373" lon="8.82553"/>
            <trkpt lat="41.79372" lon="8.82562"/>
            <trkpt lat="41.79372" lon="8.82563"/>
            <trkpt lat="41.7937" lon="8.82566"/>
            <trkpt lat="41.79367" lon="8.82567"/>
            <trkpt lat="41.79366" lon="8.82567"/>
            <trkpt lat="41.79364" lon="8.82566"/>
            <trkpt lat="41.7936" lon="8.82563"/>
            <trkpt lat="41.79344" lon="8.82544"/>
            <trkpt lat="41.79342" lon="8.82541"/>
            <trkpt lat="41.79333" lon="8.82532"/>
            <trkpt lat="41.79329" lon="8.82529"/>
            <trkpt lat="41.79311" lon="8.82521"/>
            <trkpt lat="41.79199" lon="8.82486"/>
            <trkpt lat="41.79166" lon="8.82476"/>
            <trkpt lat="41.79129" lon="8.8247"/>
            <trkpt lat="41.79122" lon="8.82464"/>
            <trkpt lat="41.79106" lon="8.82441"/>
            <trkpt lat="41.7908" lon="8.82408"/>
            <trkpt lat="41.7908" lon="8.82407"/>
            <trkpt lat="41.79067" lon="8.82393"/>
            <trkpt lat="41.79047" lon="8.82357"/>
            <trkpt lat="41.7904" lon="8.82349"/>
            <trkpt lat="41.79004" lon="8.82323"/>
            <trkpt lat="41.78992" lon="8.82313"/>
            <trkpt lat="41.78987" lon="8.82309"/>
            <trkpt lat="41.78888" lon="8.82218"/>
            <trkpt lat="41.78864" lon="8.82199"/>
            <trkpt lat="41.78849" lon="8.82184"/>
            <trkpt lat="41.78799" lon="8.82128"/>
            <trkpt lat="41.78779" lon="8.8211"/>
            <trkpt lat="41.78767" lon="8.821"/>
            <trkpt lat="41.78766" lon="8.821"/>
            <trkpt lat="41.78749" lon="8.82097"/>
            <trkpt lat="41.78728" lon="8.82103"/>
            <trkpt lat="41.78701" lon="8.82112"/>
            <trkpt lat="41.78685" lon="8.82115"/>
            <trkpt lat="41.7867" lon="8.82116"/>
            <trkpt lat="41.78612" lon="8.82111"/>
            <trkpt lat="41.78591" lon="8.82111"/>
            <trkpt lat="41.78587" lon="8.82113"/>
            <trkpt lat="41.7858" lon="8.82115"/>
            <trkpt lat="41.78538" lon="8.82161"/>
            <trkpt lat="41.78533" lon="8.82164"/>
            <trkpt lat="41.78529" lon="8.82164"/>
            <trkpt lat="41.78524" lon="8.82163"/>
            <trkpt lat="41.78511" lon="8.82155"/>
            <trkpt lat="41.78491" lon="8.82138"/>
            <trkpt lat="41.78474" lon="8.82126"/>
            <trkpt lat="41.78462" lon="8.82118"/>
            <trkpt lat="41.78438" lon="8.82109"/>
            <trkpt lat="41.78398" lon="8.82096"/>
            <trkpt lat="41.78362" lon="8.82083"/>
            <trkpt lat="41.78336" lon="8.82086"/>
            <trkpt lat="41.78312" lon="8.82084"/>
            <trkpt lat="41.78299" lon="8.82081"/>
            <trkpt lat="41.78287" lon="8.82074"/>
            <trkpt lat="41.78244" lon="8.8204"/>
            <trkpt lat="41.78206" lon="8.82021"/>
            <trkpt lat="41.78189" lon="8.82008"/>
            <trkpt lat="41.78161" lon="8.81993"/>
            <trkpt lat="41.78154" lon="8.81991"/>
            <trkpt lat="41.78146" lon="8.8199"/>
            <trkpt lat="41.7813" lon="8.81992"/>
            <trkpt lat="41.78107" lon="8.82"/>
            <trkpt lat="41.78087" lon="8.82006"/>
            <trkpt lat="41.78074" lon="8.82007"/>
            <trkpt lat="41.7803" lon="8.82004"/>
            <trkpt lat="41.77951" lon="8.81997"/>
            <trkpt lat="41.77902" lon="8.8199"/>
            <trkpt lat="41.77841" lon="8.81988"/>
            <trkpt lat="41.77832" lon="8.8199"/>
            <trkpt lat="41.77824" lon="8.81993"/>
            <trkpt lat="41.77797" lon="8.82011"/>
            <trkpt lat="41.77736" lon="8.82043"/>
            <trkpt lat="41.77728" lon="8.82046"/>
            <trkpt lat="41.77719" lon="8.82046"/>
            <trkpt lat="41.77713" lon="8.82046"/>
            <trkpt lat="41.77691" lon="8.82043"/>
            <trkpt lat="41.77677" lon="8.82038"/>
            <trkpt lat="41.77635" lon="8.82006"/>
            <trkpt lat="41.77587" lon="8.81971"/>
            <trkpt lat="41.77578" lon="8.81959"/>
            <trkpt lat="41.77564" lon="8.81935"/>
            <trkpt lat="41.77517" lon="8.81866"/>
            <trkpt lat="41.77458" lon="8.81789"/>
            <trkpt lat="41.7744" lon="8.81748"/>
            <trkpt lat="41.77411" lon="8.81709"/>
            <trkpt lat="41.77387" lon="8.81673"/>
            <trkpt lat="41.77371" lon="8.81645"/>
            <trkpt lat="41.77359" lon="8.81617"/>
            <trkpt lat="41.77332" lon="8.8154"/>
            <trkpt lat="41.77306" lon="8.81478"/>
            <trkpt lat="41.77281" lon="8.81424"/>
            <trkpt lat="41.7727" lon="8.81404"/>
            <trkpt lat="41.77259" lon="8.8139"/>
            <trkpt lat="41.7725" lon="8.81386"/>
            <trkpt lat="41.77245" lon="8.81388"/>
            <trkpt lat="41.77239" lon="8.81393"/>
            <trkpt lat="41.7723" lon="8.81415"/>
            <trkpt lat="41.77228" lon="8.81425"/>
            <trkpt lat="41.77228" lon="8.81427"/>
            <trkpt lat="41.77229" lon="8.81441"/>
            <trkpt lat="41.77229" lon="8.81443"/>
            <trkpt lat="41.77232" lon="8.81461"/>
            <trkpt lat="41.77234" lon="8.8147"/>
            <trkpt lat="41.77274" lon="8.81572"/>
            <trkpt lat="41.773" lon="8.81648"/>
            <trkpt lat="41.77346" lon="8.8174"/>
            <trkpt lat="41.77351" lon="8.81753"/>
            <trkpt lat="41.77358" lon="8.81776"/>
            <trkpt lat="41.7736" lon="8.81792"/>
            <trkpt lat="41.7736" lon="8.81793"/>
            <trkpt lat="41.77359" lon="8.81805"/>
            <trkpt lat="41.77352" lon="8.81826"/>
            <trkpt lat="41.7735" lon="8.81829"/>
            <trkpt lat="41.77342" lon="8.81835"/>
            <trkpt lat="41.77336" lon="8.81838"/>
            <trkpt lat="41.77322" lon="8.81842"/>
            <trkpt lat="41.77309" lon="8.81843"/>
            <trkpt lat="41.77306" lon="8.81843"/>
            <trkpt lat="41.77294" lon="8.81839"/>
            <trkpt lat="41.77252" lon="8.8181"/>
            <trkpt lat="41.77239" lon="8.81806"/>
            <trkpt lat="41.77218" lon="8.81801"/>
            <trkpt lat="41.77217" lon="8.81801"/>
            <trkpt lat="41.77209" lon="8.81802"/>
            <trkpt lat="41.77201" lon="8.81806"/>
            <trkpt lat="41.77198" lon="8.81808"/>
            <trkpt lat="41.77186" lon="8.8182"/>
            <trkpt lat="41.77174" lon="8.8184"/>
            <trkpt lat="41.77166" lon="8.81862"/>
            <trkpt lat="41.77153" lon="8.81891"/>
            <trkpt lat="41.77151" lon="8.81894"/>
            <trkpt lat="41.77147" lon="8.81896"/>
            <trkpt lat="41.77146" lon="8.81897"/>
            <trkpt lat="41.77139" lon="8.81897"/>
            <trkpt lat="41.77132" lon="8.81894"/>
            <trkpt lat="41.77123" lon="8.81888"/>
            <trkpt lat="41.77115" lon="8.81878"/>
            <trkpt lat="41.77103" lon="8.81859"/>
            <trkpt lat="41.77086" lon="8.81824"/>
            <trkpt lat="41.77063" lon="8.81768"/>
            <trkpt lat="41.77044" lon="8.81716"/>
            <trkpt lat="41.77023" lon="8.81679"/>
            <trkpt lat="41.77011" lon="8.81665"/>
            <trkpt lat="41.77002" lon="8.81656"/>
            <trkpt lat="41.76981" lon="8.81635"/>
            <trkpt lat="41.76966" lon="8.81623"/>
            <trkpt lat="41.76928" lon="8.81607"/>
            <trkpt lat="41.76924" lon="8.81603"/>
            <trkpt lat="41.76918" lon="8.81595"/>
            <trkpt lat="41.76916" lon="8.8159"/>
            <trkpt lat="41.76915" lon="8.8158"/>
            <trkpt lat="41.76915" lon="8.81558"/>
            <trkpt lat="41.76913" lon="8.81542"/>
            <trkpt lat="41.76909" lon="8.81527"/>
            <trkpt lat="41.76905" lon="8.81519"/>
            <trkpt lat="41.76891" lon="8.81498"/>
            <trkpt lat="41.76883" lon="8.81491"/>
            <trkpt lat="41.76864" lon="8.81478"/>
            <trkpt lat="41.76807" lon="8.81447"/>
            <trkpt lat="41.76795" lon="8.81438"/>
            <trkpt lat="41.76761" lon="8.81402"/>
            <trkpt lat="41.76752" lon="8.81396"/>
            <trkpt lat="41.76733" lon="8.81387"/>
            <trkpt lat="41.7672" lon="8.81377"/>
            <trkpt lat="41.76716" lon="8.81371"/>
            <trkpt lat="41.7671" lon="8.81353"/>
            <trkpt lat="41.7671" lon="8.81335"/>
            <trkpt lat="41.76707" lon="8.81311"/>
            <trkpt lat="41.76704" lon="8.81301"/>
            <trkpt lat="41.76693" lon="8.81279"/>
            <trkpt lat="41.76685" lon="8.81268"/>
            <trkpt lat="41.7667" lon="8.81252"/>
            <trkpt lat="41.76654" lon="8.81239"/>
            <trkpt lat="41.76634" lon="8.81224"/>
            <trkpt lat="41.76613" lon="8.81213"/>
            <trkpt lat="41.76597" lon="8.81207"/>
            <trkpt lat="41.76579" lon="8.81201"/>
            <trkpt lat="41.76559" lon="8.81198"/>
            <trkpt lat="41.76541" lon="8.81201"/>
            <trkpt lat="41.76524" lon="8.81207"/>
            <trkpt lat="41.765" lon="8.8122"/>
            <trkpt lat="41.76485" lon="8.81235"/>
            <trkpt lat="41.76475" lon="8.81253"/>
            <trkpt lat="41.76465" lon="8.81274"/>
            <trkpt lat="41.76457" lon="8.81314"/>
            <trkpt lat="41.7645" lon="8.81362"/>
            <trkpt lat="41.76444" lon="8.8139"/>
            <trkpt lat="41.76428" lon="8.81437"/>
            <trkpt lat="41.76426" lon="8.81444"/>
            <trkpt lat="41.76424" lon="8.81457"/>
            <trkpt lat="41.76422" lon="8.81489"/>
            <trkpt lat="41.76421" lon="8.81533"/>
            <trkpt lat="41.7642" lon="8.81535"/>
            <trkpt lat="41.76419" lon="8.81539"/>
            <trkpt lat="41.76416" lon="8.81542"/>
            <trkpt lat="41.76416" lon="8.81542"/>
            <trkpt lat="41.76412" lon="8.81544"/>
            <trkpt lat="41.76411" lon="8.81544"/>
            <trkpt lat="41.7641" lon="8.81544"/>
            <trkpt lat="41.76407" lon="8.81544"/>
            <trkpt lat="41.76404" lon="8.81542"/>
            <trkpt lat="41.76401" lon="8.81539"/>
            <trkpt lat="41.76391" lon="8.81524"/>
            <trkpt lat="41.76348" lon="8.81459"/>
            <trkpt lat="41.7632" lon="8.81409"/>
            <trkpt lat="41.76308" lon="8.8139"/>
            <trkpt lat="41.76282" lon="8.81362"/>
            <trkpt lat="41.76265" lon="8.81347"/>
            <trkpt lat="41.76251" lon="8.81339"/>
            <trkpt lat="41.76243" lon="8.81335"/>
            <trkpt lat="41.7621" lon="8.81323"/>
            <trkpt lat="41.76188" lon="8.81318"/>
            <trkpt lat="41.76181" lon="8.81317"/>
            <trkpt lat="41.76142" lon="8.81315"/>
            <trkpt lat="41.76085" lon="8.81315"/>
            <trkpt lat="41.76071" lon="8.81315"/>
            <trkpt lat="41.76064" lon="8.81314"/>
            <trkpt lat="41.76052" lon="8.81309"/>
            <trkpt lat="41.76042" lon="8.81303"/>
            <trkpt lat="41.76026" lon="8.81295"/>
            <trkpt lat="41.76021" lon="8.81292"/>
            <trkpt lat="41.76003" lon="8.81284"/>
            <trkpt lat="41.75981" lon="8.81275"/>
            <trkpt lat="41.75972" lon="8.81272"/>
            <trkpt lat="41.75957" lon="8.81266"/>
            <trkpt lat="41.75944" lon="8.81265"/>
            <trkpt lat="41.75934" lon="8.81266"/>
            <trkpt lat="41.75927" lon="8.81273"/>
            <trkpt lat="41.75924" lon="8.8128"/>
            <trkpt lat="41.7592" lon="8.81312"/>
            <trkpt lat="41.75921" lon="8.81341"/>
            <trkpt lat="41.7592" lon="8.81363"/>
            <trkpt lat="41.75912" lon="8.81377"/>
            <trkpt lat="41.75909" lon="8.81381"/>
            <trkpt lat="41.75907" lon="8.81383"/>
            <trkpt lat="41.7579" lon="8.81408"/>
            <trkpt lat="41.75775" lon="8.81409"/>
            <trkpt lat="41.75746" lon="8.81407"/>
            <trkpt lat="41.75725" lon="8.81398"/>
            <trkpt lat="41.75707" lon="8.81389"/>
            <trkpt lat="41.75692" lon="8.81378"/>
            <trkpt lat="41.7565" lon="8.81351"/>
            <trkpt lat="41.75623" lon="8.8134"/>
            <trkpt lat="41.75596" lon="8.81329"/>
            <trkpt lat="41.7557" lon="8.81325"/>
            <trkpt lat="41.75558" lon="8.81324"/>
            <trkpt lat="41.75532" lon="8.81326"/>
            <trkpt lat="41.75522" lon="8.8133"/>
            <trkpt lat="41.75512" lon="8.81343"/>
            <trkpt lat="41.75506" lon="8.81357"/>
            <trkpt lat="41.75503" lon="8.81371"/>
            <trkpt lat="41.755" lon="8.81389"/>
            <trkpt lat="41.75496" lon="8.81414"/>
            <trkpt lat="41.75495" lon="8.8142"/>
            <trkpt lat="41.75492" lon="8.81425"/>
            <trkpt lat="41.75489" lon="8.81426"/>
            <trkpt lat="41.75487" lon="8.81426"/>
            <trkpt lat="41.75483" lon="8.81423"/>
            <trkpt lat="41.75479" lon="8.81418"/>
            <trkpt lat="41.75473" lon="8.81395"/>
            <trkpt lat="41.75471" lon="8.81373"/>
            <trkpt lat="41.75472" lon="8.81362"/>
            <trkpt lat="41.75486" lon="8.81304"/>
            <trkpt lat="41.75487" lon="8.81283"/>
            <trkpt lat="41.75483" lon="8.81271"/>
            <trkpt lat="41.75474" lon="8.81263"/>
            <trkpt lat="41.75466" lon="8.81261"/>
            <trkpt lat="41.75458" lon="8.81265"/>
            <trkpt lat="41.75456" lon="8.81268"/>
            <trkpt lat="41.75454" lon="8.81274"/>
            <trkpt lat="41.75453" lon="8.81283"/>
            <trkpt lat="41.75449" lon="8.81297"/>
            <trkpt lat="41.75446" lon="8.81299"/>
            <trkpt lat="41.7544" lon="8.81298"/>
            <trkpt lat="41.75436" lon="8.81294"/>
            <trkpt lat="41.75433" lon="8.81286"/>
            <trkpt lat="41.75428" lon="8.81258"/>
            <trkpt lat="41.75421" lon="8.81223"/>
            <trkpt lat="41.75416" lon="8.81203"/>
            <trkpt lat="41.75393" lon="8.81145"/>
            <trkpt lat="41.75388" lon="8.81142"/>
            <trkpt lat="41.75385" lon="8.81141"/>
            <trkpt lat="41.75379" lon="8.81142"/>
            <trkpt lat="41.75377" lon="8.81145"/>
            <trkpt lat="41.75376" lon="8.81153"/>
            <trkpt lat="41.75377" lon="8.8116"/>
            <trkpt lat="41.75378" lon="8.81166"/>
            <trkpt lat="41.75377" lon="8.81179"/>
            <trkpt lat="41.75374" lon="8.81183"/>
            <trkpt lat="41.75367" lon="8.81185"/>
            <trkpt lat="41.75364" lon="8.81185"/>
            <trkpt lat="41.7536" lon="8.81183"/>
            <trkpt lat="41.75351" lon="8.81174"/>
            <trkpt lat="41.75347" lon="8.8117"/>
            <trkpt lat="41.75346" lon="8.81167"/>
            <trkpt lat="41.75341" lon="8.81158"/>
            <trkpt lat="41.75337" lon="8.81143"/>
            <trkpt lat="41.75334" lon="8.81126"/>
            <trkpt lat="41.75334" lon="8.81104"/>
            <trkpt lat="41.75334" lon="8.81073"/>
            <trkpt lat="41.75336" lon="8.8103"/>
            <trkpt lat="41.75335" lon="8.80997"/>
            <trkpt lat="41.7533" lon="8.80973"/>
            <trkpt lat="41.75315" lon="8.80948"/>
            <trkpt lat="41.75305" lon="8.80937"/>
            <trkpt lat="41.75293" lon="8.80928"/>
            <trkpt lat="41.75276" lon="8.80924"/>
            <trkpt lat="41.75267" lon="8.80924"/>
            <trkpt lat="41.75258" lon="8.80927"/>
            <trkpt lat="41.75251" lon="8.80933"/>
            <trkpt lat="41.75244" lon="8.80941"/>
            <trkpt lat="41.75243" lon="8.80945"/>
            <trkpt lat="41.75243" lon="8.80951"/>
            <trkpt lat="41.75252" lon="8.80975"/>
            <trkpt lat="41.7527" lon="8.81001"/>
            <trkpt lat="41.75279" lon="8.81019"/>
            <trkpt lat="41.75281" lon="8.81028"/>
            <trkpt lat="41.75281" lon="8.81041"/>
            <trkpt lat="41.7528" lon="8.81051"/>
            <trkpt lat="41.75265" lon="8.81101"/>
            <trkpt lat="41.75264" lon="8.81104"/>
            <trkpt lat="41.75251" lon="8.81131"/>
            <trkpt lat="41.75239" lon="8.8115"/>
            <trkpt lat="41.75227" lon="8.81168"/>
            <trkpt lat="41.75208" lon="8.81195"/>
            <trkpt lat="41.752" lon="8.81211"/>
            <trkpt lat="41.75195" lon="8.81224"/>
            <trkpt lat="41.7519" lon="8.81243"/>
            <trkpt lat="41.75186" lon="8.81273"/>
            <trkpt lat="41.75187" lon="8.81286"/>
            <trkpt lat="41.75191" lon="8.81301"/>
            <trkpt lat="41.75205" lon="8.81333"/>
            <trkpt lat="41.75205" lon="8.81337"/>
            <trkpt lat="41.75203" lon="8.81341"/>
            <trkpt lat="41.75196" lon="8.81344"/>
            <trkpt lat="41.75191" lon="8.81344"/>
            <trkpt lat="41.75184" lon="8.81341"/>
            <trkpt lat="41.75169" lon="8.81328"/>
            <trkpt lat="41.75136" lon="8.81294"/>
            <trkpt lat="41.75129" lon="8.81285"/>
            <trkpt lat="41.75123" lon="8.81263"/>
            <trkpt lat="41.7512" lon="8.81257"/>
            <trkpt lat="41.75116" lon="8.81253"/>
            <trkpt lat="41.75109" lon="8.81253"/>
            <trkpt lat="41.75106" lon="8.81254"/>
            <trkpt lat="41.75101" lon="8.81257"/>
            <trkpt lat="41.75075" lon="8.81278"/>
            <trkpt lat="41.75064" lon="8.81282"/>
            <trkpt lat="41.75052" lon="8.81281"/>
            <trkpt lat="41.75046" lon="8.81279"/>
            <trkpt lat="41.75042" lon="8.81275"/>
            <trkpt lat="41.75025" lon="8.81263"/>
            <trkpt lat="41.75018" lon="8.81259"/>
            <trkpt lat="41.75007" lon="8.8126"/>
            <trkpt lat="41.74997" lon="8.81266"/>
            <trkpt lat="41.74972" lon="8.81306"/>
            <trkpt lat="41.74959" lon="8.81341"/>
            <trkpt lat="41.74947" lon="8.81364"/>
            <trkpt lat="41.74935" lon="8.8139"/>
            <trkpt lat="41.7493" lon="8.81407"/>
            <trkpt lat="41.74928" lon="8.81424"/>
            <trkpt lat="41.74927" lon="8.81445"/>
            <trkpt lat="41.74935" lon="8.81524"/>
            <trkpt lat="41.7494" lon="8.81546"/>
            <trkpt lat="41.74941" lon="8.81554"/>
            <trkpt lat="41.74948" lon="8.81605"/>
            <trkpt lat="41.74948" lon="8.81621"/>
            <trkpt lat="41.74942" lon="8.81648"/>
            <trkpt lat="41.74936" lon="8.81669"/>
            <trkpt lat="41.74925" lon="8.81713"/>
            <trkpt lat="41.74923" lon="8.81735"/>
            <trkpt lat="41.74921" lon="8.81769"/>
            <trkpt lat="41.74923" lon="8.81797"/>
            <trkpt lat="41.74925" lon="8.81816"/>
            <trkpt lat="41.74936" lon="8.81924"/>
            <trkpt lat="41.7497" lon="8.82144"/>
            <trkpt lat="41.7497" lon="8.82163"/>
            <trkpt lat="41.74962" lon="8.82184"/>
            <trkpt lat="41.74955" lon="8.82195"/>
            <trkpt lat="41.74946" lon="8.82201"/>
            <trkpt lat="41.74932" lon="8.8221"/>
            <trkpt lat="41.74905" lon="8.82223"/>
            <trkpt lat="41.7489" lon="8.82232"/>
            <trkpt lat="41.74873" lon="8.82248"/>
            <trkpt lat="41.74859" lon="8.82258"/>
            <trkpt lat="41.74839" lon="8.82277"/>
            <trkpt lat="41.74819" lon="8.82304"/>
            <trkpt lat="41.74814" lon="8.82326"/>
            <trkpt lat="41.74812" lon="8.82337"/>
            <trkpt lat="41.74819" lon="8.82357"/>
            <trkpt lat="41.74842" lon="8.82394"/>
            <trkpt lat="41.74851" lon="8.82416"/>
            <trkpt lat="41.74851" lon="8.82427"/>
            <trkpt lat="41.74847" lon="8.82437"/>
            <trkpt lat="41.74839" lon="8.82447"/>
            <trkpt lat="41.74823" lon="8.82457"/>
            <trkpt lat="41.74805" lon="8.82465"/>
            <trkpt lat="41.74796" lon="8.82469"/>
            <trkpt lat="41.74783" lon="8.82478"/>
            <trkpt lat="41.74766" lon="8.82495"/>
            <trkpt lat="41.74752" lon="8.82506"/>
            <trkpt lat="41.74743" lon="8.82511"/>
            <trkpt lat="41.74699" lon="8.82525"/>
            <trkpt lat="41.74695" lon="8.82522"/>
            <trkpt lat="41.74691" lon="8.82519"/>
            <trkpt lat="41.74683" lon="8.82511"/>
            <trkpt lat="41.74678" lon="8.8251"/>
            <trkpt lat="41.74673" lon="8.82511"/>
            <trkpt lat="41.74665" lon="8.82516"/>
            <trkpt lat="41.74662" lon="8.82522"/>
            <trkpt lat="41.74659" lon="8.82531"/>
            <trkpt lat="41.74656" lon="8.82555"/>
            <trkpt lat="41.74652" lon="8.82599"/>
            <trkpt lat="41.74653" lon="8.82653"/>
            <trkpt lat="41.74657" lon="8.82697"/>
            <trkpt lat="41.74654" lon="8.82725"/>
            <trkpt lat="41.74647" lon="8.82739"/>
            <trkpt lat="41.74641" lon="8.82747"/>
            <trkpt lat="41.74633" lon="8.82751"/>
            <trkpt lat="41.74625" lon="8.82751"/>
            <trkpt lat="41.74616" lon="8.82748"/>
            <trkpt lat="41.7461" lon="8.82742"/>
            <trkpt lat="41.746" lon="8.82724"/>
            <trkpt lat="41.74595" lon="8.82709"/>
            <trkpt lat="41.74588" lon="8.82683"/>
            <trkpt lat="41.74583" lon="8.82654"/>
            <trkpt lat="41.74574" lon="8.82573"/>
            <trkpt lat="41.74567" lon="8.82543"/>
            <trkpt lat="41.74555" lon="8.82507"/>
            <trkpt lat="41.74543" lon="8.82481"/>
            <trkpt lat="41.74529" lon="8.82455"/>
            <trkpt lat="41.74513" lon="8.82433"/>
            <trkpt lat="41.74505" lon="8.82418"/>
            <trkpt lat="41.74503" lon="8.82405"/>
            <trkpt lat="41.74504" lon="8.82394"/>
            <trkpt lat="41.74509" lon="8.82382"/>
            <trkpt lat="41.74521" lon="8.82354"/>
            <trkpt lat="41.74528" lon="8.8233"/>
            <trkpt lat="41.74528" lon="8.82302"/>
            <trkpt lat="41.74522" lon="8.8227"/>
            <trkpt lat="41.74504" lon="8.82231"/>
            <trkpt lat="41.74494" lon="8.82218"/>
            <trkpt lat="41.74489" lon="8.82213"/>
            <trkpt lat="41.74482" lon="8.82209"/>
            <trkpt lat="41.74475" lon="8.82206"/>
            <trkpt lat="41.74468" lon="8.82207"/>
            <trkpt lat="41.7446" lon="8.82211"/>
            <trkpt lat="41.7445" lon="8.82219"/>
            <trkpt lat="41.74433" lon="8.82235"/>
            <trkpt lat="41.74421" lon="8.82242"/>
            <trkpt lat="41.74409" lon="8.82242"/>
            <trkpt lat="41.74393" lon="8.82237"/>
            <trkpt lat="41.74376" lon="8.82228"/>
            <trkpt lat="41.74354" lon="8.82223"/>
            <trkpt lat="41.74346" lon="8.82225"/>
            <trkpt lat="41.74299" lon="8.82254"/>
            <trkpt lat="41.74251" lon="8.82259"/>
            <trkpt lat="41.7422" lon="8.8226"/>
            <trkpt lat="41.74198" lon="8.82265"/>
            <trkpt lat="41.74189" lon="8.82272"/>
            <trkpt lat="41.74183" lon="8.82281"/>
            <trkpt lat="41.74178" lon="8.82295"/>
            <trkpt lat="41.74168" lon="8.82316"/>
            <trkpt lat="41.74151" lon="8.82339"/>
            <trkpt lat="41.74141" lon="8.8235"/>
            <trkpt lat="41.74104" lon="8.82371"/>
            <trkpt lat="41.74042" lon="8.82411"/>
            <trkpt lat="41.74033" lon="8.82415"/>
            <trkpt lat="41.74008" lon="8.82417"/>
            <trkpt lat="41.73987" lon="8.82412"/>
            <trkpt lat="41.7398" lon="8.82408"/>
            <trkpt lat="41.7398" lon="8.82408"/>
            <trkpt lat="41.73974" lon="8.82403"/>
            <trkpt lat="41.73962" lon="8.82385"/>
            <trkpt lat="41.73954" lon="8.8238"/>
            <trkpt lat="41.73942" lon="8.82379"/>
            <trkpt lat="41.73939" lon="8.82379"/>
            <trkpt lat="41.73907" lon="8.82383"/>
            <trkpt lat="41.73902" lon="8.82382"/>
            <trkpt lat="41.73896" lon="8.8238"/>
            <trkpt lat="41.73889" lon="8.82377"/>
            <trkpt lat="41.73883" lon="8.82372"/>
            <trkpt lat="41.73878" lon="8.82366"/>
            <trkpt lat="41.73852" lon="8.82332"/>
            <trkpt lat="41.73842" lon="8.82321"/>
            <trkpt lat="41.73831" lon="8.82313"/>
            <trkpt lat="41.73782" lon="8.82287"/>
            <trkpt lat="41.73763" lon="8.82274"/>
            <trkpt lat="41.73737" lon="8.82249"/>
            <trkpt lat="41.73718" lon="8.82239"/>
            <trkpt lat="41.73675" lon="8.8223"/>
            <trkpt lat="41.73666" lon="8.82227"/>
            <trkpt lat="41.73663" lon="8.82224"/>
            <trkpt lat="41.7366" lon="8.8222"/>
            <trkpt lat="41.73657" lon="8.82211"/>
            <trkpt lat="41.73656" lon="8.82209"/>
            <trkpt lat="41.73662" lon="8.82182"/>
            <trkpt lat="41.73662" lon="8.8217"/>
            <trkpt lat="41.73662" lon="8.8216"/>
            <trkpt lat="41.73659" lon="8.82153"/>
            <trkpt lat="41.73657" lon="8.8215"/>
            <trkpt lat="41.73646" lon="8.82149"/>
            <trkpt lat="41.7364" lon="8.82151"/>
            <trkpt lat="41.73629" lon="8.8216"/>
            <trkpt lat="41.73625" lon="8.82168"/>
            <trkpt lat="41.7362" lon="8.82187"/>
            <trkpt lat="41.73615" lon="8.82201"/>
            <trkpt lat="41.7361" lon="8.82205"/>
            <trkpt lat="41.73607" lon="8.82207"/>
            <trkpt lat="41.73591" lon="8.8221"/>
            <trkpt lat="41.73564" lon="8.82209"/>
            <trkpt lat="41.73544" lon="8.82211"/>
            <trkpt lat="41.7352" lon="8.82217"/>
            <trkpt lat="41.73498" lon="8.82225"/>
            <trkpt lat="41.73473" lon="8.82238"/>
            <trkpt lat="41.7347" lon="8.82241"/>
            <trkpt lat="41.73465" lon="8.82247"/>
            <trkpt lat="41.7346" lon="8.82251"/>
            <trkpt lat="41.73459" lon="8.82253"/>
            <trkpt lat="41.73448" lon="8.82267"/>
            <trkpt lat="41.73443" lon="8.82272"/>
            <trkpt lat="41.73433" lon="8.8228"/>
            <trkpt lat="41.73425" lon="8.82284"/>
            <trkpt lat="41.73392" lon="8.82297"/>
            <trkpt lat="41.73375" lon="8.82308"/>
            <trkpt lat="41.73365" lon="8.82316"/>
            <trkpt lat="41.73358" lon="8.82327"/>
            <trkpt lat="41.73353" lon="8.8234"/>
            <trkpt lat="41.73355" lon="8.82377"/>
            <trkpt lat="41.73353" lon="8.82403"/>
            <trkpt lat="41.73344" lon="8.82431"/>
            <trkpt lat="41.73325" lon="8.8248"/>
            <trkpt lat="41.73318" lon="8.8249"/>
            <trkpt lat="41.73296" lon="8.82509"/>
            <trkpt lat="41.7329" lon="8.82514"/>
            <trkpt lat="41.73278" lon="8.82519"/>
            <trkpt lat="41.73272" lon="8.82521"/>
            <trkpt lat="41.73264" lon="8.82521"/>
            <trkpt lat="41.73243" lon="8.82515"/>
            <trkpt lat="41.73233" lon="8.82513"/>
            <trkpt lat="41.73222" lon="8.82512"/>
            <trkpt lat="41.73214" lon="8.82512"/>
            <trkpt lat="41.73207" lon="8.82517"/>
            <trkpt lat="41.73199" lon="8.82526"/>
            <trkpt lat="41.73175" lon="8.82565"/>
            <trkpt lat="41.7315" lon="8.82603"/>
            <trkpt lat="41.73066" lon="8.82726"/>
            <trkpt lat="41.72976" lon="8.82861"/>
            <trkpt lat="41.72963" lon="8.82881"/>
            <trkpt lat="41.72942" lon="8.82902"/>
            <trkpt lat="41.72935" lon="8.82907"/>
            <trkpt lat="41.72914" lon="8.82915"/>
            <trkpt lat="41.72893" lon="8.82925"/>
            <trkpt lat="41.72883" lon="8.82933"/>
            <trkpt lat="41.72861" lon="8.82957"/>
            <trkpt lat="41.72856" lon="8.82942"/>
            <trkpt lat="41.72845" lon="8.82919"/>
            <trkpt lat="41.72836" lon="8.82906"/>
            <trkpt lat="41.72826" lon="8.82898"/>
            <trkpt lat="41.72816" lon="8.82893"/>
            <trkpt lat="41.72811" lon="8.82891"/>
            <trkpt lat="41.72783" lon="8.8288"/>
            <trkpt lat="41.72778" lon="8.82877"/>
            <trkpt lat="41.72761" lon="8.82862"/>
            <trkpt lat="41.72723" lon="8.82825"/>
            <trkpt lat="41.72701" lon="8.82806"/>
            <trkpt lat="41.72641" lon="8.82864"/>
            <trkpt lat="41.72623" lon="8.82887"/>
            <trkpt lat="41.72608" lon="8.82904"/>
            <trkpt lat="41.72607" lon="8.82904"/>
            <trkpt lat="41.72593" lon="8.8292"/>
            <trkpt lat="41.72584" lon="8.82932"/>
            <trkpt lat="41.72569" lon="8.82958"/>
            <trkpt lat="41.72543" lon="8.83012"/>
            <trkpt lat="41.72489" lon="8.83143"/>
            <trkpt lat="41.72454" lon="8.83224"/>
            <trkpt lat="41.72418" lon="8.83301"/>
            <trkpt lat="41.72392" lon="8.83356"/>
            <trkpt lat="41.72295" lon="8.83537"/>
            <trkpt lat="41.72215" lon="8.8368"/>
            <trkpt lat="41.72161" lon="8.83772"/>
            <trkpt lat="41.72141" lon="8.83805"/>
            <trkpt lat="41.72136" lon="8.83812"/>
            <trkpt lat="41.72134" lon="8.83815"/>
            <trkpt lat="41.72132" lon="8.83819"/>
            <trkpt lat="41.72127" lon="8.83826"/>
            <trkpt lat="41.72122" lon="8.83828"/>
            <trkpt lat="41.72111" lon="8.83827"/>
            <trkpt lat="41.72103" lon="8.83825"/>
            <trkpt lat="41.72097" lon="8.83821"/>
            <trkpt lat="41.72087" lon="8.83813"/>
            <trkpt lat="41.72045" lon="8.83778"/>
            <trkpt lat="41.7198" lon="8.83721"/>
            <trkpt lat="41.71974" lon="8.83717"/>
            <trkpt lat="41.71959" lon="8.83703"/>
            <trkpt lat="41.71925" lon="8.83681"/>
            <trkpt lat="41.71908" lon="8.83676"/>
            <trkpt lat="41.71876" lon="8.83675"/>
            <trkpt lat="41.71813" lon="8.83686"/>
            <trkpt lat="41.71788" lon="8.83686"/>
            <trkpt lat="41.71767" lon="8.83684"/>
            <trkpt lat="41.71742" lon="8.83678"/>
            <trkpt lat="41.71711" lon="8.83659"/>
            <trkpt lat="41.71612" lon="8.8357"/>
            <trkpt lat="41.71528" lon="8.83493"/>
            <trkpt lat="41.71488" lon="8.8345"/>
            <trkpt lat="41.71473" lon="8.83431"/>
            <trkpt lat="41.71425" lon="8.83345"/>
            <trkpt lat="41.71399" lon="8.83301"/>
            <trkpt lat="41.71392" lon="8.83289"/>
            <trkpt lat="41.71387" lon="8.83282"/>
            <trkpt lat="41.71378" lon="8.83275"/>
            <trkpt lat="41.71365" lon="8.83268"/>
            <trkpt lat="41.71356" lon="8.83267"/>
            <trkpt lat="41.71284" lon="8.83251"/>
            <trkpt lat="41.71208" lon="8.83224"/>
            <trkpt lat="41.71157" lon="8.83204"/>
            <trkpt lat="41.71121" lon="8.83188"/>
            <trkpt lat="41.71107" lon="8.83179"/>
            <trkpt lat="41.71096" lon="8.83171"/>
            <trkpt lat="41.71078" lon="8.83155"/>
            <trkpt lat="41.71066" lon="8.8314"/>
            <trkpt lat="41.71038" lon="8.83115"/>
            <trkpt lat="41.70991" lon="8.8308"/>
            <trkpt lat="41.70961" lon="8.8305"/>
            <trkpt lat="41.70943" lon="8.83027"/>
            <trkpt lat="41.70927" lon="8.83011"/>
            <trkpt lat="41.70915" lon="8.83003"/>
            <trkpt lat="41.70905" lon="8.82997"/>
            <trkpt lat="41.70895" lon="8.82995"/>
            <trkpt lat="41.70871" lon="8.82997"/>
            <trkpt lat="41.70858" lon="8.83002"/>
            <trkpt lat="41.70856" lon="8.83003"/>
            <trkpt lat="41.7083" lon="8.83023"/>
            <trkpt lat="41.70651" lon="8.83181"/>
            <trkpt lat="41.70525" lon="8.8329"/>
            <trkpt lat="41.70518" lon="8.83296"/>
            <trkpt lat="41.70514" lon="8.83301"/>
            <trkpt lat="41.70441" lon="8.83379"/>
            <trkpt lat="41.70421" lon="8.83399"/>
            <trkpt lat="41.7041" lon="8.8341"/>
            <trkpt lat="41.70403" lon="8.83418"/>
            <trkpt lat="41.70394" lon="8.83434"/>
            <trkpt lat="41.70342" lon="8.83486"/>
            <trkpt lat="41.70279" lon="8.83553"/>
            <trkpt lat="41.70205" lon="8.83631"/>
            <trkpt lat="41.70199" lon="8.83638"/>
            <trkpt lat="41.70154" lon="8.83685"/>
            <trkpt lat="41.7012" lon="8.83722"/>
            <trkpt lat="41.70054" lon="8.83794"/>
            <trkpt lat="41.7" lon="8.83852"/>
            <trkpt lat="41.69986" lon="8.83873"/>
            <trkpt lat="41.69972" lon="8.839"/>
            <trkpt lat="41.69903" lon="8.8405"/>
            <trkpt lat="41.69901" lon="8.84056"/>
            <trkpt lat="41.699" lon="8.84063"/>
            <trkpt lat="41.69899" lon="8.84063"/>
            <trkpt lat="41.69897" lon="8.84063"/>
            <trkpt lat="41.69894" lon="8.84064"/>
            <trkpt lat="41.69892" lon="8.84065"/>
            <trkpt lat="41.69891" lon="8.84068"/>
            <trkpt lat="41.69891" lon="8.84071"/>
            <trkpt lat="41.69891" lon="8.84075"/>
            <trkpt lat="41.69892" lon="8.84078"/>
            <trkpt lat="41.69892" lon="8.84078"/>
            <trkpt lat="41.69887" lon="8.84084"/>
            <trkpt lat="41.69884" lon="8.84088"/>
            <trkpt lat="41.69878" lon="8.84097"/>
            <trkpt lat="41.69875" lon="8.84104"/>
            <trkpt lat="41.69857" lon="8.84139"/>
            <trkpt lat="41.69833" lon="8.84188"/>
            <trkpt lat="41.69827" lon="8.84207"/>
            <trkpt lat="41.69821" lon="8.8423"/>
            <trkpt lat="41.69797" lon="8.84319"/>
            <trkpt lat="41.69774" lon="8.84407"/>
            <trkpt lat="41.69744" lon="8.84513"/>
            <trkpt lat="41.69741" lon="8.84538"/>
            <trkpt lat="41.69741" lon="8.8455"/>
            <trkpt lat="41.69742" lon="8.84559"/>
            <trkpt lat="41.6975" lon="8.84593"/>
            <trkpt lat="41.69761" lon="8.84696"/>
            <trkpt lat="41.69764" lon="8.8473"/>
            <trkpt lat="41.69766" lon="8.8477"/>
            <trkpt lat="41.69767" lon="8.84792"/>
            <trkpt lat="41.69768" lon="8.848"/>
            <trkpt lat="41.6977" lon="8.84808"/>
            <trkpt lat="41.69787" lon="8.84855"/>
            <trkpt lat="41.69792" lon="8.84866"/>
            <trkpt lat="41.69798" lon="8.84875"/>
            <trkpt lat="41.6982" lon="8.84924"/>
            <trkpt lat="41.69842" lon="8.84956"/>
            <trkpt lat="41.69859" lon="8.84983"/>
            <trkpt lat="41.69866" lon="8.84998"/>
            <trkpt lat="41.69878" lon="8.85037"/>
            <trkpt lat="41.69883" lon="8.85057"/>
            <trkpt lat="41.6989" lon="8.85091"/>
            <trkpt lat="41.69909" lon="8.85163"/>
            <trkpt lat="41.69915" lon="8.85182"/>
            <trkpt lat="41.6996" lon="8.85265"/>
            <trkpt lat="41.69964" lon="8.85273"/>
            <trkpt lat="41.69965" lon="8.85281"/>
            <trkpt lat="41.69966" lon="8.85288"/>
            <trkpt lat="41.69963" lon="8.85369"/>
            <trkpt lat="41.69964" lon="8.85379"/>
            <trkpt lat="41.69981" lon="8.85426"/>
            <trkpt lat="41.69982" lon="8.85433"/>
            <trkpt lat="41.69982" lon="8.85452"/>
            <trkpt lat="41.69979" lon="8.85498"/>
            <trkpt lat="41.69976" lon="8.85534"/>
            <trkpt lat="41.69976" lon="8.85546"/>
            <trkpt lat="41.69974" lon="8.85579"/>
            <trkpt lat="41.69977" lon="8.85621"/>
            <trkpt lat="41.6998" lon="8.85638"/>
            <trkpt lat="41.70012" lon="8.85724"/>
            <trkpt lat="41.70022" lon="8.85747"/>
            <trkpt lat="41.70025" lon="8.85751"/>
            <trkpt lat="41.70029" lon="8.85754"/>
            <trkpt lat="41.70034" lon="8.85756"/>
            <trkpt lat="41.70065" lon="8.85766"/>
            <trkpt lat="41.7007" lon="8.85769"/>
            <trkpt lat="41.70074" lon="8.85775"/>
            <trkpt lat="41.70077" lon="8.85781"/>
            <trkpt lat="41.7008" lon="8.85792"/>
            <trkpt lat="41.7008" lon="8.85798"/>
            <trkpt lat="41.70078" lon="8.85807"/>
            <trkpt lat="41.70072" lon="8.85818"/>
            <trkpt lat="41.70054" lon="8.85836"/>
            <trkpt lat="41.70017" lon="8.8588"/>
            <trkpt lat="41.69994" lon="8.85904"/>
            <trkpt lat="41.69956" lon="8.85956"/>
            <trkpt lat="41.69951" lon="8.85967"/>
            <trkpt lat="41.69946" lon="8.85998"/>
            <trkpt lat="41.69943" lon="8.86045"/>
            <trkpt lat="41.69939" lon="8.86101"/>
            <trkpt lat="41.69939" lon="8.8611"/>
            <trkpt lat="41.69934" lon="8.86147"/>
            <trkpt lat="41.69932" lon="8.86158"/>
            <trkpt lat="41.69915" lon="8.86214"/>
            <trkpt lat="41.69912" lon="8.8623"/>
            <trkpt lat="41.69908" lon="8.86262"/>
            <trkpt lat="41.69905" lon="8.86314"/>
            <trkpt lat="41.69901" lon="8.86344"/>
            <trkpt lat="41.69899" lon="8.86351"/>
            <trkpt lat="41.69896" lon="8.86357"/>
            <trkpt lat="41.69888" lon="8.86367"/>
            <trkpt lat="41.69866" lon="8.86403"/>
            <trkpt lat="41.69857" lon="8.86412"/>
            <trkpt lat="41.69844" lon="8.86417"/>
            <trkpt lat="41.6984" lon="8.86419"/>
            <trkpt lat="41.6983" lon="8.86421"/>
            <trkpt lat="41.69821" lon="8.86421"/>
            <trkpt lat="41.69806" lon="8.86424"/>
            <trkpt lat="41.69789" lon="8.86432"/>
            <trkpt lat="41.69781" lon="8.86439"/>
            <trkpt lat="41.69778" lon="8.86444"/>
            <trkpt lat="41.69758" lon="8.86486"/>
            <trkpt lat="41.69752" lon="8.865"/>
            <trkpt lat="41.69739" lon="8.86553"/>
            <trkpt lat="41.69727" lon="8.8661"/>
            <trkpt lat="41.69721" lon="8.86669"/>
            <trkpt lat="41.69721" lon="8.86682"/>
            <trkpt lat="41.69727" lon="8.86757"/>
            <trkpt lat="41.69726" lon="8.86789"/>
            <trkpt lat="41.69729" lon="8.86879"/>
            <trkpt lat="41.6973" lon="8.86969"/>
            <trkpt lat="41.69731" lon="8.86974"/>
            <trkpt lat="41.69733" lon="8.86979"/>
            <trkpt lat="41.69736" lon="8.86982"/>
            <trkpt lat="41.6974" lon="8.86984"/>
            <trkpt lat="41.69792" lon="8.87003"/>
            <trkpt lat="41.69802" lon="8.87012"/>
            <trkpt lat="41.69834" lon="8.87065"/>
            <trkpt lat="41.69838" lon="8.87077"/>
            <trkpt lat="41.69838" lon="8.8709"/>
            <trkpt lat="41.69836" lon="8.87097"/>
            <trkpt lat="41.69833" lon="8.87103"/>
            <trkpt lat="41.69829" lon="8.87107"/>
            <trkpt lat="41.69818" lon="8.87112"/>
            <trkpt lat="41.69786" lon="8.8712"/>
            <trkpt lat="41.6977" lon="8.87127"/>
            <trkpt lat="41.69762" lon="8.87136"/>
            <trkpt lat="41.69757" lon="8.87145"/>
            <trkpt lat="41.69752" lon="8.87162"/>
            <trkpt lat="41.69741" lon="8.87277"/>
            <trkpt lat="41.69746" lon="8.87322"/>
            <trkpt lat="41.6975" lon="8.87334"/>
            <trkpt lat="41.69758" lon="8.87348"/>
            <trkpt lat="41.69777" lon="8.87366"/>
            <trkpt lat="41.69787" lon="8.87378"/>
            <trkpt lat="41.69792" lon="8.87386"/>
            <trkpt lat="41.69795" lon="8.87392"/>
            <trkpt lat="41.69799" lon="8.87405"/>
            <trkpt lat="41.69805" lon="8.87436"/>
            <trkpt lat="41.69811" lon="8.87459"/>
            <trkpt lat="41.69817" lon="8.87466"/>
            <trkpt lat="41.69824" lon="8.87469"/>
            <trkpt lat="41.69853" lon="8.87474"/>
            <trkpt lat="41.69861" lon="8.8748"/>
            <trkpt lat="41.69875" lon="8.87498"/>
            <trkpt lat="41.6988" lon="8.87503"/>
            <trkpt lat="41.69886" lon="8.87506"/>
            <trkpt lat="41.69934" lon="8.8751"/>
            <trkpt lat="41.69939" lon="8.87513"/>
            <trkpt lat="41.69945" lon="8.87517"/>
            <trkpt lat="41.69951" lon="8.87525"/>
            <trkpt lat="41.69954" lon="8.87532"/>
            <trkpt lat="41.69956" lon="8.87539"/>
            <trkpt lat="41.69956" lon="8.87547"/>
            <trkpt lat="41.69954" lon="8.87553"/>
            <trkpt lat="41.69928" lon="8.87604"/>
            <trkpt lat="41.69921" lon="8.8762"/>
            <trkpt lat="41.69914" lon="8.87644"/>
            <trkpt lat="41.69912" lon="8.87655"/>
            <trkpt lat="41.69912" lon="8.87695"/>
            <trkpt lat="41.69912" lon="8.87706"/>
            <trkpt lat="41.69909" lon="8.87717"/>
            <trkpt lat="41.69904" lon="8.87727"/>
            <trkpt lat="41.69891" lon="8.87743"/>
            <trkpt lat="41.69884" lon="8.8775"/>
            <trkpt lat="41.69848" lon="8.87777"/>
            <trkpt lat="41.69845" lon="8.87782"/>
            <trkpt lat="41.69842" lon="8.87796"/>
            <trkpt lat="41.69844" lon="8.8782"/>
            <trkpt lat="41.69854" lon="8.87863"/>
            <trkpt lat="41.69855" lon="8.87871"/>
            <trkpt lat="41.69856" lon="8.87878"/>
            <trkpt lat="41.69854" lon="8.87949"/>
            <trkpt lat="41.69857" lon="8.8797"/>
            <trkpt lat="41.6987" lon="8.88006"/>
            <trkpt lat="41.69881" lon="8.88029"/>
            <trkpt lat="41.69886" lon="8.88035"/>
            <trkpt lat="41.69893" lon="8.88041"/>
            <trkpt lat="41.69925" lon="8.88048"/>
            <trkpt lat="41.6993" lon="8.88053"/>
            <trkpt lat="41.69934" lon="8.88059"/>
            <trkpt lat="41.69936" lon="8.88069"/>
            <trkpt lat="41.69937" lon="8.88078"/>
            <trkpt lat="41.69937" lon="8.88083"/>
            <trkpt lat="41.69936" lon="8.88092"/>
            <trkpt lat="41.69934" lon="8.88097"/>
            <trkpt lat="41.69909" lon="8.88125"/>
            <trkpt lat="41.69902" lon="8.88128"/>
            <trkpt lat="41.69894" lon="8.88129"/>
            <trkpt lat="41.69875" lon="8.88126"/>
            <trkpt lat="41.69869" lon="8.88124"/>
            <trkpt lat="41.69828" lon="8.88097"/>
            <trkpt lat="41.69824" lon="8.88095"/>
            <trkpt lat="41.69804" lon="8.8809"/>
            <trkpt lat="41.69771" lon="8.88075"/>
            <trkpt lat="41.69764" lon="8.88074"/>
            <trkpt lat="41.69756" lon="8.88074"/>
            <trkpt lat="41.6975" lon="8.88075"/>
            <trkpt lat="41.69703" lon="8.88101"/>
            <trkpt lat="41.69689" lon="8.88111"/>
            <trkpt lat="41.6967" lon="8.88129"/>
            <trkpt lat="41.69654" lon="8.88147"/>
            <trkpt lat="41.69635" lon="8.88194"/>
            <trkpt lat="41.69634" lon="8.88204"/>
            <trkpt lat="41.69633" lon="8.88219"/>
            <trkpt lat="41.69634" lon="8.88226"/>
            <trkpt lat="41.69641" lon="8.88236"/>
            <trkpt lat="41.69658" lon="8.88249"/>
            <trkpt lat="41.69667" lon="8.88259"/>
            <trkpt lat="41.69671" lon="8.88264"/>
            <trkpt lat="41.69677" lon="8.88276"/>
            <trkpt lat="41.69679" lon="8.88284"/>
            <trkpt lat="41.69679" lon="8.88293"/>
            <trkpt lat="41.69678" lon="8.88305"/>
            <trkpt lat="41.69672" lon="8.88329"/>
            <trkpt lat="41.69661" lon="8.88353"/>
            <trkpt lat="41.69652" lon="8.8837"/>
            <trkpt lat="41.69646" lon="8.88377"/>
            <trkpt lat="41.69642" lon="8.8838"/>
            <trkpt lat="41.69599" lon="8.88392"/>
            <trkpt lat="41.69595" lon="8.88395"/>
            <trkpt lat="41.69594" lon="8.88396"/>
            <trkpt lat="41.6959" lon="8.88401"/>
            <trkpt lat="41.69587" lon="8.88408"/>
            <trkpt lat="41.69583" lon="8.88422"/>
            <trkpt lat="41.69581" lon="8.88431"/>
            <trkpt lat="41.69577" lon="8.88446"/>
            <trkpt lat="41.69574" lon="8.88464"/>
            <trkpt lat="41.69575" lon="8.88492"/>
            <trkpt lat="41.69578" lon="8.88505"/>
            <trkpt lat="41.69582" lon="8.88515"/>
            <trkpt lat="41.69591" lon="8.88529"/>
            <trkpt lat="41.69604" lon="8.88551"/>
            <trkpt lat="41.69609" lon="8.88563"/>
            <trkpt lat="41.69613" lon="8.88575"/>
            <trkpt lat="41.69619" lon="8.88608"/>
            <trkpt lat="41.6962" lon="8.88624"/>
            <trkpt lat="41.69625" lon="8.8865"/>
            <trkpt lat="41.69631" lon="8.88667"/>
            <trkpt lat="41.69632" lon="8.8867"/>
            <trkpt lat="41.69663" lon="8.8874"/>
            <trkpt lat="41.69669" lon="8.88753"/>
            <trkpt lat="41.6967" lon="8.88762"/>
            <trkpt lat="41.69671" lon="8.88769"/>
            <trkpt lat="41.6967" lon="8.88775"/>
            <trkpt lat="41.69669" lon="8.88777"/>
            <trkpt lat="41.69667" lon="8.88782"/>
            <trkpt lat="41.6966" lon="8.88792"/>
            <trkpt lat="41.69648" lon="8.88799"/>
            <trkpt lat="41.69581" lon="8.88827"/>
            <trkpt lat="41.69573" lon="8.88833"/>
            <trkpt lat="41.69569" lon="8.8884"/>
            <trkpt lat="41.69566" lon="8.88851"/>
            <trkpt lat="41.69564" lon="8.88864"/>
            <trkpt lat="41.69572" lon="8.88936"/>
            <trkpt lat="41.69577" lon="8.88975"/>
            <trkpt lat="41.69579" lon="8.88983"/>
            <trkpt lat="41.6959" lon="8.8901"/>
            <trkpt lat="41.69601" lon="8.89029"/>
            <trkpt lat="41.69613" lon="8.89045"/>
            <trkpt lat="41.6964" lon="8.8907"/>
            <trkpt lat="41.69645" lon="8.89077"/>
            <trkpt lat="41.69653" lon="8.8909"/>
            <trkpt lat="41.69655" lon="8.89099"/>
            <trkpt lat="41.69654" lon="8.89107"/>
            <trkpt lat="41.69649" lon="8.8912"/>
            <trkpt lat="41.69647" lon="8.89123"/>
            <trkpt lat="41.69641" lon="8.89127"/>
            <trkpt lat="41.69633" lon="8.89128"/>
            <trkpt lat="41.69602" lon="8.89121"/>
            <trkpt lat="41.69591" lon="8.89117"/>
            <trkpt lat="41.69583" lon="8.8911"/>
            <trkpt lat="41.69561" lon="8.89106"/>
            <trkpt lat="41.69552" lon="8.89106"/>
            <trkpt lat="41.69548" lon="8.89108"/>
            <trkpt lat="41.69541" lon="8.89113"/>
            <trkpt lat="41.69538" lon="8.89116"/>
            <trkpt lat="41.69534" lon="8.89126"/>
            <trkpt lat="41.69532" lon="8.89137"/>
            <trkpt lat="41.69532" lon="8.89223"/>
            <trkpt lat="41.69535" lon="8.89231"/>
            <trkpt lat="41.69535" lon="8.8925"/>
            <trkpt lat="41.69535" lon="8.89257"/>
            <trkpt lat="41.69533" lon="8.89265"/>
            <trkpt lat="41.69483" lon="8.89365"/>
            <trkpt lat="41.69476" lon="8.89381"/>
            <trkpt lat="41.69455" lon="8.89439"/>
            <trkpt lat="41.69453" lon="8.89445"/>
            <trkpt lat="41.69452" lon="8.89453"/>
            <trkpt lat="41.69453" lon="8.89518"/>
            <trkpt lat="41.69456" lon="8.89571"/>
            <trkpt lat="41.69458" lon="8.89583"/>
            <trkpt lat="41.69462" lon="8.8959"/>
            <trkpt lat="41.69466" lon="8.89598"/>
            <trkpt lat="41.69475" lon="8.89604"/>
            <trkpt lat="41.69491" lon="8.89611"/>
            <trkpt lat="41.69537" lon="8.89626"/>
            <trkpt lat="41.69594" lon="8.89641"/>
            <trkpt lat="41.69604" lon="8.89642"/>
            <trkpt lat="41.69617" lon="8.89638"/>
            <trkpt lat="41.69626" lon="8.89631"/>
            <trkpt lat="41.69657" lon="8.89593"/>
            <trkpt lat="41.69672" lon="8.89587"/>
            <trkpt lat="41.69683" lon="8.89586"/>
            <trkpt lat="41.6971" lon="8.89596"/>
            <trkpt lat="41.69723" lon="8.89604"/>
            <trkpt lat="41.6973" lon="8.8961"/>
            <trkpt lat="41.69738" lon="8.89618"/>
            <trkpt lat="41.69743" lon="8.89626"/>
            <trkpt lat="41.69745" lon="8.89637"/>
            <trkpt lat="41.69744" lon="8.89702"/>
            <trkpt lat="41.69744" lon="8.89709"/>
            <trkpt lat="41.69747" lon="8.89734"/>
            <trkpt lat="41.69747" lon="8.89743"/>
            <trkpt lat="41.69746" lon="8.89751"/>
            <trkpt lat="41.69741" lon="8.89768"/>
            <trkpt lat="41.69733" lon="8.89795"/>
            <trkpt lat="41.6973" lon="8.89805"/>
            <trkpt lat="41.69729" lon="8.89817"/>
            <trkpt lat="41.69728" lon="8.8983"/>
            <trkpt lat="41.69727" lon="8.89881"/>
            <trkpt lat="41.69726" lon="8.89893"/>
            <trkpt lat="41.69722" lon="8.89917"/>
            <trkpt lat="41.69716" lon="8.89978"/>
            <trkpt lat="41.69718" lon="8.89986"/>
            <trkpt lat="41.69716" lon="8.90018"/>
            <trkpt lat="41.69717" lon="8.90025"/>
            <trkpt lat="41.69718" lon="8.90031"/>
            <trkpt lat="41.6972" lon="8.90035"/>
            <trkpt lat="41.69722" lon="8.9004"/>
            <trkpt lat="41.69725" lon="8.90046"/>
            <trkpt lat="41.6973" lon="8.90052"/>
            <trkpt lat="41.69734" lon="8.90055"/>
            <trkpt lat="41.6974" lon="8.9006"/>
            <trkpt lat="41.69745" lon="8.90062"/>
            <trkpt lat="41.69777" lon="8.90073"/>
            <trkpt lat="41.69782" lon="8.90076"/>
            <trkpt lat="41.69789" lon="8.9008"/>
            <trkpt lat="41.698" lon="8.90091"/>
            <trkpt lat="41.6981" lon="8.90106"/>
            <trkpt lat="41.69819" lon="8.90126"/>
            <trkpt lat="41.69829" lon="8.90153"/>
            <trkpt lat="41.69835" lon="8.90179"/>
            <trkpt lat="41.69837" lon="8.902"/>
            <trkpt lat="41.69836" lon="8.90225"/>
            <trkpt lat="41.69832" lon="8.90238"/>
            <trkpt lat="41.69821" lon="8.90264"/>
            <trkpt lat="41.69772" lon="8.90354"/>
            <trkpt lat="41.69767" lon="8.90362"/>
            <trkpt lat="41.69762" lon="8.90368"/>
            <trkpt lat="41.69755" lon="8.90375"/>
            <trkpt lat="41.69726" lon="8.90397"/>
            <trkpt lat="41.6972" lon="8.90402"/>
            <trkpt lat="41.69716" lon="8.90409"/>
            <trkpt lat="41.69711" lon="8.90417"/>
            <trkpt lat="41.69707" lon="8.90426"/>
            <trkpt lat="41.69706" lon="8.90432"/>
            <trkpt lat="41.69704" lon="8.90441"/>
            <trkpt lat="41.69704" lon="8.90452"/>
            <trkpt lat="41.69705" lon="8.90458"/>
            <trkpt lat="41.69707" lon="8.90469"/>
            <trkpt lat="41.6971" lon="8.90486"/>
            <trkpt lat="41.69713" lon="8.90505"/>
            <trkpt lat="41.69713" lon="8.90521"/>
            <trkpt lat="41.69712" lon="8.90528"/>
            <trkpt lat="41.6971" lon="8.90536"/>
            <trkpt lat="41.69707" lon="8.90543"/>
            <trkpt lat="41.69704" lon="8.9055"/>
            <trkpt lat="41.697" lon="8.90556"/>
            <trkpt lat="41.6967" lon="8.90581"/>
            <trkpt lat="41.69655" lon="8.90592"/>
            <trkpt lat="41.6964" lon="8.90604"/>
            <trkpt lat="41.69635" lon="8.90611"/>
            <trkpt lat="41.6963" lon="8.90618"/>
            <trkpt lat="41.69621" lon="8.90634"/>
            <trkpt lat="41.69615" lon="8.90655"/>
            <trkpt lat="41.69612" lon="8.90669"/>
            <trkpt lat="41.69611" lon="8.90692"/>
            <trkpt lat="41.69611" lon="8.90703"/>
            <trkpt lat="41.69613" lon="8.90714"/>
            <trkpt lat="41.69616" lon="8.90725"/>
            <trkpt lat="41.69619" lon="8.90734"/>
            <trkpt lat="41.69622" lon="8.90741"/>
            <trkpt lat="41.69632" lon="8.9076"/>
            <trkpt lat="41.69635" lon="8.90766"/>
            <trkpt lat="41.69638" lon="8.90769"/>
            <trkpt lat="41.69665" lon="8.90809"/>
            <trkpt lat="41.69668" lon="8.90815"/>
            <trkpt lat="41.69673" lon="8.90831"/>
            <trkpt lat="41.69675" lon="8.90846"/>
            <trkpt lat="41.69674" lon="8.90857"/>
            <trkpt lat="41.69673" lon="8.90864"/>
            <trkpt lat="41.6967" lon="8.90872"/>
            <trkpt lat="41.69664" lon="8.90882"/>
            <trkpt lat="41.69657" lon="8.9089"/>
            <trkpt lat="41.69641" lon="8.90907"/>
            <trkpt lat="41.69632" lon="8.90919"/>
            <trkpt lat="41.69629" lon="8.90924"/>
            <trkpt lat="41.69625" lon="8.9093"/>
            <trkpt lat="41.69623" lon="8.90937"/>
            <trkpt lat="41.69621" lon="8.90945"/>
            <trkpt lat="41.6962" lon="8.9096"/>
            <trkpt lat="41.69621" lon="8.90968"/>
            <trkpt lat="41.69637" lon="8.9103"/>
            <trkpt lat="41.69644" lon="8.91055"/>
            <trkpt lat="41.69645" lon="8.91058"/>
            <trkpt lat="41.69647" lon="8.91069"/>
            <trkpt lat="41.69647" lon="8.91075"/>
            <trkpt lat="41.69647" lon="8.91083"/>
            <trkpt lat="41.69646" lon="8.91088"/>
            <trkpt lat="41.69642" lon="8.91098"/>
            <trkpt lat="41.6964" lon="8.91102"/>
            <trkpt lat="41.69636" lon="8.91106"/>
            <trkpt lat="41.69631" lon="8.91109"/>
            <trkpt lat="41.69629" lon="8.9111"/>
            <trkpt lat="41.69623" lon="8.91111"/>
            <trkpt lat="41.69615" lon="8.9111"/>
            <trkpt lat="41.69611" lon="8.91108"/>
            <trkpt lat="41.696" lon="8.91102"/>
            <trkpt lat="41.69593" lon="8.91097"/>
            <trkpt lat="41.69572" lon="8.91084"/>
            <trkpt lat="41.69563" lon="8.91079"/>
            <trkpt lat="41.69546" lon="8.91075"/>
            <trkpt lat="41.69538" lon="8.91074"/>
            <trkpt lat="41.69529" lon="8.91075"/>
            <trkpt lat="41.69525" lon="8.91077"/>
            <trkpt lat="41.69473" lon="8.9109"/>
            <trkpt lat="41.69438" lon="8.91093"/>
            <trkpt lat="41.69426" lon="8.91097"/>
            <trkpt lat="41.6942" lon="8.911"/>
            <trkpt lat="41.69415" lon="8.91102"/>
            <trkpt lat="41.69409" lon="8.91105"/>
            <trkpt lat="41.694" lon="8.91113"/>
            <trkpt lat="41.69396" lon="8.91119"/>
            <trkpt lat="41.6939" lon="8.91128"/>
            <trkpt lat="41.69384" lon="8.9114"/>
            <trkpt lat="41.6938" lon="8.91154"/>
            <trkpt lat="41.69378" lon="8.91163"/>
            <trkpt lat="41.69378" lon="8.91184"/>
            <trkpt lat="41.6938" lon="8.91206"/>
            <trkpt lat="41.69388" lon="8.91255"/>
            <trkpt lat="41.69388" lon="8.9127"/>
            <trkpt lat="41.69386" lon="8.91287"/>
            <trkpt lat="41.69385" lon="8.91294"/>
            <trkpt lat="41.69371" lon="8.91346"/>
            <trkpt lat="41.69365" lon="8.91366"/>
            <trkpt lat="41.69362" lon="8.91374"/>
            <trkpt lat="41.69358" lon="8.91385"/>
            <trkpt lat="41.69345" lon="8.91413"/>
            <trkpt lat="41.6933" lon="8.91442"/>
            <trkpt lat="41.69304" lon="8.91498"/>
            <trkpt lat="41.69288" lon="8.91528"/>
            <trkpt lat="41.69277" lon="8.91545"/>
            <trkpt lat="41.69271" lon="8.9155"/>
            <trkpt lat="41.69258" lon="8.91558"/>
            <trkpt lat="41.69248" lon="8.91562"/>
            <trkpt lat="41.69215" lon="8.91576"/>
            <trkpt lat="41.69209" lon="8.9158"/>
            <trkpt lat="41.69206" lon="8.91584"/>
            <trkpt lat="41.692" lon="8.9159"/>
            <trkpt lat="41.69194" lon="8.916"/>
            <trkpt lat="41.69192" lon="8.91604"/>
            <trkpt lat="41.69188" lon="8.91612"/>
            <trkpt lat="41.6915" lon="8.91716"/>
            <trkpt lat="41.6914" lon="8.91745"/>
            <trkpt lat="41.69123" lon="8.91797"/>
            <trkpt lat="41.69114" lon="8.91813"/>
            <trkpt lat="41.69109" lon="8.91822"/>
            <trkpt lat="41.69091" lon="8.91843"/>
            <trkpt lat="41.69072" lon="8.91861"/>
            <trkpt lat="41.69064" lon="8.91867"/>
            <trkpt lat="41.69056" lon="8.91871"/>
            <trkpt lat="41.69047" lon="8.91876"/>
            <trkpt lat="41.68992" lon="8.91892"/>
            <trkpt lat="41.68976" lon="8.91896"/>
            <trkpt lat="41.68961" lon="8.91901"/>
            <trkpt lat="41.68947" lon="8.91904"/>
            <trkpt lat="41.68933" lon="8.91909"/>
            <trkpt lat="41.68812" lon="8.91943"/>
            <trkpt lat="41.68699" lon="8.9199"/>
            <trkpt lat="41.68593" lon="8.92033"/>
            <trkpt lat="41.68572" lon="8.92041"/>
            <trkpt lat="41.6853" lon="8.92057"/>
            <trkpt lat="41.68467" lon="8.92082"/>
            <trkpt lat="41.68452" lon="8.9209"/>
            <trkpt lat="41.68444" lon="8.92094"/>
            <trkpt lat="41.68436" lon="8.921"/>
            <trkpt lat="41.68425" lon="8.92112"/>
            <trkpt lat="41.68423" lon="8.9211"/>
            <trkpt lat="41.68417" lon="8.92108"/>
            <trkpt lat="41.68412" lon="8.92108"/>
            <trkpt lat="41.68409" lon="8.92109"/>
            <trkpt lat="41.68406" lon="8.92111"/>
            <trkpt lat="41.68403" lon="8.92114"/>
            <trkpt lat="41.68402" lon="8.92117"/>
            <trkpt lat="41.684" lon="8.92123"/>
            <trkpt lat="41.684" lon="8.92125"/>
            <trkpt lat="41.684" lon="8.9213"/>
            <trkpt lat="41.684" lon="8.92133"/>
            <trkpt lat="41.68401" lon="8.92136"/>
            <trkpt lat="41.68386" lon="8.92175"/>
            <trkpt lat="41.68386" lon="8.92186"/>
            <trkpt lat="41.68383" lon="8.92196"/>
            <trkpt lat="41.68379" lon="8.92209"/>
            <trkpt lat="41.68374" lon="8.92225"/>
            <trkpt lat="41.6835" lon="8.92281"/>
            <trkpt lat="41.68336" lon="8.9231"/>
            <trkpt lat="41.68234" lon="8.92489"/>
            <trkpt lat="41.68213" lon="8.92531"/>
            <trkpt lat="41.68148" lon="8.92658"/>
            <trkpt lat="41.68135" lon="8.92681"/>
            <trkpt lat="41.68135" lon="8.92682"/>
            <trkpt lat="41.68118" lon="8.92708"/>
            <trkpt lat="41.68098" lon="8.92739"/>
            <trkpt lat="41.6808" lon="8.92758"/>
            <trkpt lat="41.68059" lon="8.92777"/>
            <trkpt lat="41.68031" lon="8.92797"/>
            <trkpt lat="41.68009" lon="8.9281"/>
            <trkpt lat="41.67984" lon="8.92822"/>
            <trkpt lat="41.67968" lon="8.92828"/>
            <trkpt lat="41.6794" lon="8.92832"/>
            <trkpt lat="41.67929" lon="8.92833"/>
            <trkpt lat="41.67909" lon="8.92831"/>
            <trkpt lat="41.67732" lon="8.92805"/>
            <trkpt lat="41.67626" lon="8.92796"/>
            <trkpt lat="41.6759" lon="8.92794"/>
            <trkpt lat="41.67547" lon="8.92791"/>
            <trkpt lat="41.6748" lon="8.92785"/>
            <trkpt lat="41.67403" lon="8.92777"/>
            <trkpt lat="41.6727" lon="8.92756"/>
            <trkpt lat="41.67229" lon="8.92748"/>
            <trkpt lat="41.67098" lon="8.92724"/>
            <trkpt lat="41.67061" lon="8.92717"/>
            <trkpt lat="41.67036" lon="8.9271"/>
            <trkpt lat="41.66987" lon="8.92693"/>
            <trkpt lat="41.66982" lon="8.9269"/>
            <trkpt lat="41.6695" lon="8.92674"/>
            <trkpt lat="41.66936" lon="8.92665"/>
            <trkpt lat="41.66905" lon="8.92641"/>
            <trkpt lat="41.66888" lon="8.92624"/>
            <trkpt lat="41.66885" lon="8.9262"/>
            <trkpt lat="41.66872" lon="8.92606"/>
            <trkpt lat="41.66865" lon="8.92597"/>
            <trkpt lat="41.66843" lon="8.9256"/>
            <trkpt lat="41.6683" lon="8.92532"/>
            <trkpt lat="41.66806" lon="8.92461"/>
            <trkpt lat="41.66797" lon="8.92435"/>
            <trkpt lat="41.66788" lon="8.92407"/>
            <trkpt lat="41.66777" lon="8.92369"/>
            <trkpt lat="41.66768" lon="8.92327"/>
            <trkpt lat="41.66756" lon="8.92263"/>
            <trkpt lat="41.66752" lon="8.92233"/>
            <trkpt lat="41.66749" lon="8.92216"/>
            <trkpt lat="41.66749" lon="8.92209"/>
            <trkpt lat="41.66751" lon="8.92203"/>
            <trkpt lat="41.66751" lon="8.92159"/>
            <trkpt lat="41.66753" lon="8.92157"/>
            <trkpt lat="41.66755" lon="8.92155"/>
            <trkpt lat="41.66757" lon="8.92153"/>
            <trkpt lat="41.66758" lon="8.9215"/>
            <trkpt lat="41.6676" lon="8.92146"/>
            <trkpt lat="41.6676" lon="8.92143"/>
            <trkpt lat="41.6676" lon="8.9214"/>
            <trkpt lat="41.66759" lon="8.92137"/>
            <trkpt lat="41.66758" lon="8.92132"/>
            <trkpt lat="41.66756" lon="8.9213"/>
            <trkpt lat="41.66755" lon="8.92128"/>
            <trkpt lat="41.66752" lon="8.92126"/>
            <trkpt lat="41.66749" lon="8.92124"/>
            <trkpt lat="41.66745" lon="8.92124"/>
            <trkpt lat="41.6674" lon="8.92125"/>
            <trkpt lat="41.66737" lon="8.92128"/>
            <trkpt lat="41.66708" lon="8.92125"/>
            <trkpt lat="41.66693" lon="8.92115"/>
            <trkpt lat="41.66688" lon="8.9211"/>
            <trkpt lat="41.66667" lon="8.9209"/>
            <trkpt lat="41.66666" lon="8.92089"/>
            <trkpt lat="41.66661" lon="8.92083"/>
            <trkpt lat="41.6666" lon="8.92078"/>
            <trkpt lat="41.66623" lon="8.92032"/>
            <trkpt lat="41.66597" lon="8.91999"/>
            <trkpt lat="41.66578" lon="8.91978"/>
            <trkpt lat="41.6656" lon="8.91961"/>
            <trkpt lat="41.66549" lon="8.91951"/>
            <trkpt lat="41.66543" lon="8.91949"/>
            <trkpt lat="41.66538" lon="8.91945"/>
            <trkpt lat="41.66516" lon="8.91931"/>
            <trkpt lat="41.6649" lon="8.91918"/>
            <trkpt lat="41.66403" lon="8.91878"/>
            <trkpt lat="41.66233" lon="8.91802"/>
            <trkpt lat="41.66197" lon="8.91785"/>
            <trkpt lat="41.66164" lon="8.91767"/>
            <trkpt lat="41.66126" lon="8.91738"/>
            <trkpt lat="41.661" lon="8.91719"/>
            <trkpt lat="41.6609" lon="8.91712"/>
            <trkpt lat="41.66081" lon="8.91708"/>
            <trkpt lat="41.66069" lon="8.91703"/>
            <trkpt lat="41.66049" lon="8.91698"/>
            <trkpt lat="41.66038" lon="8.91696"/>
            <trkpt lat="41.66016" lon="8.91697"/>
            <trkpt lat="41.65999" lon="8.91698"/>
            <trkpt lat="41.6597" lon="8.91702"/>
            <trkpt lat="41.65934" lon="8.9171"/>
            <trkpt lat="41.65921" lon="8.91713"/>
            <trkpt lat="41.65916" lon="8.91714"/>
            <trkpt lat="41.65902" lon="8.9172"/>
            <trkpt lat="41.65873" lon="8.91733"/>
            <trkpt lat="41.65863" lon="8.91739"/>
            <trkpt lat="41.65851" lon="8.91745"/>
            <trkpt lat="41.65831" lon="8.91753"/>
            <trkpt lat="41.65827" lon="8.91755"/>
            <trkpt lat="41.65816" lon="8.91758"/>
            <trkpt lat="41.65798" lon="8.91759"/>
            <trkpt lat="41.65784" lon="8.91759"/>
            <trkpt lat="41.65761" lon="8.91758"/>
            <trkpt lat="41.65732" lon="8.91756"/>
            <trkpt lat="41.65715" lon="8.91755"/>
            <trkpt lat="41.65697" lon="8.91754"/>
            <trkpt lat="41.65691" lon="8.91751"/>
            <trkpt lat="41.65676" lon="8.91752"/>
            <trkpt lat="41.65656" lon="8.91759"/>
            <trkpt lat="41.65641" lon="8.91768"/>
            <trkpt lat="41.65621" lon="8.91785"/>
            <trkpt lat="41.65608" lon="8.91796"/>
            <trkpt lat="41.65586" lon="8.91809"/>
            <trkpt lat="41.65579" lon="8.91812"/>
            <trkpt lat="41.65566" lon="8.91817"/>
            <trkpt lat="41.65549" lon="8.91821"/>
            <trkpt lat="41.65543" lon="8.91824"/>
            <trkpt lat="41.65532" lon="8.91825"/>
            <trkpt lat="41.65516" lon="8.91829"/>
            <trkpt lat="41.65509" lon="8.91832"/>
            <trkpt lat="41.65506" lon="8.91833"/>
            <trkpt lat="41.65503" lon="8.91835"/>
            <trkpt lat="41.65493" lon="8.91844"/>
            <trkpt lat="41.6549" lon="8.91847"/>
            <trkpt lat="41.65483" lon="8.91855"/>
            <trkpt lat="41.65478" lon="8.91863"/>
            <trkpt lat="41.65477" lon="8.91867"/>
            <trkpt lat="41.65472" lon="8.91876"/>
            <trkpt lat="41.65455" lon="8.91923"/>
            <trkpt lat="41.65448" lon="8.91952"/>
            <trkpt lat="41.65444" lon="8.91977"/>
            <trkpt lat="41.65444" lon="8.92013"/>
            <trkpt lat="41.65454" lon="8.9209"/>
            <trkpt lat="41.65455" lon="8.92097"/>
            <trkpt lat="41.65466" lon="8.92177"/>
            <trkpt lat="41.65479" lon="8.92279"/>
            <trkpt lat="41.65493" lon="8.92378"/>
            <trkpt lat="41.65497" lon="8.92409"/>
            <trkpt lat="41.65516" lon="8.92557"/>
            <trkpt lat="41.65517" lon="8.92568"/>
            <trkpt lat="41.65517" lon="8.92581"/>
            <trkpt lat="41.65514" lon="8.92615"/>
            <trkpt lat="41.6551" lon="8.92637"/>
            <trkpt lat="41.65504" lon="8.92656"/>
            <trkpt lat="41.65492" lon="8.92681"/>
            <trkpt lat="41.65483" lon="8.92697"/>
            <trkpt lat="41.65461" lon="8.92727"/>
            <trkpt lat="41.6544" lon="8.92749"/>
            <trkpt lat="41.65385" lon="8.92796"/>
            <trkpt lat="41.65324" lon="8.92845"/>
            <trkpt lat="41.6531" lon="8.92859"/>
            <trkpt lat="41.653" lon="8.92874"/>
            <trkpt lat="41.65287" lon="8.929"/>
            <trkpt lat="41.65284" lon="8.9291"/>
            <trkpt lat="41.65282" lon="8.92918"/>
            <trkpt lat="41.65279" lon="8.92934"/>
            <trkpt lat="41.65277" lon="8.92945"/>
            <trkpt lat="41.65277" lon="8.92978"/>
            <trkpt lat="41.65277" lon="8.93059"/>
            <trkpt lat="41.65273" lon="8.931"/>
            <trkpt lat="41.65268" lon="8.93127"/>
            <trkpt lat="41.65259" lon="8.9316"/>
            <trkpt lat="41.65252" lon="8.9318"/>
            <trkpt lat="41.65231" lon="8.93228"/>
            <trkpt lat="41.65221" lon="8.93256"/>
            <trkpt lat="41.65216" lon="8.93282"/>
            <trkpt lat="41.65207" lon="8.93368"/>
            <trkpt lat="41.65198" lon="8.9342"/>
            <trkpt lat="41.65155" lon="8.93595"/>
            <trkpt lat="41.65132" lon="8.93689"/>
            <trkpt lat="41.65125" lon="8.93712"/>
            <trkpt lat="41.6512" lon="8.93725"/>
            <trkpt lat="41.65114" lon="8.93737"/>
            <trkpt lat="41.65111" lon="8.9374"/>
            <trkpt lat="41.65093" lon="8.93769"/>
            <trkpt lat="41.65064" lon="8.93804"/>
            <trkpt lat="41.65047" lon="8.93827"/>
            <trkpt lat="41.65036" lon="8.93846"/>
            <trkpt lat="41.65029" lon="8.93867"/>
            <trkpt lat="41.65025" lon="8.93888"/>
            <trkpt lat="41.65024" lon="8.93911"/>
            <trkpt lat="41.65026" lon="8.93936"/>
            <trkpt lat="41.65028" lon="8.93953"/>
            <trkpt lat="41.65042" lon="8.94047"/>
            <trkpt lat="41.65045" lon="8.94081"/>
            <trkpt lat="41.65044" lon="8.94104"/>
            <trkpt lat="41.6504" lon="8.94134"/>
            <trkpt lat="41.65033" lon="8.94164"/>
            <trkpt lat="41.65025" lon="8.94186"/>
            <trkpt lat="41.65012" lon="8.94208"/>
            <trkpt lat="41.64996" lon="8.94228"/>
            <trkpt lat="41.64937" lon="8.94287"/>
            <trkpt lat="41.64927" lon="8.94297"/>
            <trkpt lat="41.64914" lon="8.94313"/>
            <trkpt lat="41.64908" lon="8.94322"/>
            <trkpt lat="41.64897" lon="8.94345"/>
            <trkpt lat="41.64894" lon="8.94355"/>
            <trkpt lat="41.64882" lon="8.94398"/>
            <trkpt lat="41.64877" lon="8.94409"/>
            <trkpt lat="41.64858" lon="8.94484"/>
            <trkpt lat="41.64851" lon="8.94512"/>
            <trkpt lat="41.64843" lon="8.94539"/>
            <trkpt lat="41.64833" lon="8.94563"/>
            <trkpt lat="41.64829" lon="8.9457"/>
            <trkpt lat="41.64816" lon="8.9459"/>
            <trkpt lat="41.64797" lon="8.94613"/>
            <trkpt lat="41.64764" lon="8.94643"/>
            <trkpt lat="41.64742" lon="8.9466"/>
            <trkpt lat="41.64738" lon="8.94669"/>
            <trkpt lat="41.6468" lon="8.94715"/>
            <trkpt lat="41.64668" lon="8.94726"/>
            <trkpt lat="41.64657" lon="8.94738"/>
            <trkpt lat="41.64647" lon="8.94751"/>
            <trkpt lat="41.64631" lon="8.94778"/>
            <trkpt lat="41.6462" lon="8.94803"/>
            <trkpt lat="41.64591" lon="8.94883"/>
            <trkpt lat="41.64544" lon="8.95019"/>
            <trkpt lat="41.6451" lon="8.95108"/>
            <trkpt lat="41.6448" lon="8.952"/>
            <trkpt lat="41.64447" lon="8.95293"/>
            <trkpt lat="41.64415" lon="8.95374"/>
            <trkpt lat="41.64385" lon="8.9546"/>
            <trkpt lat="41.64368" lon="8.95509"/>
            <trkpt lat="41.64361" lon="8.95522"/>
            <trkpt lat="41.64348" lon="8.95554"/>
            <trkpt lat="41.64321" lon="8.95626"/>
            <trkpt lat="41.64283" lon="8.95733"/>
            <trkpt lat="41.64276" lon="8.95756"/>
            <trkpt lat="41.64263" lon="8.95795"/>
            <trkpt lat="41.64235" lon="8.95882"/>
            <trkpt lat="41.64234" lon="8.95891"/>
            <trkpt lat="41.64207" lon="8.95965"/>
            <trkpt lat="41.64195" lon="8.95992"/>
            <trkpt lat="41.6419" lon="8.96001"/>
            <trkpt lat="41.64181" lon="8.96014"/>
            <trkpt lat="41.64158" lon="8.9604"/>
            <trkpt lat="41.64135" lon="8.96059"/>
            <trkpt lat="41.64112" lon="8.96071"/>
            <trkpt lat="41.64073" lon="8.96086"/>
            <trkpt lat="41.64045" lon="8.96097"/>
            <trkpt lat="41.64035" lon="8.96098"/>
            <trkpt lat="41.63941" lon="8.96134"/>
            <trkpt lat="41.63866" lon="8.96164"/>
            <trkpt lat="41.63826" lon="8.96182"/>
            <trkpt lat="41.63818" lon="8.96187"/>
            <trkpt lat="41.63813" lon="8.9619"/>
            <trkpt lat="41.63803" lon="8.96194"/>
            <trkpt lat="41.6376" lon="8.96211"/>
            <trkpt lat="41.63751" lon="8.96213"/>
            <trkpt lat="41.63744" lon="8.96215"/>
            <trkpt lat="41.63734" lon="8.96215"/>
            <trkpt lat="41.63715" lon="8.96212"/>
            <trkpt lat="41.63708" lon="8.9621"/>
            <trkpt lat="41.6369" lon="8.96202"/>
            <trkpt lat="41.6368" lon="8.96196"/>
            <trkpt lat="41.63626" lon="8.96153"/>
            <trkpt lat="41.63604" lon="8.9614"/>
            <trkpt lat="41.63597" lon="8.96138"/>
            <trkpt lat="41.63578" lon="8.96134"/>
            <trkpt lat="41.63554" lon="8.96134"/>
            <trkpt lat="41.63509" lon="8.96139"/>
            <trkpt lat="41.63501" lon="8.96139"/>
            <trkpt lat="41.63491" lon="8.96136"/>
            <trkpt lat="41.6347" lon="8.96128"/>
            <trkpt lat="41.63431" lon="8.96104"/>
            <trkpt lat="41.63402" lon="8.96085"/>
            <trkpt lat="41.63388" lon="8.96073"/>
            <trkpt lat="41.63377" lon="8.9606"/>
            <trkpt lat="41.63366" lon="8.96046"/>
            <trkpt lat="41.63361" lon="8.96035"/>
            <trkpt lat="41.63355" lon="8.96022"/>
            <trkpt lat="41.63351" lon="8.96007"/>
            <trkpt lat="41.63327" lon="8.95913"/>
            <trkpt lat="41.63321" lon="8.95895"/>
            <trkpt lat="41.63317" lon="8.95887"/>
            <trkpt lat="41.63312" lon="8.9588"/>
            <trkpt lat="41.63306" lon="8.9587"/>
            <trkpt lat="41.63293" lon="8.95856"/>
            <trkpt lat="41.63276" lon="8.95842"/>
            <trkpt lat="41.63261" lon="8.95832"/>
            <trkpt lat="41.63211" lon="8.95813"/>
            <trkpt lat="41.63157" lon="8.95792"/>
            <trkpt lat="41.63128" lon="8.95778"/>
            <trkpt lat="41.6311" lon="8.95768"/>
            <trkpt lat="41.62891" lon="8.95631"/>
            <trkpt lat="41.62865" lon="8.9562"/>
            <trkpt lat="41.62782" lon="8.95576"/>
            <trkpt lat="41.62764" lon="8.95571"/>
            <trkpt lat="41.62747" lon="8.95571"/>
            <trkpt lat="41.62738" lon="8.95573"/>
            <trkpt lat="41.62723" lon="8.95579"/>
            <trkpt lat="41.6271" lon="8.95589"/>
            <trkpt lat="41.62693" lon="8.9561"/>
            <trkpt lat="41.62654" lon="8.95664"/>
            <trkpt lat="41.62629" lon="8.95697"/>
            <trkpt lat="41.62623" lon="8.95703"/>
            <trkpt lat="41.62616" lon="8.95708"/>
            <trkpt lat="41.62608" lon="8.95711"/>
            <trkpt lat="41.62594" lon="8.95713"/>
            <trkpt lat="41.62586" lon="8.95712"/>
            <trkpt lat="41.62576" lon="8.95709"/>
            <trkpt lat="41.62564" lon="8.95704"/>
            <trkpt lat="41.62504" lon="8.95668"/>
            <trkpt lat="41.6249" lon="8.95657"/>
            <trkpt lat="41.6248" lon="8.95648"/>
            <trkpt lat="41.62453" lon="8.95624"/>
            <trkpt lat="41.62392" lon="8.95578"/>
            <trkpt lat="41.62298" lon="8.9551"/>
            <trkpt lat="41.62274" lon="8.95496"/>
            <trkpt lat="41.62268" lon="8.95494"/>
            <trkpt lat="41.62251" lon="8.95488"/>
            <trkpt lat="41.62239" lon="8.95485"/>
            <trkpt lat="41.62228" lon="8.95483"/>
            <trkpt lat="41.62203" lon="8.95479"/>
            <trkpt lat="41.62181" lon="8.95478"/>
            <trkpt lat="41.6217" lon="8.95479"/>
            <trkpt lat="41.62117" lon="8.9549"/>
            <trkpt lat="41.621" lon="8.9549"/>
            <trkpt lat="41.62089" lon="8.95488"/>
            <trkpt lat="41.62068" lon="8.9548"/>
            <trkpt lat="41.61983" lon="8.95425"/>
            <trkpt lat="41.61936" lon="8.95396"/>
            <trkpt lat="41.61927" lon="8.95391"/>
            <trkpt lat="41.61913" lon="8.95388"/>
            <trkpt lat="41.61905" lon="8.95388"/>
            <trkpt lat="41.61897" lon="8.9539"/>
            <trkpt lat="41.61891" lon="8.95394"/>
            <trkpt lat="41.61885" lon="8.95398"/>
            <trkpt lat="41.61881" lon="8.95403"/>
            <trkpt lat="41.61878" lon="8.95409"/>
            <trkpt lat="41.61875" lon="8.95414"/>
            <trkpt lat="41.61872" lon="8.95422"/>
            <trkpt lat="41.6187" lon="8.9543"/>
            <trkpt lat="41.61868" lon="8.9544"/>
            <trkpt lat="41.61868" lon="8.95451"/>
            <trkpt lat="41.61882" lon="8.95568"/>
            <trkpt lat="41.61886" lon="8.95608"/>
            <trkpt lat="41.61886" lon="8.95658"/>
            <trkpt lat="41.61881" lon="8.95729"/>
            <trkpt lat="41.61881" lon="8.95748"/>
            <trkpt lat="41.61884" lon="8.95766"/>
            <trkpt lat="41.61889" lon="8.9578"/>
            <trkpt lat="41.61893" lon="8.95791"/>
            <trkpt lat="41.61899" lon="8.95802"/>
            <trkpt lat="41.61911" lon="8.95817"/>
            <trkpt lat="41.61918" lon="8.95824"/>
            <trkpt lat="41.61937" lon="8.95837"/>
            <trkpt lat="41.61954" lon="8.95846"/>
            <trkpt lat="41.61978" lon="8.95859"/>
            <trkpt lat="41.62022" lon="8.95883"/>
            <trkpt lat="41.6206" lon="8.95904"/>
            <trkpt lat="41.62081" lon="8.95915"/>
            <trkpt lat="41.62111" lon="8.95931"/>
            <trkpt lat="41.62119" lon="8.95936"/>
            <trkpt lat="41.62122" lon="8.9594"/>
            <trkpt lat="41.62141" lon="8.95961"/>
            <trkpt lat="41.62174" lon="8.96002"/>
            <trkpt lat="41.62179" lon="8.96009"/>
            <trkpt lat="41.622" lon="8.96046"/>
            <trkpt lat="41.62225" lon="8.96098"/>
            <trkpt lat="41.62262" lon="8.96164"/>
            <trkpt lat="41.62269" lon="8.96188"/>
            <trkpt lat="41.62274" lon="8.96214"/>
            <trkpt lat="41.62277" lon="8.96254"/>
            <trkpt lat="41.62276" lon="8.96271"/>
            <trkpt lat="41.62274" lon="8.96288"/>
            <trkpt lat="41.62272" lon="8.96301"/>
            <trkpt lat="41.62265" lon="8.96326"/>
            <trkpt lat="41.62259" lon="8.96341"/>
            <trkpt lat="41.62254" lon="8.96352"/>
            <trkpt lat="41.62248" lon="8.96363"/>
            <trkpt lat="41.62239" lon="8.96373"/>
            <trkpt lat="41.62211" lon="8.96399"/>
            <trkpt lat="41.62192" lon="8.96416"/>
            <trkpt lat="41.62176" lon="8.9643"/>
            <trkpt lat="41.62169" lon="8.96437"/>
            <trkpt lat="41.62162" lon="8.9644"/>
            <trkpt lat="41.62156" lon="8.96443"/>
            <trkpt lat="41.62151" lon="8.96443"/>
            <trkpt lat="41.62145" lon="8.96444"/>
            <trkpt lat="41.6213" lon="8.96439"/>
            <trkpt lat="41.62094" lon="8.9642"/>
            <trkpt lat="41.62017" lon="8.9638"/>
            <trkpt lat="41.6201" lon="8.96377"/>
            <trkpt lat="41.62002" lon="8.96374"/>
            <trkpt lat="41.61997" lon="8.96374"/>
            <trkpt lat="41.61992" lon="8.96375"/>
            <trkpt lat="41.61988" lon="8.96376"/>
            <trkpt lat="41.61985" lon="8.96378"/>
            <trkpt lat="41.6198" lon="8.96382"/>
            <trkpt lat="41.61976" lon="8.96386"/>
            <trkpt lat="41.61972" lon="8.96393"/>
            <trkpt lat="41.6197" lon="8.96398"/>
            <trkpt lat="41.61968" lon="8.96404"/>
            <trkpt lat="41.61967" lon="8.96412"/>
            <trkpt lat="41.61968" lon="8.96428"/>
            <trkpt lat="41.61975" lon="8.96484"/>
            <trkpt lat="41.6198" lon="8.96519"/>
            <trkpt lat="41.61987" lon="8.96556"/>
            <trkpt lat="41.6199" lon="8.96566"/>
            <trkpt lat="41.61993" lon="8.96573"/>
            <trkpt lat="41.62" lon="8.96583"/>
            <trkpt lat="41.62019" lon="8.96607"/>
            <trkpt lat="41.62022" lon="8.96613"/>
            <trkpt lat="41.62025" lon="8.9662"/>
            <trkpt lat="41.62029" lon="8.96635"/>
            <trkpt lat="41.62033" lon="8.9668"/>
            <trkpt lat="41.62034" lon="8.96705"/>
            <trkpt lat="41.62038" lon="8.96764"/>
            <trkpt lat="41.62038" lon="8.96787"/>
            <trkpt lat="41.62041" lon="8.96835"/>
            <trkpt lat="41.62043" lon="8.96843"/>
            <trkpt lat="41.62045" lon="8.9685"/>
            <trkpt lat="41.62051" lon="8.96861"/>
            <trkpt lat="41.62055" lon="8.96867"/>
            <trkpt lat="41.62074" lon="8.96892"/>
            <trkpt lat="41.62077" lon="8.96897"/>
            <trkpt lat="41.62079" lon="8.96904"/>
            <trkpt lat="41.6208" lon="8.9691"/>
            <trkpt lat="41.6208" lon="8.96916"/>
            <trkpt lat="41.62079" lon="8.96923"/>
            <trkpt lat="41.62077" lon="8.96929"/>
            <trkpt lat="41.62074" lon="8.96937"/>
            <trkpt lat="41.6207" lon="8.96944"/>
            <trkpt lat="41.62059" lon="8.96958"/>
            <trkpt lat="41.62056" lon="8.96964"/>
            <trkpt lat="41.62054" lon="8.96968"/>
            <trkpt lat="41.62053" lon="8.96971"/>
            <trkpt lat="41.62051" lon="8.96982"/>
            <trkpt lat="41.62049" lon="8.97007"/>
            <trkpt lat="41.62048" lon="8.97013"/>
            <trkpt lat="41.62048" lon="8.97048"/>
            <trkpt lat="41.62041" lon="8.97048"/>
            <trkpt lat="41.62036" lon="8.97048"/>
            <trkpt lat="41.62031" lon="8.97045"/>
            <trkpt lat="41.6203" lon="8.97044"/>
            <trkpt lat="41.62029" lon="8.97041"/>
            <trkpt lat="41.62027" lon="8.97035"/>
            <trkpt lat="41.62025" lon="8.97017"/>
            <trkpt lat="41.62023" lon="8.97007"/>
            <trkpt lat="41.62021" lon="8.97002"/>
            <trkpt lat="41.62018" lon="8.96995"/>
            <trkpt lat="41.62011" lon="8.96982"/>
            <trkpt lat="41.61993" lon="8.96948"/>
            <trkpt lat="41.61984" lon="8.96933"/>
            <trkpt lat="41.61979" lon="8.96924"/>
            <trkpt lat="41.61968" lon="8.96901"/>
            <trkpt lat="41.61964" lon="8.9689"/>
            <trkpt lat="41.61956" lon="8.96874"/>
            <trkpt lat="41.61947" lon="8.96855"/>
            <trkpt lat="41.61944" lon="8.9685"/>
            <trkpt lat="41.61939" lon="8.96847"/>
            <trkpt lat="41.61935" lon="8.96845"/>
            <trkpt lat="41.61927" lon="8.96845"/>
            <trkpt lat="41.61922" lon="8.9684"/>
            <trkpt lat="41.619" lon="8.96817"/>
            <trkpt lat="41.61888" lon="8.96801"/>
            <trkpt lat="41.61878" lon="8.96787"/>
            <trkpt lat="41.61849" lon="8.96745"/>
            <trkpt lat="41.61837" lon="8.96725"/>
            <trkpt lat="41.61835" lon="8.96719"/>
            <trkpt lat="41.61828" lon="8.96703"/>
            <trkpt lat="41.61826" lon="8.96696"/>
            <trkpt lat="41.61825" lon="8.96689"/>
            <trkpt lat="41.61824" lon="8.96677"/>
            <trkpt lat="41.61827" lon="8.96658"/>
            <trkpt lat="41.6183" lon="8.96646"/>
            <trkpt lat="41.61837" lon="8.96624"/>
            <trkpt lat="41.61847" lon="8.96598"/>
            <trkpt lat="41.6185" lon="8.96587"/>
            <trkpt lat="41.61851" lon="8.96573"/>
            <trkpt lat="41.61851" lon="8.96568"/>
            <trkpt lat="41.61849" lon="8.96559"/>
            <trkpt lat="41.61839" lon="8.96544"/>
            <trkpt lat="41.61834" lon="8.96536"/>
            <trkpt lat="41.61825" lon="8.96523"/>
            <trkpt lat="41.61821" lon="8.9652"/>
            <trkpt lat="41.61809" lon="8.96503"/>
            <trkpt lat="41.61801" lon="8.96486"/>
            <trkpt lat="41.61801" lon="8.96484"/>
            <trkpt lat="41.61797" lon="8.96476"/>
            <trkpt lat="41.6179" lon="8.96456"/>
            <trkpt lat="41.61788" lon="8.96443"/>
            <trkpt lat="41.6178" lon="8.96409"/>
            <trkpt lat="41.61778" lon="8.964"/>
            <trkpt lat="41.61777" lon="8.9639"/>
            <trkpt lat="41.61776" lon="8.96376"/>
            <trkpt lat="41.61777" lon="8.96364"/>
            <trkpt lat="41.61778" lon="8.96359"/>
            <trkpt lat="41.61782" lon="8.96348"/>
            <trkpt lat="41.61786" lon="8.96341"/>
            <trkpt lat="41.6179" lon="8.96336"/>
            <trkpt lat="41.61796" lon="8.96329"/>
            <trkpt lat="41.61812" lon="8.96318"/>
            <trkpt lat="41.61819" lon="8.96311"/>
            <trkpt lat="41.61825" lon="8.96301"/>
            <trkpt lat="41.61832" lon="8.96283"/>
            <trkpt lat="41.61833" lon="8.96273"/>
            <trkpt lat="41.61834" lon="8.96245"/>
            <trkpt lat="41.61832" lon="8.96215"/>
            <trkpt lat="41.61828" lon="8.96184"/>
            <trkpt lat="41.61818" lon="8.96143"/>
            <trkpt lat="41.61807" lon="8.96105"/>
            <trkpt lat="41.61797" lon="8.96082"/>
            <trkpt lat="41.6179" lon="8.96068"/>
            <trkpt lat="41.6178" lon="8.96054"/>
            <trkpt lat="41.61759" lon="8.96029"/>
            <trkpt lat="41.61723" lon="8.95992"/>
            <trkpt lat="41.61676" lon="8.95936"/>
            <trkpt lat="41.6167" lon="8.95927"/>
            <trkpt lat="41.61665" lon="8.95918"/>
            <trkpt lat="41.61655" lon="8.95897"/>
            <trkpt lat="41.6165" lon="8.95879"/>
            <trkpt lat="41.61646" lon="8.95851"/>
            <trkpt lat="41.61646" lon="8.95836"/>
            <trkpt lat="41.61649" lon="8.95819"/>
            <trkpt lat="41.6166" lon="8.95775"/>
            <trkpt lat="41.61665" lon="8.9575"/>
            <trkpt lat="41.61669" lon="8.95714"/>
            <trkpt lat="41.61672" lon="8.95648"/>
            <trkpt lat="41.61672" lon="8.95632"/>
            <trkpt lat="41.61671" lon="8.95619"/>
            <trkpt lat="41.61656" lon="8.95559"/>
            <trkpt lat="41.61649" lon="8.95537"/>
            <trkpt lat="41.61635" lon="8.9551"/>
            <trkpt lat="41.61621" lon="8.95487"/>
            <trkpt lat="41.61618" lon="8.95482"/>
            <trkpt lat="41.6161" lon="8.95464"/>
            <trkpt lat="41.61607" lon="8.95455"/>
            <trkpt lat="41.61605" lon="8.95426"/>
            <trkpt lat="41.61603" lon="8.9538"/>
            <trkpt lat="41.616" lon="8.95365"/>
            <trkpt lat="41.61596" lon="8.95344"/>
            <trkpt lat="41.61584" lon="8.95306"/>
            <trkpt lat="41.61571" lon="8.95263"/>
            <trkpt lat="41.61567" lon="8.95249"/>
            <trkpt lat="41.6156" lon="8.95184"/>
            <trkpt lat="41.61558" lon="8.95158"/>
            <trkpt lat="41.61565" lon="8.95099"/>
            <trkpt lat="41.61564" lon="8.95079"/>
            <trkpt lat="41.6156" lon="8.95061"/>
            <trkpt lat="41.61557" lon="8.95052"/>
            <trkpt lat="41.61545" lon="8.95024"/>
            <trkpt lat="41.61533" lon="8.95002"/>
            <trkpt lat="41.61529" lon="8.94995"/>
            <trkpt lat="41.61524" lon="8.94987"/>
            <trkpt lat="41.61513" lon="8.94976"/>
            <trkpt lat="41.61491" lon="8.9496"/>
            <trkpt lat="41.61426" lon="8.94916"/>
            <trkpt lat="41.61411" lon="8.94904"/>
            <trkpt lat="41.61401" lon="8.94894"/>
            <trkpt lat="41.61387" lon="8.94875"/>
            <trkpt lat="41.61373" lon="8.9485"/>
            <trkpt lat="41.61365" lon="8.94831"/>
            <trkpt lat="41.61357" lon="8.94807"/>
            <trkpt lat="41.61352" lon="8.94794"/>
            <trkpt lat="41.61342" lon="8.94775"/>
            <trkpt lat="41.61327" lon="8.94751"/>
            <trkpt lat="41.6132" lon="8.94744"/>
            <trkpt lat="41.61314" lon="8.94739"/>
            <trkpt lat="41.61308" lon="8.94736"/>
            <trkpt lat="41.61303" lon="8.94735"/>
            <trkpt lat="41.61302" lon="8.94735"/>
            <trkpt lat="41.61297" lon="8.94734"/>
            <trkpt lat="41.61245" lon="8.94735"/>
            <trkpt lat="41.61239" lon="8.94734"/>
            <trkpt lat="41.61234" lon="8.94732"/>
            <trkpt lat="41.61227" lon="8.94727"/>
            <trkpt lat="41.61223" lon="8.94722"/>
            <trkpt lat="41.61219" lon="8.94716"/>
            <trkpt lat="41.61216" lon="8.94709"/>
            <trkpt lat="41.61212" lon="8.94699"/>
            <trkpt lat="41.61205" lon="8.94678"/>
            <trkpt lat="41.61198" lon="8.94661"/>
            <trkpt lat="41.61176" lon="8.94617"/>
            <trkpt lat="41.61166" lon="8.94603"/>
            <trkpt lat="41.6116" lon="8.94597"/>
            <trkpt lat="41.61141" lon="8.9458"/>
            <trkpt lat="41.61128" lon="8.94562"/>
            <trkpt lat="41.61096" lon="8.94486"/>
            <trkpt lat="41.61091" lon="8.94478"/>
            <trkpt lat="41.61087" lon="8.94473"/>
            <trkpt lat="41.61069" lon="8.94458"/>
            <trkpt lat="41.60936" lon="8.94366"/>
            <trkpt lat="41.60929" lon="8.94363"/>
            <trkpt lat="41.60921" lon="8.94361"/>
            <trkpt lat="41.60915" lon="8.94361"/>
            <trkpt lat="41.60908" lon="8.94363"/>
            <trkpt lat="41.60901" lon="8.94366"/>
            <trkpt lat="41.6086" lon="8.94388"/>
            <trkpt lat="41.60842" lon="8.94394"/>
            <trkpt lat="41.60829" lon="8.94394"/>
            <trkpt lat="41.60823" lon="8.94392"/>
            <trkpt lat="41.6082" lon="8.9439"/>
            <trkpt lat="41.60815" lon="8.94387"/>
            <trkpt lat="41.60812" lon="8.94382"/>
            <trkpt lat="41.60808" lon="8.94375"/>
            <trkpt lat="41.60802" lon="8.94363"/>
            <trkpt lat="41.60796" lon="8.94346"/>
            <trkpt lat="41.60794" lon="8.9434"/>
            <trkpt lat="41.60788" lon="8.94318"/>
            <trkpt lat="41.60787" lon="8.94308"/>
            <trkpt lat="41.60787" lon="8.94298"/>
            <trkpt lat="41.60789" lon="8.94287"/>
            <trkpt lat="41.60794" lon="8.94258"/>
            <trkpt lat="41.60794" lon="8.94247"/>
            <trkpt lat="41.60793" lon="8.94238"/>
            <trkpt lat="41.60791" lon="8.94231"/>
            <trkpt lat="41.60787" lon="8.94222"/>
            <trkpt lat="41.60783" lon="8.94215"/>
            <trkpt lat="41.60778" lon="8.9421"/>
            <trkpt lat="41.60772" lon="8.94206"/>
            <trkpt lat="41.60753" lon="8.94197"/>
            <trkpt lat="41.60734" lon="8.94189"/>
            <trkpt lat="41.60719" lon="8.94184"/>
            <trkpt lat="41.60687" lon="8.94173"/>
            <trkpt lat="41.6068" lon="8.94172"/>
            <trkpt lat="41.60673" lon="8.94173"/>
            <trkpt lat="41.60668" lon="8.94175"/>
            <trkpt lat="41.60658" lon="8.94182"/>
            <trkpt lat="41.60653" lon="8.94188"/>
            <trkpt lat="41.60645" lon="8.94199"/>
            <trkpt lat="41.60618" lon="8.94246"/>
            <trkpt lat="41.6061" lon="8.94257"/>
            <trkpt lat="41.60603" lon="8.94265"/>
            <trkpt lat="41.60597" lon="8.94269"/>
            <trkpt lat="41.60591" lon="8.94271"/>
            <trkpt lat="41.60585" lon="8.94272"/>
            <trkpt lat="41.60581" lon="8.94272"/>
            <trkpt lat="41.60576" lon="8.94271"/>
            <trkpt lat="41.6057" lon="8.94268"/>
            <trkpt lat="41.60563" lon="8.94263"/>
            <trkpt lat="41.60527" lon="8.94231"/>
            <trkpt lat="41.60514" lon="8.9422"/>
            <trkpt lat="41.6046" lon="8.94188"/>
            <trkpt lat="41.60443" lon="8.94181"/>
            <trkpt lat="41.60423" lon="8.94179"/>
            <trkpt lat="41.60366" lon="8.94183"/>
            <trkpt lat="41.60358" lon="8.94182"/>
            <trkpt lat="41.60343" lon="8.94177"/>
            <trkpt lat="41.60333" lon="8.94172"/>
            <trkpt lat="41.60323" lon="8.94167"/>
            <trkpt lat="41.60315" lon="8.94165"/>
            <trkpt lat="41.60307" lon="8.94165"/>
            <trkpt lat="41.60301" lon="8.94166"/>
            <trkpt lat="41.60293" lon="8.94169"/>
            <trkpt lat="41.60278" lon="8.94178"/>
            <trkpt lat="41.60228" lon="8.94221"/>
            <trkpt lat="41.60209" lon="8.94234"/>
            <trkpt lat="41.60192" lon="8.94239"/>
            <trkpt lat="41.60184" lon="8.94241"/>
            <trkpt lat="41.60172" lon="8.94245"/>
            <trkpt lat="41.60159" lon="8.94253"/>
            <trkpt lat="41.60154" lon="8.94257"/>
            <trkpt lat="41.60143" lon="8.94277"/>
            <trkpt lat="41.60139" lon="8.94287"/>
            <trkpt lat="41.60138" lon="8.94287"/>
            <trkpt lat="41.60136" lon="8.94294"/>
            <trkpt lat="41.60131" lon="8.94304"/>
            <trkpt lat="41.60122" lon="8.94318"/>
            <trkpt lat="41.60116" lon="8.94323"/>
            <trkpt lat="41.6011" lon="8.94327"/>
            <trkpt lat="41.60103" lon="8.94329"/>
            <trkpt lat="41.60094" lon="8.94329"/>
            <trkpt lat="41.6009" lon="8.94328"/>
            <trkpt lat="41.60086" lon="8.94326"/>
            <trkpt lat="41.60081" lon="8.94323"/>
            <trkpt lat="41.60076" lon="8.94318"/>
            <trkpt lat="41.6007" lon="8.94309"/>
            <trkpt lat="41.60067" lon="8.94303"/>
            <trkpt lat="41.60062" lon="8.94287"/>
            <trkpt lat="41.60061" lon="8.94283"/>
            <trkpt lat="41.60057" lon="8.94265"/>
            <trkpt lat="41.60051" lon="8.94216"/>
            <trkpt lat="41.6005" lon="8.94195"/>
            <trkpt lat="41.60053" lon="8.94143"/>
            <trkpt lat="41.6005" lon="8.94118"/>
            <trkpt lat="41.60042" lon="8.94092"/>
            <trkpt lat="41.60022" lon="8.94041"/>
            <trkpt lat="41.60014" lon="8.94026"/>
            <trkpt lat="41.60009" lon="8.94019"/>
            <trkpt lat="41.59998" lon="8.94007"/>
            <trkpt lat="41.59984" lon="8.93992"/>
            <trkpt lat="41.59969" lon="8.93972"/>
            <trkpt lat="41.59946" lon="8.93925"/>
            <trkpt lat="41.59939" lon="8.93904"/>
            <trkpt lat="41.59938" lon="8.93894"/>
            <trkpt lat="41.59939" lon="8.93885"/>
            <trkpt lat="41.59944" lon="8.93867"/>
            <trkpt lat="41.59961" lon="8.9383"/>
            <trkpt lat="41.59969" lon="8.93808"/>
            <trkpt lat="41.59971" lon="8.93796"/>
            <trkpt lat="41.59971" lon="8.93783"/>
            <trkpt lat="41.5997" lon="8.93771"/>
            <trkpt lat="41.5996" lon="8.93727"/>
            <trkpt lat="41.59941" lon="8.93664"/>
            <trkpt lat="41.59936" lon="8.93651"/>
            <trkpt lat="41.59932" lon="8.93644"/>
            <trkpt lat="41.59926" lon="8.93637"/>
            <trkpt lat="41.59917" lon="8.93631"/>
            <trkpt lat="41.59896" lon="8.93622"/>
            <trkpt lat="41.59874" lon="8.93615"/>
            <trkpt lat="41.59868" lon="8.93615"/>
            <trkpt lat="41.5986" lon="8.93616"/>
            <trkpt lat="41.59856" lon="8.93618"/>
            <trkpt lat="41.5985" lon="8.93622"/>
            <trkpt lat="41.59846" lon="8.93625"/>
            <trkpt lat="41.59842" lon="8.93631"/>
            <trkpt lat="41.59836" lon="8.93644"/>
            <trkpt lat="41.59826" lon="8.93694"/>
            <trkpt lat="41.59823" lon="8.93704"/>
            <trkpt lat="41.59819" lon="8.93711"/>
            <trkpt lat="41.59816" lon="8.93716"/>
            <trkpt lat="41.59811" lon="8.9372"/>
            <trkpt lat="41.59806" lon="8.93723"/>
            <trkpt lat="41.598" lon="8.93724"/>
            <trkpt lat="41.59794" lon="8.93724"/>
            <trkpt lat="41.59786" lon="8.93722"/>
            <trkpt lat="41.59777" lon="8.93718"/>
            <trkpt lat="41.59771" lon="8.93713"/>
            <trkpt lat="41.59764" lon="8.93706"/>
            <trkpt lat="41.59757" lon="8.93697"/>
            <trkpt lat="41.59741" lon="8.93667"/>
            <trkpt lat="41.59739" lon="8.93663"/>
            <trkpt lat="41.59729" lon="8.93646"/>
            <trkpt lat="41.59721" lon="8.93635"/>
            <trkpt lat="41.59704" lon="8.93619"/>
            <trkpt lat="41.59697" lon="8.93614"/>
            <trkpt lat="41.59689" lon="8.93612"/>
            <trkpt lat="41.59672" lon="8.93611"/>
            <trkpt lat="41.5965" lon="8.93613"/>
            <trkpt lat="41.59641" lon="8.93612"/>
            <trkpt lat="41.59635" lon="8.93609"/>
            <trkpt lat="41.59629" lon="8.93603"/>
            <trkpt lat="41.59625" lon="8.93598"/>
            <trkpt lat="41.59622" lon="8.93593"/>
            <trkpt lat="41.59612" lon="8.93563"/>
            <trkpt lat="41.59606" lon="8.93548"/>
            <trkpt lat="41.59601" lon="8.93539"/>
            <trkpt lat="41.59593" lon="8.93525"/>
            <trkpt lat="41.59581" lon="8.9351"/>
            <trkpt lat="41.59563" lon="8.93495"/>
            <trkpt lat="41.59529" lon="8.93467"/>
            <trkpt lat="41.59492" lon="8.93441"/>
            <trkpt lat="41.59424" lon="8.93406"/>
            <trkpt lat="41.59421" lon="8.93405"/>
            <trkpt lat="41.59415" lon="8.93401"/>
            <trkpt lat="41.5941" lon="8.93397"/>
            <trkpt lat="41.59401" lon="8.93383"/>
            <trkpt lat="41.59398" lon="8.93378"/>
            <trkpt lat="41.59393" lon="8.93362"/>
            <trkpt lat="41.59391" lon="8.93353"/>
            <trkpt lat="41.59387" lon="8.9334"/>
            <trkpt lat="41.59382" lon="8.93332"/>
            <trkpt lat="41.59377" lon="8.93325"/>
            <trkpt lat="41.59356" lon="8.93304"/>
            <trkpt lat="41.59347" lon="8.93298"/>
            <trkpt lat="41.5934" lon="8.93295"/>
            <trkpt lat="41.59334" lon="8.93294"/>
            <trkpt lat="41.59328" lon="8.93295"/>
            <trkpt lat="41.59322" lon="8.93297"/>
            <trkpt lat="41.59311" lon="8.93304"/>
            <trkpt lat="41.59306" lon="8.93309"/>
            <trkpt lat="41.593" lon="8.93317"/>
            <trkpt lat="41.59283" lon="8.93348"/>
            <trkpt lat="41.59278" lon="8.93355"/>
            <trkpt lat="41.59273" lon="8.93361"/>
            <trkpt lat="41.59267" lon="8.93364"/>
            <trkpt lat="41.59261" lon="8.93366"/>
            <trkpt lat="41.59228" lon="8.93364"/>
            <trkpt lat="41.59215" lon="8.93368"/>
            <trkpt lat="41.59209" lon="8.93372"/>
            <trkpt lat="41.59204" lon="8.93377"/>
            <trkpt lat="41.59194" lon="8.93391"/>
            <trkpt lat="41.59187" lon="8.93402"/>
            <trkpt lat="41.59182" lon="8.93411"/>
            <trkpt lat="41.59177" lon="8.93417"/>
            <trkpt lat="41.59173" lon="8.93421"/>
            <trkpt lat="41.59168" lon="8.93424"/>
            <trkpt lat="41.59162" lon="8.93425"/>
            <trkpt lat="41.59155" lon="8.93424"/>
            <trkpt lat="41.5912" lon="8.93411"/>
            <trkpt lat="41.59106" lon="8.9341"/>
            <trkpt lat="41.591" lon="8.93411"/>
            <trkpt lat="41.59092" lon="8.93414"/>
            <trkpt lat="41.59083" lon="8.93417"/>
            <trkpt lat="41.59077" lon="8.93421"/>
            <trkpt lat="41.5906" lon="8.93435"/>
            <trkpt lat="41.5905" lon="8.93444"/>
            <trkpt lat="41.59035" lon="8.9346"/>
            <trkpt lat="41.59008" lon="8.93492"/>
            <trkpt lat="41.58997" lon="8.93502"/>
            <trkpt lat="41.58965" lon="8.93518"/>
            <trkpt lat="41.58958" lon="8.93523"/>
            <trkpt lat="41.58951" lon="8.9353"/>
            <trkpt lat="41.58946" lon="8.93536"/>
            <trkpt lat="41.58942" lon="8.93543"/>
            <trkpt lat="41.58936" lon="8.9356"/>
            <trkpt lat="41.58933" lon="8.93583"/>
            <trkpt lat="41.58929" lon="8.93671"/>
            <trkpt lat="41.5893" lon="8.93681"/>
            <trkpt lat="41.58941" lon="8.93727"/>
            <trkpt lat="41.58943" lon="8.93735"/>
            <trkpt lat="41.58947" lon="8.93743"/>
            <trkpt lat="41.58965" lon="8.93777"/>
            <trkpt lat="41.59008" lon="8.9385"/>
            <trkpt lat="41.59016" lon="8.9387"/>
            <trkpt lat="41.59021" lon="8.93888"/>
            <trkpt lat="41.59023" lon="8.93896"/>
            <trkpt lat="41.59023" lon="8.93907"/>
            <trkpt lat="41.59023" lon="8.93914"/>
            <trkpt lat="41.59022" lon="8.9392"/>
            <trkpt lat="41.59021" lon="8.93926"/>
            <trkpt lat="41.59019" lon="8.93931"/>
            <trkpt lat="41.59017" lon="8.93936"/>
            <trkpt lat="41.5901" lon="8.93945"/>
            <trkpt lat="41.59006" lon="8.93949"/>
            <trkpt lat="41.59001" lon="8.93952"/>
            <trkpt lat="41.58995" lon="8.93955"/>
            <trkpt lat="41.58989" lon="8.93956"/>
            <trkpt lat="41.58986" lon="8.93957"/>
            <trkpt lat="41.58982" lon="8.93957"/>
            <trkpt lat="41.58974" lon="8.93956"/>
            <trkpt lat="41.58965" lon="8.93953"/>
            <trkpt lat="41.58963" lon="8.93953"/>
            <trkpt lat="41.58903" lon="8.93922"/>
            <trkpt lat="41.58869" lon="8.93906"/>
            <trkpt lat="41.58824" lon="8.93893"/>
            <trkpt lat="41.5881" lon="8.93885"/>
            <trkpt lat="41.58791" lon="8.93866"/>
            <trkpt lat="41.58773" lon="8.93846"/>
            <trkpt lat="41.58758" lon="8.93831"/>
            <trkpt lat="41.58748" lon="8.93823"/>
            <trkpt lat="41.58742" lon="8.93819"/>
            <trkpt lat="41.58737" lon="8.93817"/>
            <trkpt lat="41.5873" lon="8.93816"/>
            <trkpt lat="41.58726" lon="8.93816"/>
            <trkpt lat="41.58723" lon="8.93816"/>
            <trkpt lat="41.58715" lon="8.93817"/>
            <trkpt lat="41.58699" lon="8.93824"/>
            <trkpt lat="41.58675" lon="8.93842"/>
            <trkpt lat="41.58593" lon="8.93902"/>
            <trkpt lat="41.5851" lon="8.93961"/>
            <trkpt lat="41.58502" lon="8.93968"/>
            <trkpt lat="41.58495" lon="8.93976"/>
            <trkpt lat="41.58491" lon="8.93982"/>
            <trkpt lat="41.58464" lon="8.94017"/>
            <trkpt lat="41.58457" lon="8.94022"/>
            <trkpt lat="41.58453" lon="8.94024"/>
            <trkpt lat="41.58449" lon="8.94025"/>
            <trkpt lat="41.58443" lon="8.94026"/>
            <trkpt lat="41.58438" lon="8.94025"/>
            <trkpt lat="41.58351" lon="8.94005"/>
            <trkpt lat="41.5828" lon="8.93984"/>
            <trkpt lat="41.58132" lon="8.93946"/>
            <trkpt lat="41.58117" lon="8.93941"/>
            <trkpt lat="41.58089" lon="8.93926"/>
            <trkpt lat="41.58056" lon="8.93901"/>
            <trkpt lat="41.58048" lon="8.93896"/>
            <trkpt lat="41.58037" lon="8.93894"/>
            <trkpt lat="41.58027" lon="8.93895"/>
            <trkpt lat="41.58019" lon="8.93897"/>
            <trkpt lat="41.5801" lon="8.93903"/>
            <trkpt lat="41.58004" lon="8.93909"/>
            <trkpt lat="41.57989" lon="8.93937"/>
            <trkpt lat="41.57982" lon="8.93955"/>
            <trkpt lat="41.57971" lon="8.93989"/>
            <trkpt lat="41.57964" lon="8.9402"/>
            <trkpt lat="41.57959" lon="8.94047"/>
            <trkpt lat="41.57957" lon="8.94073"/>
            <trkpt lat="41.57956" lon="8.94138"/>
            <trkpt lat="41.57954" lon="8.94164"/>
            <trkpt lat="41.57952" lon="8.94181"/>
            <trkpt lat="41.57945" lon="8.94213"/>
            <trkpt lat="41.57939" lon="8.94235"/>
            <trkpt lat="41.57931" lon="8.94255"/>
            <trkpt lat="41.57927" lon="8.94274"/>
            <trkpt lat="41.57925" lon="8.94287"/>
            <trkpt lat="41.57923" lon="8.94299"/>
            <trkpt lat="41.57922" lon="8.9432"/>
            <trkpt lat="41.57923" lon="8.94346"/>
            <trkpt lat="41.57928" lon="8.94379"/>
            <trkpt lat="41.57938" lon="8.94437"/>
            <trkpt lat="41.57957" lon="8.94504"/>
            <trkpt lat="41.57965" lon="8.94526"/>
            <trkpt lat="41.57999" lon="8.94602"/>
            <trkpt lat="41.58016" lon="8.94637"/>
            <trkpt lat="41.58034" lon="8.94675"/>
            <trkpt lat="41.5804" lon="8.94694"/>
            <trkpt lat="41.58043" lon="8.94718"/>
            <trkpt lat="41.58043" lon="8.94727"/>
            <trkpt lat="41.58042" lon="8.94733"/>
            <trkpt lat="41.5804" lon="8.94747"/>
            <trkpt lat="41.58037" lon="8.94755"/>
            <trkpt lat="41.58024" lon="8.94778"/>
            <trkpt lat="41.58004" lon="8.94796"/>
            <trkpt lat="41.57988" lon="8.94807"/>
            <trkpt lat="41.57953" lon="8.94836"/>
            <trkpt lat="41.57942" lon="8.94849"/>
            <trkpt lat="41.57933" lon="8.94862"/>
            <trkpt lat="41.57925" lon="8.94876"/>
            <trkpt lat="41.5792" lon="8.94891"/>
            <trkpt lat="41.57915" lon="8.94908"/>
            <trkpt lat="41.57909" lon="8.94948"/>
            <trkpt lat="41.57908" lon="8.94964"/>
            <trkpt lat="41.57909" lon="8.94977"/>
            <trkpt lat="41.5791" lon="8.94989"/>
            <trkpt lat="41.57914" lon="8.94998"/>
            <trkpt lat="41.57936" lon="8.95029"/>
            <trkpt lat="41.57961" lon="8.95052"/>
            <trkpt lat="41.57982" lon="8.95075"/>
            <trkpt lat="41.5802" lon="8.95141"/>
            <trkpt lat="41.58033" lon="8.9517"/>
            <trkpt lat="41.5804" lon="8.95195"/>
            <trkpt lat="41.58041" lon="8.9521"/>
            <trkpt lat="41.58041" lon="8.95221"/>
            <trkpt lat="41.58038" lon="8.95243"/>
            <trkpt lat="41.58037" lon="8.95249"/>
            <trkpt lat="41.58035" lon="8.95255"/>
            <trkpt lat="41.58033" lon="8.9526"/>
            <trkpt lat="41.58027" lon="8.95267"/>
            <trkpt lat="41.5802" lon="8.95271"/>
            <trkpt lat="41.58012" lon="8.95274"/>
            <trkpt lat="41.57984" lon="8.95272"/>
            <trkpt lat="41.57969" lon="8.95266"/>
            <trkpt lat="41.57878" lon="8.95241"/>
            <trkpt lat="41.57754" lon="8.95216"/>
            <trkpt lat="41.57741" lon="8.9521"/>
            <trkpt lat="41.57708" lon="8.95191"/>
            <trkpt lat="41.57617" lon="8.95118"/>
            <trkpt lat="41.57593" lon="8.95106"/>
            <trkpt lat="41.57578" lon="8.951"/>
            <trkpt lat="41.57564" lon="8.95098"/>
            <trkpt lat="41.5752" lon="8.95108"/>
            <trkpt lat="41.57508" lon="8.95109"/>
            <trkpt lat="41.57494" lon="8.95109"/>
            <trkpt lat="41.57472" lon="8.95105"/>
            <trkpt lat="41.57457" lon="8.951"/>
            <trkpt lat="41.5744" lon="8.95092"/>
            <trkpt lat="41.5743" lon="8.95085"/>
            <trkpt lat="41.57407" lon="8.95067"/>
            <trkpt lat="41.57371" lon="8.95017"/>
            <trkpt lat="41.57364" lon="8.95013"/>
            <trkpt lat="41.57353" lon="8.95008"/>
            <trkpt lat="41.57338" lon="8.95008"/>
            <trkpt lat="41.57314" lon="8.95012"/>
            <trkpt lat="41.57306" lon="8.95015"/>
            <trkpt lat="41.5729" lon="8.95005"/>
            <trkpt lat="41.57284" lon="8.95"/>
            <trkpt lat="41.57271" lon="8.94986"/>
            <trkpt lat="41.57265" lon="8.94982"/>
            <trkpt lat="41.57262" lon="8.94979"/>
            <trkpt lat="41.57257" lon="8.94976"/>
            <trkpt lat="41.57256" lon="8.94976"/>
            <trkpt lat="41.57246" lon="8.94973"/>
            <trkpt lat="41.57242" lon="8.94973"/>
            <trkpt lat="41.57241" lon="8.94973"/>
            <trkpt lat="41.57235" lon="8.94975"/>
            <trkpt lat="41.57231" lon="8.94976"/>
            <trkpt lat="41.57227" lon="8.94979"/>
            <trkpt lat="41.57226" lon="8.94979"/>
            <trkpt lat="41.57222" lon="8.94983"/>
            <trkpt lat="41.57218" lon="8.94987"/>
            <trkpt lat="41.57214" lon="8.94993"/>
            <trkpt lat="41.57211" lon="8.95"/>
            <trkpt lat="41.57206" lon="8.95021"/>
            <trkpt lat="41.57202" lon="8.95045"/>
            <trkpt lat="41.57198" lon="8.95054"/>
            <trkpt lat="41.57195" lon="8.9506"/>
            <trkpt lat="41.57191" lon="8.95066"/>
            <trkpt lat="41.57169" lon="8.95086"/>
            <trkpt lat="41.57164" lon="8.9509"/>
            <trkpt lat="41.57157" lon="8.95099"/>
            <trkpt lat="41.57152" lon="8.95105"/>
            <trkpt lat="41.57149" lon="8.95113"/>
            <trkpt lat="41.57146" lon="8.95127"/>
            <trkpt lat="41.57145" lon="8.95144"/>
            <trkpt lat="41.57145" lon="8.95164"/>
            <trkpt lat="41.57144" lon="8.95182"/>
            <trkpt lat="41.57138" lon="8.95206"/>
            <trkpt lat="41.57127" lon="8.9524"/>
            <trkpt lat="41.57123" lon="8.95262"/>
            <trkpt lat="41.57121" lon="8.95287"/>
            <trkpt lat="41.57122" lon="8.95311"/>
            <trkpt lat="41.57121" lon="8.95321"/>
            <trkpt lat="41.57119" lon="8.95329"/>
            <trkpt lat="41.57115" lon="8.95338"/>
            <trkpt lat="41.57111" lon="8.95346"/>
            <trkpt lat="41.57106" lon="8.95352"/>
            <trkpt lat="41.57095" lon="8.95361"/>
            <trkpt lat="41.57088" lon="8.95365"/>
            <trkpt lat="41.57084" lon="8.95369"/>
            <trkpt lat="41.57078" lon="8.95376"/>
            <trkpt lat="41.57073" lon="8.95384"/>
            <trkpt lat="41.57069" lon="8.95391"/>
            <trkpt lat="41.57054" lon="8.9542"/>
            <trkpt lat="41.57048" lon="8.9543"/>
            <trkpt lat="41.57025" lon="8.95457"/>
            <trkpt lat="41.56992" lon="8.95489"/>
            <trkpt lat="41.56978" lon="8.955"/>
            <trkpt lat="41.5697" lon="8.95507"/>
            <trkpt lat="41.56956" lon="8.95522"/>
            <trkpt lat="41.56951" lon="8.95529"/>
            <trkpt lat="41.56941" lon="8.95548"/>
            <trkpt lat="41.56935" lon="8.95561"/>
            <trkpt lat="41.56917" lon="8.95604"/>
            <trkpt lat="41.56913" lon="8.95616"/>
            <trkpt lat="41.56906" lon="8.95639"/>
            <trkpt lat="41.56903" lon="8.95653"/>
            <trkpt lat="41.56901" lon="8.95679"/>
            <trkpt lat="41.56904" lon="8.95744"/>
            <trkpt lat="41.56904" lon="8.95776"/>
            <trkpt lat="41.56901" lon="8.95805"/>
            <trkpt lat="41.56897" lon="8.95839"/>
            <trkpt lat="41.56899" lon="8.95869"/>
            <trkpt lat="41.56906" lon="8.9591"/>
            <trkpt lat="41.56911" lon="8.95934"/>
            <trkpt lat="41.56913" lon="8.95946"/>
            <trkpt lat="41.56915" lon="8.95957"/>
            <trkpt lat="41.56915" lon="8.95969"/>
            <trkpt lat="41.56914" lon="8.9598"/>
            <trkpt lat="41.56911" lon="8.9599"/>
            <trkpt lat="41.56908" lon="8.96001"/>
            <trkpt lat="41.56903" lon="8.9601"/>
            <trkpt lat="41.56886" lon="8.96033"/>
            <trkpt lat="41.56781" lon="8.96158"/>
            <trkpt lat="41.5677" lon="8.96173"/>
            <trkpt lat="41.56763" lon="8.96184"/>
            <trkpt lat="41.56702" lon="8.96323"/>
            <trkpt lat="41.56688" lon="8.96346"/>
            <trkpt lat="41.56666" lon="8.96368"/>
            <trkpt lat="41.56621" lon="8.96407"/>
            <trkpt lat="41.56597" lon="8.96424"/>
            <trkpt lat="41.56568" lon="8.96441"/>
            <trkpt lat="41.56553" lon="8.96446"/>
            <trkpt lat="41.56547" lon="8.96447"/>
            <trkpt lat="41.56541" lon="8.96446"/>
            <trkpt lat="41.56537" lon="8.96445"/>
            <trkpt lat="41.5653" lon="8.96442"/>
            <trkpt lat="41.56517" lon="8.96432"/>
            <trkpt lat="41.56506" lon="8.96422"/>
            <trkpt lat="41.56467" lon="8.96384"/>
            <trkpt lat="41.56458" lon="8.96372"/>
            <trkpt lat="41.56454" lon="8.96365"/>
            <trkpt lat="41.56446" lon="8.96347"/>
            <trkpt lat="41.56443" lon="8.96342"/>
            <trkpt lat="41.56439" lon="8.96338"/>
            <trkpt lat="41.56434" lon="8.96335"/>
            <trkpt lat="41.56429" lon="8.96334"/>
            <trkpt lat="41.56422" lon="8.96334"/>
            <trkpt lat="41.56416" lon="8.96335"/>
            <trkpt lat="41.56411" lon="8.96338"/>
            <trkpt lat="41.56405" lon="8.96343"/>
            <trkpt lat="41.56392" lon="8.96363"/>
            <trkpt lat="41.56388" lon="8.96367"/>
            <trkpt lat="41.56371" lon="8.96384"/>
            <trkpt lat="41.56355" lon="8.96398"/>
            <trkpt lat="41.56337" lon="8.96411"/>
            <trkpt lat="41.56317" lon="8.9642"/>
            <trkpt lat="41.56277" lon="8.96431"/>
            <trkpt lat="41.56258" lon="8.9644"/>
            <trkpt lat="41.562" lon="8.96478"/>
            <trkpt lat="41.5619" lon="8.96484"/>
            <trkpt lat="41.56188" lon="8.96484"/>
            <trkpt lat="41.56181" lon="8.96487"/>
            <trkpt lat="41.56174" lon="8.96487"/>
            <trkpt lat="41.56168" lon="8.96485"/>
            <trkpt lat="41.56167" lon="8.96484"/>
            <trkpt lat="41.56146" lon="8.9647"/>
            <trkpt lat="41.56134" lon="8.9646"/>
            <trkpt lat="41.56127" lon="8.96456"/>
            <trkpt lat="41.56121" lon="8.96454"/>
            <trkpt lat="41.56108" lon="8.96455"/>
            <trkpt lat="41.56094" lon="8.96458"/>
            <trkpt lat="41.56087" lon="8.96459"/>
            <trkpt lat="41.56081" lon="8.96457"/>
            <trkpt lat="41.56074" lon="8.96453"/>
            <trkpt lat="41.5607" lon="8.96448"/>
            <trkpt lat="41.56065" lon="8.96441"/>
            <trkpt lat="41.56054" lon="8.96416"/>
            <trkpt lat="41.56043" lon="8.96399"/>
            <trkpt lat="41.56021" lon="8.9637"/>
            <trkpt lat="41.5601" lon="8.96352"/>
            <trkpt lat="41.55999" lon="8.96302"/>
            <trkpt lat="41.55996" lon="8.96294"/>
            <trkpt lat="41.55992" lon="8.96289"/>
            <trkpt lat="41.55988" lon="8.96285"/>
            <trkpt lat="41.55984" lon="8.96283"/>
            <trkpt lat="41.55979" lon="8.96282"/>
            <trkpt lat="41.55974" lon="8.96283"/>
            <trkpt lat="41.5597" lon="8.96286"/>
            <trkpt lat="41.55967" lon="8.96289"/>
            <trkpt lat="41.55963" lon="8.96298"/>
            <trkpt lat="41.55961" lon="8.96304"/>
            <trkpt lat="41.55955" lon="8.96331"/>
            <trkpt lat="41.55943" lon="8.96364"/>
            <trkpt lat="41.55931" lon="8.96391"/>
            <trkpt lat="41.55925" lon="8.96401"/>
            <trkpt lat="41.55909" lon="8.96418"/>
            <trkpt lat="41.5588" lon="8.96444"/>
            <trkpt lat="41.55856" lon="8.96475"/>
            <trkpt lat="41.5585" lon="8.96484"/>
            <trkpt lat="41.55829" lon="8.96515"/>
            <trkpt lat="41.55825" lon="8.96521"/>
            <trkpt lat="41.55818" lon="8.96527"/>
            <trkpt lat="41.55795" lon="8.96545"/>
            <trkpt lat="41.55767" lon="8.96568"/>
            <trkpt lat="41.55755" lon="8.96584"/>
            <trkpt lat="41.55745" lon="8.966"/>
            <trkpt lat="41.55737" lon="8.9662"/>
            <trkpt lat="41.55718" lon="8.96676"/>
            <trkpt lat="41.55708" lon="8.96695"/>
            <trkpt lat="41.55703" lon="8.96703"/>
            <trkpt lat="41.55694" lon="8.96711"/>
            <trkpt lat="41.55686" lon="8.96717"/>
            <trkpt lat="41.55677" lon="8.96721"/>
            <trkpt lat="41.55588" lon="8.9675"/>
            <trkpt lat="41.55554" lon="8.96756"/>
            <trkpt lat="41.55451" lon="8.9676"/>
            <trkpt lat="41.55431" lon="8.96765"/>
            <trkpt lat="41.55366" lon="8.96789"/>
            <trkpt lat="41.55348" lon="8.96799"/>
            <trkpt lat="41.55331" lon="8.96814"/>
            <trkpt lat="41.55241" lon="8.9691"/>
            <trkpt lat="41.55234" lon="8.96916"/>
            <trkpt lat="41.55226" lon="8.96921"/>
            <trkpt lat="41.55218" lon="8.96924"/>
            <trkpt lat="41.5521" lon="8.96925"/>
            <trkpt lat="41.55203" lon="8.96924"/>
            <trkpt lat="41.55195" lon="8.96921"/>
            <trkpt lat="41.55188" lon="8.96916"/>
            <trkpt lat="41.55181" lon="8.96909"/>
            <trkpt lat="41.55174" lon="8.969"/>
            <trkpt lat="41.55158" lon="8.96878"/>
            <trkpt lat="41.55152" lon="8.96872"/>
            <trkpt lat="41.55147" lon="8.96868"/>
            <trkpt lat="41.5514" lon="8.96864"/>
            <trkpt lat="41.55134" lon="8.96863"/>
            <trkpt lat="41.55128" lon="8.96863"/>
            <trkpt lat="41.55122" lon="8.96864"/>
            <trkpt lat="41.55115" lon="8.96867"/>
            <trkpt lat="41.55097" lon="8.9688"/>
            <trkpt lat="41.5507" lon="8.96906"/>
            <trkpt lat="41.55059" lon="8.96918"/>
            <trkpt lat="41.55029" lon="8.9695"/>
            <trkpt lat="41.54924" lon="8.97062"/>
            <trkpt lat="41.54905" lon="8.97077"/>
            <trkpt lat="41.54888" lon="8.97088"/>
            <trkpt lat="41.54871" lon="8.97095"/>
            <trkpt lat="41.5481" lon="8.97102"/>
            <trkpt lat="41.54762" lon="8.97106"/>
            <trkpt lat="41.54751" lon="8.97106"/>
            <trkpt lat="41.54735" lon="8.97101"/>
            <trkpt lat="41.54719" lon="8.97092"/>
            <trkpt lat="41.54707" lon="8.97083"/>
            <trkpt lat="41.54681" lon="8.97061"/>
            <trkpt lat="41.54557" lon="8.96945"/>
            <trkpt lat="41.54474" lon="8.96864"/>
            <trkpt lat="41.54431" lon="8.96825"/>
            <trkpt lat="41.54419" lon="8.96816"/>
            <trkpt lat="41.54405" lon="8.96807"/>
            <trkpt lat="41.54384" lon="8.96796"/>
            <trkpt lat="41.54373" lon="8.96791"/>
            <trkpt lat="41.54349" lon="8.96785"/>
            <trkpt lat="41.54326" lon="8.96782"/>
            <trkpt lat="41.54301" lon="8.96782"/>
            <trkpt lat="41.54272" lon="8.96786"/>
            <trkpt lat="41.54242" lon="8.96793"/>
            <trkpt lat="41.54199" lon="8.96803"/>
            <trkpt lat="41.5417" lon="8.96808"/>
            <trkpt lat="41.5416" lon="8.96809"/>
            <trkpt lat="41.5415" lon="8.96806"/>
            <trkpt lat="41.54141" lon="8.96803"/>
            <trkpt lat="41.54125" lon="8.96793"/>
            <trkpt lat="41.54106" lon="8.96774"/>
            <trkpt lat="41.54082" lon="8.96741"/>
            <trkpt lat="41.54072" lon="8.96727"/>
            <trkpt lat="41.54051" lon="8.96705"/>
            <trkpt lat="41.53981" lon="8.96648"/>
            <trkpt lat="41.53959" lon="8.96635"/>
            <trkpt lat="41.53937" lon="8.96628"/>
            <trkpt lat="41.53851" lon="8.96603"/>
            <trkpt lat="41.53839" lon="8.96598"/>
            <trkpt lat="41.53825" lon="8.96587"/>
            <trkpt lat="41.53814" lon="8.96573"/>
            <trkpt lat="41.53808" lon="8.96563"/>
            <trkpt lat="41.53793" lon="8.96525"/>
            <trkpt lat="41.53784" lon="8.96501"/>
            <trkpt lat="41.53778" lon="8.96491"/>
            <trkpt lat="41.53773" lon="8.96485"/>
            <trkpt lat="41.53773" lon="8.96484"/>
            <trkpt lat="41.53767" lon="8.96478"/>
            <trkpt lat="41.5376" lon="8.96473"/>
            <trkpt lat="41.53749" lon="8.96468"/>
            <trkpt lat="41.53727" lon="8.96461"/>
            <trkpt lat="41.53642" lon="8.96445"/>
            <trkpt lat="41.53633" lon="8.96445"/>
            <trkpt lat="41.53616" lon="8.96449"/>
            <trkpt lat="41.53609" lon="8.96452"/>
            <trkpt lat="41.53585" lon="8.96467"/>
            <trkpt lat="41.53576" lon="8.96472"/>
            <trkpt lat="41.53567" lon="8.96475"/>
            <trkpt lat="41.53559" lon="8.96476"/>
            <trkpt lat="41.53551" lon="8.96476"/>
            <trkpt lat="41.53543" lon="8.96473"/>
            <trkpt lat="41.53525" lon="8.96461"/>
            <trkpt lat="41.53377" lon="8.96348"/>
            <trkpt lat="41.5337" lon="8.96343"/>
            <trkpt lat="41.53296" lon="8.96288"/>
            <trkpt lat="41.5327" lon="8.9627"/>
            <trkpt lat="41.53238" lon="8.96255"/>
            <trkpt lat="41.53107" lon="8.96196"/>
            <trkpt lat="41.53081" lon="8.96186"/>
            <trkpt lat="41.53043" lon="8.96181"/>
            <trkpt lat="41.53015" lon="8.96179"/>
            <trkpt lat="41.53007" lon="8.96176"/>
            <trkpt lat="41.52991" lon="8.96167"/>
            <trkpt lat="41.52984" lon="8.96161"/>
            <trkpt lat="41.5298" lon="8.96157"/>
            <trkpt lat="41.52954" lon="8.96128"/>
            <trkpt lat="41.52935" lon="8.96111"/>
            <trkpt lat="41.52929" lon="8.96107"/>
            <trkpt lat="41.52915" lon="8.96102"/>
            <trkpt lat="41.52879" lon="8.96097"/>
            <trkpt lat="41.52854" lon="8.96098"/>
            <trkpt lat="41.52847" lon="8.961"/>
            <trkpt lat="41.52834" lon="8.96105"/>
            <trkpt lat="41.52832" lon="8.96107"/>
            <trkpt lat="41.5282" lon="8.96114"/>
            <trkpt lat="41.52797" lon="8.96136"/>
            <trkpt lat="41.5279" lon="8.96142"/>
            <trkpt lat="41.52781" lon="8.96146"/>
            <trkpt lat="41.52773" lon="8.96148"/>
            <trkpt lat="41.52764" lon="8.96148"/>
            <trkpt lat="41.52755" lon="8.96147"/>
            <trkpt lat="41.52747" lon="8.96142"/>
            <trkpt lat="41.5274" lon="8.96137"/>
            <trkpt lat="41.52734" lon="8.9613"/>
            <trkpt lat="41.52729" lon="8.96121"/>
            <trkpt lat="41.52707" lon="8.96097"/>
            <trkpt lat="41.5269" lon="8.96085"/>
            <trkpt lat="41.52665" lon="8.96068"/>
            <trkpt lat="41.52661" lon="8.96064"/>
            <trkpt lat="41.52653" lon="8.96055"/>
            <trkpt lat="41.5265" lon="8.9605"/>
            <trkpt lat="41.52648" lon="8.96044"/>
            <trkpt lat="41.52646" lon="8.96037"/>
            <trkpt lat="41.52646" lon="8.9603"/>
            <trkpt lat="41.52645" lon="8.9602"/>
            <trkpt lat="41.52646" lon="8.96011"/>
            <trkpt lat="41.5265" lon="8.95962"/>
            <trkpt lat="41.5265" lon="8.95934"/>
            <trkpt lat="41.52647" lon="8.95908"/>
            <trkpt lat="41.52645" lon="8.95897"/>
            <trkpt lat="41.52641" lon="8.95888"/>
            <trkpt lat="41.52635" lon="8.95877"/>
            <trkpt lat="41.52608" lon="8.95842"/>
            <trkpt lat="41.52597" lon="8.9583"/>
            <trkpt lat="41.52587" lon="8.95821"/>
            <trkpt lat="41.52571" lon="8.95812"/>
            <trkpt lat="41.52507" lon="8.95788"/>
            <trkpt lat="41.52493" lon="8.95779"/>
            <trkpt lat="41.52484" lon="8.95773"/>
            <trkpt lat="41.52467" lon="8.95756"/>
            <trkpt lat="41.52447" lon="8.9573"/>
            <trkpt lat="41.52399" lon="8.95651"/>
            <trkpt lat="41.52395" lon="8.95645"/>
            <trkpt lat="41.52391" lon="8.9564"/>
            <trkpt lat="41.52385" lon="8.95634"/>
            <trkpt lat="41.52382" lon="8.95632"/>
            <trkpt lat="41.52374" lon="8.95628"/>
            <trkpt lat="41.52369" lon="8.95627"/>
            <trkpt lat="41.52361" lon="8.95627"/>
            <trkpt lat="41.52336" lon="8.95629"/>
            <trkpt lat="41.52318" lon="8.95628"/>
            <trkpt lat="41.52306" lon="8.95621"/>
            <trkpt lat="41.52293" lon="8.95608"/>
            <trkpt lat="41.52271" lon="8.95569"/>
            <trkpt lat="41.52263" lon="8.9556"/>
            <trkpt lat="41.52242" lon="8.95546"/>
            <trkpt lat="41.52179" lon="8.95509"/>
            <trkpt lat="41.52158" lon="8.95492"/>
            <trkpt lat="41.52148" lon="8.95478"/>
            <trkpt lat="41.5214" lon="8.95462"/>
            <trkpt lat="41.52126" lon="8.95419"/>
            <trkpt lat="41.52119" lon="8.95403"/>
            <trkpt lat="41.52111" lon="8.95391"/>
            <trkpt lat="41.52071" lon="8.95341"/>
            <trkpt lat="41.52065" lon="8.95332"/>
            <trkpt lat="41.52059" lon="8.95315"/>
            <trkpt lat="41.52057" lon="8.95309"/>
            <trkpt lat="41.52056" lon="8.95302"/>
            <trkpt lat="41.52057" lon="8.95287"/>
            <trkpt lat="41.5206" lon="8.95273"/>
            <trkpt lat="41.52069" lon="8.95245"/>
            <trkpt lat="41.52079" lon="8.95216"/>
            <trkpt lat="41.52084" lon="8.95188"/>
            <trkpt lat="41.52085" lon="8.95175"/>
            <trkpt lat="41.5208" lon="8.95148"/>
            <trkpt lat="41.52074" lon="8.9513"/>
            <trkpt lat="41.52071" lon="8.95122"/>
            <trkpt lat="41.5206" lon="8.95106"/>
            <trkpt lat="41.51966" lon="8.95007"/>
            <trkpt lat="41.51958" lon="8.95"/>
            <trkpt lat="41.5195" lon="8.94996"/>
            <trkpt lat="41.51944" lon="8.94994"/>
            <trkpt lat="41.51938" lon="8.94994"/>
            <trkpt lat="41.51931" lon="8.94996"/>
            <trkpt lat="41.51868" lon="8.95024"/>
            <trkpt lat="41.51845" lon="8.95033"/>
            <trkpt lat="41.51829" lon="8.95042"/>
            <trkpt lat="41.51815" lon="8.95055"/>
            <trkpt lat="41.5173" lon="8.95148"/>
            <trkpt lat="41.51708" lon="8.95176"/>
            <trkpt lat="41.51658" lon="8.95256"/>
            <trkpt lat="41.51637" lon="8.9528"/>
            <trkpt lat="41.51615" lon="8.95311"/>
            <trkpt lat="41.51609" lon="8.95317"/>
            <trkpt lat="41.51604" lon="8.95319"/>
            <trkpt lat="41.51599" lon="8.95321"/>
            <trkpt lat="41.51595" lon="8.95322"/>
            <trkpt lat="41.51589" lon="8.95321"/>
            <trkpt lat="41.51584" lon="8.95318"/>
            <trkpt lat="41.5158" lon="8.95313"/>
            <trkpt lat="41.51576" lon="8.95307"/>
            <trkpt lat="41.51574" lon="8.95302"/>
            <trkpt lat="41.51572" lon="8.95296"/>
            <trkpt lat="41.51572" lon="8.95289"/>
            <trkpt lat="41.51572" lon="8.95284"/>
            <trkpt lat="41.51576" lon="8.95269"/>
            <trkpt lat="41.51599" lon="8.95211"/>
            <trkpt lat="41.51604" lon="8.95198"/>
            <trkpt lat="41.51607" lon="8.95184"/>
            <trkpt lat="41.51608" lon="8.95174"/>
            <trkpt lat="41.51609" lon="8.95161"/>
            <trkpt lat="41.51608" lon="8.95146"/>
            <trkpt lat="41.51599" lon="8.95092"/>
            <trkpt lat="41.51594" lon="8.95066"/>
            <trkpt lat="41.51592" lon="8.95057"/>
            <trkpt lat="41.51585" lon="8.95044"/>
            <trkpt lat="41.51579" lon="8.95036"/>
            <trkpt lat="41.51578" lon="8.95035"/>
            <trkpt lat="41.51566" lon="8.95024"/>
            <trkpt lat="41.51549" lon="8.95014"/>
            <trkpt lat="41.51534" lon="8.95009"/>
            <trkpt lat="41.51526" lon="8.95008"/>
            <trkpt lat="41.51505" lon="8.9501"/>
            <trkpt lat="41.51487" lon="8.95016"/>
            <trkpt lat="41.51469" lon="8.95028"/>
            <trkpt lat="41.51449" lon="8.95036"/>
            <trkpt lat="41.51435" lon="8.95038"/>
            <trkpt lat="41.51422" lon="8.95037"/>
            <trkpt lat="41.51404" lon="8.95032"/>
            <trkpt lat="41.51395" lon="8.95027"/>
            <trkpt lat="41.51384" lon="8.95019"/>
            <trkpt lat="41.51372" lon="8.95004"/>
            <trkpt lat="41.51366" lon="8.94994"/>
            <trkpt lat="41.51356" lon="8.94968"/>
            <trkpt lat="41.5135" lon="8.94958"/>
            <trkpt lat="41.51344" lon="8.9495"/>
            <trkpt lat="41.51338" lon="8.94943"/>
            <trkpt lat="41.51331" lon="8.94939"/>
            <trkpt lat="41.51322" lon="8.94935"/>
            <trkpt lat="41.51313" lon="8.94934"/>
            <trkpt lat="41.51303" lon="8.94935"/>
            <trkpt lat="41.51268" lon="8.94947"/>
            <trkpt lat="41.51254" lon="8.94949"/>
            <trkpt lat="41.51194" lon="8.94944"/>
            <trkpt lat="41.51166" lon="8.94946"/>
            <trkpt lat="41.51155" lon="8.94948"/>
            <trkpt lat="41.51145" lon="8.94947"/>
            <trkpt lat="41.51137" lon="8.94945"/>
            <trkpt lat="41.51128" lon="8.94941"/>
            <trkpt lat="41.51099" lon="8.94912"/>
            <trkpt lat="41.51084" lon="8.949"/>
            <trkpt lat="41.51077" lon="8.94896"/>
            <trkpt lat="41.51063" lon="8.94892"/>
            <trkpt lat="41.51044" lon="8.94891"/>
            <trkpt lat="41.51035" lon="8.94893"/>
            <trkpt lat="41.51023" lon="8.94893"/>
            <trkpt lat="41.51013" lon="8.9489"/>
            <trkpt lat="41.51005" lon="8.94885"/>
            <trkpt lat="41.51" lon="8.94881"/>
            <trkpt lat="41.50973" lon="8.94855"/>
            <trkpt lat="41.50963" lon="8.94848"/>
            <trkpt lat="41.50953" lon="8.94844"/>
            <trkpt lat="41.5093" lon="8.9484"/>
            <trkpt lat="41.50862" lon="8.9484"/>
            <trkpt lat="41.50846" lon="8.94839"/>
            <trkpt lat="41.50815" lon="8.94831"/>
            <trkpt lat="41.50755" lon="8.94809"/>
            <trkpt lat="41.5073" lon="8.94804"/>
            <trkpt lat="41.50717" lon="8.94805"/>
            <trkpt lat="41.50698" lon="8.94812"/>
            <trkpt lat="41.50677" lon="8.94826"/>
            <trkpt lat="41.50635" lon="8.94872"/>
            <trkpt lat="41.50618" lon="8.9489"/>
            <trkpt lat="41.50599" lon="8.94913"/>
            <trkpt lat="41.50591" lon="8.94925"/>
            <trkpt lat="41.5058" lon="8.94944"/>
            <trkpt lat="41.50566" lon="8.94977"/>
            <trkpt lat="41.50553" lon="8.9501"/>
            <trkpt lat="41.50542" lon="8.95032"/>
            <trkpt lat="41.50536" lon="8.95038"/>
            <trkpt lat="41.50529" lon="8.95042"/>
            <trkpt lat="41.50521" lon="8.95046"/>
            <trkpt lat="41.50497" lon="8.95047"/>
            <trkpt lat="41.50486" lon="8.95045"/>
            <trkpt lat="41.50465" lon="8.95036"/>
            <trkpt lat="41.50459" lon="8.95031"/>
            <trkpt lat="41.50453" lon="8.95026"/>
            <trkpt lat="41.50431" lon="8.95"/>
            <trkpt lat="41.50423" lon="8.94994"/>
            <trkpt lat="41.5039" lon="8.94975"/>
            <trkpt lat="41.50358" lon="8.94957"/>
            <trkpt lat="41.50338" lon="8.94941"/>
            <trkpt lat="41.50293" lon="8.94897"/>
            <trkpt lat="41.50263" lon="8.94873"/>
            <trkpt lat="41.50228" lon="8.94851"/>
            <trkpt lat="41.5019" lon="8.94821"/>
            <trkpt lat="41.50177" lon="8.94814"/>
            <trkpt lat="41.50164" lon="8.94809"/>
            <trkpt lat="41.50137" lon="8.94803"/>
            <trkpt lat="41.50133" lon="8.94803"/>
            <trkpt lat="41.50127" lon="8.94803"/>
            <trkpt lat="41.5012" lon="8.94804"/>
            <trkpt lat="41.50113" lon="8.94806"/>
            <trkpt lat="41.50107" lon="8.94811"/>
            <trkpt lat="41.50096" lon="8.94822"/>
            <trkpt lat="41.50091" lon="8.94831"/>
            <trkpt lat="41.50081" lon="8.94848"/>
            <trkpt lat="41.50076" lon="8.94857"/>
            <trkpt lat="41.50069" lon="8.94864"/>
            <trkpt lat="41.50062" lon="8.94869"/>
            <trkpt lat="41.50052" lon="8.94872"/>
            <trkpt lat="41.5003" lon="8.94875"/>
            <trkpt lat="41.49984" lon="8.94886"/>
            <trkpt lat="41.49974" lon="8.94886"/>
            <trkpt lat="41.49965" lon="8.94884"/>
            <trkpt lat="41.4993" lon="8.94867"/>
            <trkpt lat="41.49922" lon="8.94865"/>
            <trkpt lat="41.4991" lon="8.94863"/>
            <trkpt lat="41.49898" lon="8.94864"/>
            <trkpt lat="41.49831" lon="8.94881"/>
            <trkpt lat="41.49811" lon="8.94885"/>
            <trkpt lat="41.49806" lon="8.94887"/>
            <trkpt lat="41.49797" lon="8.94891"/>
            <trkpt lat="41.49793" lon="8.94895"/>
            <trkpt lat="41.49788" lon="8.94901"/>
            <trkpt lat="41.49786" lon="8.94903"/>
            <trkpt lat="41.49781" lon="8.94917"/>
            <trkpt lat="41.49777" lon="8.94936"/>
            <trkpt lat="41.49776" lon="8.94951"/>
            <trkpt lat="41.49776" lon="8.94956"/>
            <trkpt lat="41.49778" lon="8.94968"/>
            <trkpt lat="41.49778" lon="8.9497"/>
            <trkpt lat="41.49781" lon="8.94979"/>
            <trkpt lat="41.49783" lon="8.94984"/>
            <trkpt lat="41.49786" lon="8.94991"/>
            <trkpt lat="41.49789" lon="8.94995"/>
            <trkpt lat="41.4981" lon="8.95019"/>
            <trkpt lat="41.49812" lon="8.95022"/>
            <trkpt lat="41.49816" lon="8.9503"/>
            <trkpt lat="41.49825" lon="8.95064"/>
            <trkpt lat="41.49833" lon="8.95083"/>
            <trkpt lat="41.49839" lon="8.95095"/>
            <trkpt lat="41.49853" lon="8.95118"/>
            <trkpt lat="41.49857" lon="8.95126"/>
            <trkpt lat="41.49858" lon="8.95128"/>
            <trkpt lat="41.49859" lon="8.95132"/>
            <trkpt lat="41.49861" lon="8.95139"/>
            <trkpt lat="41.49861" lon="8.95145"/>
            <trkpt lat="41.49861" lon="8.9515"/>
            <trkpt lat="41.4986" lon="8.95156"/>
            <trkpt lat="41.49858" lon="8.95164"/>
            <trkpt lat="41.49855" lon="8.95173"/>
            <trkpt lat="41.49853" lon="8.95182"/>
            <trkpt lat="41.49852" lon="8.95192"/>
            <trkpt lat="41.49854" lon="8.95245"/>
            <trkpt lat="41.49853" lon="8.95249"/>
            <trkpt lat="41.49852" lon="8.95255"/>
            <trkpt lat="41.49849" lon="8.95259"/>
            <trkpt lat="41.49846" lon="8.95262"/>
            <trkpt lat="41.49844" lon="8.95264"/>
            <trkpt lat="41.49839" lon="8.95266"/>
            <trkpt lat="41.49835" lon="8.95266"/>
            <trkpt lat="41.49823" lon="8.95266"/>
            <trkpt lat="41.4979" lon="8.95266"/>
            <trkpt lat="41.49767" lon="8.95267"/>
            <trkpt lat="41.49759" lon="8.9527"/>
            <trkpt lat="41.49752" lon="8.95274"/>
            <trkpt lat="41.49744" lon="8.9528"/>
            <trkpt lat="41.49729" lon="8.95292"/>
            <trkpt lat="41.49726" lon="8.95293"/>
            <trkpt lat="41.49718" lon="8.95296"/>
            <trkpt lat="41.49714" lon="8.95297"/>
            <trkpt lat="41.49679" lon="8.95293"/>
            <trkpt lat="41.49657" lon="8.95295"/>
            <trkpt lat="41.4965" lon="8.95297"/>
            <trkpt lat="41.49643" lon="8.95301"/>
            <trkpt lat="41.49639" lon="8.95304"/>
            <trkpt lat="41.49636" lon="8.95308"/>
            <trkpt lat="41.49632" lon="8.95314"/>
            <trkpt lat="41.4963" lon="8.95324"/>
            <trkpt lat="41.49629" lon="8.95335"/>
            <trkpt lat="41.49629" lon="8.95337"/>
            <trkpt lat="41.49633" lon="8.95375"/>
            <trkpt lat="41.49642" lon="8.95427"/>
            <trkpt lat="41.49651" lon="8.95461"/>
            <trkpt lat="41.49668" lon="8.95502"/>
            <trkpt lat="41.49696" lon="8.95554"/>
            <trkpt lat="41.49705" lon="8.95579"/>
            <trkpt lat="41.49706" lon="8.95585"/>
            <trkpt lat="41.49708" lon="8.95601"/>
            <trkpt lat="41.49708" lon="8.95606"/>
            <trkpt lat="41.49706" lon="8.95611"/>
            <trkpt lat="41.49705" lon="8.95616"/>
            <trkpt lat="41.49702" lon="8.95623"/>
            <trkpt lat="41.49644" lon="8.95695"/>
            <trkpt lat="41.49639" lon="8.957"/>
            <trkpt lat="41.49635" lon="8.95703"/>
            <trkpt lat="41.49631" lon="8.95705"/>
            <trkpt lat="41.49626" lon="8.95705"/>
            <trkpt lat="41.49617" lon="8.95704"/>
            <trkpt lat="41.49541" lon="8.95676"/>
            <trkpt lat="41.49517" lon="8.95673"/>
            <trkpt lat="41.49483" lon="8.95672"/>
            <trkpt lat="41.49467" lon="8.95673"/>
            <trkpt lat="41.49462" lon="8.95675"/>
            <trkpt lat="41.49459" lon="8.95677"/>
            <trkpt lat="41.49456" lon="8.95681"/>
            <trkpt lat="41.49453" lon="8.95686"/>
            <trkpt lat="41.49451" lon="8.95692"/>
            <trkpt lat="41.49449" lon="8.95701"/>
            <trkpt lat="41.49451" lon="8.95734"/>
            <trkpt lat="41.49459" lon="8.95798"/>
            <trkpt lat="41.49459" lon="8.95822"/>
            <trkpt lat="41.49458" lon="8.95828"/>
            <trkpt lat="41.49455" lon="8.95838"/>
            <trkpt lat="41.49453" lon="8.95842"/>
            <trkpt lat="41.49451" lon="8.95846"/>
            <trkpt lat="41.49444" lon="8.95852"/>
            <trkpt lat="41.49421" lon="8.95865"/>
            <trkpt lat="41.49408" lon="8.95875"/>
            <trkpt lat="41.49403" lon="8.9588"/>
            <trkpt lat="41.49399" lon="8.95886"/>
            <trkpt lat="41.49396" lon="8.95894"/>
            <trkpt lat="41.49395" lon="8.959"/>
            <trkpt lat="41.49395" lon="8.95906"/>
            <trkpt lat="41.49398" lon="8.95921"/>
            <trkpt lat="41.49409" lon="8.9595"/>
            <trkpt lat="41.49436" lon="8.95997"/>
            <trkpt lat="41.49449" lon="8.96016"/>
            <trkpt lat="41.49488" lon="8.96105"/>
            <trkpt lat="41.49494" lon="8.96116"/>
            <trkpt lat="41.49499" lon="8.96123"/>
            <trkpt lat="41.49511" lon="8.96137"/>
            <trkpt lat="41.49524" lon="8.96146"/>
            <trkpt lat="41.4953" lon="8.9615"/>
            <trkpt lat="41.49539" lon="8.96154"/>
            <trkpt lat="41.49565" lon="8.96161"/>
            <trkpt lat="41.49575" lon="8.96165"/>
            <trkpt lat="41.49603" lon="8.96184"/>
            <trkpt lat="41.49609" lon="8.96188"/>
            <trkpt lat="41.49637" lon="8.96199"/>
            <trkpt lat="41.49647" lon="8.96205"/>
            <trkpt lat="41.4965" lon="8.96209"/>
            <trkpt lat="41.49653" lon="8.96214"/>
            <trkpt lat="41.49655" lon="8.96222"/>
            <trkpt lat="41.49657" lon="8.96229"/>
            <trkpt lat="41.49657" lon="8.96236"/>
            <trkpt lat="41.49657" lon="8.96242"/>
            <trkpt lat="41.49655" lon="8.96247"/>
            <trkpt lat="41.49652" lon="8.96255"/>
            <trkpt lat="41.49645" lon="8.96262"/>
            <trkpt lat="41.49642" lon="8.96264"/>
            <trkpt lat="41.49637" lon="8.96268"/>
            <trkpt lat="41.4963" lon="8.96269"/>
            <trkpt lat="41.49606" lon="8.96274"/>
            <trkpt lat="41.49596" lon="8.96278"/>
            <trkpt lat="41.49591" lon="8.96282"/>
            <trkpt lat="41.49588" lon="8.96286"/>
            <trkpt lat="41.49586" lon="8.96289"/>
            <trkpt lat="41.49584" lon="8.96294"/>
            <trkpt lat="41.49583" lon="8.963"/>
            <trkpt lat="41.49583" lon="8.96308"/>
            <trkpt lat="41.49584" lon="8.96318"/>
            <trkpt lat="41.49588" lon="8.96348"/>
            <trkpt lat="41.49588" lon="8.96353"/>
            <trkpt lat="41.49587" lon="8.96366"/>
            <trkpt lat="41.49585" lon="8.96373"/>
            <trkpt lat="41.49583" lon="8.96378"/>
            <trkpt lat="41.49561" lon="8.9641"/>
            <trkpt lat="41.49556" lon="8.96421"/>
            <trkpt lat="41.49552" lon="8.96436"/>
            <trkpt lat="41.4955" lon="8.96445"/>
            <trkpt lat="41.4955" lon="8.96453"/>
            <trkpt lat="41.4955" lon="8.96472"/>
            <trkpt lat="41.49552" lon="8.96484"/>
            <trkpt lat="41.49553" lon="8.96493"/>
            <trkpt lat="41.49586" lon="8.96625"/>
            <trkpt lat="41.49589" lon="8.96651"/>
            <trkpt lat="41.49599" lon="8.96772"/>
            <trkpt lat="41.49598" lon="8.96797"/>
            <trkpt lat="41.49593" lon="8.96828"/>
            <trkpt lat="41.49589" lon="8.96842"/>
            <trkpt lat="41.49579" lon="8.96868"/>
            <trkpt lat="41.49556" lon="8.96908"/>
            <trkpt lat="41.49547" lon="8.9692"/>
            <trkpt lat="41.49543" lon="8.96924"/>
            <trkpt lat="41.49534" lon="8.96931"/>
            <trkpt lat="41.49523" lon="8.96935"/>
            <trkpt lat="41.49492" lon="8.96941"/>
            <trkpt lat="41.49476" lon="8.96947"/>
            <trkpt lat="41.49464" lon="8.96955"/>
            <trkpt lat="41.49457" lon="8.9696"/>
            <trkpt lat="41.49432" lon="8.96986"/>
            <trkpt lat="41.49422" lon="8.96998"/>
            <trkpt lat="41.49422" lon="8.96999"/>
            <trkpt lat="41.49409" lon="8.97021"/>
            <trkpt lat="41.49404" lon="8.97027"/>
            <trkpt lat="41.49399" lon="8.97032"/>
            <trkpt lat="41.49392" lon="8.97036"/>
            <trkpt lat="41.49382" lon="8.97041"/>
            <trkpt lat="41.49376" lon="8.97042"/>
            <trkpt lat="41.49371" lon="8.97041"/>
            <trkpt lat="41.49362" lon="8.9704"/>
            <trkpt lat="41.49326" lon="8.97034"/>
            <trkpt lat="41.49321" lon="8.97034"/>
            <trkpt lat="41.49308" lon="8.97035"/>
            <trkpt lat="41.49283" lon="8.9704"/>
            <trkpt lat="41.49184" lon="8.97057"/>
            <trkpt lat="41.49067" lon="8.97077"/>
            <trkpt lat="41.49052" lon="8.97083"/>
            <trkpt lat="41.49047" lon="8.97085"/>
            <trkpt lat="41.49042" lon="8.9709"/>
            <trkpt lat="41.49028" lon="8.97108"/>
            <trkpt lat="41.49014" lon="8.97139"/>
            <trkpt lat="41.49004" lon="8.97169"/>
            <trkpt lat="41.48998" lon="8.97192"/>
            <trkpt lat="41.48988" lon="8.97247"/>
            <trkpt lat="41.48985" lon="8.97272"/>
            <trkpt lat="41.48987" lon="8.97303"/>
            <trkpt lat="41.48996" lon="8.9738"/>
            <trkpt lat="41.49002" lon="8.97403"/>
            <trkpt lat="41.49019" lon="8.97436"/>
            <trkpt lat="41.49063" lon="8.975"/>
            <trkpt lat="41.49071" lon="8.97515"/>
            <trkpt lat="41.4908" lon="8.97538"/>
            <trkpt lat="41.49084" lon="8.9755"/>
            <trkpt lat="41.49088" lon="8.97581"/>
            <trkpt lat="41.49088" lon="8.97603"/>
            <trkpt lat="41.49093" lon="8.97716"/>
            <trkpt lat="41.49094" lon="8.97739"/>
            <trkpt lat="41.491" lon="8.97764"/>
            <trkpt lat="41.49225" lon="8.98126"/>
            <trkpt lat="41.4942" lon="8.98682"/>
            <trkpt lat="41.49443" lon="8.98747"/>
            <trkpt lat="41.49484" lon="8.98866"/>
            <trkpt lat="41.49499" lon="8.98905"/>
            <trkpt lat="41.49616" lon="8.99172"/>
            <trkpt lat="41.49642" lon="8.99229"/>
            <trkpt lat="41.4968" lon="8.99322"/>
            <trkpt lat="41.49699" lon="8.99383"/>
            <trkpt lat="41.49707" lon="8.99414"/>
            <trkpt lat="41.49708" lon="8.99422"/>
            <trkpt lat="41.49722" lon="8.99479"/>
            <trkpt lat="41.49725" lon="8.99494"/>
            <trkpt lat="41.49752" lon="8.99591"/>
            <trkpt lat="41.49755" lon="8.99598"/>
            <trkpt lat="41.49784" lon="8.99705"/>
            <trkpt lat="41.49814" lon="8.9982"/>
            <trkpt lat="41.4987" lon="9.00031"/>
            <trkpt lat="41.49888" lon="9.00095"/>
            <trkpt lat="41.49988" lon="9.00445"/>
            <trkpt lat="41.49997" lon="9.00479"/>
            <trkpt lat="41.50026" lon="9.00577"/>
            <trkpt lat="41.50042" lon="9.00634"/>
            <trkpt lat="41.50052" lon="9.00668"/>
            <trkpt lat="41.5008" lon="9.00747"/>
            <trkpt lat="41.50124" lon="9.00858"/>
            <trkpt lat="41.50132" lon="9.00879"/>
            <trkpt lat="41.50142" lon="9.00905"/>
            <trkpt lat="41.50167" lon="9.0097"/>
            <trkpt lat="41.50182" lon="9.01019"/>
            <trkpt lat="41.50229" lon="9.01184"/>
            <trkpt lat="41.50259" lon="9.01293"/>
            <trkpt lat="41.50265" lon="9.01329"/>
            <trkpt lat="41.50268" lon="9.01352"/>
            <trkpt lat="41.50269" lon="9.01383"/>
            <trkpt lat="41.50268" lon="9.01405"/>
            <trkpt lat="41.50262" lon="9.01446"/>
            <trkpt lat="41.50257" lon="9.01475"/>
            <trkpt lat="41.50229" lon="9.01587"/>
            <trkpt lat="41.50223" lon="9.01623"/>
            <trkpt lat="41.50222" lon="9.01653"/>
            <trkpt lat="41.50225" lon="9.01749"/>
            <trkpt lat="41.50227" lon="9.01789"/>
            <trkpt lat="41.50249" lon="9.02241"/>
            <trkpt lat="41.50255" lon="9.02354"/>
            <trkpt lat="41.50262" lon="9.02501"/>
            <trkpt lat="41.50264" lon="9.02574"/>
            <trkpt lat="41.50256" lon="9.02671"/>
            <trkpt lat="41.50253" lon="9.02716"/>
            <trkpt lat="41.5023" lon="9.03019"/>
            <trkpt lat="41.50229" lon="9.03035"/>
            <trkpt lat="41.50227" lon="9.03061"/>
            <trkpt lat="41.50224" lon="9.03076"/>
            <trkpt lat="41.50221" lon="9.03101"/>
            <trkpt lat="41.50211" lon="9.03138"/>
            <trkpt lat="41.50207" lon="9.03153"/>
            <trkpt lat="41.50172" lon="9.03234"/>
            <trkpt lat="41.49825" lon="9.03982"/>
            <trkpt lat="41.49749" lon="9.04144"/>
            <trkpt lat="41.49723" lon="9.04202"/>
            <trkpt lat="41.49715" lon="9.0422"/>
            <trkpt lat="41.49706" lon="9.04247"/>
            <trkpt lat="41.49702" lon="9.04264"/>
            <trkpt lat="41.49702" lon="9.04267"/>
            <trkpt lat="41.49697" lon="9.04303"/>
            <trkpt lat="41.4969" lon="9.04412"/>
            <trkpt lat="41.49689" lon="9.04431"/>
            <trkpt lat="41.49688" lon="9.04459"/>
            <trkpt lat="41.49682" lon="9.04558"/>
            <trkpt lat="41.49671" lon="9.04753"/>
            <trkpt lat="41.49663" lon="9.04877"/>
            <trkpt lat="41.4966" lon="9.04907"/>
            <trkpt lat="41.49655" lon="9.04929"/>
            <trkpt lat="41.49653" lon="9.04935"/>
            <trkpt lat="41.4965" lon="9.04944"/>
            <trkpt lat="41.49638" lon="9.04968"/>
            <trkpt lat="41.49628" lon="9.04981"/>
            <trkpt lat="41.49509" lon="9.05114"/>
            <trkpt lat="41.49488" lon="9.05137"/>
            <trkpt lat="41.49478" lon="9.05147"/>
            <trkpt lat="41.49461" lon="9.05164"/>
            <trkpt lat="41.49447" lon="9.05178"/>
            <trkpt lat="41.49437" lon="9.05184"/>
            <trkpt lat="41.49426" lon="9.05188"/>
            <trkpt lat="41.49408" lon="9.05192"/>
            <trkpt lat="41.49402" lon="9.05192"/>
            <trkpt lat="41.49394" lon="9.05191"/>
            <trkpt lat="41.49381" lon="9.05188"/>
            <trkpt lat="41.49365" lon="9.05181"/>
        </trkseg>
    </trk>
</gpx>
