<?xml version="1.0" encoding="UTF-8" standalone="yes"?>
<gpx xmlns="http://www.topografix.com/GPX/1/1" xmlns:tt="TT" version="1.1" creator="TomTom MyDrive">
    <wpt lat="41.4937" lon="9.0516">
        <type>TT_HARD</type>
    </wpt>
    <wpt lat="41.711692" lon="8.799882">
        <type>TT_HARD</type>
    </wpt>
    <wpt lat="41.629658" lon="8.8149">
        <type>TT_HARD</type>
    </wpt>
    <wpt lat="41.495929" lon="8.934958">
        <type>TT_HARD</type>
    </wpt>
    <rte>
        <name>2 agosto</name>
        <rtept lat="41.4937" lon="9.0516">
            <type>TT_HARD</type>
        </rtept>
        <rtept lat="41.711692" lon="8.799882">
            <type>TT_HARD</type>
        </rtept>
        <rtept lat="41.629658" lon="8.8149">
            <type>TT_HARD</type>
        </rtept>
        <rtept lat="41.495929" lon="8.934958">
            <type>TT_HARD</type>
        </rtept>
    </rte>
    <trk>
        <name>2 agosto</name>
        <trkseg>
            <trkpt lat="41.49365" lon="9.05181"/>
            <trkpt lat="41.49381" lon="9.05188"/>
            <trkpt lat="41.49394" lon="9.05191"/>
            <trkpt lat="41.49402" lon="9.05192"/>
            <trkpt lat="41.49408" lon="9.05192"/>
            <trkpt lat="41.49426" lon="9.05188"/>
            <trkpt lat="41.49437" lon="9.05184"/>
            <trkpt lat="41.49447" lon="9.05178"/>
            <trkpt lat="41.49461" lon="9.05164"/>
            <trkpt lat="41.49478" lon="9.05147"/>
            <trkpt lat="41.49488" lon="9.05137"/>
            <trkpt lat="41.49509" lon="9.05114"/>
            <trkpt lat="41.49628" lon="9.04981"/>
            <trkpt lat="41.49638" lon="9.04968"/>
            <trkpt lat="41.4965" lon="9.04944"/>
            <trkpt lat="41.49653" lon="9.04935"/>
            <trkpt lat="41.49655" lon="9.04929"/>
            <trkpt lat="41.4966" lon="9.04907"/>
            <trkpt lat="41.49663" lon="9.04877"/>
            <trkpt lat="41.49671" lon="9.04753"/>
            <trkpt lat="41.49682" lon="9.04558"/>
            <trkpt lat="41.49688" lon="9.04459"/>
            <trkpt lat="41.49689" lon="9.04431"/>
            <trkpt lat="41.4969" lon="9.04412"/>
            <trkpt lat="41.49697" lon="9.04303"/>
            <trkpt lat="41.49702" lon="9.04267"/>
            <trkpt lat="41.49702" lon="9.04264"/>
            <trkpt lat="41.49706" lon="9.04247"/>
            <trkpt lat="41.49715" lon="9.0422"/>
            <trkpt lat="41.49723" lon="9.04202"/>
            <trkpt lat="41.49749" lon="9.04144"/>
            <trkpt lat="41.49825" lon="9.03982"/>
            <trkpt lat="41.50172" lon="9.03234"/>
            <trkpt lat="41.50207" lon="9.03153"/>
            <trkpt lat="41.50211" lon="9.03138"/>
            <trkpt lat="41.50221" lon="9.03101"/>
            <trkpt lat="41.50224" lon="9.03076"/>
            <trkpt lat="41.50227" lon="9.03061"/>
            <trkpt lat="41.50229" lon="9.03035"/>
            <trkpt lat="41.5023" lon="9.03019"/>
            <trkpt lat="41.50253" lon="9.02716"/>
            <trkpt lat="41.50256" lon="9.02671"/>
            <trkpt lat="41.50264" lon="9.02574"/>
            <trkpt lat="41.50262" lon="9.02501"/>
            <trkpt lat="41.50255" lon="9.02354"/>
            <trkpt lat="41.50249" lon="9.02241"/>
            <trkpt lat="41.50227" lon="9.01789"/>
            <trkpt lat="41.50225" lon="9.01749"/>
            <trkpt lat="41.50222" lon="9.01653"/>
            <trkpt lat="41.50223" lon="9.01623"/>
            <trkpt lat="41.50229" lon="9.01587"/>
            <trkpt lat="41.50257" lon="9.01475"/>
            <trkpt lat="41.50262" lon="9.01446"/>
            <trkpt lat="41.50268" lon="9.01405"/>
            <trkpt lat="41.50269" lon="9.01383"/>
            <trkpt lat="41.50268" lon="9.01352"/>
            <trkpt lat="41.50265" lon="9.01329"/>
            <trkpt lat="41.50259" lon="9.01293"/>
            <trkpt lat="41.50229" lon="9.01184"/>
            <trkpt lat="41.50182" lon="9.01019"/>
            <trkpt lat="41.50167" lon="9.0097"/>
            <trkpt lat="41.50142" lon="9.00905"/>
            <trkpt lat="41.50132" lon="9.00879"/>
            <trkpt lat="41.50124" lon="9.00858"/>
            <trkpt lat="41.5008" lon="9.00747"/>
            <trkpt lat="41.50052" lon="9.00668"/>
            <trkpt lat="41.50042" lon="9.00634"/>
            <trkpt lat="41.50026" lon="9.00577"/>
            <trkpt lat="41.49997" lon="9.00479"/>
            <trkpt lat="41.49988" lon="9.00445"/>
            <trkpt lat="41.49888" lon="9.00095"/>
            <trkpt lat="41.4987" lon="9.00031"/>
            <trkpt lat="41.49814" lon="8.9982"/>
            <trkpt lat="41.49784" lon="8.99705"/>
            <trkpt lat="41.49755" lon="8.99598"/>
            <trkpt lat="41.49756" lon="8.99589"/>
            <trkpt lat="41.49735" lon="8.99504"/>
            <trkpt lat="41.49731" lon="8.9949"/>
            <trkpt lat="41.49727" lon="8.99475"/>
            <trkpt lat="41.49711" lon="8.99421"/>
            <trkpt lat="41.49707" lon="8.99414"/>
            <trkpt lat="41.49699" lon="8.99383"/>
            <trkpt lat="41.4968" lon="8.99322"/>
            <trkpt lat="41.49642" lon="8.99229"/>
            <trkpt lat="41.49616" lon="8.99172"/>
            <trkpt lat="41.49499" lon="8.98905"/>
            <trkpt lat="41.49484" lon="8.98866"/>
            <trkpt lat="41.49443" lon="8.98747"/>
            <trkpt lat="41.4942" lon="8.98682"/>
            <trkpt lat="41.49225" lon="8.98126"/>
            <trkpt lat="41.491" lon="8.97764"/>
            <trkpt lat="41.49094" lon="8.97739"/>
            <trkpt lat="41.49093" lon="8.97716"/>
            <trkpt lat="41.49088" lon="8.97603"/>
            <trkpt lat="41.49088" lon="8.97581"/>
            <trkpt lat="41.49084" lon="8.9755"/>
            <trkpt lat="41.4908" lon="8.97538"/>
            <trkpt lat="41.49071" lon="8.97515"/>
            <trkpt lat="41.49063" lon="8.975"/>
            <trkpt lat="41.49019" lon="8.97436"/>
            <trkpt lat="41.49002" lon="8.97403"/>
            <trkpt lat="41.48996" lon="8.9738"/>
            <trkpt lat="41.48987" lon="8.97303"/>
            <trkpt lat="41.48985" lon="8.97272"/>
            <trkpt lat="41.48988" lon="8.97247"/>
            <trkpt lat="41.48998" lon="8.97192"/>
            <trkpt lat="41.49004" lon="8.97169"/>
            <trkpt lat="41.49014" lon="8.97139"/>
            <trkpt lat="41.49028" lon="8.97108"/>
            <trkpt lat="41.49042" lon="8.9709"/>
            <trkpt lat="41.49047" lon="8.97085"/>
            <trkpt lat="41.49052" lon="8.97083"/>
            <trkpt lat="41.49067" lon="8.97077"/>
            <trkpt lat="41.49184" lon="8.97057"/>
            <trkpt lat="41.49283" lon="8.9704"/>
            <trkpt lat="41.49308" lon="8.97035"/>
            <trkpt lat="41.49321" lon="8.97034"/>
            <trkpt lat="41.49326" lon="8.97034"/>
            <trkpt lat="41.49362" lon="8.9704"/>
            <trkpt lat="41.49371" lon="8.97041"/>
            <trkpt lat="41.49376" lon="8.97042"/>
            <trkpt lat="41.49382" lon="8.97041"/>
            <trkpt lat="41.49392" lon="8.97036"/>
            <trkpt lat="41.49399" lon="8.97032"/>
            <trkpt lat="41.49404" lon="8.97027"/>
            <trkpt lat="41.49409" lon="8.97021"/>
            <trkpt lat="41.49422" lon="8.96999"/>
            <trkpt lat="41.49422" lon="8.96998"/>
            <trkpt lat="41.49432" lon="8.96986"/>
            <trkpt lat="41.49457" lon="8.9696"/>
            <trkpt lat="41.49464" lon="8.96955"/>
            <trkpt lat="41.49476" lon="8.96947"/>
            <trkpt lat="41.49492" lon="8.96941"/>
            <trkpt lat="41.49523" lon="8.96935"/>
            <trkpt lat="41.49534" lon="8.96931"/>
            <trkpt lat="41.49543" lon="8.96924"/>
            <trkpt lat="41.49547" lon="8.9692"/>
            <trkpt lat="41.49556" lon="8.96908"/>
            <trkpt lat="41.49579" lon="8.96868"/>
            <trkpt lat="41.49589" lon="8.96842"/>
            <trkpt lat="41.49593" lon="8.96828"/>
            <trkpt lat="41.49598" lon="8.96797"/>
            <trkpt lat="41.49599" lon="8.96772"/>
            <trkpt lat="41.49589" lon="8.96651"/>
            <trkpt lat="41.49586" lon="8.96625"/>
            <trkpt lat="41.49553" lon="8.96493"/>
            <trkpt lat="41.49552" lon="8.96484"/>
            <trkpt lat="41.4955" lon="8.96472"/>
            <trkpt lat="41.4955" lon="8.96453"/>
            <trkpt lat="41.4955" lon="8.96445"/>
            <trkpt lat="41.49552" lon="8.96436"/>
            <trkpt lat="41.49556" lon="8.96421"/>
            <trkpt lat="41.49561" lon="8.9641"/>
            <trkpt lat="41.49583" lon="8.96378"/>
            <trkpt lat="41.49585" lon="8.96373"/>
            <trkpt lat="41.49587" lon="8.96366"/>
            <trkpt lat="41.49588" lon="8.96353"/>
            <trkpt lat="41.49588" lon="8.96348"/>
            <trkpt lat="41.49584" lon="8.96318"/>
            <trkpt lat="41.49583" lon="8.96308"/>
            <trkpt lat="41.49583" lon="8.963"/>
            <trkpt lat="41.49584" lon="8.96294"/>
            <trkpt lat="41.49586" lon="8.96289"/>
            <trkpt lat="41.49588" lon="8.96286"/>
            <trkpt lat="41.49591" lon="8.96282"/>
            <trkpt lat="41.49596" lon="8.96278"/>
            <trkpt lat="41.49606" lon="8.96274"/>
            <trkpt lat="41.4963" lon="8.96269"/>
            <trkpt lat="41.49637" lon="8.96268"/>
            <trkpt lat="41.49642" lon="8.96264"/>
            <trkpt lat="41.49645" lon="8.96262"/>
            <trkpt lat="41.49652" lon="8.96255"/>
            <trkpt lat="41.49655" lon="8.96247"/>
            <trkpt lat="41.49657" lon="8.96242"/>
            <trkpt lat="41.49657" lon="8.96236"/>
            <trkpt lat="41.49657" lon="8.96229"/>
            <trkpt lat="41.49655" lon="8.96222"/>
            <trkpt lat="41.49653" lon="8.96214"/>
            <trkpt lat="41.4965" lon="8.96209"/>
            <trkpt lat="41.49647" lon="8.96205"/>
            <trkpt lat="41.49637" lon="8.96199"/>
            <trkpt lat="41.49609" lon="8.96188"/>
            <trkpt lat="41.49603" lon="8.96184"/>
            <trkpt lat="41.49575" lon="8.96165"/>
            <trkpt lat="41.49565" lon="8.96161"/>
            <trkpt lat="41.49539" lon="8.96154"/>
            <trkpt lat="41.4953" lon="8.9615"/>
            <trkpt lat="41.49524" lon="8.96146"/>
            <trkpt lat="41.49511" lon="8.96137"/>
            <trkpt lat="41.49499" lon="8.96123"/>
            <trkpt lat="41.49494" lon="8.96116"/>
            <trkpt lat="41.49488" lon="8.96105"/>
            <trkpt lat="41.49449" lon="8.96016"/>
            <trkpt lat="41.49436" lon="8.95997"/>
            <trkpt lat="41.49409" lon="8.9595"/>
            <trkpt lat="41.49398" lon="8.95921"/>
            <trkpt lat="41.49395" lon="8.95906"/>
            <trkpt lat="41.49395" lon="8.959"/>
            <trkpt lat="41.49396" lon="8.95894"/>
            <trkpt lat="41.49399" lon="8.95886"/>
            <trkpt lat="41.49403" lon="8.9588"/>
            <trkpt lat="41.49408" lon="8.95875"/>
            <trkpt lat="41.49421" lon="8.95865"/>
            <trkpt lat="41.49444" lon="8.95852"/>
            <trkpt lat="41.49451" lon="8.95846"/>
            <trkpt lat="41.49453" lon="8.95842"/>
            <trkpt lat="41.49455" lon="8.95838"/>
            <trkpt lat="41.49458" lon="8.95828"/>
            <trkpt lat="41.49459" lon="8.95822"/>
            <trkpt lat="41.49459" lon="8.95798"/>
            <trkpt lat="41.49451" lon="8.95734"/>
            <trkpt lat="41.49449" lon="8.95701"/>
            <trkpt lat="41.49451" lon="8.95692"/>
            <trkpt lat="41.49453" lon="8.95686"/>
            <trkpt lat="41.49456" lon="8.95681"/>
            <trkpt lat="41.49459" lon="8.95677"/>
            <trkpt lat="41.49462" lon="8.95675"/>
            <trkpt lat="41.49467" lon="8.95673"/>
            <trkpt lat="41.49483" lon="8.95672"/>
            <trkpt lat="41.49517" lon="8.95673"/>
            <trkpt lat="41.49541" lon="8.95676"/>
            <trkpt lat="41.49617" lon="8.95704"/>
            <trkpt lat="41.49626" lon="8.95705"/>
            <trkpt lat="41.49631" lon="8.95705"/>
            <trkpt lat="41.49635" lon="8.95703"/>
            <trkpt lat="41.49639" lon="8.957"/>
            <trkpt lat="41.49644" lon="8.95695"/>
            <trkpt lat="41.49702" lon="8.95623"/>
            <trkpt lat="41.49705" lon="8.95616"/>
            <trkpt lat="41.49706" lon="8.95611"/>
            <trkpt lat="41.49708" lon="8.95606"/>
            <trkpt lat="41.49708" lon="8.95601"/>
            <trkpt lat="41.49706" lon="8.95585"/>
            <trkpt lat="41.49705" lon="8.95579"/>
            <trkpt lat="41.49696" lon="8.95554"/>
            <trkpt lat="41.49668" lon="8.95502"/>
            <trkpt lat="41.49651" lon="8.95461"/>
            <trkpt lat="41.49642" lon="8.95427"/>
            <trkpt lat="41.49633" lon="8.95375"/>
            <trkpt lat="41.49629" lon="8.95337"/>
            <trkpt lat="41.49629" lon="8.95335"/>
            <trkpt lat="41.4963" lon="8.95324"/>
            <trkpt lat="41.49632" lon="8.95314"/>
            <trkpt lat="41.49636" lon="8.95308"/>
            <trkpt lat="41.49639" lon="8.95304"/>
            <trkpt lat="41.49643" lon="8.95301"/>
            <trkpt lat="41.4965" lon="8.95297"/>
            <trkpt lat="41.49657" lon="8.95295"/>
            <trkpt lat="41.49679" lon="8.95293"/>
            <trkpt lat="41.49714" lon="8.95297"/>
            <trkpt lat="41.49718" lon="8.95296"/>
            <trkpt lat="41.49726" lon="8.95293"/>
            <trkpt lat="41.49729" lon="8.95292"/>
            <trkpt lat="41.49744" lon="8.9528"/>
            <trkpt lat="41.49752" lon="8.95274"/>
            <trkpt lat="41.49759" lon="8.9527"/>
            <trkpt lat="41.49767" lon="8.95267"/>
            <trkpt lat="41.4979" lon="8.95266"/>
            <trkpt lat="41.49823" lon="8.95266"/>
            <trkpt lat="41.49835" lon="8.95266"/>
            <trkpt lat="41.49839" lon="8.95266"/>
            <trkpt lat="41.49844" lon="8.95264"/>
            <trkpt lat="41.49846" lon="8.95262"/>
            <trkpt lat="41.49849" lon="8.95259"/>
            <trkpt lat="41.49852" lon="8.95255"/>
            <trkpt lat="41.49853" lon="8.95249"/>
            <trkpt lat="41.49854" lon="8.95245"/>
            <trkpt lat="41.49852" lon="8.95192"/>
            <trkpt lat="41.49853" lon="8.95182"/>
            <trkpt lat="41.49855" lon="8.95173"/>
            <trkpt lat="41.49858" lon="8.95164"/>
            <trkpt lat="41.4986" lon="8.95156"/>
            <trkpt lat="41.49861" lon="8.9515"/>
            <trkpt lat="41.49861" lon="8.95145"/>
            <trkpt lat="41.49861" lon="8.95139"/>
            <trkpt lat="41.49859" lon="8.95132"/>
            <trkpt lat="41.49858" lon="8.95128"/>
            <trkpt lat="41.49857" lon="8.95126"/>
            <trkpt lat="41.49853" lon="8.95118"/>
            <trkpt lat="41.49839" lon="8.95095"/>
            <trkpt lat="41.49833" lon="8.95083"/>
            <trkpt lat="41.49825" lon="8.95064"/>
            <trkpt lat="41.49816" lon="8.9503"/>
            <trkpt lat="41.49812" lon="8.95022"/>
            <trkpt lat="41.4981" lon="8.95019"/>
            <trkpt lat="41.49789" lon="8.94995"/>
            <trkpt lat="41.49786" lon="8.94991"/>
            <trkpt lat="41.49783" lon="8.94984"/>
            <trkpt lat="41.49781" lon="8.94979"/>
            <trkpt lat="41.49778" lon="8.9497"/>
            <trkpt lat="41.49778" lon="8.94968"/>
            <trkpt lat="41.49776" lon="8.94956"/>
            <trkpt lat="41.49776" lon="8.94951"/>
            <trkpt lat="41.49777" lon="8.94936"/>
            <trkpt lat="41.49781" lon="8.94917"/>
            <trkpt lat="41.49786" lon="8.94903"/>
            <trkpt lat="41.49788" lon="8.94901"/>
            <trkpt lat="41.49793" lon="8.94895"/>
            <trkpt lat="41.49797" lon="8.94891"/>
            <trkpt lat="41.49806" lon="8.94887"/>
            <trkpt lat="41.49811" lon="8.94885"/>
            <trkpt lat="41.49831" lon="8.94881"/>
            <trkpt lat="41.49898" lon="8.94864"/>
            <trkpt lat="41.4991" lon="8.94863"/>
            <trkpt lat="41.49922" lon="8.94865"/>
            <trkpt lat="41.4993" lon="8.94867"/>
            <trkpt lat="41.49965" lon="8.94884"/>
            <trkpt lat="41.49974" lon="8.94886"/>
            <trkpt lat="41.49984" lon="8.94886"/>
            <trkpt lat="41.5003" lon="8.94875"/>
            <trkpt lat="41.50052" lon="8.94872"/>
            <trkpt lat="41.50062" lon="8.94869"/>
            <trkpt lat="41.50069" lon="8.94864"/>
            <trkpt lat="41.50076" lon="8.94857"/>
            <trkpt lat="41.50081" lon="8.94848"/>
            <trkpt lat="41.50091" lon="8.94831"/>
            <trkpt lat="41.50096" lon="8.94822"/>
            <trkpt lat="41.50107" lon="8.94811"/>
            <trkpt lat="41.50113" lon="8.94806"/>
            <trkpt lat="41.5012" lon="8.94804"/>
            <trkpt lat="41.50127" lon="8.94803"/>
            <trkpt lat="41.50133" lon="8.94803"/>
            <trkpt lat="41.50137" lon="8.94803"/>
            <trkpt lat="41.50164" lon="8.94809"/>
            <trkpt lat="41.50177" lon="8.94814"/>
            <trkpt lat="41.5019" lon="8.94821"/>
            <trkpt lat="41.50228" lon="8.94851"/>
            <trkpt lat="41.50263" lon="8.94873"/>
            <trkpt lat="41.50293" lon="8.94897"/>
            <trkpt lat="41.50338" lon="8.94941"/>
            <trkpt lat="41.50358" lon="8.94957"/>
            <trkpt lat="41.5039" lon="8.94975"/>
            <trkpt lat="41.50423" lon="8.94994"/>
            <trkpt lat="41.50431" lon="8.95"/>
            <trkpt lat="41.50453" lon="8.95026"/>
            <trkpt lat="41.50459" lon="8.95031"/>
            <trkpt lat="41.50465" lon="8.95036"/>
            <trkpt lat="41.50486" lon="8.95045"/>
            <trkpt lat="41.50497" lon="8.95047"/>
            <trkpt lat="41.50521" lon="8.95046"/>
            <trkpt lat="41.50529" lon="8.95042"/>
            <trkpt lat="41.50536" lon="8.95038"/>
            <trkpt lat="41.50542" lon="8.95032"/>
            <trkpt lat="41.50553" lon="8.9501"/>
            <trkpt lat="41.50566" lon="8.94977"/>
            <trkpt lat="41.5058" lon="8.94944"/>
            <trkpt lat="41.50591" lon="8.94925"/>
            <trkpt lat="41.50599" lon="8.94913"/>
            <trkpt lat="41.50618" lon="8.9489"/>
            <trkpt lat="41.50635" lon="8.94872"/>
            <trkpt lat="41.50677" lon="8.94826"/>
            <trkpt lat="41.50698" lon="8.94812"/>
            <trkpt lat="41.50717" lon="8.94805"/>
            <trkpt lat="41.5073" lon="8.94804"/>
            <trkpt lat="41.50755" lon="8.94809"/>
            <trkpt lat="41.50815" lon="8.94831"/>
            <trkpt lat="41.50846" lon="8.94839"/>
            <trkpt lat="41.50862" lon="8.9484"/>
            <trkpt lat="41.5093" lon="8.9484"/>
            <trkpt lat="41.50953" lon="8.94844"/>
            <trkpt lat="41.50963" lon="8.94848"/>
            <trkpt lat="41.50973" lon="8.94855"/>
            <trkpt lat="41.51" lon="8.94881"/>
            <trkpt lat="41.51005" lon="8.94885"/>
            <trkpt lat="41.51013" lon="8.9489"/>
            <trkpt lat="41.51023" lon="8.94893"/>
            <trkpt lat="41.51035" lon="8.94893"/>
            <trkpt lat="41.51044" lon="8.94891"/>
            <trkpt lat="41.51063" lon="8.94892"/>
            <trkpt lat="41.51077" lon="8.94896"/>
            <trkpt lat="41.51084" lon="8.949"/>
            <trkpt lat="41.51099" lon="8.94912"/>
            <trkpt lat="41.51128" lon="8.94941"/>
            <trkpt lat="41.51137" lon="8.94945"/>
            <trkpt lat="41.51145" lon="8.94947"/>
            <trkpt lat="41.51155" lon="8.94948"/>
            <trkpt lat="41.51166" lon="8.94946"/>
            <trkpt lat="41.51194" lon="8.94944"/>
            <trkpt lat="41.51254" lon="8.94949"/>
            <trkpt lat="41.51268" lon="8.94947"/>
            <trkpt lat="41.51303" lon="8.94935"/>
            <trkpt lat="41.51313" lon="8.94934"/>
            <trkpt lat="41.51322" lon="8.94935"/>
            <trkpt lat="41.51331" lon="8.94939"/>
            <trkpt lat="41.51338" lon="8.94943"/>
            <trkpt lat="41.51344" lon="8.9495"/>
            <trkpt lat="41.5135" lon="8.94958"/>
            <trkpt lat="41.51356" lon="8.94968"/>
            <trkpt lat="41.51366" lon="8.94994"/>
            <trkpt lat="41.51372" lon="8.95004"/>
            <trkpt lat="41.51384" lon="8.95019"/>
            <trkpt lat="41.51395" lon="8.95027"/>
            <trkpt lat="41.51404" lon="8.95032"/>
            <trkpt lat="41.51422" lon="8.95037"/>
            <trkpt lat="41.51435" lon="8.95038"/>
            <trkpt lat="41.51449" lon="8.95036"/>
            <trkpt lat="41.51469" lon="8.95028"/>
            <trkpt lat="41.51487" lon="8.95016"/>
            <trkpt lat="41.51505" lon="8.9501"/>
            <trkpt lat="41.51526" lon="8.95008"/>
            <trkpt lat="41.51534" lon="8.95009"/>
            <trkpt lat="41.51549" lon="8.95014"/>
            <trkpt lat="41.51566" lon="8.95024"/>
            <trkpt lat="41.51578" lon="8.95035"/>
            <trkpt lat="41.51579" lon="8.95036"/>
            <trkpt lat="41.51585" lon="8.95044"/>
            <trkpt lat="41.51592" lon="8.95057"/>
            <trkpt lat="41.51594" lon="8.95066"/>
            <trkpt lat="41.51599" lon="8.95092"/>
            <trkpt lat="41.51608" lon="8.95146"/>
            <trkpt lat="41.51609" lon="8.95161"/>
            <trkpt lat="41.51608" lon="8.95174"/>
            <trkpt lat="41.51607" lon="8.95184"/>
            <trkpt lat="41.51604" lon="8.95198"/>
            <trkpt lat="41.51599" lon="8.95211"/>
            <trkpt lat="41.51576" lon="8.95269"/>
            <trkpt lat="41.51572" lon="8.95284"/>
            <trkpt lat="41.51572" lon="8.95289"/>
            <trkpt lat="41.51572" lon="8.95296"/>
            <trkpt lat="41.51574" lon="8.95302"/>
            <trkpt lat="41.51576" lon="8.95307"/>
            <trkpt lat="41.5158" lon="8.95313"/>
            <trkpt lat="41.51584" lon="8.95318"/>
            <trkpt lat="41.51589" lon="8.95321"/>
            <trkpt lat="41.51595" lon="8.95322"/>
            <trkpt lat="41.51599" lon="8.95321"/>
            <trkpt lat="41.51604" lon="8.95319"/>
            <trkpt lat="41.51609" lon="8.95317"/>
            <trkpt lat="41.51615" lon="8.95311"/>
            <trkpt lat="41.51637" lon="8.9528"/>
            <trkpt lat="41.51658" lon="8.95256"/>
            <trkpt lat="41.51708" lon="8.95176"/>
            <trkpt lat="41.5173" lon="8.95148"/>
            <trkpt lat="41.51815" lon="8.95055"/>
            <trkpt lat="41.51829" lon="8.95042"/>
            <trkpt lat="41.51845" lon="8.95033"/>
            <trkpt lat="41.51868" lon="8.95024"/>
            <trkpt lat="41.51931" lon="8.94996"/>
            <trkpt lat="41.51938" lon="8.94994"/>
            <trkpt lat="41.51944" lon="8.94994"/>
            <trkpt lat="41.5195" lon="8.94996"/>
            <trkpt lat="41.51958" lon="8.95"/>
            <trkpt lat="41.51966" lon="8.95007"/>
            <trkpt lat="41.5206" lon="8.95106"/>
            <trkpt lat="41.52071" lon="8.95122"/>
            <trkpt lat="41.52074" lon="8.9513"/>
            <trkpt lat="41.5208" lon="8.95148"/>
            <trkpt lat="41.52085" lon="8.95175"/>
            <trkpt lat="41.52084" lon="8.95188"/>
            <trkpt lat="41.52079" lon="8.95216"/>
            <trkpt lat="41.52069" lon="8.95245"/>
            <trkpt lat="41.5206" lon="8.95273"/>
            <trkpt lat="41.52057" lon="8.95287"/>
            <trkpt lat="41.52056" lon="8.95302"/>
            <trkpt lat="41.52057" lon="8.95309"/>
            <trkpt lat="41.52059" lon="8.95315"/>
            <trkpt lat="41.52065" lon="8.95332"/>
            <trkpt lat="41.52071" lon="8.95341"/>
            <trkpt lat="41.52111" lon="8.95391"/>
            <trkpt lat="41.52119" lon="8.95403"/>
            <trkpt lat="41.52126" lon="8.95419"/>
            <trkpt lat="41.5214" lon="8.95462"/>
            <trkpt lat="41.52148" lon="8.95478"/>
            <trkpt lat="41.52158" lon="8.95492"/>
            <trkpt lat="41.52179" lon="8.95509"/>
            <trkpt lat="41.52242" lon="8.95546"/>
            <trkpt lat="41.52263" lon="8.9556"/>
            <trkpt lat="41.52271" lon="8.95569"/>
            <trkpt lat="41.52293" lon="8.95608"/>
            <trkpt lat="41.52306" lon="8.95621"/>
            <trkpt lat="41.52318" lon="8.95628"/>
            <trkpt lat="41.52336" lon="8.95629"/>
            <trkpt lat="41.52361" lon="8.95627"/>
            <trkpt lat="41.52369" lon="8.95627"/>
            <trkpt lat="41.52374" lon="8.95628"/>
            <trkpt lat="41.52382" lon="8.95632"/>
            <trkpt lat="41.52385" lon="8.95634"/>
            <trkpt lat="41.52391" lon="8.9564"/>
            <trkpt lat="41.52395" lon="8.95645"/>
            <trkpt lat="41.52399" lon="8.95651"/>
            <trkpt lat="41.52447" lon="8.9573"/>
            <trkpt lat="41.52467" lon="8.95756"/>
            <trkpt lat="41.52484" lon="8.95773"/>
            <trkpt lat="41.52493" lon="8.95779"/>
            <trkpt lat="41.52507" lon="8.95788"/>
            <trkpt lat="41.52571" lon="8.95812"/>
            <trkpt lat="41.52587" lon="8.95821"/>
            <trkpt lat="41.52597" lon="8.9583"/>
            <trkpt lat="41.52608" lon="8.95842"/>
            <trkpt lat="41.52635" lon="8.95877"/>
            <trkpt lat="41.52641" lon="8.95888"/>
            <trkpt lat="41.52645" lon="8.95897"/>
            <trkpt lat="41.52647" lon="8.95908"/>
            <trkpt lat="41.5265" lon="8.95934"/>
            <trkpt lat="41.5265" lon="8.95962"/>
            <trkpt lat="41.52646" lon="8.96011"/>
            <trkpt lat="41.52645" lon="8.9602"/>
            <trkpt lat="41.52646" lon="8.9603"/>
            <trkpt lat="41.52646" lon="8.96037"/>
            <trkpt lat="41.52648" lon="8.96044"/>
            <trkpt lat="41.5265" lon="8.9605"/>
            <trkpt lat="41.52653" lon="8.96055"/>
            <trkpt lat="41.52661" lon="8.96064"/>
            <trkpt lat="41.52665" lon="8.96068"/>
            <trkpt lat="41.5269" lon="8.96085"/>
            <trkpt lat="41.52707" lon="8.96097"/>
            <trkpt lat="41.52729" lon="8.96121"/>
            <trkpt lat="41.52734" lon="8.9613"/>
            <trkpt lat="41.5274" lon="8.96137"/>
            <trkpt lat="41.52747" lon="8.96142"/>
            <trkpt lat="41.52755" lon="8.96147"/>
            <trkpt lat="41.52764" lon="8.96148"/>
            <trkpt lat="41.52773" lon="8.96148"/>
            <trkpt lat="41.52781" lon="8.96146"/>
            <trkpt lat="41.5279" lon="8.96142"/>
            <trkpt lat="41.52797" lon="8.96136"/>
            <trkpt lat="41.5282" lon="8.96114"/>
            <trkpt lat="41.52832" lon="8.96107"/>
            <trkpt lat="41.52834" lon="8.96105"/>
            <trkpt lat="41.52847" lon="8.961"/>
            <trkpt lat="41.52854" lon="8.96098"/>
            <trkpt lat="41.52879" lon="8.96097"/>
            <trkpt lat="41.52915" lon="8.96102"/>
            <trkpt lat="41.52929" lon="8.96107"/>
            <trkpt lat="41.52935" lon="8.96111"/>
            <trkpt lat="41.52954" lon="8.96128"/>
            <trkpt lat="41.5298" lon="8.96157"/>
            <trkpt lat="41.52984" lon="8.96161"/>
            <trkpt lat="41.52991" lon="8.96167"/>
            <trkpt lat="41.53007" lon="8.96176"/>
            <trkpt lat="41.53015" lon="8.96179"/>
            <trkpt lat="41.53043" lon="8.96181"/>
            <trkpt lat="41.53081" lon="8.96186"/>
            <trkpt lat="41.53107" lon="8.96196"/>
            <trkpt lat="41.53238" lon="8.96255"/>
            <trkpt lat="41.5327" lon="8.9627"/>
            <trkpt lat="41.53296" lon="8.96288"/>
            <trkpt lat="41.5337" lon="8.96343"/>
            <trkpt lat="41.53377" lon="8.96348"/>
            <trkpt lat="41.53525" lon="8.96461"/>
            <trkpt lat="41.53543" lon="8.96473"/>
            <trkpt lat="41.53551" lon="8.96476"/>
            <trkpt lat="41.53559" lon="8.96476"/>
            <trkpt lat="41.53567" lon="8.96475"/>
            <trkpt lat="41.53576" lon="8.96472"/>
            <trkpt lat="41.53585" lon="8.96467"/>
            <trkpt lat="41.53609" lon="8.96452"/>
            <trkpt lat="41.53616" lon="8.96449"/>
            <trkpt lat="41.53633" lon="8.96445"/>
            <trkpt lat="41.53642" lon="8.96445"/>
            <trkpt lat="41.53727" lon="8.96461"/>
            <trkpt lat="41.53749" lon="8.96468"/>
            <trkpt lat="41.5376" lon="8.96473"/>
            <trkpt lat="41.53767" lon="8.96478"/>
            <trkpt lat="41.53773" lon="8.96484"/>
            <trkpt lat="41.53773" lon="8.96485"/>
            <trkpt lat="41.53778" lon="8.96491"/>
            <trkpt lat="41.53784" lon="8.96501"/>
            <trkpt lat="41.53793" lon="8.96525"/>
            <trkpt lat="41.53808" lon="8.96563"/>
            <trkpt lat="41.53814" lon="8.96573"/>
            <trkpt lat="41.53825" lon="8.96587"/>
            <trkpt lat="41.53839" lon="8.96598"/>
            <trkpt lat="41.53851" lon="8.96603"/>
            <trkpt lat="41.53937" lon="8.96628"/>
            <trkpt lat="41.53959" lon="8.96635"/>
            <trkpt lat="41.53981" lon="8.96648"/>
            <trkpt lat="41.54051" lon="8.96705"/>
            <trkpt lat="41.54072" lon="8.96727"/>
            <trkpt lat="41.54082" lon="8.96741"/>
            <trkpt lat="41.54106" lon="8.96774"/>
            <trkpt lat="41.54125" lon="8.96793"/>
            <trkpt lat="41.54141" lon="8.96803"/>
            <trkpt lat="41.5415" lon="8.96806"/>
            <trkpt lat="41.5416" lon="8.96809"/>
            <trkpt lat="41.5417" lon="8.96808"/>
            <trkpt lat="41.54199" lon="8.96803"/>
            <trkpt lat="41.54242" lon="8.96793"/>
            <trkpt lat="41.54272" lon="8.96786"/>
            <trkpt lat="41.54301" lon="8.96782"/>
            <trkpt lat="41.54326" lon="8.96782"/>
            <trkpt lat="41.54349" lon="8.96785"/>
            <trkpt lat="41.54373" lon="8.96791"/>
            <trkpt lat="41.54384" lon="8.96796"/>
            <trkpt lat="41.54405" lon="8.96807"/>
            <trkpt lat="41.54419" lon="8.96816"/>
            <trkpt lat="41.54431" lon="8.96825"/>
            <trkpt lat="41.54474" lon="8.96864"/>
            <trkpt lat="41.54557" lon="8.96945"/>
            <trkpt lat="41.54681" lon="8.97061"/>
            <trkpt lat="41.54707" lon="8.97083"/>
            <trkpt lat="41.54719" lon="8.97092"/>
            <trkpt lat="41.54735" lon="8.97101"/>
            <trkpt lat="41.54751" lon="8.97106"/>
            <trkpt lat="41.54762" lon="8.97106"/>
            <trkpt lat="41.5481" lon="8.97102"/>
            <trkpt lat="41.54871" lon="8.97095"/>
            <trkpt lat="41.54888" lon="8.97088"/>
            <trkpt lat="41.54905" lon="8.97077"/>
            <trkpt lat="41.54924" lon="8.97062"/>
            <trkpt lat="41.55029" lon="8.9695"/>
            <trkpt lat="41.55059" lon="8.96918"/>
            <trkpt lat="41.5507" lon="8.96906"/>
            <trkpt lat="41.55097" lon="8.9688"/>
            <trkpt lat="41.55115" lon="8.96867"/>
            <trkpt lat="41.55122" lon="8.96864"/>
            <trkpt lat="41.55128" lon="8.96863"/>
            <trkpt lat="41.55134" lon="8.96863"/>
            <trkpt lat="41.5514" lon="8.96864"/>
            <trkpt lat="41.55147" lon="8.96868"/>
            <trkpt lat="41.55152" lon="8.96872"/>
            <trkpt lat="41.55158" lon="8.96878"/>
            <trkpt lat="41.55174" lon="8.969"/>
            <trkpt lat="41.55181" lon="8.96909"/>
            <trkpt lat="41.55188" lon="8.96916"/>
            <trkpt lat="41.55195" lon="8.96921"/>
            <trkpt lat="41.55203" lon="8.96924"/>
            <trkpt lat="41.5521" lon="8.96925"/>
            <trkpt lat="41.55218" lon="8.96924"/>
            <trkpt lat="41.55226" lon="8.96921"/>
            <trkpt lat="41.55234" lon="8.96916"/>
            <trkpt lat="41.55241" lon="8.9691"/>
            <trkpt lat="41.55331" lon="8.96814"/>
            <trkpt lat="41.55348" lon="8.96799"/>
            <trkpt lat="41.55366" lon="8.96789"/>
            <trkpt lat="41.55431" lon="8.96765"/>
            <trkpt lat="41.55451" lon="8.9676"/>
            <trkpt lat="41.55554" lon="8.96756"/>
            <trkpt lat="41.55588" lon="8.9675"/>
            <trkpt lat="41.55677" lon="8.96721"/>
            <trkpt lat="41.55686" lon="8.96717"/>
            <trkpt lat="41.55694" lon="8.96711"/>
            <trkpt lat="41.55703" lon="8.96703"/>
            <trkpt lat="41.55708" lon="8.96695"/>
            <trkpt lat="41.55718" lon="8.96676"/>
            <trkpt lat="41.55737" lon="8.9662"/>
            <trkpt lat="41.55745" lon="8.966"/>
            <trkpt lat="41.55755" lon="8.96584"/>
            <trkpt lat="41.55767" lon="8.96568"/>
            <trkpt lat="41.55795" lon="8.96545"/>
            <trkpt lat="41.55818" lon="8.96527"/>
            <trkpt lat="41.55825" lon="8.96521"/>
            <trkpt lat="41.55829" lon="8.96515"/>
            <trkpt lat="41.5585" lon="8.96484"/>
            <trkpt lat="41.55856" lon="8.96475"/>
            <trkpt lat="41.5588" lon="8.96444"/>
            <trkpt lat="41.55909" lon="8.96418"/>
            <trkpt lat="41.55925" lon="8.96401"/>
            <trkpt lat="41.55931" lon="8.96391"/>
            <trkpt lat="41.55943" lon="8.96364"/>
            <trkpt lat="41.55955" lon="8.96331"/>
            <trkpt lat="41.55961" lon="8.96304"/>
            <trkpt lat="41.55963" lon="8.96298"/>
            <trkpt lat="41.55967" lon="8.96289"/>
            <trkpt lat="41.5597" lon="8.96286"/>
            <trkpt lat="41.55974" lon="8.96283"/>
            <trkpt lat="41.55979" lon="8.96282"/>
            <trkpt lat="41.55984" lon="8.96283"/>
            <trkpt lat="41.55988" lon="8.96285"/>
            <trkpt lat="41.55992" lon="8.96289"/>
            <trkpt lat="41.55996" lon="8.96294"/>
            <trkpt lat="41.55999" lon="8.96302"/>
            <trkpt lat="41.5601" lon="8.96352"/>
            <trkpt lat="41.56021" lon="8.9637"/>
            <trkpt lat="41.56043" lon="8.96399"/>
            <trkpt lat="41.56054" lon="8.96416"/>
            <trkpt lat="41.56065" lon="8.96441"/>
            <trkpt lat="41.5607" lon="8.96448"/>
            <trkpt lat="41.56074" lon="8.96453"/>
            <trkpt lat="41.56081" lon="8.96457"/>
            <trkpt lat="41.56087" lon="8.96459"/>
            <trkpt lat="41.56094" lon="8.96458"/>
            <trkpt lat="41.56108" lon="8.96455"/>
            <trkpt lat="41.56121" lon="8.96454"/>
            <trkpt lat="41.56127" lon="8.96456"/>
            <trkpt lat="41.56134" lon="8.9646"/>
            <trkpt lat="41.56146" lon="8.9647"/>
            <trkpt lat="41.56167" lon="8.96484"/>
            <trkpt lat="41.56168" lon="8.96485"/>
            <trkpt lat="41.56174" lon="8.96487"/>
            <trkpt lat="41.56181" lon="8.96487"/>
            <trkpt lat="41.56188" lon="8.96484"/>
            <trkpt lat="41.5619" lon="8.96484"/>
            <trkpt lat="41.562" lon="8.96478"/>
            <trkpt lat="41.56258" lon="8.9644"/>
            <trkpt lat="41.56277" lon="8.96431"/>
            <trkpt lat="41.56317" lon="8.9642"/>
            <trkpt lat="41.56337" lon="8.96411"/>
            <trkpt lat="41.56355" lon="8.96398"/>
            <trkpt lat="41.56371" lon="8.96384"/>
            <trkpt lat="41.56388" lon="8.96367"/>
            <trkpt lat="41.56392" lon="8.96363"/>
            <trkpt lat="41.56405" lon="8.96343"/>
            <trkpt lat="41.56411" lon="8.96338"/>
            <trkpt lat="41.56416" lon="8.96335"/>
            <trkpt lat="41.56422" lon="8.96334"/>
            <trkpt lat="41.56429" lon="8.96334"/>
            <trkpt lat="41.56434" lon="8.96335"/>
            <trkpt lat="41.56439" lon="8.96338"/>
            <trkpt lat="41.56443" lon="8.96342"/>
            <trkpt lat="41.56446" lon="8.96347"/>
            <trkpt lat="41.56454" lon="8.96365"/>
            <trkpt lat="41.56458" lon="8.96372"/>
            <trkpt lat="41.56467" lon="8.96384"/>
            <trkpt lat="41.56506" lon="8.96422"/>
            <trkpt lat="41.56517" lon="8.96432"/>
            <trkpt lat="41.5653" lon="8.96442"/>
            <trkpt lat="41.56537" lon="8.96445"/>
            <trkpt lat="41.56541" lon="8.96446"/>
            <trkpt lat="41.56547" lon="8.96447"/>
            <trkpt lat="41.56553" lon="8.96446"/>
            <trkpt lat="41.56568" lon="8.96441"/>
            <trkpt lat="41.56597" lon="8.96424"/>
            <trkpt lat="41.56621" lon="8.96407"/>
            <trkpt lat="41.56666" lon="8.96368"/>
            <trkpt lat="41.56688" lon="8.96346"/>
            <trkpt lat="41.56702" lon="8.96323"/>
            <trkpt lat="41.56763" lon="8.96184"/>
            <trkpt lat="41.5677" lon="8.96173"/>
            <trkpt lat="41.56781" lon="8.96158"/>
            <trkpt lat="41.56886" lon="8.96033"/>
            <trkpt lat="41.56903" lon="8.9601"/>
            <trkpt lat="41.56908" lon="8.96001"/>
            <trkpt lat="41.56911" lon="8.9599"/>
            <trkpt lat="41.56914" lon="8.9598"/>
            <trkpt lat="41.56915" lon="8.95969"/>
            <trkpt lat="41.56915" lon="8.95957"/>
            <trkpt lat="41.56913" lon="8.95946"/>
            <trkpt lat="41.56911" lon="8.95934"/>
            <trkpt lat="41.56906" lon="8.9591"/>
            <trkpt lat="41.56899" lon="8.95869"/>
            <trkpt lat="41.56897" lon="8.95839"/>
            <trkpt lat="41.56901" lon="8.95805"/>
            <trkpt lat="41.56904" lon="8.95776"/>
            <trkpt lat="41.56904" lon="8.95744"/>
            <trkpt lat="41.56901" lon="8.95679"/>
            <trkpt lat="41.56903" lon="8.95653"/>
            <trkpt lat="41.56906" lon="8.95639"/>
            <trkpt lat="41.56913" lon="8.95616"/>
            <trkpt lat="41.56917" lon="8.95604"/>
            <trkpt lat="41.56935" lon="8.95561"/>
            <trkpt lat="41.56941" lon="8.95548"/>
            <trkpt lat="41.56951" lon="8.95529"/>
            <trkpt lat="41.56956" lon="8.95522"/>
            <trkpt lat="41.5697" lon="8.95507"/>
            <trkpt lat="41.56978" lon="8.955"/>
            <trkpt lat="41.56992" lon="8.95489"/>
            <trkpt lat="41.57025" lon="8.95457"/>
            <trkpt lat="41.57048" lon="8.9543"/>
            <trkpt lat="41.57054" lon="8.9542"/>
            <trkpt lat="41.57069" lon="8.95391"/>
            <trkpt lat="41.57073" lon="8.95384"/>
            <trkpt lat="41.57078" lon="8.95376"/>
            <trkpt lat="41.57084" lon="8.95369"/>
            <trkpt lat="41.57088" lon="8.95365"/>
            <trkpt lat="41.57095" lon="8.95361"/>
            <trkpt lat="41.57106" lon="8.95352"/>
            <trkpt lat="41.57111" lon="8.95346"/>
            <trkpt lat="41.57115" lon="8.95338"/>
            <trkpt lat="41.57119" lon="8.95329"/>
            <trkpt lat="41.57121" lon="8.95321"/>
            <trkpt lat="41.57122" lon="8.95311"/>
            <trkpt lat="41.57121" lon="8.95287"/>
            <trkpt lat="41.57123" lon="8.95262"/>
            <trkpt lat="41.57127" lon="8.9524"/>
            <trkpt lat="41.57138" lon="8.95206"/>
            <trkpt lat="41.57144" lon="8.95182"/>
            <trkpt lat="41.57145" lon="8.95164"/>
            <trkpt lat="41.57145" lon="8.95144"/>
            <trkpt lat="41.57146" lon="8.95127"/>
            <trkpt lat="41.57149" lon="8.95113"/>
            <trkpt lat="41.57152" lon="8.95105"/>
            <trkpt lat="41.57157" lon="8.95099"/>
            <trkpt lat="41.57164" lon="8.9509"/>
            <trkpt lat="41.57169" lon="8.95086"/>
            <trkpt lat="41.57191" lon="8.95066"/>
            <trkpt lat="41.57195" lon="8.9506"/>
            <trkpt lat="41.57198" lon="8.95054"/>
            <trkpt lat="41.57202" lon="8.95045"/>
            <trkpt lat="41.57206" lon="8.95021"/>
            <trkpt lat="41.57211" lon="8.95"/>
            <trkpt lat="41.57214" lon="8.94993"/>
            <trkpt lat="41.57218" lon="8.94987"/>
            <trkpt lat="41.57222" lon="8.94983"/>
            <trkpt lat="41.57226" lon="8.94979"/>
            <trkpt lat="41.57227" lon="8.94979"/>
            <trkpt lat="41.57231" lon="8.94976"/>
            <trkpt lat="41.57235" lon="8.94975"/>
            <trkpt lat="41.57241" lon="8.94973"/>
            <trkpt lat="41.57242" lon="8.94973"/>
            <trkpt lat="41.57246" lon="8.94973"/>
            <trkpt lat="41.57256" lon="8.94976"/>
            <trkpt lat="41.57257" lon="8.94976"/>
            <trkpt lat="41.57262" lon="8.94979"/>
            <trkpt lat="41.57265" lon="8.94982"/>
            <trkpt lat="41.57271" lon="8.94986"/>
            <trkpt lat="41.57284" lon="8.95"/>
            <trkpt lat="41.5729" lon="8.95005"/>
            <trkpt lat="41.57306" lon="8.95015"/>
            <trkpt lat="41.57314" lon="8.95012"/>
            <trkpt lat="41.57338" lon="8.95008"/>
            <trkpt lat="41.57353" lon="8.95008"/>
            <trkpt lat="41.57364" lon="8.95013"/>
            <trkpt lat="41.57371" lon="8.95017"/>
            <trkpt lat="41.57407" lon="8.95067"/>
            <trkpt lat="41.5743" lon="8.95085"/>
            <trkpt lat="41.5744" lon="8.95092"/>
            <trkpt lat="41.57457" lon="8.951"/>
            <trkpt lat="41.57472" lon="8.95105"/>
            <trkpt lat="41.57494" lon="8.95109"/>
            <trkpt lat="41.57508" lon="8.95109"/>
            <trkpt lat="41.5752" lon="8.95108"/>
            <trkpt lat="41.57564" lon="8.95098"/>
            <trkpt lat="41.57578" lon="8.951"/>
            <trkpt lat="41.57593" lon="8.95106"/>
            <trkpt lat="41.57617" lon="8.95118"/>
            <trkpt lat="41.57708" lon="8.95191"/>
            <trkpt lat="41.57741" lon="8.9521"/>
            <trkpt lat="41.57754" lon="8.95216"/>
            <trkpt lat="41.57878" lon="8.95241"/>
            <trkpt lat="41.57969" lon="8.95266"/>
            <trkpt lat="41.57984" lon="8.95272"/>
            <trkpt lat="41.58012" lon="8.95274"/>
            <trkpt lat="41.5802" lon="8.95271"/>
            <trkpt lat="41.58027" lon="8.95267"/>
            <trkpt lat="41.58033" lon="8.9526"/>
            <trkpt lat="41.58035" lon="8.95255"/>
            <trkpt lat="41.58037" lon="8.95249"/>
            <trkpt lat="41.58038" lon="8.95243"/>
            <trkpt lat="41.58041" lon="8.95221"/>
            <trkpt lat="41.58041" lon="8.9521"/>
            <trkpt lat="41.5804" lon="8.95195"/>
            <trkpt lat="41.58033" lon="8.9517"/>
            <trkpt lat="41.5802" lon="8.95141"/>
            <trkpt lat="41.57982" lon="8.95075"/>
            <trkpt lat="41.57961" lon="8.95052"/>
            <trkpt lat="41.57936" lon="8.95029"/>
            <trkpt lat="41.57914" lon="8.94998"/>
            <trkpt lat="41.5791" lon="8.94989"/>
            <trkpt lat="41.57909" lon="8.94977"/>
            <trkpt lat="41.57908" lon="8.94964"/>
            <trkpt lat="41.57909" lon="8.94948"/>
            <trkpt lat="41.57915" lon="8.94908"/>
            <trkpt lat="41.5792" lon="8.94891"/>
            <trkpt lat="41.57925" lon="8.94876"/>
            <trkpt lat="41.57933" lon="8.94862"/>
            <trkpt lat="41.57942" lon="8.94849"/>
            <trkpt lat="41.57953" lon="8.94836"/>
            <trkpt lat="41.57988" lon="8.94807"/>
            <trkpt lat="41.58004" lon="8.94796"/>
            <trkpt lat="41.58024" lon="8.94778"/>
            <trkpt lat="41.58037" lon="8.94755"/>
            <trkpt lat="41.5804" lon="8.94747"/>
            <trkpt lat="41.58042" lon="8.94733"/>
            <trkpt lat="41.58043" lon="8.94727"/>
            <trkpt lat="41.58043" lon="8.94718"/>
            <trkpt lat="41.5804" lon="8.94694"/>
            <trkpt lat="41.58034" lon="8.94675"/>
            <trkpt lat="41.58016" lon="8.94637"/>
            <trkpt lat="41.57999" lon="8.94602"/>
            <trkpt lat="41.57965" lon="8.94526"/>
            <trkpt lat="41.57957" lon="8.94504"/>
            <trkpt lat="41.57938" lon="8.94437"/>
            <trkpt lat="41.57928" lon="8.94379"/>
            <trkpt lat="41.57923" lon="8.94346"/>
            <trkpt lat="41.57922" lon="8.9432"/>
            <trkpt lat="41.57923" lon="8.94299"/>
            <trkpt lat="41.57925" lon="8.94287"/>
            <trkpt lat="41.57927" lon="8.94274"/>
            <trkpt lat="41.57931" lon="8.94255"/>
            <trkpt lat="41.57939" lon="8.94235"/>
            <trkpt lat="41.57945" lon="8.94213"/>
            <trkpt lat="41.57952" lon="8.94181"/>
            <trkpt lat="41.57954" lon="8.94164"/>
            <trkpt lat="41.57956" lon="8.94138"/>
            <trkpt lat="41.57957" lon="8.94073"/>
            <trkpt lat="41.57959" lon="8.94047"/>
            <trkpt lat="41.57964" lon="8.9402"/>
            <trkpt lat="41.57971" lon="8.93989"/>
            <trkpt lat="41.57982" lon="8.93955"/>
            <trkpt lat="41.57989" lon="8.93937"/>
            <trkpt lat="41.58004" lon="8.93909"/>
            <trkpt lat="41.5801" lon="8.93903"/>
            <trkpt lat="41.58019" lon="8.93897"/>
            <trkpt lat="41.58027" lon="8.93895"/>
            <trkpt lat="41.58037" lon="8.93894"/>
            <trkpt lat="41.58048" lon="8.93896"/>
            <trkpt lat="41.58056" lon="8.93901"/>
            <trkpt lat="41.58089" lon="8.93926"/>
            <trkpt lat="41.58117" lon="8.93941"/>
            <trkpt lat="41.58132" lon="8.93946"/>
            <trkpt lat="41.5828" lon="8.93984"/>
            <trkpt lat="41.58351" lon="8.94005"/>
            <trkpt lat="41.58438" lon="8.94025"/>
            <trkpt lat="41.58443" lon="8.94026"/>
            <trkpt lat="41.58449" lon="8.94025"/>
            <trkpt lat="41.58453" lon="8.94024"/>
            <trkpt lat="41.58457" lon="8.94022"/>
            <trkpt lat="41.58464" lon="8.94017"/>
            <trkpt lat="41.58491" lon="8.93982"/>
            <trkpt lat="41.58495" lon="8.93976"/>
            <trkpt lat="41.58502" lon="8.93968"/>
            <trkpt lat="41.5851" lon="8.93961"/>
            <trkpt lat="41.58593" lon="8.93902"/>
            <trkpt lat="41.58675" lon="8.93842"/>
            <trkpt lat="41.58699" lon="8.93824"/>
            <trkpt lat="41.58715" lon="8.93817"/>
            <trkpt lat="41.58723" lon="8.93816"/>
            <trkpt lat="41.58726" lon="8.93816"/>
            <trkpt lat="41.5873" lon="8.93816"/>
            <trkpt lat="41.58737" lon="8.93817"/>
            <trkpt lat="41.58742" lon="8.93819"/>
            <trkpt lat="41.58748" lon="8.93823"/>
            <trkpt lat="41.58758" lon="8.93831"/>
            <trkpt lat="41.58773" lon="8.93846"/>
            <trkpt lat="41.58791" lon="8.93866"/>
            <trkpt lat="41.5881" lon="8.93885"/>
            <trkpt lat="41.58824" lon="8.93893"/>
            <trkpt lat="41.58869" lon="8.93906"/>
            <trkpt lat="41.58903" lon="8.93922"/>
            <trkpt lat="41.58963" lon="8.93953"/>
            <trkpt lat="41.58965" lon="8.93953"/>
            <trkpt lat="41.58974" lon="8.93956"/>
            <trkpt lat="41.58982" lon="8.93957"/>
            <trkpt lat="41.58986" lon="8.93957"/>
            <trkpt lat="41.58989" lon="8.93956"/>
            <trkpt lat="41.58995" lon="8.93955"/>
            <trkpt lat="41.59001" lon="8.93952"/>
            <trkpt lat="41.59006" lon="8.93949"/>
            <trkpt lat="41.5901" lon="8.93945"/>
            <trkpt lat="41.59017" lon="8.93936"/>
            <trkpt lat="41.59019" lon="8.93931"/>
            <trkpt lat="41.59021" lon="8.93926"/>
            <trkpt lat="41.59022" lon="8.9392"/>
            <trkpt lat="41.59023" lon="8.93914"/>
            <trkpt lat="41.59023" lon="8.93907"/>
            <trkpt lat="41.59023" lon="8.93896"/>
            <trkpt lat="41.59021" lon="8.93888"/>
            <trkpt lat="41.59016" lon="8.9387"/>
            <trkpt lat="41.59008" lon="8.9385"/>
            <trkpt lat="41.58965" lon="8.93777"/>
            <trkpt lat="41.58947" lon="8.93743"/>
            <trkpt lat="41.58943" lon="8.93735"/>
            <trkpt lat="41.58941" lon="8.93727"/>
            <trkpt lat="41.5893" lon="8.93681"/>
            <trkpt lat="41.58929" lon="8.93671"/>
            <trkpt lat="41.58933" lon="8.93583"/>
            <trkpt lat="41.58936" lon="8.9356"/>
            <trkpt lat="41.58942" lon="8.93543"/>
            <trkpt lat="41.58946" lon="8.93536"/>
            <trkpt lat="41.58951" lon="8.9353"/>
            <trkpt lat="41.58958" lon="8.93523"/>
            <trkpt lat="41.58965" lon="8.93518"/>
            <trkpt lat="41.58997" lon="8.93502"/>
            <trkpt lat="41.59008" lon="8.93492"/>
            <trkpt lat="41.59035" lon="8.9346"/>
            <trkpt lat="41.5905" lon="8.93444"/>
            <trkpt lat="41.5906" lon="8.93435"/>
            <trkpt lat="41.59077" lon="8.93421"/>
            <trkpt lat="41.59083" lon="8.93417"/>
            <trkpt lat="41.59092" lon="8.93414"/>
            <trkpt lat="41.591" lon="8.93411"/>
            <trkpt lat="41.59106" lon="8.9341"/>
            <trkpt lat="41.5912" lon="8.93411"/>
            <trkpt lat="41.59155" lon="8.93424"/>
            <trkpt lat="41.59162" lon="8.93425"/>
            <trkpt lat="41.59168" lon="8.93424"/>
            <trkpt lat="41.59173" lon="8.93421"/>
            <trkpt lat="41.59177" lon="8.93417"/>
            <trkpt lat="41.59182" lon="8.93411"/>
            <trkpt lat="41.59187" lon="8.93402"/>
            <trkpt lat="41.59194" lon="8.93391"/>
            <trkpt lat="41.59204" lon="8.93377"/>
            <trkpt lat="41.59209" lon="8.93372"/>
            <trkpt lat="41.59215" lon="8.93368"/>
            <trkpt lat="41.59228" lon="8.93364"/>
            <trkpt lat="41.59261" lon="8.93366"/>
            <trkpt lat="41.59267" lon="8.93364"/>
            <trkpt lat="41.59273" lon="8.93361"/>
            <trkpt lat="41.59278" lon="8.93355"/>
            <trkpt lat="41.59283" lon="8.93348"/>
            <trkpt lat="41.593" lon="8.93317"/>
            <trkpt lat="41.59306" lon="8.93309"/>
            <trkpt lat="41.59311" lon="8.93304"/>
            <trkpt lat="41.59322" lon="8.93297"/>
            <trkpt lat="41.59328" lon="8.93295"/>
            <trkpt lat="41.59334" lon="8.93294"/>
            <trkpt lat="41.5934" lon="8.93295"/>
            <trkpt lat="41.59347" lon="8.93298"/>
            <trkpt lat="41.59356" lon="8.93304"/>
            <trkpt lat="41.59377" lon="8.93325"/>
            <trkpt lat="41.59382" lon="8.93332"/>
            <trkpt lat="41.59387" lon="8.9334"/>
            <trkpt lat="41.59391" lon="8.93353"/>
            <trkpt lat="41.59393" lon="8.93362"/>
            <trkpt lat="41.59398" lon="8.93378"/>
            <trkpt lat="41.59401" lon="8.93383"/>
            <trkpt lat="41.5941" lon="8.93397"/>
            <trkpt lat="41.59415" lon="8.93401"/>
            <trkpt lat="41.59421" lon="8.93405"/>
            <trkpt lat="41.59424" lon="8.93406"/>
            <trkpt lat="41.59492" lon="8.93441"/>
            <trkpt lat="41.59529" lon="8.93467"/>
            <trkpt lat="41.59563" lon="8.93495"/>
            <trkpt lat="41.59581" lon="8.9351"/>
            <trkpt lat="41.59593" lon="8.93525"/>
            <trkpt lat="41.59601" lon="8.93539"/>
            <trkpt lat="41.59606" lon="8.93548"/>
            <trkpt lat="41.59612" lon="8.93563"/>
            <trkpt lat="41.59622" lon="8.93593"/>
            <trkpt lat="41.59625" lon="8.93598"/>
            <trkpt lat="41.59629" lon="8.93603"/>
            <trkpt lat="41.59635" lon="8.93609"/>
            <trkpt lat="41.59641" lon="8.93612"/>
            <trkpt lat="41.5965" lon="8.93613"/>
            <trkpt lat="41.59672" lon="8.93611"/>
            <trkpt lat="41.59689" lon="8.93612"/>
            <trkpt lat="41.59697" lon="8.93614"/>
            <trkpt lat="41.59704" lon="8.93619"/>
            <trkpt lat="41.59721" lon="8.93635"/>
            <trkpt lat="41.59729" lon="8.93646"/>
            <trkpt lat="41.59739" lon="8.93663"/>
            <trkpt lat="41.59741" lon="8.93667"/>
            <trkpt lat="41.59757" lon="8.93697"/>
            <trkpt lat="41.59764" lon="8.93706"/>
            <trkpt lat="41.59771" lon="8.93713"/>
            <trkpt lat="41.59777" lon="8.93718"/>
            <trkpt lat="41.59786" lon="8.93722"/>
            <trkpt lat="41.59794" lon="8.93724"/>
            <trkpt lat="41.598" lon="8.93724"/>
            <trkpt lat="41.59806" lon="8.93723"/>
            <trkpt lat="41.59811" lon="8.9372"/>
            <trkpt lat="41.59816" lon="8.93716"/>
            <trkpt lat="41.59819" lon="8.93711"/>
            <trkpt lat="41.59823" lon="8.93704"/>
            <trkpt lat="41.59826" lon="8.93694"/>
            <trkpt lat="41.59836" lon="8.93644"/>
            <trkpt lat="41.59842" lon="8.93631"/>
            <trkpt lat="41.59846" lon="8.93625"/>
            <trkpt lat="41.5985" lon="8.93622"/>
            <trkpt lat="41.59856" lon="8.93618"/>
            <trkpt lat="41.5986" lon="8.93616"/>
            <trkpt lat="41.59868" lon="8.93615"/>
            <trkpt lat="41.59874" lon="8.93615"/>
            <trkpt lat="41.59896" lon="8.93622"/>
            <trkpt lat="41.59917" lon="8.93631"/>
            <trkpt lat="41.59926" lon="8.93637"/>
            <trkpt lat="41.59932" lon="8.93644"/>
            <trkpt lat="41.59936" lon="8.93651"/>
            <trkpt lat="41.59941" lon="8.93664"/>
            <trkpt lat="41.5996" lon="8.93727"/>
            <trkpt lat="41.5997" lon="8.93771"/>
            <trkpt lat="41.59971" lon="8.93783"/>
            <trkpt lat="41.59971" lon="8.93796"/>
            <trkpt lat="41.59969" lon="8.93808"/>
            <trkpt lat="41.59961" lon="8.9383"/>
            <trkpt lat="41.59944" lon="8.93867"/>
            <trkpt lat="41.59939" lon="8.93885"/>
            <trkpt lat="41.59938" lon="8.93894"/>
            <trkpt lat="41.59939" lon="8.93904"/>
            <trkpt lat="41.59946" lon="8.93925"/>
            <trkpt lat="41.59969" lon="8.93972"/>
            <trkpt lat="41.59984" lon="8.93992"/>
            <trkpt lat="41.59998" lon="8.94007"/>
            <trkpt lat="41.60009" lon="8.94019"/>
            <trkpt lat="41.60014" lon="8.94026"/>
            <trkpt lat="41.60022" lon="8.94041"/>
            <trkpt lat="41.60042" lon="8.94092"/>
            <trkpt lat="41.6005" lon="8.94118"/>
            <trkpt lat="41.60053" lon="8.94143"/>
            <trkpt lat="41.6005" lon="8.94195"/>
            <trkpt lat="41.60051" lon="8.94216"/>
            <trkpt lat="41.60057" lon="8.94265"/>
            <trkpt lat="41.60061" lon="8.94283"/>
            <trkpt lat="41.60062" lon="8.94287"/>
            <trkpt lat="41.60067" lon="8.94303"/>
            <trkpt lat="41.6007" lon="8.94309"/>
            <trkpt lat="41.60076" lon="8.94318"/>
            <trkpt lat="41.60081" lon="8.94323"/>
            <trkpt lat="41.60086" lon="8.94326"/>
            <trkpt lat="41.6009" lon="8.94328"/>
            <trkpt lat="41.60094" lon="8.94329"/>
            <trkpt lat="41.60103" lon="8.94329"/>
            <trkpt lat="41.6011" lon="8.94327"/>
            <trkpt lat="41.60116" lon="8.94323"/>
            <trkpt lat="41.60122" lon="8.94318"/>
            <trkpt lat="41.60131" lon="8.94304"/>
            <trkpt lat="41.60136" lon="8.94294"/>
            <trkpt lat="41.60138" lon="8.94287"/>
            <trkpt lat="41.60139" lon="8.94287"/>
            <trkpt lat="41.60143" lon="8.94277"/>
            <trkpt lat="41.60154" lon="8.94257"/>
            <trkpt lat="41.60159" lon="8.94253"/>
            <trkpt lat="41.60172" lon="8.94245"/>
            <trkpt lat="41.60184" lon="8.94241"/>
            <trkpt lat="41.60192" lon="8.94239"/>
            <trkpt lat="41.60209" lon="8.94234"/>
            <trkpt lat="41.60228" lon="8.94221"/>
            <trkpt lat="41.60278" lon="8.94178"/>
            <trkpt lat="41.60293" lon="8.94169"/>
            <trkpt lat="41.60301" lon="8.94166"/>
            <trkpt lat="41.60307" lon="8.94165"/>
            <trkpt lat="41.60315" lon="8.94165"/>
            <trkpt lat="41.60323" lon="8.94167"/>
            <trkpt lat="41.60333" lon="8.94172"/>
            <trkpt lat="41.60343" lon="8.94177"/>
            <trkpt lat="41.60358" lon="8.94182"/>
            <trkpt lat="41.60366" lon="8.94183"/>
            <trkpt lat="41.60423" lon="8.94179"/>
            <trkpt lat="41.60443" lon="8.94181"/>
            <trkpt lat="41.6046" lon="8.94188"/>
            <trkpt lat="41.60514" lon="8.9422"/>
            <trkpt lat="41.60527" lon="8.94231"/>
            <trkpt lat="41.60563" lon="8.94263"/>
            <trkpt lat="41.6057" lon="8.94268"/>
            <trkpt lat="41.60576" lon="8.94271"/>
            <trkpt lat="41.60581" lon="8.94272"/>
            <trkpt lat="41.60585" lon="8.94272"/>
            <trkpt lat="41.60591" lon="8.94271"/>
            <trkpt lat="41.60597" lon="8.94269"/>
            <trkpt lat="41.60603" lon="8.94265"/>
            <trkpt lat="41.6061" lon="8.94257"/>
            <trkpt lat="41.60618" lon="8.94246"/>
            <trkpt lat="41.60645" lon="8.94199"/>
            <trkpt lat="41.60653" lon="8.94188"/>
            <trkpt lat="41.60658" lon="8.94182"/>
            <trkpt lat="41.60668" lon="8.94175"/>
            <trkpt lat="41.60673" lon="8.94173"/>
            <trkpt lat="41.6068" lon="8.94172"/>
            <trkpt lat="41.60687" lon="8.94173"/>
            <trkpt lat="41.60719" lon="8.94184"/>
            <trkpt lat="41.60734" lon="8.94189"/>
            <trkpt lat="41.60753" lon="8.94197"/>
            <trkpt lat="41.60772" lon="8.94206"/>
            <trkpt lat="41.60778" lon="8.9421"/>
            <trkpt lat="41.60783" lon="8.94215"/>
            <trkpt lat="41.60787" lon="8.94222"/>
            <trkpt lat="41.60791" lon="8.94231"/>
            <trkpt lat="41.60793" lon="8.94238"/>
            <trkpt lat="41.60794" lon="8.94247"/>
            <trkpt lat="41.60794" lon="8.94258"/>
            <trkpt lat="41.60789" lon="8.94287"/>
            <trkpt lat="41.60787" lon="8.94298"/>
            <trkpt lat="41.60787" lon="8.94308"/>
            <trkpt lat="41.60788" lon="8.94318"/>
            <trkpt lat="41.60794" lon="8.9434"/>
            <trkpt lat="41.60796" lon="8.94346"/>
            <trkpt lat="41.60802" lon="8.94363"/>
            <trkpt lat="41.60808" lon="8.94375"/>
            <trkpt lat="41.60812" lon="8.94382"/>
            <trkpt lat="41.60815" lon="8.94387"/>
            <trkpt lat="41.6082" lon="8.9439"/>
            <trkpt lat="41.60823" lon="8.94392"/>
            <trkpt lat="41.60829" lon="8.94394"/>
            <trkpt lat="41.60842" lon="8.94394"/>
            <trkpt lat="41.6086" lon="8.94388"/>
            <trkpt lat="41.60901" lon="8.94366"/>
            <trkpt lat="41.60908" lon="8.94363"/>
            <trkpt lat="41.60915" lon="8.94361"/>
            <trkpt lat="41.60921" lon="8.94361"/>
            <trkpt lat="41.60929" lon="8.94363"/>
            <trkpt lat="41.60936" lon="8.94366"/>
            <trkpt lat="41.61069" lon="8.94458"/>
            <trkpt lat="41.61087" lon="8.94473"/>
            <trkpt lat="41.61091" lon="8.94478"/>
            <trkpt lat="41.61096" lon="8.94486"/>
            <trkpt lat="41.61128" lon="8.94562"/>
            <trkpt lat="41.61141" lon="8.9458"/>
            <trkpt lat="41.6116" lon="8.94597"/>
            <trkpt lat="41.61166" lon="8.94603"/>
            <trkpt lat="41.61176" lon="8.94617"/>
            <trkpt lat="41.61198" lon="8.94661"/>
            <trkpt lat="41.61205" lon="8.94678"/>
            <trkpt lat="41.61212" lon="8.94699"/>
            <trkpt lat="41.61216" lon="8.94709"/>
            <trkpt lat="41.61219" lon="8.94716"/>
            <trkpt lat="41.61223" lon="8.94722"/>
            <trkpt lat="41.61227" lon="8.94727"/>
            <trkpt lat="41.61234" lon="8.94732"/>
            <trkpt lat="41.61239" lon="8.94734"/>
            <trkpt lat="41.61245" lon="8.94735"/>
            <trkpt lat="41.61297" lon="8.94734"/>
            <trkpt lat="41.61302" lon="8.94735"/>
            <trkpt lat="41.61303" lon="8.94735"/>
            <trkpt lat="41.61308" lon="8.94736"/>
            <trkpt lat="41.61314" lon="8.94739"/>
            <trkpt lat="41.6132" lon="8.94744"/>
            <trkpt lat="41.61327" lon="8.94751"/>
            <trkpt lat="41.61342" lon="8.94775"/>
            <trkpt lat="41.61352" lon="8.94794"/>
            <trkpt lat="41.61357" lon="8.94807"/>
            <trkpt lat="41.61365" lon="8.94831"/>
            <trkpt lat="41.61373" lon="8.9485"/>
            <trkpt lat="41.61387" lon="8.94875"/>
            <trkpt lat="41.61401" lon="8.94894"/>
            <trkpt lat="41.61411" lon="8.94904"/>
            <trkpt lat="41.61426" lon="8.94916"/>
            <trkpt lat="41.61491" lon="8.9496"/>
            <trkpt lat="41.61513" lon="8.94976"/>
            <trkpt lat="41.61524" lon="8.94987"/>
            <trkpt lat="41.61529" lon="8.94995"/>
            <trkpt lat="41.61533" lon="8.95002"/>
            <trkpt lat="41.61545" lon="8.95024"/>
            <trkpt lat="41.61557" lon="8.95052"/>
            <trkpt lat="41.6156" lon="8.95061"/>
            <trkpt lat="41.61564" lon="8.95079"/>
            <trkpt lat="41.61565" lon="8.95099"/>
            <trkpt lat="41.61558" lon="8.95158"/>
            <trkpt lat="41.6156" lon="8.95184"/>
            <trkpt lat="41.61567" lon="8.95249"/>
            <trkpt lat="41.61571" lon="8.95263"/>
            <trkpt lat="41.61584" lon="8.95306"/>
            <trkpt lat="41.61596" lon="8.95344"/>
            <trkpt lat="41.616" lon="8.95365"/>
            <trkpt lat="41.61603" lon="8.9538"/>
            <trkpt lat="41.61605" lon="8.95426"/>
            <trkpt lat="41.61607" lon="8.95455"/>
            <trkpt lat="41.6161" lon="8.95464"/>
            <trkpt lat="41.61618" lon="8.95482"/>
            <trkpt lat="41.61621" lon="8.95487"/>
            <trkpt lat="41.61635" lon="8.9551"/>
            <trkpt lat="41.61649" lon="8.95537"/>
            <trkpt lat="41.61656" lon="8.95559"/>
            <trkpt lat="41.61671" lon="8.95619"/>
            <trkpt lat="41.61672" lon="8.95632"/>
            <trkpt lat="41.61672" lon="8.95648"/>
            <trkpt lat="41.61669" lon="8.95714"/>
            <trkpt lat="41.61665" lon="8.9575"/>
            <trkpt lat="41.6166" lon="8.95775"/>
            <trkpt lat="41.61649" lon="8.95819"/>
            <trkpt lat="41.61646" lon="8.95836"/>
            <trkpt lat="41.61646" lon="8.95851"/>
            <trkpt lat="41.6165" lon="8.95879"/>
            <trkpt lat="41.61655" lon="8.95897"/>
            <trkpt lat="41.61665" lon="8.95918"/>
            <trkpt lat="41.6167" lon="8.95927"/>
            <trkpt lat="41.61676" lon="8.95936"/>
            <trkpt lat="41.61723" lon="8.95992"/>
            <trkpt lat="41.61759" lon="8.96029"/>
            <trkpt lat="41.6178" lon="8.96054"/>
            <trkpt lat="41.6179" lon="8.96068"/>
            <trkpt lat="41.61797" lon="8.96082"/>
            <trkpt lat="41.61807" lon="8.96105"/>
            <trkpt lat="41.61818" lon="8.96143"/>
            <trkpt lat="41.61828" lon="8.96184"/>
            <trkpt lat="41.61832" lon="8.96215"/>
            <trkpt lat="41.61834" lon="8.96245"/>
            <trkpt lat="41.61833" lon="8.96273"/>
            <trkpt lat="41.61832" lon="8.96283"/>
            <trkpt lat="41.61825" lon="8.96301"/>
            <trkpt lat="41.61819" lon="8.96311"/>
            <trkpt lat="41.61812" lon="8.96318"/>
            <trkpt lat="41.61796" lon="8.96329"/>
            <trkpt lat="41.6179" lon="8.96336"/>
            <trkpt lat="41.61786" lon="8.96341"/>
            <trkpt lat="41.61782" lon="8.96348"/>
            <trkpt lat="41.61778" lon="8.96359"/>
            <trkpt lat="41.61777" lon="8.96364"/>
            <trkpt lat="41.61776" lon="8.96376"/>
            <trkpt lat="41.61777" lon="8.9639"/>
            <trkpt lat="41.61778" lon="8.964"/>
            <trkpt lat="41.6178" lon="8.96409"/>
            <trkpt lat="41.61788" lon="8.96443"/>
            <trkpt lat="41.6179" lon="8.96456"/>
            <trkpt lat="41.61797" lon="8.96476"/>
            <trkpt lat="41.61801" lon="8.96484"/>
            <trkpt lat="41.61801" lon="8.96486"/>
            <trkpt lat="41.61809" lon="8.96503"/>
            <trkpt lat="41.61821" lon="8.9652"/>
            <trkpt lat="41.61825" lon="8.96523"/>
            <trkpt lat="41.61834" lon="8.96536"/>
            <trkpt lat="41.61839" lon="8.96544"/>
            <trkpt lat="41.61849" lon="8.96559"/>
            <trkpt lat="41.61851" lon="8.96568"/>
            <trkpt lat="41.61851" lon="8.96573"/>
            <trkpt lat="41.6185" lon="8.96587"/>
            <trkpt lat="41.61847" lon="8.96598"/>
            <trkpt lat="41.61837" lon="8.96624"/>
            <trkpt lat="41.6183" lon="8.96646"/>
            <trkpt lat="41.61827" lon="8.96658"/>
            <trkpt lat="41.61824" lon="8.96677"/>
            <trkpt lat="41.61825" lon="8.96689"/>
            <trkpt lat="41.61826" lon="8.96696"/>
            <trkpt lat="41.61828" lon="8.96703"/>
            <trkpt lat="41.61835" lon="8.96719"/>
            <trkpt lat="41.61837" lon="8.96725"/>
            <trkpt lat="41.61849" lon="8.96745"/>
            <trkpt lat="41.61878" lon="8.96787"/>
            <trkpt lat="41.61888" lon="8.96801"/>
            <trkpt lat="41.619" lon="8.96817"/>
            <trkpt lat="41.61922" lon="8.9684"/>
            <trkpt lat="41.61927" lon="8.96845"/>
            <trkpt lat="41.61935" lon="8.96845"/>
            <trkpt lat="41.61939" lon="8.96847"/>
            <trkpt lat="41.61944" lon="8.9685"/>
            <trkpt lat="41.61947" lon="8.96855"/>
            <trkpt lat="41.61956" lon="8.96874"/>
            <trkpt lat="41.61964" lon="8.9689"/>
            <trkpt lat="41.61968" lon="8.96901"/>
            <trkpt lat="41.61979" lon="8.96924"/>
            <trkpt lat="41.61984" lon="8.96933"/>
            <trkpt lat="41.61993" lon="8.96948"/>
            <trkpt lat="41.62011" lon="8.96982"/>
            <trkpt lat="41.62018" lon="8.96995"/>
            <trkpt lat="41.62021" lon="8.97002"/>
            <trkpt lat="41.62023" lon="8.97007"/>
            <trkpt lat="41.62025" lon="8.97017"/>
            <trkpt lat="41.62027" lon="8.97035"/>
            <trkpt lat="41.62029" lon="8.97041"/>
            <trkpt lat="41.6203" lon="8.97044"/>
            <trkpt lat="41.62031" lon="8.97045"/>
            <trkpt lat="41.62036" lon="8.97048"/>
            <trkpt lat="41.62041" lon="8.97048"/>
            <trkpt lat="41.62048" lon="8.97048"/>
            <trkpt lat="41.62048" lon="8.97013"/>
            <trkpt lat="41.62049" lon="8.97007"/>
            <trkpt lat="41.62051" lon="8.96982"/>
            <trkpt lat="41.62053" lon="8.96971"/>
            <trkpt lat="41.62054" lon="8.96968"/>
            <trkpt lat="41.62056" lon="8.96964"/>
            <trkpt lat="41.62059" lon="8.96958"/>
            <trkpt lat="41.6207" lon="8.96944"/>
            <trkpt lat="41.62074" lon="8.96937"/>
            <trkpt lat="41.62077" lon="8.96929"/>
            <trkpt lat="41.62079" lon="8.96923"/>
            <trkpt lat="41.6208" lon="8.96916"/>
            <trkpt lat="41.6208" lon="8.9691"/>
            <trkpt lat="41.62079" lon="8.96904"/>
            <trkpt lat="41.62077" lon="8.96897"/>
            <trkpt lat="41.62074" lon="8.96892"/>
            <trkpt lat="41.62055" lon="8.96867"/>
            <trkpt lat="41.62051" lon="8.96861"/>
            <trkpt lat="41.62045" lon="8.9685"/>
            <trkpt lat="41.62043" lon="8.96843"/>
            <trkpt lat="41.62041" lon="8.96835"/>
            <trkpt lat="41.62038" lon="8.96787"/>
            <trkpt lat="41.62038" lon="8.96764"/>
            <trkpt lat="41.62034" lon="8.96705"/>
            <trkpt lat="41.62033" lon="8.9668"/>
            <trkpt lat="41.62029" lon="8.96635"/>
            <trkpt lat="41.62025" lon="8.9662"/>
            <trkpt lat="41.62022" lon="8.96613"/>
            <trkpt lat="41.62019" lon="8.96607"/>
            <trkpt lat="41.62" lon="8.96583"/>
            <trkpt lat="41.61993" lon="8.96573"/>
            <trkpt lat="41.6199" lon="8.96566"/>
            <trkpt lat="41.61987" lon="8.96556"/>
            <trkpt lat="41.6198" lon="8.96519"/>
            <trkpt lat="41.61975" lon="8.96484"/>
            <trkpt lat="41.61968" lon="8.96428"/>
            <trkpt lat="41.61967" lon="8.96412"/>
            <trkpt lat="41.61968" lon="8.96404"/>
            <trkpt lat="41.6197" lon="8.96398"/>
            <trkpt lat="41.61972" lon="8.96393"/>
            <trkpt lat="41.61976" lon="8.96386"/>
            <trkpt lat="41.6198" lon="8.96382"/>
            <trkpt lat="41.61985" lon="8.96378"/>
            <trkpt lat="41.61988" lon="8.96376"/>
            <trkpt lat="41.61992" lon="8.96375"/>
            <trkpt lat="41.61997" lon="8.96374"/>
            <trkpt lat="41.62002" lon="8.96374"/>
            <trkpt lat="41.6201" lon="8.96377"/>
            <trkpt lat="41.62017" lon="8.9638"/>
            <trkpt lat="41.62094" lon="8.9642"/>
            <trkpt lat="41.6213" lon="8.96439"/>
            <trkpt lat="41.62145" lon="8.96444"/>
            <trkpt lat="41.62151" lon="8.96443"/>
            <trkpt lat="41.62156" lon="8.96443"/>
            <trkpt lat="41.62162" lon="8.9644"/>
            <trkpt lat="41.62169" lon="8.96437"/>
            <trkpt lat="41.62176" lon="8.9643"/>
            <trkpt lat="41.62192" lon="8.96416"/>
            <trkpt lat="41.62211" lon="8.96399"/>
            <trkpt lat="41.62239" lon="8.96373"/>
            <trkpt lat="41.62248" lon="8.96363"/>
            <trkpt lat="41.62254" lon="8.96352"/>
            <trkpt lat="41.62259" lon="8.96341"/>
            <trkpt lat="41.62265" lon="8.96326"/>
            <trkpt lat="41.62272" lon="8.96301"/>
            <trkpt lat="41.62274" lon="8.96288"/>
            <trkpt lat="41.62276" lon="8.96271"/>
            <trkpt lat="41.62277" lon="8.96254"/>
            <trkpt lat="41.62274" lon="8.96214"/>
            <trkpt lat="41.62269" lon="8.96188"/>
            <trkpt lat="41.62262" lon="8.96164"/>
            <trkpt lat="41.62225" lon="8.96098"/>
            <trkpt lat="41.622" lon="8.96046"/>
            <trkpt lat="41.62179" lon="8.96009"/>
            <trkpt lat="41.62174" lon="8.96002"/>
            <trkpt lat="41.62141" lon="8.95961"/>
            <trkpt lat="41.62122" lon="8.9594"/>
            <trkpt lat="41.62119" lon="8.95936"/>
            <trkpt lat="41.62111" lon="8.95931"/>
            <trkpt lat="41.62081" lon="8.95915"/>
            <trkpt lat="41.6206" lon="8.95904"/>
            <trkpt lat="41.62022" lon="8.95883"/>
            <trkpt lat="41.61978" lon="8.95859"/>
            <trkpt lat="41.61954" lon="8.95846"/>
            <trkpt lat="41.61937" lon="8.95837"/>
            <trkpt lat="41.61918" lon="8.95824"/>
            <trkpt lat="41.61911" lon="8.95817"/>
            <trkpt lat="41.61899" lon="8.95802"/>
            <trkpt lat="41.61893" lon="8.95791"/>
            <trkpt lat="41.61889" lon="8.9578"/>
            <trkpt lat="41.61884" lon="8.95766"/>
            <trkpt lat="41.61881" lon="8.95748"/>
            <trkpt lat="41.61881" lon="8.95729"/>
            <trkpt lat="41.61886" lon="8.95658"/>
            <trkpt lat="41.61886" lon="8.95608"/>
            <trkpt lat="41.61882" lon="8.95568"/>
            <trkpt lat="41.61868" lon="8.95451"/>
            <trkpt lat="41.61868" lon="8.9544"/>
            <trkpt lat="41.6187" lon="8.9543"/>
            <trkpt lat="41.61872" lon="8.95422"/>
            <trkpt lat="41.61875" lon="8.95414"/>
            <trkpt lat="41.61878" lon="8.95409"/>
            <trkpt lat="41.61881" lon="8.95403"/>
            <trkpt lat="41.61885" lon="8.95398"/>
            <trkpt lat="41.61891" lon="8.95394"/>
            <trkpt lat="41.61897" lon="8.9539"/>
            <trkpt lat="41.61905" lon="8.95388"/>
            <trkpt lat="41.61913" lon="8.95388"/>
            <trkpt lat="41.61927" lon="8.95391"/>
            <trkpt lat="41.61936" lon="8.95396"/>
            <trkpt lat="41.61983" lon="8.95425"/>
            <trkpt lat="41.62068" lon="8.9548"/>
            <trkpt lat="41.62089" lon="8.95488"/>
            <trkpt lat="41.621" lon="8.9549"/>
            <trkpt lat="41.62117" lon="8.9549"/>
            <trkpt lat="41.6217" lon="8.95479"/>
            <trkpt lat="41.62181" lon="8.95478"/>
            <trkpt lat="41.62203" lon="8.95479"/>
            <trkpt lat="41.62228" lon="8.95483"/>
            <trkpt lat="41.62239" lon="8.95485"/>
            <trkpt lat="41.62251" lon="8.95488"/>
            <trkpt lat="41.62268" lon="8.95494"/>
            <trkpt lat="41.62274" lon="8.95496"/>
            <trkpt lat="41.62298" lon="8.9551"/>
            <trkpt lat="41.62392" lon="8.95578"/>
            <trkpt lat="41.62453" lon="8.95624"/>
            <trkpt lat="41.6248" lon="8.95648"/>
            <trkpt lat="41.6249" lon="8.95657"/>
            <trkpt lat="41.62504" lon="8.95668"/>
            <trkpt lat="41.62564" lon="8.95704"/>
            <trkpt lat="41.62576" lon="8.95709"/>
            <trkpt lat="41.62586" lon="8.95712"/>
            <trkpt lat="41.62594" lon="8.95713"/>
            <trkpt lat="41.62608" lon="8.95711"/>
            <trkpt lat="41.62616" lon="8.95708"/>
            <trkpt lat="41.62623" lon="8.95703"/>
            <trkpt lat="41.62629" lon="8.95697"/>
            <trkpt lat="41.62654" lon="8.95664"/>
            <trkpt lat="41.62693" lon="8.9561"/>
            <trkpt lat="41.6271" lon="8.95589"/>
            <trkpt lat="41.62723" lon="8.95579"/>
            <trkpt lat="41.62738" lon="8.95573"/>
            <trkpt lat="41.62747" lon="8.95571"/>
            <trkpt lat="41.62764" lon="8.95571"/>
            <trkpt lat="41.62782" lon="8.95576"/>
            <trkpt lat="41.62865" lon="8.9562"/>
            <trkpt lat="41.62891" lon="8.95631"/>
            <trkpt lat="41.6311" lon="8.95768"/>
            <trkpt lat="41.63128" lon="8.95778"/>
            <trkpt lat="41.63157" lon="8.95792"/>
            <trkpt lat="41.63211" lon="8.95813"/>
            <trkpt lat="41.63261" lon="8.95832"/>
            <trkpt lat="41.63276" lon="8.95842"/>
            <trkpt lat="41.63293" lon="8.95856"/>
            <trkpt lat="41.63306" lon="8.9587"/>
            <trkpt lat="41.63312" lon="8.9588"/>
            <trkpt lat="41.63317" lon="8.95887"/>
            <trkpt lat="41.63321" lon="8.95895"/>
            <trkpt lat="41.63327" lon="8.95913"/>
            <trkpt lat="41.63351" lon="8.96007"/>
            <trkpt lat="41.63355" lon="8.96022"/>
            <trkpt lat="41.63361" lon="8.96035"/>
            <trkpt lat="41.63366" lon="8.96046"/>
            <trkpt lat="41.63377" lon="8.9606"/>
            <trkpt lat="41.63388" lon="8.96073"/>
            <trkpt lat="41.63402" lon="8.96085"/>
            <trkpt lat="41.63431" lon="8.96104"/>
            <trkpt lat="41.6347" lon="8.96128"/>
            <trkpt lat="41.63491" lon="8.96136"/>
            <trkpt lat="41.63501" lon="8.96139"/>
            <trkpt lat="41.63509" lon="8.96139"/>
            <trkpt lat="41.63554" lon="8.96134"/>
            <trkpt lat="41.63578" lon="8.96134"/>
            <trkpt lat="41.63597" lon="8.96138"/>
            <trkpt lat="41.63604" lon="8.9614"/>
            <trkpt lat="41.63626" lon="8.96153"/>
            <trkpt lat="41.6368" lon="8.96196"/>
            <trkpt lat="41.6369" lon="8.96202"/>
            <trkpt lat="41.63708" lon="8.9621"/>
            <trkpt lat="41.63715" lon="8.96212"/>
            <trkpt lat="41.63734" lon="8.96215"/>
            <trkpt lat="41.63744" lon="8.96215"/>
            <trkpt lat="41.63751" lon="8.96213"/>
            <trkpt lat="41.6376" lon="8.96211"/>
            <trkpt lat="41.63803" lon="8.96194"/>
            <trkpt lat="41.63813" lon="8.9619"/>
            <trkpt lat="41.63818" lon="8.96189"/>
            <trkpt lat="41.63828" lon="8.96188"/>
            <trkpt lat="41.63847" lon="8.96182"/>
            <trkpt lat="41.6388" lon="8.96171"/>
            <trkpt lat="41.63943" lon="8.96145"/>
            <trkpt lat="41.63961" lon="8.96138"/>
            <trkpt lat="41.64029" lon="8.96108"/>
            <trkpt lat="41.64045" lon="8.96097"/>
            <trkpt lat="41.64073" lon="8.96086"/>
            <trkpt lat="41.64112" lon="8.96071"/>
            <trkpt lat="41.64135" lon="8.96059"/>
            <trkpt lat="41.64158" lon="8.9604"/>
            <trkpt lat="41.64181" lon="8.96014"/>
            <trkpt lat="41.6419" lon="8.96001"/>
            <trkpt lat="41.64195" lon="8.95992"/>
            <trkpt lat="41.64207" lon="8.95965"/>
            <trkpt lat="41.64234" lon="8.95891"/>
            <trkpt lat="41.64238" lon="8.95884"/>
            <trkpt lat="41.64272" lon="8.95788"/>
            <trkpt lat="41.64282" lon="8.95758"/>
            <trkpt lat="41.64289" lon="8.95736"/>
            <trkpt lat="41.64296" lon="8.95717"/>
            <trkpt lat="41.64338" lon="8.95598"/>
            <trkpt lat="41.64364" lon="8.95524"/>
            <trkpt lat="41.64368" lon="8.95509"/>
            <trkpt lat="41.64385" lon="8.9546"/>
            <trkpt lat="41.64415" lon="8.95374"/>
            <trkpt lat="41.64447" lon="8.95293"/>
            <trkpt lat="41.6448" lon="8.952"/>
            <trkpt lat="41.6451" lon="8.95108"/>
            <trkpt lat="41.64544" lon="8.95019"/>
            <trkpt lat="41.64591" lon="8.94883"/>
            <trkpt lat="41.6462" lon="8.94803"/>
            <trkpt lat="41.64631" lon="8.94778"/>
            <trkpt lat="41.64647" lon="8.94751"/>
            <trkpt lat="41.64657" lon="8.94738"/>
            <trkpt lat="41.64668" lon="8.94726"/>
            <trkpt lat="41.6468" lon="8.94715"/>
            <trkpt lat="41.64738" lon="8.94669"/>
            <trkpt lat="41.64745" lon="8.94666"/>
            <trkpt lat="41.64802" lon="8.94618"/>
            <trkpt lat="41.64823" lon="8.94595"/>
            <trkpt lat="41.64835" lon="8.94574"/>
            <trkpt lat="41.64845" lon="8.94553"/>
            <trkpt lat="41.64857" lon="8.94518"/>
            <trkpt lat="41.6486" lon="8.94509"/>
            <trkpt lat="41.64862" lon="8.94499"/>
            <trkpt lat="41.64873" lon="8.94445"/>
            <trkpt lat="41.64882" lon="8.94412"/>
            <trkpt lat="41.64882" lon="8.94398"/>
            <trkpt lat="41.64894" lon="8.94355"/>
            <trkpt lat="41.64897" lon="8.94345"/>
            <trkpt lat="41.64908" lon="8.94322"/>
            <trkpt lat="41.64914" lon="8.94313"/>
            <trkpt lat="41.64927" lon="8.94297"/>
            <trkpt lat="41.64937" lon="8.94287"/>
            <trkpt lat="41.64996" lon="8.94228"/>
            <trkpt lat="41.65012" lon="8.94208"/>
            <trkpt lat="41.65025" lon="8.94186"/>
            <trkpt lat="41.65033" lon="8.94164"/>
            <trkpt lat="41.6504" lon="8.94134"/>
            <trkpt lat="41.65044" lon="8.94104"/>
            <trkpt lat="41.65045" lon="8.94081"/>
            <trkpt lat="41.65042" lon="8.94047"/>
            <trkpt lat="41.65028" lon="8.93953"/>
            <trkpt lat="41.65026" lon="8.93936"/>
            <trkpt lat="41.65024" lon="8.93911"/>
            <trkpt lat="41.65025" lon="8.93888"/>
            <trkpt lat="41.65029" lon="8.93867"/>
            <trkpt lat="41.65036" lon="8.93846"/>
            <trkpt lat="41.65047" lon="8.93827"/>
            <trkpt lat="41.65064" lon="8.93804"/>
            <trkpt lat="41.65093" lon="8.93769"/>
            <trkpt lat="41.65111" lon="8.9374"/>
            <trkpt lat="41.65114" lon="8.93737"/>
            <trkpt lat="41.6512" lon="8.93725"/>
            <trkpt lat="41.65125" lon="8.93712"/>
            <trkpt lat="41.65132" lon="8.93689"/>
            <trkpt lat="41.65155" lon="8.93595"/>
            <trkpt lat="41.65198" lon="8.9342"/>
            <trkpt lat="41.65207" lon="8.93368"/>
            <trkpt lat="41.65216" lon="8.93282"/>
            <trkpt lat="41.65221" lon="8.93256"/>
            <trkpt lat="41.65231" lon="8.93228"/>
            <trkpt lat="41.65252" lon="8.9318"/>
            <trkpt lat="41.65259" lon="8.9316"/>
            <trkpt lat="41.65268" lon="8.93127"/>
            <trkpt lat="41.65273" lon="8.931"/>
            <trkpt lat="41.65277" lon="8.93059"/>
            <trkpt lat="41.65277" lon="8.92978"/>
            <trkpt lat="41.65277" lon="8.92945"/>
            <trkpt lat="41.65279" lon="8.92934"/>
            <trkpt lat="41.65282" lon="8.92918"/>
            <trkpt lat="41.65284" lon="8.9291"/>
            <trkpt lat="41.65287" lon="8.929"/>
            <trkpt lat="41.653" lon="8.92874"/>
            <trkpt lat="41.6531" lon="8.92859"/>
            <trkpt lat="41.65324" lon="8.92845"/>
            <trkpt lat="41.65385" lon="8.92796"/>
            <trkpt lat="41.6544" lon="8.92749"/>
            <trkpt lat="41.65461" lon="8.92727"/>
            <trkpt lat="41.65483" lon="8.92697"/>
            <trkpt lat="41.65492" lon="8.92681"/>
            <trkpt lat="41.65504" lon="8.92656"/>
            <trkpt lat="41.6551" lon="8.92637"/>
            <trkpt lat="41.65514" lon="8.92615"/>
            <trkpt lat="41.65517" lon="8.92581"/>
            <trkpt lat="41.65517" lon="8.92568"/>
            <trkpt lat="41.65516" lon="8.92557"/>
            <trkpt lat="41.65497" lon="8.92409"/>
            <trkpt lat="41.65493" lon="8.92378"/>
            <trkpt lat="41.65479" lon="8.92279"/>
            <trkpt lat="41.65466" lon="8.92177"/>
            <trkpt lat="41.65455" lon="8.92097"/>
            <trkpt lat="41.65454" lon="8.9209"/>
            <trkpt lat="41.65444" lon="8.92013"/>
            <trkpt lat="41.65444" lon="8.91977"/>
            <trkpt lat="41.65448" lon="8.91952"/>
            <trkpt lat="41.65455" lon="8.91923"/>
            <trkpt lat="41.65472" lon="8.91876"/>
            <trkpt lat="41.65477" lon="8.91867"/>
            <trkpt lat="41.65478" lon="8.91863"/>
            <trkpt lat="41.65483" lon="8.91855"/>
            <trkpt lat="41.6549" lon="8.91847"/>
            <trkpt lat="41.65493" lon="8.91844"/>
            <trkpt lat="41.65503" lon="8.91835"/>
            <trkpt lat="41.65506" lon="8.91833"/>
            <trkpt lat="41.65509" lon="8.91832"/>
            <trkpt lat="41.65516" lon="8.91829"/>
            <trkpt lat="41.65532" lon="8.91825"/>
            <trkpt lat="41.65543" lon="8.91824"/>
            <trkpt lat="41.65548" lon="8.91826"/>
            <trkpt lat="41.65575" lon="8.91823"/>
            <trkpt lat="41.65592" lon="8.91818"/>
            <trkpt lat="41.65611" lon="8.91806"/>
            <trkpt lat="41.65619" lon="8.91799"/>
            <trkpt lat="41.65643" lon="8.91777"/>
            <trkpt lat="41.65659" lon="8.91767"/>
            <trkpt lat="41.65677" lon="8.9176"/>
            <trkpt lat="41.65692" lon="8.91757"/>
            <trkpt lat="41.65697" lon="8.91754"/>
            <trkpt lat="41.65715" lon="8.91755"/>
            <trkpt lat="41.65732" lon="8.91756"/>
            <trkpt lat="41.65761" lon="8.91758"/>
            <trkpt lat="41.65784" lon="8.91759"/>
            <trkpt lat="41.65798" lon="8.91759"/>
            <trkpt lat="41.65816" lon="8.91758"/>
            <trkpt lat="41.65827" lon="8.91755"/>
            <trkpt lat="41.65831" lon="8.91753"/>
            <trkpt lat="41.65851" lon="8.91745"/>
            <trkpt lat="41.65863" lon="8.91739"/>
            <trkpt lat="41.65873" lon="8.91733"/>
            <trkpt lat="41.65902" lon="8.9172"/>
            <trkpt lat="41.65916" lon="8.91714"/>
            <trkpt lat="41.65921" lon="8.91713"/>
            <trkpt lat="41.65934" lon="8.9171"/>
            <trkpt lat="41.6597" lon="8.91702"/>
            <trkpt lat="41.65999" lon="8.91698"/>
            <trkpt lat="41.66016" lon="8.91697"/>
            <trkpt lat="41.66038" lon="8.91696"/>
            <trkpt lat="41.66049" lon="8.91698"/>
            <trkpt lat="41.66069" lon="8.91703"/>
            <trkpt lat="41.66081" lon="8.91708"/>
            <trkpt lat="41.6609" lon="8.91712"/>
            <trkpt lat="41.661" lon="8.91719"/>
            <trkpt lat="41.66126" lon="8.91738"/>
            <trkpt lat="41.66164" lon="8.91767"/>
            <trkpt lat="41.66197" lon="8.91785"/>
            <trkpt lat="41.66233" lon="8.91802"/>
            <trkpt lat="41.66403" lon="8.91878"/>
            <trkpt lat="41.6649" lon="8.91918"/>
            <trkpt lat="41.66516" lon="8.91931"/>
            <trkpt lat="41.66538" lon="8.91945"/>
            <trkpt lat="41.66543" lon="8.91949"/>
            <trkpt lat="41.66546" lon="8.91955"/>
            <trkpt lat="41.66557" lon="8.91965"/>
            <trkpt lat="41.66594" lon="8.92006"/>
            <trkpt lat="41.66657" lon="8.92082"/>
            <trkpt lat="41.66661" lon="8.92083"/>
            <trkpt lat="41.66666" lon="8.92089"/>
            <trkpt lat="41.66667" lon="8.9209"/>
            <trkpt lat="41.66688" lon="8.9211"/>
            <trkpt lat="41.66693" lon="8.92115"/>
            <trkpt lat="41.66708" lon="8.92125"/>
            <trkpt lat="41.66715" lon="8.92133"/>
            <trkpt lat="41.66731" lon="8.92146"/>
            <trkpt lat="41.66733" lon="8.92151"/>
            <trkpt lat="41.66736" lon="8.92157"/>
            <trkpt lat="41.6674" lon="8.92159"/>
            <trkpt lat="41.66746" lon="8.92205"/>
            <trkpt lat="41.66749" lon="8.92209"/>
            <trkpt lat="41.66749" lon="8.92216"/>
            <trkpt lat="41.66752" lon="8.92233"/>
            <trkpt lat="41.66756" lon="8.92263"/>
            <trkpt lat="41.66768" lon="8.92327"/>
            <trkpt lat="41.66777" lon="8.92369"/>
            <trkpt lat="41.66788" lon="8.92407"/>
            <trkpt lat="41.66797" lon="8.92435"/>
            <trkpt lat="41.66806" lon="8.92461"/>
            <trkpt lat="41.6683" lon="8.92532"/>
            <trkpt lat="41.66843" lon="8.9256"/>
            <trkpt lat="41.66865" lon="8.92597"/>
            <trkpt lat="41.66872" lon="8.92606"/>
            <trkpt lat="41.66885" lon="8.9262"/>
            <trkpt lat="41.66888" lon="8.92624"/>
            <trkpt lat="41.66905" lon="8.92641"/>
            <trkpt lat="41.66936" lon="8.92665"/>
            <trkpt lat="41.6695" lon="8.92674"/>
            <trkpt lat="41.66982" lon="8.9269"/>
            <trkpt lat="41.66987" lon="8.92693"/>
            <trkpt lat="41.67036" lon="8.9271"/>
            <trkpt lat="41.67061" lon="8.92717"/>
            <trkpt lat="41.67098" lon="8.92724"/>
            <trkpt lat="41.67229" lon="8.92748"/>
            <trkpt lat="41.6727" lon="8.92756"/>
            <trkpt lat="41.67403" lon="8.92777"/>
            <trkpt lat="41.6748" lon="8.92785"/>
            <trkpt lat="41.67547" lon="8.92791"/>
            <trkpt lat="41.6759" lon="8.92794"/>
            <trkpt lat="41.67626" lon="8.92796"/>
            <trkpt lat="41.67732" lon="8.92805"/>
            <trkpt lat="41.67909" lon="8.92831"/>
            <trkpt lat="41.67929" lon="8.92833"/>
            <trkpt lat="41.6794" lon="8.92832"/>
            <trkpt lat="41.67968" lon="8.92828"/>
            <trkpt lat="41.67984" lon="8.92822"/>
            <trkpt lat="41.68009" lon="8.9281"/>
            <trkpt lat="41.68031" lon="8.92797"/>
            <trkpt lat="41.68059" lon="8.92777"/>
            <trkpt lat="41.6808" lon="8.92758"/>
            <trkpt lat="41.68098" lon="8.92739"/>
            <trkpt lat="41.68118" lon="8.92708"/>
            <trkpt lat="41.68135" lon="8.92682"/>
            <trkpt lat="41.68135" lon="8.92681"/>
            <trkpt lat="41.68148" lon="8.92658"/>
            <trkpt lat="41.68213" lon="8.92531"/>
            <trkpt lat="41.68234" lon="8.92489"/>
            <trkpt lat="41.68336" lon="8.9231"/>
            <trkpt lat="41.6835" lon="8.92281"/>
            <trkpt lat="41.68374" lon="8.92225"/>
            <trkpt lat="41.68379" lon="8.92209"/>
            <trkpt lat="41.68383" lon="8.92196"/>
            <trkpt lat="41.68386" lon="8.92186"/>
            <trkpt lat="41.68392" lon="8.9218"/>
            <trkpt lat="41.68409" lon="8.92146"/>
            <trkpt lat="41.68413" lon="8.92147"/>
            <trkpt lat="41.68415" lon="8.92147"/>
            <trkpt lat="41.68417" lon="8.92147"/>
            <trkpt lat="41.68419" lon="8.92146"/>
            <trkpt lat="41.68422" lon="8.92145"/>
            <trkpt lat="41.68425" lon="8.92142"/>
            <trkpt lat="41.68426" lon="8.9214"/>
            <trkpt lat="41.68428" lon="8.92136"/>
            <trkpt lat="41.68429" lon="8.92132"/>
            <trkpt lat="41.6843" lon="8.92128"/>
            <trkpt lat="41.68429" lon="8.9212"/>
            <trkpt lat="41.68428" lon="8.92117"/>
            <trkpt lat="41.68427" lon="8.92114"/>
            <trkpt lat="41.68425" lon="8.92112"/>
            <trkpt lat="41.68436" lon="8.921"/>
            <trkpt lat="41.68444" lon="8.92094"/>
            <trkpt lat="41.68452" lon="8.9209"/>
            <trkpt lat="41.68467" lon="8.92082"/>
            <trkpt lat="41.6853" lon="8.92057"/>
            <trkpt lat="41.68572" lon="8.92041"/>
            <trkpt lat="41.68593" lon="8.92033"/>
            <trkpt lat="41.68699" lon="8.9199"/>
            <trkpt lat="41.68812" lon="8.91943"/>
            <trkpt lat="41.68933" lon="8.91909"/>
            <trkpt lat="41.68947" lon="8.91904"/>
            <trkpt lat="41.68961" lon="8.91901"/>
            <trkpt lat="41.68976" lon="8.91896"/>
            <trkpt lat="41.68992" lon="8.91892"/>
            <trkpt lat="41.69047" lon="8.91876"/>
            <trkpt lat="41.69056" lon="8.91871"/>
            <trkpt lat="41.69064" lon="8.91867"/>
            <trkpt lat="41.69072" lon="8.91861"/>
            <trkpt lat="41.69091" lon="8.91843"/>
            <trkpt lat="41.69109" lon="8.91822"/>
            <trkpt lat="41.69114" lon="8.91813"/>
            <trkpt lat="41.69123" lon="8.91797"/>
            <trkpt lat="41.6914" lon="8.91745"/>
            <trkpt lat="41.6915" lon="8.91716"/>
            <trkpt lat="41.69188" lon="8.91612"/>
            <trkpt lat="41.69192" lon="8.91604"/>
            <trkpt lat="41.69194" lon="8.916"/>
            <trkpt lat="41.692" lon="8.9159"/>
            <trkpt lat="41.69206" lon="8.91584"/>
            <trkpt lat="41.69209" lon="8.9158"/>
            <trkpt lat="41.69215" lon="8.91576"/>
            <trkpt lat="41.69248" lon="8.91562"/>
            <trkpt lat="41.69258" lon="8.91558"/>
            <trkpt lat="41.69271" lon="8.9155"/>
            <trkpt lat="41.69277" lon="8.91545"/>
            <trkpt lat="41.69288" lon="8.91528"/>
            <trkpt lat="41.69304" lon="8.91498"/>
            <trkpt lat="41.6933" lon="8.91442"/>
            <trkpt lat="41.69345" lon="8.91413"/>
            <trkpt lat="41.69358" lon="8.91385"/>
            <trkpt lat="41.69362" lon="8.91374"/>
            <trkpt lat="41.69365" lon="8.91366"/>
            <trkpt lat="41.69371" lon="8.91346"/>
            <trkpt lat="41.69385" lon="8.91294"/>
            <trkpt lat="41.69386" lon="8.91287"/>
            <trkpt lat="41.69388" lon="8.9127"/>
            <trkpt lat="41.69388" lon="8.91255"/>
            <trkpt lat="41.6938" lon="8.91206"/>
            <trkpt lat="41.69378" lon="8.91184"/>
            <trkpt lat="41.69378" lon="8.91163"/>
            <trkpt lat="41.6938" lon="8.91154"/>
            <trkpt lat="41.69384" lon="8.9114"/>
            <trkpt lat="41.6939" lon="8.91128"/>
            <trkpt lat="41.69396" lon="8.91119"/>
            <trkpt lat="41.694" lon="8.91113"/>
            <trkpt lat="41.69409" lon="8.91105"/>
            <trkpt lat="41.69415" lon="8.91102"/>
            <trkpt lat="41.6942" lon="8.911"/>
            <trkpt lat="41.69426" lon="8.91097"/>
            <trkpt lat="41.69438" lon="8.91093"/>
            <trkpt lat="41.69473" lon="8.9109"/>
            <trkpt lat="41.69525" lon="8.91077"/>
            <trkpt lat="41.69529" lon="8.91075"/>
            <trkpt lat="41.69538" lon="8.91074"/>
            <trkpt lat="41.69546" lon="8.91075"/>
            <trkpt lat="41.69563" lon="8.91079"/>
            <trkpt lat="41.69572" lon="8.91084"/>
            <trkpt lat="41.69593" lon="8.91097"/>
            <trkpt lat="41.696" lon="8.91102"/>
            <trkpt lat="41.69611" lon="8.91108"/>
            <trkpt lat="41.69615" lon="8.9111"/>
            <trkpt lat="41.69623" lon="8.91111"/>
            <trkpt lat="41.69629" lon="8.9111"/>
            <trkpt lat="41.69631" lon="8.91109"/>
            <trkpt lat="41.69636" lon="8.91106"/>
            <trkpt lat="41.6964" lon="8.91102"/>
            <trkpt lat="41.69642" lon="8.91098"/>
            <trkpt lat="41.69646" lon="8.91088"/>
            <trkpt lat="41.69647" lon="8.91083"/>
            <trkpt lat="41.69647" lon="8.91075"/>
            <trkpt lat="41.69647" lon="8.91069"/>
            <trkpt lat="41.69645" lon="8.91058"/>
            <trkpt lat="41.69644" lon="8.91055"/>
            <trkpt lat="41.69637" lon="8.9103"/>
            <trkpt lat="41.69621" lon="8.90968"/>
            <trkpt lat="41.6962" lon="8.9096"/>
            <trkpt lat="41.69621" lon="8.90945"/>
            <trkpt lat="41.69623" lon="8.90937"/>
            <trkpt lat="41.69625" lon="8.9093"/>
            <trkpt lat="41.69629" lon="8.90924"/>
            <trkpt lat="41.69632" lon="8.90919"/>
            <trkpt lat="41.69641" lon="8.90907"/>
            <trkpt lat="41.69657" lon="8.9089"/>
            <trkpt lat="41.69664" lon="8.90882"/>
            <trkpt lat="41.6967" lon="8.90872"/>
            <trkpt lat="41.69673" lon="8.90864"/>
            <trkpt lat="41.69674" lon="8.90857"/>
            <trkpt lat="41.69675" lon="8.90846"/>
            <trkpt lat="41.69673" lon="8.90831"/>
            <trkpt lat="41.69668" lon="8.90815"/>
            <trkpt lat="41.69665" lon="8.90809"/>
            <trkpt lat="41.69638" lon="8.90769"/>
            <trkpt lat="41.69635" lon="8.90766"/>
            <trkpt lat="41.69632" lon="8.9076"/>
            <trkpt lat="41.69622" lon="8.90741"/>
            <trkpt lat="41.69619" lon="8.90734"/>
            <trkpt lat="41.69616" lon="8.90725"/>
            <trkpt lat="41.69613" lon="8.90714"/>
            <trkpt lat="41.69611" lon="8.90703"/>
            <trkpt lat="41.69611" lon="8.90692"/>
            <trkpt lat="41.69612" lon="8.90669"/>
            <trkpt lat="41.69615" lon="8.90655"/>
            <trkpt lat="41.69621" lon="8.90634"/>
            <trkpt lat="41.6963" lon="8.90618"/>
            <trkpt lat="41.69635" lon="8.90611"/>
            <trkpt lat="41.6964" lon="8.90604"/>
            <trkpt lat="41.69655" lon="8.90592"/>
            <trkpt lat="41.6967" lon="8.90581"/>
            <trkpt lat="41.697" lon="8.90556"/>
            <trkpt lat="41.69704" lon="8.9055"/>
            <trkpt lat="41.69707" lon="8.90543"/>
            <trkpt lat="41.6971" lon="8.90536"/>
            <trkpt lat="41.69712" lon="8.90528"/>
            <trkpt lat="41.69713" lon="8.90521"/>
            <trkpt lat="41.69713" lon="8.90505"/>
            <trkpt lat="41.6971" lon="8.90486"/>
            <trkpt lat="41.69707" lon="8.90469"/>
            <trkpt lat="41.69705" lon="8.90458"/>
            <trkpt lat="41.69704" lon="8.90452"/>
            <trkpt lat="41.69704" lon="8.90441"/>
            <trkpt lat="41.69706" lon="8.90432"/>
            <trkpt lat="41.69707" lon="8.90426"/>
            <trkpt lat="41.69711" lon="8.90417"/>
            <trkpt lat="41.69716" lon="8.90409"/>
            <trkpt lat="41.6972" lon="8.90402"/>
            <trkpt lat="41.69726" lon="8.90397"/>
            <trkpt lat="41.69755" lon="8.90375"/>
            <trkpt lat="41.69762" lon="8.90368"/>
            <trkpt lat="41.69767" lon="8.90362"/>
            <trkpt lat="41.69772" lon="8.90354"/>
            <trkpt lat="41.69821" lon="8.90264"/>
            <trkpt lat="41.69832" lon="8.90238"/>
            <trkpt lat="41.69836" lon="8.90225"/>
            <trkpt lat="41.69837" lon="8.902"/>
            <trkpt lat="41.69835" lon="8.90179"/>
            <trkpt lat="41.69829" lon="8.90153"/>
            <trkpt lat="41.69819" lon="8.90126"/>
            <trkpt lat="41.6981" lon="8.90106"/>
            <trkpt lat="41.698" lon="8.90091"/>
            <trkpt lat="41.69789" lon="8.9008"/>
            <trkpt lat="41.69782" lon="8.90076"/>
            <trkpt lat="41.69777" lon="8.90073"/>
            <trkpt lat="41.69745" lon="8.90062"/>
            <trkpt lat="41.6974" lon="8.9006"/>
            <trkpt lat="41.69734" lon="8.90055"/>
            <trkpt lat="41.6973" lon="8.90052"/>
            <trkpt lat="41.69725" lon="8.90046"/>
            <trkpt lat="41.69722" lon="8.9004"/>
            <trkpt lat="41.6972" lon="8.90035"/>
            <trkpt lat="41.69718" lon="8.90031"/>
            <trkpt lat="41.69717" lon="8.90025"/>
            <trkpt lat="41.69716" lon="8.90018"/>
            <trkpt lat="41.69718" lon="8.89986"/>
            <trkpt lat="41.6972" lon="8.89979"/>
            <trkpt lat="41.69726" lon="8.89944"/>
            <trkpt lat="41.69729" lon="8.89918"/>
            <trkpt lat="41.69732" lon="8.89893"/>
            <trkpt lat="41.69734" lon="8.89876"/>
            <trkpt lat="41.6974" lon="8.89845"/>
            <trkpt lat="41.69737" lon="8.89841"/>
            <trkpt lat="41.69733" lon="8.89837"/>
            <trkpt lat="41.69731" lon="8.89834"/>
            <trkpt lat="41.6973" lon="8.89834"/>
            <trkpt lat="41.69728" lon="8.8983"/>
            <trkpt lat="41.69729" lon="8.89817"/>
            <trkpt lat="41.6973" lon="8.89805"/>
            <trkpt lat="41.69733" lon="8.89795"/>
            <trkpt lat="41.69741" lon="8.89768"/>
            <trkpt lat="41.69746" lon="8.89751"/>
            <trkpt lat="41.69747" lon="8.89743"/>
            <trkpt lat="41.69747" lon="8.89734"/>
            <trkpt lat="41.69744" lon="8.89709"/>
            <trkpt lat="41.69744" lon="8.89702"/>
            <trkpt lat="41.69745" lon="8.89637"/>
            <trkpt lat="41.69743" lon="8.89626"/>
            <trkpt lat="41.69738" lon="8.89618"/>
            <trkpt lat="41.6973" lon="8.8961"/>
            <trkpt lat="41.69723" lon="8.89604"/>
            <trkpt lat="41.6971" lon="8.89596"/>
            <trkpt lat="41.69683" lon="8.89586"/>
            <trkpt lat="41.69672" lon="8.89587"/>
            <trkpt lat="41.69657" lon="8.89593"/>
            <trkpt lat="41.69626" lon="8.89631"/>
            <trkpt lat="41.69617" lon="8.89638"/>
            <trkpt lat="41.69604" lon="8.89642"/>
            <trkpt lat="41.69594" lon="8.89641"/>
            <trkpt lat="41.69537" lon="8.89626"/>
            <trkpt lat="41.69491" lon="8.89611"/>
            <trkpt lat="41.69475" lon="8.89604"/>
            <trkpt lat="41.69466" lon="8.89598"/>
            <trkpt lat="41.69462" lon="8.8959"/>
            <trkpt lat="41.69458" lon="8.89583"/>
            <trkpt lat="41.69456" lon="8.89571"/>
            <trkpt lat="41.69453" lon="8.89518"/>
            <trkpt lat="41.69452" lon="8.89453"/>
            <trkpt lat="41.69453" lon="8.89445"/>
            <trkpt lat="41.69455" lon="8.89439"/>
            <trkpt lat="41.69476" lon="8.89381"/>
            <trkpt lat="41.69483" lon="8.89365"/>
            <trkpt lat="41.69533" lon="8.89265"/>
            <trkpt lat="41.69535" lon="8.89257"/>
            <trkpt lat="41.69535" lon="8.8925"/>
            <trkpt lat="41.69535" lon="8.89231"/>
            <trkpt lat="41.69538" lon="8.89222"/>
            <trkpt lat="41.69537" lon="8.89147"/>
            <trkpt lat="41.69538" lon="8.8914"/>
            <trkpt lat="41.6954" lon="8.89133"/>
            <trkpt lat="41.69542" lon="8.89128"/>
            <trkpt lat="41.69544" lon="8.89124"/>
            <trkpt lat="41.69546" lon="8.89121"/>
            <trkpt lat="41.6955" lon="8.89118"/>
            <trkpt lat="41.69555" lon="8.89115"/>
            <trkpt lat="41.69562" lon="8.89113"/>
            <trkpt lat="41.69567" lon="8.89113"/>
            <trkpt lat="41.69571" lon="8.89113"/>
            <trkpt lat="41.69583" lon="8.89117"/>
            <trkpt lat="41.69591" lon="8.89117"/>
            <trkpt lat="41.69602" lon="8.89121"/>
            <trkpt lat="41.69633" lon="8.89128"/>
            <trkpt lat="41.69641" lon="8.89127"/>
            <trkpt lat="41.69647" lon="8.89123"/>
            <trkpt lat="41.69649" lon="8.8912"/>
            <trkpt lat="41.69654" lon="8.89107"/>
            <trkpt lat="41.69655" lon="8.89099"/>
            <trkpt lat="41.69653" lon="8.8909"/>
            <trkpt lat="41.69645" lon="8.89077"/>
            <trkpt lat="41.6964" lon="8.8907"/>
            <trkpt lat="41.69613" lon="8.89045"/>
            <trkpt lat="41.69601" lon="8.89029"/>
            <trkpt lat="41.6959" lon="8.8901"/>
            <trkpt lat="41.69579" lon="8.88983"/>
            <trkpt lat="41.69577" lon="8.88975"/>
            <trkpt lat="41.69572" lon="8.88936"/>
            <trkpt lat="41.69564" lon="8.88864"/>
            <trkpt lat="41.69566" lon="8.88851"/>
            <trkpt lat="41.69569" lon="8.8884"/>
            <trkpt lat="41.69573" lon="8.88833"/>
            <trkpt lat="41.69581" lon="8.88827"/>
            <trkpt lat="41.69648" lon="8.88799"/>
            <trkpt lat="41.6966" lon="8.88792"/>
            <trkpt lat="41.69667" lon="8.88782"/>
            <trkpt lat="41.69669" lon="8.88777"/>
            <trkpt lat="41.6967" lon="8.88775"/>
            <trkpt lat="41.69671" lon="8.88769"/>
            <trkpt lat="41.6967" lon="8.88762"/>
            <trkpt lat="41.69669" lon="8.88753"/>
            <trkpt lat="41.69663" lon="8.8874"/>
            <trkpt lat="41.69632" lon="8.8867"/>
            <trkpt lat="41.69631" lon="8.88667"/>
            <trkpt lat="41.69625" lon="8.8865"/>
            <trkpt lat="41.6962" lon="8.88624"/>
            <trkpt lat="41.69619" lon="8.88608"/>
            <trkpt lat="41.69613" lon="8.88575"/>
            <trkpt lat="41.69609" lon="8.88563"/>
            <trkpt lat="41.69604" lon="8.88551"/>
            <trkpt lat="41.69591" lon="8.88529"/>
            <trkpt lat="41.69582" lon="8.88515"/>
            <trkpt lat="41.69578" lon="8.88505"/>
            <trkpt lat="41.69575" lon="8.88492"/>
            <trkpt lat="41.69574" lon="8.88464"/>
            <trkpt lat="41.69577" lon="8.88446"/>
            <trkpt lat="41.69581" lon="8.88431"/>
            <trkpt lat="41.69583" lon="8.88422"/>
            <trkpt lat="41.69587" lon="8.88408"/>
            <trkpt lat="41.6959" lon="8.88401"/>
            <trkpt lat="41.69594" lon="8.88396"/>
            <trkpt lat="41.69595" lon="8.88395"/>
            <trkpt lat="41.69599" lon="8.88392"/>
            <trkpt lat="41.69642" lon="8.8838"/>
            <trkpt lat="41.69646" lon="8.88377"/>
            <trkpt lat="41.69652" lon="8.8837"/>
            <trkpt lat="41.69661" lon="8.88353"/>
            <trkpt lat="41.69672" lon="8.88329"/>
            <trkpt lat="41.69678" lon="8.88305"/>
            <trkpt lat="41.69679" lon="8.88293"/>
            <trkpt lat="41.69679" lon="8.88284"/>
            <trkpt lat="41.69677" lon="8.88276"/>
            <trkpt lat="41.69671" lon="8.88264"/>
            <trkpt lat="41.69667" lon="8.88259"/>
            <trkpt lat="41.69658" lon="8.88249"/>
            <trkpt lat="41.69641" lon="8.88236"/>
            <trkpt lat="41.69634" lon="8.88226"/>
            <trkpt lat="41.69633" lon="8.88219"/>
            <trkpt lat="41.69634" lon="8.88204"/>
            <trkpt lat="41.69635" lon="8.88194"/>
            <trkpt lat="41.69654" lon="8.88147"/>
            <trkpt lat="41.6967" lon="8.88129"/>
            <trkpt lat="41.69689" lon="8.88111"/>
            <trkpt lat="41.69703" lon="8.88101"/>
            <trkpt lat="41.6975" lon="8.88075"/>
            <trkpt lat="41.69756" lon="8.88074"/>
            <trkpt lat="41.69764" lon="8.88074"/>
            <trkpt lat="41.69771" lon="8.88075"/>
            <trkpt lat="41.69804" lon="8.8809"/>
            <trkpt lat="41.69824" lon="8.88095"/>
            <trkpt lat="41.69828" lon="8.88097"/>
            <trkpt lat="41.69869" lon="8.88124"/>
            <trkpt lat="41.69875" lon="8.88126"/>
            <trkpt lat="41.69894" lon="8.88129"/>
            <trkpt lat="41.69902" lon="8.88128"/>
            <trkpt lat="41.69909" lon="8.88125"/>
            <trkpt lat="41.69934" lon="8.88097"/>
            <trkpt lat="41.69936" lon="8.88092"/>
            <trkpt lat="41.69937" lon="8.88083"/>
            <trkpt lat="41.69937" lon="8.88078"/>
            <trkpt lat="41.69936" lon="8.88069"/>
            <trkpt lat="41.69934" lon="8.88059"/>
            <trkpt lat="41.6993" lon="8.88053"/>
            <trkpt lat="41.69925" lon="8.88048"/>
            <trkpt lat="41.69893" lon="8.88041"/>
            <trkpt lat="41.69886" lon="8.88035"/>
            <trkpt lat="41.69881" lon="8.88029"/>
            <trkpt lat="41.6987" lon="8.88006"/>
            <trkpt lat="41.69857" lon="8.8797"/>
            <trkpt lat="41.69854" lon="8.87949"/>
            <trkpt lat="41.69856" lon="8.87878"/>
            <trkpt lat="41.69855" lon="8.87871"/>
            <trkpt lat="41.69854" lon="8.87863"/>
            <trkpt lat="41.69844" lon="8.8782"/>
            <trkpt lat="41.69842" lon="8.87796"/>
            <trkpt lat="41.69845" lon="8.87782"/>
            <trkpt lat="41.69848" lon="8.87777"/>
            <trkpt lat="41.69884" lon="8.8775"/>
            <trkpt lat="41.69891" lon="8.87743"/>
            <trkpt lat="41.69904" lon="8.87727"/>
            <trkpt lat="41.69909" lon="8.87717"/>
            <trkpt lat="41.69912" lon="8.87706"/>
            <trkpt lat="41.69912" lon="8.87695"/>
            <trkpt lat="41.69912" lon="8.87655"/>
            <trkpt lat="41.69914" lon="8.87644"/>
            <trkpt lat="41.69921" lon="8.8762"/>
            <trkpt lat="41.69928" lon="8.87604"/>
            <trkpt lat="41.69954" lon="8.87553"/>
            <trkpt lat="41.69956" lon="8.87547"/>
            <trkpt lat="41.69956" lon="8.87539"/>
            <trkpt lat="41.69954" lon="8.87532"/>
            <trkpt lat="41.69951" lon="8.87525"/>
            <trkpt lat="41.69945" lon="8.87517"/>
            <trkpt lat="41.69939" lon="8.87513"/>
            <trkpt lat="41.69934" lon="8.8751"/>
            <trkpt lat="41.69886" lon="8.87506"/>
            <trkpt lat="41.6988" lon="8.87503"/>
            <trkpt lat="41.69875" lon="8.87498"/>
            <trkpt lat="41.69861" lon="8.8748"/>
            <trkpt lat="41.69853" lon="8.87474"/>
            <trkpt lat="41.69824" lon="8.87469"/>
            <trkpt lat="41.69817" lon="8.87466"/>
            <trkpt lat="41.69811" lon="8.87459"/>
            <trkpt lat="41.69805" lon="8.87436"/>
            <trkpt lat="41.69799" lon="8.87405"/>
            <trkpt lat="41.69795" lon="8.87392"/>
            <trkpt lat="41.69792" lon="8.87386"/>
            <trkpt lat="41.69787" lon="8.87378"/>
            <trkpt lat="41.69777" lon="8.87366"/>
            <trkpt lat="41.69758" lon="8.87348"/>
            <trkpt lat="41.6975" lon="8.87334"/>
            <trkpt lat="41.69746" lon="8.87322"/>
            <trkpt lat="41.69741" lon="8.87277"/>
            <trkpt lat="41.69752" lon="8.87162"/>
            <trkpt lat="41.69757" lon="8.87145"/>
            <trkpt lat="41.69762" lon="8.87136"/>
            <trkpt lat="41.6977" lon="8.87127"/>
            <trkpt lat="41.69786" lon="8.8712"/>
            <trkpt lat="41.69818" lon="8.87112"/>
            <trkpt lat="41.69829" lon="8.87107"/>
            <trkpt lat="41.69833" lon="8.87103"/>
            <trkpt lat="41.69836" lon="8.87097"/>
            <trkpt lat="41.69838" lon="8.8709"/>
            <trkpt lat="41.69838" lon="8.87077"/>
            <trkpt lat="41.69834" lon="8.87065"/>
            <trkpt lat="41.69802" lon="8.87012"/>
            <trkpt lat="41.69792" lon="8.87003"/>
            <trkpt lat="41.6974" lon="8.86984"/>
            <trkpt lat="41.69736" lon="8.86982"/>
            <trkpt lat="41.69733" lon="8.86979"/>
            <trkpt lat="41.69731" lon="8.86974"/>
            <trkpt lat="41.6973" lon="8.86969"/>
            <trkpt lat="41.69729" lon="8.86879"/>
            <trkpt lat="41.69726" lon="8.86789"/>
            <trkpt lat="41.69727" lon="8.86757"/>
            <trkpt lat="41.69721" lon="8.86682"/>
            <trkpt lat="41.69721" lon="8.86669"/>
            <trkpt lat="41.69727" lon="8.8661"/>
            <trkpt lat="41.69739" lon="8.86553"/>
            <trkpt lat="41.69752" lon="8.865"/>
            <trkpt lat="41.69758" lon="8.86486"/>
            <trkpt lat="41.69778" lon="8.86444"/>
            <trkpt lat="41.69781" lon="8.86439"/>
            <trkpt lat="41.69789" lon="8.86432"/>
            <trkpt lat="41.69806" lon="8.86424"/>
            <trkpt lat="41.69821" lon="8.86421"/>
            <trkpt lat="41.6983" lon="8.86421"/>
            <trkpt lat="41.6984" lon="8.86419"/>
            <trkpt lat="41.69844" lon="8.86417"/>
            <trkpt lat="41.69857" lon="8.86412"/>
            <trkpt lat="41.69866" lon="8.86403"/>
            <trkpt lat="41.69888" lon="8.86367"/>
            <trkpt lat="41.69896" lon="8.86357"/>
            <trkpt lat="41.69899" lon="8.86351"/>
            <trkpt lat="41.69901" lon="8.86344"/>
            <trkpt lat="41.69905" lon="8.86314"/>
            <trkpt lat="41.69908" lon="8.86262"/>
            <trkpt lat="41.69912" lon="8.8623"/>
            <trkpt lat="41.69915" lon="8.86214"/>
            <trkpt lat="41.69932" lon="8.86158"/>
            <trkpt lat="41.69934" lon="8.86147"/>
            <trkpt lat="41.69939" lon="8.8611"/>
            <trkpt lat="41.69939" lon="8.86101"/>
            <trkpt lat="41.69943" lon="8.86045"/>
            <trkpt lat="41.69946" lon="8.85998"/>
            <trkpt lat="41.69951" lon="8.85967"/>
            <trkpt lat="41.69956" lon="8.85956"/>
            <trkpt lat="41.69994" lon="8.85904"/>
            <trkpt lat="41.70017" lon="8.8588"/>
            <trkpt lat="41.70054" lon="8.85836"/>
            <trkpt lat="41.70072" lon="8.85818"/>
            <trkpt lat="41.70078" lon="8.85807"/>
            <trkpt lat="41.7008" lon="8.85798"/>
            <trkpt lat="41.7008" lon="8.85792"/>
            <trkpt lat="41.70077" lon="8.85781"/>
            <trkpt lat="41.70074" lon="8.85775"/>
            <trkpt lat="41.7007" lon="8.85769"/>
            <trkpt lat="41.70065" lon="8.85766"/>
            <trkpt lat="41.70034" lon="8.85756"/>
            <trkpt lat="41.70029" lon="8.85754"/>
            <trkpt lat="41.70025" lon="8.85751"/>
            <trkpt lat="41.70022" lon="8.85747"/>
            <trkpt lat="41.70012" lon="8.85724"/>
            <trkpt lat="41.6998" lon="8.85638"/>
            <trkpt lat="41.69977" lon="8.85621"/>
            <trkpt lat="41.69974" lon="8.85579"/>
            <trkpt lat="41.69976" lon="8.85546"/>
            <trkpt lat="41.69976" lon="8.85534"/>
            <trkpt lat="41.69979" lon="8.85498"/>
            <trkpt lat="41.69982" lon="8.85452"/>
            <trkpt lat="41.69982" lon="8.85433"/>
            <trkpt lat="41.69981" lon="8.85426"/>
            <trkpt lat="41.69964" lon="8.85379"/>
            <trkpt lat="41.69963" lon="8.85369"/>
            <trkpt lat="41.69966" lon="8.85288"/>
            <trkpt lat="41.69965" lon="8.85281"/>
            <trkpt lat="41.69964" lon="8.85273"/>
            <trkpt lat="41.6996" lon="8.85265"/>
            <trkpt lat="41.69915" lon="8.85182"/>
            <trkpt lat="41.69909" lon="8.85163"/>
            <trkpt lat="41.6989" lon="8.85091"/>
            <trkpt lat="41.69883" lon="8.85057"/>
            <trkpt lat="41.69878" lon="8.85037"/>
            <trkpt lat="41.69866" lon="8.84998"/>
            <trkpt lat="41.69859" lon="8.84983"/>
            <trkpt lat="41.69842" lon="8.84956"/>
            <trkpt lat="41.6982" lon="8.84924"/>
            <trkpt lat="41.69798" lon="8.84875"/>
            <trkpt lat="41.69792" lon="8.84866"/>
            <trkpt lat="41.69787" lon="8.84855"/>
            <trkpt lat="41.6977" lon="8.84808"/>
            <trkpt lat="41.69768" lon="8.848"/>
            <trkpt lat="41.69767" lon="8.84792"/>
            <trkpt lat="41.69766" lon="8.8477"/>
            <trkpt lat="41.69764" lon="8.8473"/>
            <trkpt lat="41.69761" lon="8.84696"/>
            <trkpt lat="41.6975" lon="8.84593"/>
            <trkpt lat="41.69742" lon="8.84559"/>
            <trkpt lat="41.69741" lon="8.8455"/>
            <trkpt lat="41.69741" lon="8.84538"/>
            <trkpt lat="41.69744" lon="8.84513"/>
            <trkpt lat="41.69774" lon="8.84407"/>
            <trkpt lat="41.69797" lon="8.84319"/>
            <trkpt lat="41.69821" lon="8.8423"/>
            <trkpt lat="41.69827" lon="8.84207"/>
            <trkpt lat="41.69833" lon="8.84188"/>
            <trkpt lat="41.69857" lon="8.84139"/>
            <trkpt lat="41.69875" lon="8.84104"/>
            <trkpt lat="41.69878" lon="8.84097"/>
            <trkpt lat="41.69884" lon="8.84088"/>
            <trkpt lat="41.69887" lon="8.84084"/>
            <trkpt lat="41.69892" lon="8.84078"/>
            <trkpt lat="41.69894" lon="8.8408"/>
            <trkpt lat="41.69896" lon="8.84081"/>
            <trkpt lat="41.69898" lon="8.84082"/>
            <trkpt lat="41.699" lon="8.84081"/>
            <trkpt lat="41.69902" lon="8.8408"/>
            <trkpt lat="41.69904" lon="8.84078"/>
            <trkpt lat="41.69905" lon="8.84075"/>
            <trkpt lat="41.69905" lon="8.84071"/>
            <trkpt lat="41.69905" lon="8.84068"/>
            <trkpt lat="41.69903" lon="8.84065"/>
            <trkpt lat="41.69901" lon="8.84064"/>
            <trkpt lat="41.699" lon="8.84063"/>
            <trkpt lat="41.69901" lon="8.84056"/>
            <trkpt lat="41.69903" lon="8.8405"/>
            <trkpt lat="41.69972" lon="8.839"/>
            <trkpt lat="41.69986" lon="8.83873"/>
            <trkpt lat="41.7" lon="8.83852"/>
            <trkpt lat="41.70054" lon="8.83794"/>
            <trkpt lat="41.7012" lon="8.83722"/>
            <trkpt lat="41.70154" lon="8.83685"/>
            <trkpt lat="41.70199" lon="8.83638"/>
            <trkpt lat="41.70205" lon="8.83631"/>
            <trkpt lat="41.70279" lon="8.83553"/>
            <trkpt lat="41.70342" lon="8.83486"/>
            <trkpt lat="41.70394" lon="8.83434"/>
            <trkpt lat="41.70403" lon="8.83418"/>
            <trkpt lat="41.7041" lon="8.8341"/>
            <trkpt lat="41.70421" lon="8.83399"/>
            <trkpt lat="41.70441" lon="8.83379"/>
            <trkpt lat="41.70514" lon="8.83301"/>
            <trkpt lat="41.70518" lon="8.83296"/>
            <trkpt lat="41.70525" lon="8.8329"/>
            <trkpt lat="41.70651" lon="8.83181"/>
            <trkpt lat="41.7083" lon="8.83023"/>
            <trkpt lat="41.70856" lon="8.83003"/>
            <trkpt lat="41.70858" lon="8.83002"/>
            <trkpt lat="41.70871" lon="8.82997"/>
            <trkpt lat="41.70895" lon="8.82995"/>
            <trkpt lat="41.70905" lon="8.82997"/>
            <trkpt lat="41.70915" lon="8.83003"/>
            <trkpt lat="41.70927" lon="8.83011"/>
            <trkpt lat="41.70943" lon="8.83027"/>
            <trkpt lat="41.70961" lon="8.8305"/>
            <trkpt lat="41.70991" lon="8.8308"/>
            <trkpt lat="41.71038" lon="8.83115"/>
            <trkpt lat="41.71066" lon="8.8314"/>
            <trkpt lat="41.71078" lon="8.83155"/>
            <trkpt lat="41.71096" lon="8.83171"/>
            <trkpt lat="41.71107" lon="8.83179"/>
            <trkpt lat="41.71121" lon="8.83188"/>
            <trkpt lat="41.71157" lon="8.83204"/>
            <trkpt lat="41.71208" lon="8.83224"/>
            <trkpt lat="41.71284" lon="8.83251"/>
            <trkpt lat="41.71356" lon="8.83267"/>
            <trkpt lat="41.71365" lon="8.83268"/>
            <trkpt lat="41.71378" lon="8.83275"/>
            <trkpt lat="41.71387" lon="8.83282"/>
            <trkpt lat="41.71392" lon="8.83289"/>
            <trkpt lat="41.71399" lon="8.83301"/>
            <trkpt lat="41.71425" lon="8.83345"/>
            <trkpt lat="41.71473" lon="8.83431"/>
            <trkpt lat="41.71488" lon="8.8345"/>
            <trkpt lat="41.71528" lon="8.83493"/>
            <trkpt lat="41.71612" lon="8.8357"/>
            <trkpt lat="41.71711" lon="8.83659"/>
            <trkpt lat="41.71742" lon="8.83678"/>
            <trkpt lat="41.71767" lon="8.83684"/>
            <trkpt lat="41.71788" lon="8.83686"/>
            <trkpt lat="41.71813" lon="8.83686"/>
            <trkpt lat="41.71876" lon="8.83675"/>
            <trkpt lat="41.71908" lon="8.83676"/>
            <trkpt lat="41.71925" lon="8.83681"/>
            <trkpt lat="41.71959" lon="8.83703"/>
            <trkpt lat="41.71974" lon="8.83717"/>
            <trkpt lat="41.7198" lon="8.83721"/>
            <trkpt lat="41.72045" lon="8.83778"/>
            <trkpt lat="41.72087" lon="8.83813"/>
            <trkpt lat="41.72097" lon="8.83821"/>
            <trkpt lat="41.72103" lon="8.83825"/>
            <trkpt lat="41.72111" lon="8.83827"/>
            <trkpt lat="41.72122" lon="8.83828"/>
            <trkpt lat="41.72127" lon="8.83826"/>
            <trkpt lat="41.72132" lon="8.83819"/>
            <trkpt lat="41.72134" lon="8.83815"/>
            <trkpt lat="41.72136" lon="8.83812"/>
            <trkpt lat="41.72141" lon="8.83805"/>
            <trkpt lat="41.72161" lon="8.83772"/>
            <trkpt lat="41.72215" lon="8.8368"/>
            <trkpt lat="41.72295" lon="8.83537"/>
            <trkpt lat="41.72392" lon="8.83356"/>
            <trkpt lat="41.72418" lon="8.83301"/>
            <trkpt lat="41.72454" lon="8.83224"/>
            <trkpt lat="41.72489" lon="8.83143"/>
            <trkpt lat="41.72543" lon="8.83012"/>
            <trkpt lat="41.72569" lon="8.82958"/>
            <trkpt lat="41.72584" lon="8.82932"/>
            <trkpt lat="41.72593" lon="8.8292"/>
            <trkpt lat="41.72607" lon="8.82904"/>
            <trkpt lat="41.72608" lon="8.82904"/>
            <trkpt lat="41.72623" lon="8.82887"/>
            <trkpt lat="41.72641" lon="8.82864"/>
            <trkpt lat="41.72701" lon="8.82806"/>
            <trkpt lat="41.72689" lon="8.82794"/>
            <trkpt lat="41.7267" lon="8.82771"/>
            <trkpt lat="41.72659" lon="8.82753"/>
            <trkpt lat="41.72617" lon="8.82691"/>
            <trkpt lat="41.72607" lon="8.8268"/>
            <trkpt lat="41.72606" lon="8.82678"/>
            <trkpt lat="41.72604" lon="8.82676"/>
            <trkpt lat="41.72519" lon="8.82584"/>
            <trkpt lat="41.7249" lon="8.82551"/>
            <trkpt lat="41.72479" lon="8.82534"/>
            <trkpt lat="41.72471" lon="8.82513"/>
            <trkpt lat="41.72464" lon="8.82489"/>
            <trkpt lat="41.72449" lon="8.8244"/>
            <trkpt lat="41.72429" lon="8.82387"/>
            <trkpt lat="41.72416" lon="8.82365"/>
            <trkpt lat="41.72401" lon="8.82344"/>
            <trkpt lat="41.72388" lon="8.8233"/>
            <trkpt lat="41.72351" lon="8.82287"/>
            <trkpt lat="41.72342" lon="8.8227"/>
            <trkpt lat="41.72332" lon="8.82247"/>
            <trkpt lat="41.72327" lon="8.82227"/>
            <trkpt lat="41.72317" lon="8.82208"/>
            <trkpt lat="41.72313" lon="8.82202"/>
            <trkpt lat="41.72309" lon="8.82195"/>
            <trkpt lat="41.72302" lon="8.8218"/>
            <trkpt lat="41.72291" lon="8.82159"/>
            <trkpt lat="41.72288" lon="8.82153"/>
            <trkpt lat="41.72281" lon="8.82132"/>
            <trkpt lat="41.72238" lon="8.81983"/>
            <trkpt lat="41.72224" lon="8.81931"/>
            <trkpt lat="41.72202" lon="8.81858"/>
            <trkpt lat="41.72188" lon="8.81802"/>
            <trkpt lat="41.72167" lon="8.81755"/>
            <trkpt lat="41.72147" lon="8.81724"/>
            <trkpt lat="41.72112" lon="8.81678"/>
            <trkpt lat="41.72066" lon="8.81615"/>
            <trkpt lat="41.72044" lon="8.81583"/>
            <trkpt lat="41.72018" lon="8.81548"/>
            <trkpt lat="41.71881" lon="8.81357"/>
            <trkpt lat="41.7182" lon="8.81278"/>
            <trkpt lat="41.71758" lon="8.81194"/>
            <trkpt lat="41.71714" lon="8.81119"/>
            <trkpt lat="41.71707" lon="8.81104"/>
            <trkpt lat="41.71693" lon="8.81072"/>
            <trkpt lat="41.71662" lon="8.80998"/>
            <trkpt lat="41.71646" lon="8.80955"/>
            <trkpt lat="41.71629" lon="8.80905"/>
            <trkpt lat="41.71611" lon="8.8085"/>
            <trkpt lat="41.7159" lon="8.80804"/>
            <trkpt lat="41.7158" lon="8.80775"/>
            <trkpt lat="41.71569" lon="8.80719"/>
            <trkpt lat="41.71559" lon="8.80656"/>
            <trkpt lat="41.71553" lon="8.80628"/>
            <trkpt lat="41.71542" lon="8.80608"/>
            <trkpt lat="41.71529" lon="8.80593"/>
            <trkpt lat="41.71514" lon="8.80582"/>
            <trkpt lat="41.71498" lon="8.80574"/>
            <trkpt lat="41.71456" lon="8.8056"/>
            <trkpt lat="41.71432" lon="8.80553"/>
            <trkpt lat="41.71378" lon="8.80545"/>
            <trkpt lat="41.71374" lon="8.80545"/>
            <trkpt lat="41.71322" lon="8.80542"/>
            <trkpt lat="41.71312" lon="8.80538"/>
            <trkpt lat="41.71301" lon="8.80532"/>
            <trkpt lat="41.71276" lon="8.80511"/>
            <trkpt lat="41.71263" lon="8.80494"/>
            <trkpt lat="41.71257" lon="8.80486"/>
            <trkpt lat="41.71251" lon="8.80455"/>
            <trkpt lat="41.71237" lon="8.80418"/>
            <trkpt lat="41.71218" lon="8.80367"/>
            <trkpt lat="41.71213" lon="8.80351"/>
            <trkpt lat="41.71212" lon="8.80347"/>
            <trkpt lat="41.71204" lon="8.80315"/>
            <trkpt lat="41.71199" lon="8.80267"/>
            <trkpt lat="41.71199" lon="8.80227"/>
            <trkpt lat="41.71197" lon="8.80203"/>
            <trkpt lat="41.71193" lon="8.80179"/>
            <trkpt lat="41.71176" lon="8.80108"/>
            <trkpt lat="41.71174" lon="8.80087"/>
            <trkpt lat="41.71171" lon="8.80041"/>
            <trkpt lat="41.71169" lon="8.79998"/>
            <trkpt lat="41.71169" lon="8.79988"/>
            <trkpt lat="41.71169" lon="8.79988"/>
            <trkpt lat="41.71169" lon="8.79998"/>
            <trkpt lat="41.71171" lon="8.80041"/>
            <trkpt lat="41.71174" lon="8.80087"/>
            <trkpt lat="41.71176" lon="8.80108"/>
            <trkpt lat="41.71193" lon="8.80179"/>
            <trkpt lat="41.71197" lon="8.80203"/>
            <trkpt lat="41.71199" lon="8.80227"/>
            <trkpt lat="41.71199" lon="8.80267"/>
            <trkpt lat="41.71204" lon="8.80315"/>
            <trkpt lat="41.71212" lon="8.80347"/>
            <trkpt lat="41.71213" lon="8.80351"/>
            <trkpt lat="41.71218" lon="8.80367"/>
            <trkpt lat="41.71237" lon="8.80418"/>
            <trkpt lat="41.71251" lon="8.80455"/>
            <trkpt lat="41.71257" lon="8.80486"/>
            <trkpt lat="41.71263" lon="8.80494"/>
            <trkpt lat="41.71276" lon="8.80511"/>
            <trkpt lat="41.71301" lon="8.80532"/>
            <trkpt lat="41.71312" lon="8.80538"/>
            <trkpt lat="41.71322" lon="8.80542"/>
            <trkpt lat="41.71374" lon="8.80545"/>
            <trkpt lat="41.71378" lon="8.80545"/>
            <trkpt lat="41.71432" lon="8.80553"/>
            <trkpt lat="41.71456" lon="8.8056"/>
            <trkpt lat="41.71498" lon="8.80574"/>
            <trkpt lat="41.71514" lon="8.80582"/>
            <trkpt lat="41.71529" lon="8.80593"/>
            <trkpt lat="41.71542" lon="8.80608"/>
            <trkpt lat="41.71553" lon="8.80628"/>
            <trkpt lat="41.71559" lon="8.80656"/>
            <trkpt lat="41.71569" lon="8.80719"/>
            <trkpt lat="41.7158" lon="8.80775"/>
            <trkpt lat="41.7159" lon="8.80804"/>
            <trkpt lat="41.71611" lon="8.8085"/>
            <trkpt lat="41.71629" lon="8.80905"/>
            <trkpt lat="41.71646" lon="8.80955"/>
            <trkpt lat="41.71662" lon="8.80998"/>
            <trkpt lat="41.71693" lon="8.81072"/>
            <trkpt lat="41.71707" lon="8.81104"/>
            <trkpt lat="41.71714" lon="8.81119"/>
            <trkpt lat="41.71758" lon="8.81194"/>
            <trkpt lat="41.7182" lon="8.81278"/>
            <trkpt lat="41.71881" lon="8.81357"/>
            <trkpt lat="41.72018" lon="8.81548"/>
            <trkpt lat="41.72044" lon="8.81583"/>
            <trkpt lat="41.72066" lon="8.81615"/>
            <trkpt lat="41.72112" lon="8.81678"/>
            <trkpt lat="41.72147" lon="8.81724"/>
            <trkpt lat="41.72167" lon="8.81755"/>
            <trkpt lat="41.72188" lon="8.81802"/>
            <trkpt lat="41.72202" lon="8.81858"/>
            <trkpt lat="41.72224" lon="8.81931"/>
            <trkpt lat="41.72238" lon="8.81983"/>
            <trkpt lat="41.72281" lon="8.82132"/>
            <trkpt lat="41.72288" lon="8.82153"/>
            <trkpt lat="41.72291" lon="8.82159"/>
            <trkpt lat="41.72302" lon="8.8218"/>
            <trkpt lat="41.72309" lon="8.82195"/>
            <trkpt lat="41.72313" lon="8.82202"/>
            <trkpt lat="41.72317" lon="8.82208"/>
            <trkpt lat="41.72327" lon="8.82227"/>
            <trkpt lat="41.72332" lon="8.82247"/>
            <trkpt lat="41.72342" lon="8.8227"/>
            <trkpt lat="41.72351" lon="8.82287"/>
            <trkpt lat="41.72388" lon="8.8233"/>
            <trkpt lat="41.72401" lon="8.82344"/>
            <trkpt lat="41.72416" lon="8.82365"/>
            <trkpt lat="41.72429" lon="8.82387"/>
            <trkpt lat="41.72449" lon="8.8244"/>
            <trkpt lat="41.72464" lon="8.82489"/>
            <trkpt lat="41.72471" lon="8.82513"/>
            <trkpt lat="41.72479" lon="8.82534"/>
            <trkpt lat="41.7249" lon="8.82551"/>
            <trkpt lat="41.72519" lon="8.82584"/>
            <trkpt lat="41.72604" lon="8.82676"/>
            <trkpt lat="41.72606" lon="8.82678"/>
            <trkpt lat="41.72607" lon="8.8268"/>
            <trkpt lat="41.72617" lon="8.82691"/>
            <trkpt lat="41.72659" lon="8.82753"/>
            <trkpt lat="41.7267" lon="8.82771"/>
            <trkpt lat="41.72689" lon="8.82794"/>
            <trkpt lat="41.72701" lon="8.82806"/>
            <trkpt lat="41.72641" lon="8.82864"/>
            <trkpt lat="41.72623" lon="8.82887"/>
            <trkpt lat="41.72608" lon="8.82904"/>
            <trkpt lat="41.72607" lon="8.82904"/>
            <trkpt lat="41.72593" lon="8.8292"/>
            <trkpt lat="41.72584" lon="8.82932"/>
            <trkpt lat="41.72569" lon="8.82958"/>
            <trkpt lat="41.72543" lon="8.83012"/>
            <trkpt lat="41.72489" lon="8.83143"/>
            <trkpt lat="41.72454" lon="8.83224"/>
            <trkpt lat="41.72418" lon="8.83301"/>
            <trkpt lat="41.72392" lon="8.83356"/>
            <trkpt lat="41.72295" lon="8.83537"/>
            <trkpt lat="41.72215" lon="8.8368"/>
            <trkpt lat="41.72161" lon="8.83772"/>
            <trkpt lat="41.72141" lon="8.83805"/>
            <trkpt lat="41.72136" lon="8.83812"/>
            <trkpt lat="41.72134" lon="8.83815"/>
            <trkpt lat="41.72132" lon="8.83819"/>
            <trkpt lat="41.72127" lon="8.83826"/>
            <trkpt lat="41.72122" lon="8.83828"/>
            <trkpt lat="41.72111" lon="8.83827"/>
            <trkpt lat="41.72103" lon="8.83825"/>
            <trkpt lat="41.72097" lon="8.83821"/>
            <trkpt lat="41.72087" lon="8.83813"/>
            <trkpt lat="41.72045" lon="8.83778"/>
            <trkpt lat="41.7198" lon="8.83721"/>
            <trkpt lat="41.71974" lon="8.83717"/>
            <trkpt lat="41.71959" lon="8.83703"/>
            <trkpt lat="41.71925" lon="8.83681"/>
            <trkpt lat="41.71908" lon="8.83676"/>
            <trkpt lat="41.71876" lon="8.83675"/>
            <trkpt lat="41.71813" lon="8.83686"/>
            <trkpt lat="41.71788" lon="8.83686"/>
            <trkpt lat="41.71767" lon="8.83684"/>
            <trkpt lat="41.71742" lon="8.83678"/>
            <trkpt lat="41.71711" lon="8.83659"/>
            <trkpt lat="41.71612" lon="8.8357"/>
            <trkpt lat="41.71528" lon="8.83493"/>
            <trkpt lat="41.71488" lon="8.8345"/>
            <trkpt lat="41.71473" lon="8.83431"/>
            <trkpt lat="41.71425" lon="8.83345"/>
            <trkpt lat="41.71399" lon="8.83301"/>
            <trkpt lat="41.71392" lon="8.83289"/>
            <trkpt lat="41.71387" lon="8.83282"/>
            <trkpt lat="41.71378" lon="8.83275"/>
            <trkpt lat="41.71365" lon="8.83268"/>
            <trkpt lat="41.71356" lon="8.83267"/>
            <trkpt lat="41.71284" lon="8.83251"/>
            <trkpt lat="41.71208" lon="8.83224"/>
            <trkpt lat="41.71157" lon="8.83204"/>
            <trkpt lat="41.71121" lon="8.83188"/>
            <trkpt lat="41.71107" lon="8.83179"/>
            <trkpt lat="41.71096" lon="8.83171"/>
            <trkpt lat="41.71078" lon="8.83155"/>
            <trkpt lat="41.71066" lon="8.8314"/>
            <trkpt lat="41.71038" lon="8.83115"/>
            <trkpt lat="41.70991" lon="8.8308"/>
            <trkpt lat="41.70961" lon="8.8305"/>
            <trkpt lat="41.70943" lon="8.83027"/>
            <trkpt lat="41.70927" lon="8.83011"/>
            <trkpt lat="41.70915" lon="8.83003"/>
            <trkpt lat="41.70905" lon="8.82997"/>
            <trkpt lat="41.70895" lon="8.82995"/>
            <trkpt lat="41.70871" lon="8.82997"/>
            <trkpt lat="41.70858" lon="8.83002"/>
            <trkpt lat="41.70856" lon="8.83003"/>
            <trkpt lat="41.7083" lon="8.83023"/>
            <trkpt lat="41.70651" lon="8.83181"/>
            <trkpt lat="41.70525" lon="8.8329"/>
            <trkpt lat="41.70518" lon="8.83296"/>
            <trkpt lat="41.70514" lon="8.83301"/>
            <trkpt lat="41.70441" lon="8.83379"/>
            <trkpt lat="41.70421" lon="8.83399"/>
            <trkpt lat="41.7041" lon="8.8341"/>
            <trkpt lat="41.70403" lon="8.83418"/>
            <trkpt lat="41.70394" lon="8.83434"/>
            <trkpt lat="41.70342" lon="8.83486"/>
            <trkpt lat="41.70279" lon="8.83553"/>
            <trkpt lat="41.70205" lon="8.83631"/>
            <trkpt lat="41.70199" lon="8.83638"/>
            <trkpt lat="41.70154" lon="8.83685"/>
            <trkpt lat="41.7012" lon="8.83722"/>
            <trkpt lat="41.70054" lon="8.83794"/>
            <trkpt lat="41.7" lon="8.83852"/>
            <trkpt lat="41.69986" lon="8.83873"/>
            <trkpt lat="41.69972" lon="8.839"/>
            <trkpt lat="41.69903" lon="8.8405"/>
            <trkpt lat="41.69901" lon="8.84056"/>
            <trkpt lat="41.699" lon="8.84063"/>
            <trkpt lat="41.69899" lon="8.84063"/>
            <trkpt lat="41.69897" lon="8.84063"/>
            <trkpt lat="41.69894" lon="8.84064"/>
            <trkpt lat="41.69892" lon="8.84065"/>
            <trkpt lat="41.69891" lon="8.84068"/>
            <trkpt lat="41.69891" lon="8.84071"/>
            <trkpt lat="41.69891" lon="8.84075"/>
            <trkpt lat="41.69892" lon="8.84078"/>
            <trkpt lat="41.69892" lon="8.84078"/>
            <trkpt lat="41.69887" lon="8.84084"/>
            <trkpt lat="41.69884" lon="8.84088"/>
            <trkpt lat="41.69878" lon="8.84097"/>
            <trkpt lat="41.69875" lon="8.84104"/>
            <trkpt lat="41.69857" lon="8.84139"/>
            <trkpt lat="41.69833" lon="8.84188"/>
            <trkpt lat="41.69827" lon="8.84207"/>
            <trkpt lat="41.69821" lon="8.8423"/>
            <trkpt lat="41.69797" lon="8.84319"/>
            <trkpt lat="41.69774" lon="8.84407"/>
            <trkpt lat="41.69744" lon="8.84513"/>
            <trkpt lat="41.69741" lon="8.84538"/>
            <trkpt lat="41.69741" lon="8.8455"/>
            <trkpt lat="41.69742" lon="8.84559"/>
            <trkpt lat="41.6975" lon="8.84593"/>
            <trkpt lat="41.69761" lon="8.84696"/>
            <trkpt lat="41.69764" lon="8.8473"/>
            <trkpt lat="41.69766" lon="8.8477"/>
            <trkpt lat="41.69767" lon="8.84792"/>
            <trkpt lat="41.69768" lon="8.848"/>
            <trkpt lat="41.6977" lon="8.84808"/>
            <trkpt lat="41.69787" lon="8.84855"/>
            <trkpt lat="41.69792" lon="8.84866"/>
            <trkpt lat="41.69798" lon="8.84875"/>
            <trkpt lat="41.6982" lon="8.84924"/>
            <trkpt lat="41.69842" lon="8.84956"/>
            <trkpt lat="41.69859" lon="8.84983"/>
            <trkpt lat="41.69866" lon="8.84998"/>
            <trkpt lat="41.69878" lon="8.85037"/>
            <trkpt lat="41.69883" lon="8.85057"/>
            <trkpt lat="41.6989" lon="8.85091"/>
            <trkpt lat="41.69909" lon="8.85163"/>
            <trkpt lat="41.69915" lon="8.85182"/>
            <trkpt lat="41.6996" lon="8.85265"/>
            <trkpt lat="41.69964" lon="8.85273"/>
            <trkpt lat="41.69965" lon="8.85281"/>
            <trkpt lat="41.69966" lon="8.85288"/>
            <trkpt lat="41.69963" lon="8.85369"/>
            <trkpt lat="41.69964" lon="8.85379"/>
            <trkpt lat="41.69981" lon="8.85426"/>
            <trkpt lat="41.69982" lon="8.85433"/>
            <trkpt lat="41.69982" lon="8.85452"/>
            <trkpt lat="41.69979" lon="8.85498"/>
            <trkpt lat="41.69976" lon="8.85534"/>
            <trkpt lat="41.69976" lon="8.85546"/>
            <trkpt lat="41.69974" lon="8.85579"/>
            <trkpt lat="41.69977" lon="8.85621"/>
            <trkpt lat="41.6998" lon="8.85638"/>
            <trkpt lat="41.70012" lon="8.85724"/>
            <trkpt lat="41.70022" lon="8.85747"/>
            <trkpt lat="41.70025" lon="8.85751"/>
            <trkpt lat="41.70029" lon="8.85754"/>
            <trkpt lat="41.70034" lon="8.85756"/>
            <trkpt lat="41.70065" lon="8.85766"/>
            <trkpt lat="41.7007" lon="8.85769"/>
            <trkpt lat="41.70074" lon="8.85775"/>
            <trkpt lat="41.70077" lon="8.85781"/>
            <trkpt lat="41.7008" lon="8.85792"/>
            <trkpt lat="41.7008" lon="8.85798"/>
            <trkpt lat="41.70078" lon="8.85807"/>
            <trkpt lat="41.70072" lon="8.85818"/>
            <trkpt lat="41.70054" lon="8.85836"/>
            <trkpt lat="41.70017" lon="8.8588"/>
            <trkpt lat="41.69994" lon="8.85904"/>
            <trkpt lat="41.69956" lon="8.85956"/>
            <trkpt lat="41.69951" lon="8.85967"/>
            <trkpt lat="41.69946" lon="8.85998"/>
            <trkpt lat="41.69943" lon="8.86045"/>
            <trkpt lat="41.69939" lon="8.86101"/>
            <trkpt lat="41.69939" lon="8.8611"/>
            <trkpt lat="41.69934" lon="8.86147"/>
            <trkpt lat="41.69932" lon="8.86158"/>
            <trkpt lat="41.69915" lon="8.86214"/>
            <trkpt lat="41.69912" lon="8.8623"/>
            <trkpt lat="41.69908" lon="8.86262"/>
            <trkpt lat="41.69905" lon="8.86314"/>
            <trkpt lat="41.69901" lon="8.86344"/>
            <trkpt lat="41.69899" lon="8.86351"/>
            <trkpt lat="41.69896" lon="8.86357"/>
            <trkpt lat="41.69888" lon="8.86367"/>
            <trkpt lat="41.69866" lon="8.86403"/>
            <trkpt lat="41.69857" lon="8.86412"/>
            <trkpt lat="41.69844" lon="8.86417"/>
            <trkpt lat="41.6984" lon="8.86419"/>
            <trkpt lat="41.6983" lon="8.86421"/>
            <trkpt lat="41.69821" lon="8.86421"/>
            <trkpt lat="41.69806" lon="8.86424"/>
            <trkpt lat="41.69789" lon="8.86432"/>
            <trkpt lat="41.69781" lon="8.86439"/>
            <trkpt lat="41.69778" lon="8.86444"/>
            <trkpt lat="41.69758" lon="8.86486"/>
            <trkpt lat="41.69752" lon="8.865"/>
            <trkpt lat="41.69739" lon="8.86553"/>
            <trkpt lat="41.69727" lon="8.8661"/>
            <trkpt lat="41.69721" lon="8.86669"/>
            <trkpt lat="41.69721" lon="8.86682"/>
            <trkpt lat="41.69727" lon="8.86757"/>
            <trkpt lat="41.69726" lon="8.86789"/>
            <trkpt lat="41.69729" lon="8.86879"/>
            <trkpt lat="41.6973" lon="8.86969"/>
            <trkpt lat="41.69731" lon="8.86974"/>
            <trkpt lat="41.69733" lon="8.86979"/>
            <trkpt lat="41.69736" lon="8.86982"/>
            <trkpt lat="41.6974" lon="8.86984"/>
            <trkpt lat="41.69792" lon="8.87003"/>
            <trkpt lat="41.69802" lon="8.87012"/>
            <trkpt lat="41.69834" lon="8.87065"/>
            <trkpt lat="41.69838" lon="8.87077"/>
            <trkpt lat="41.69838" lon="8.8709"/>
            <trkpt lat="41.69836" lon="8.87097"/>
            <trkpt lat="41.69833" lon="8.87103"/>
            <trkpt lat="41.69829" lon="8.87107"/>
            <trkpt lat="41.69818" lon="8.87112"/>
            <trkpt lat="41.69786" lon="8.8712"/>
            <trkpt lat="41.6977" lon="8.87127"/>
            <trkpt lat="41.69762" lon="8.87136"/>
            <trkpt lat="41.69757" lon="8.87145"/>
            <trkpt lat="41.69752" lon="8.87162"/>
            <trkpt lat="41.69741" lon="8.87277"/>
            <trkpt lat="41.69746" lon="8.87322"/>
            <trkpt lat="41.6975" lon="8.87334"/>
            <trkpt lat="41.69758" lon="8.87348"/>
            <trkpt lat="41.69777" lon="8.87366"/>
            <trkpt lat="41.69787" lon="8.87378"/>
            <trkpt lat="41.69792" lon="8.87386"/>
            <trkpt lat="41.69795" lon="8.87392"/>
            <trkpt lat="41.69799" lon="8.87405"/>
            <trkpt lat="41.69805" lon="8.87436"/>
            <trkpt lat="41.69811" lon="8.87459"/>
            <trkpt lat="41.69817" lon="8.87466"/>
            <trkpt lat="41.69824" lon="8.87469"/>
            <trkpt lat="41.69853" lon="8.87474"/>
            <trkpt lat="41.69861" lon="8.8748"/>
            <trkpt lat="41.69875" lon="8.87498"/>
            <trkpt lat="41.6988" lon="8.87503"/>
            <trkpt lat="41.69886" lon="8.87506"/>
            <trkpt lat="41.69934" lon="8.8751"/>
            <trkpt lat="41.69939" lon="8.87513"/>
            <trkpt lat="41.69945" lon="8.87517"/>
            <trkpt lat="41.69951" lon="8.87525"/>
            <trkpt lat="41.69954" lon="8.87532"/>
            <trkpt lat="41.69956" lon="8.87539"/>
            <trkpt lat="41.69956" lon="8.87547"/>
            <trkpt lat="41.69954" lon="8.87553"/>
            <trkpt lat="41.69928" lon="8.87604"/>
            <trkpt lat="41.69921" lon="8.8762"/>
            <trkpt lat="41.69914" lon="8.87644"/>
            <trkpt lat="41.69912" lon="8.87655"/>
            <trkpt lat="41.69912" lon="8.87695"/>
            <trkpt lat="41.69912" lon="8.87706"/>
            <trkpt lat="41.69909" lon="8.87717"/>
            <trkpt lat="41.69904" lon="8.87727"/>
            <trkpt lat="41.69891" lon="8.87743"/>
            <trkpt lat="41.69884" lon="8.8775"/>
            <trkpt lat="41.69848" lon="8.87777"/>
            <trkpt lat="41.69845" lon="8.87782"/>
            <trkpt lat="41.69842" lon="8.87796"/>
            <trkpt lat="41.69844" lon="8.8782"/>
            <trkpt lat="41.69854" lon="8.87863"/>
            <trkpt lat="41.69855" lon="8.87871"/>
            <trkpt lat="41.69856" lon="8.87878"/>
            <trkpt lat="41.69854" lon="8.87949"/>
            <trkpt lat="41.69857" lon="8.8797"/>
            <trkpt lat="41.6987" lon="8.88006"/>
            <trkpt lat="41.69881" lon="8.88029"/>
            <trkpt lat="41.69886" lon="8.88035"/>
            <trkpt lat="41.69893" lon="8.88041"/>
            <trkpt lat="41.69925" lon="8.88048"/>
            <trkpt lat="41.6993" lon="8.88053"/>
            <trkpt lat="41.69934" lon="8.88059"/>
            <trkpt lat="41.69936" lon="8.88069"/>
            <trkpt lat="41.69937" lon="8.88078"/>
            <trkpt lat="41.69937" lon="8.88083"/>
            <trkpt lat="41.69936" lon="8.88092"/>
            <trkpt lat="41.69934" lon="8.88097"/>
            <trkpt lat="41.69909" lon="8.88125"/>
            <trkpt lat="41.69902" lon="8.88128"/>
            <trkpt lat="41.69894" lon="8.88129"/>
            <trkpt lat="41.69875" lon="8.88126"/>
            <trkpt lat="41.69869" lon="8.88124"/>
            <trkpt lat="41.69828" lon="8.88097"/>
            <trkpt lat="41.69824" lon="8.88095"/>
            <trkpt lat="41.69804" lon="8.8809"/>
            <trkpt lat="41.69771" lon="8.88075"/>
            <trkpt lat="41.69764" lon="8.88074"/>
            <trkpt lat="41.69756" lon="8.88074"/>
            <trkpt lat="41.6975" lon="8.88075"/>
            <trkpt lat="41.69703" lon="8.88101"/>
            <trkpt lat="41.69689" lon="8.88111"/>
            <trkpt lat="41.6967" lon="8.88129"/>
            <trkpt lat="41.69654" lon="8.88147"/>
            <trkpt lat="41.69635" lon="8.88194"/>
            <trkpt lat="41.69634" lon="8.88204"/>
            <trkpt lat="41.69633" lon="8.88219"/>
            <trkpt lat="41.69634" lon="8.88226"/>
            <trkpt lat="41.69641" lon="8.88236"/>
            <trkpt lat="41.69658" lon="8.88249"/>
            <trkpt lat="41.69667" lon="8.88259"/>
            <trkpt lat="41.69671" lon="8.88264"/>
            <trkpt lat="41.69677" lon="8.88276"/>
            <trkpt lat="41.69679" lon="8.88284"/>
            <trkpt lat="41.69679" lon="8.88293"/>
            <trkpt lat="41.69678" lon="8.88305"/>
            <trkpt lat="41.69672" lon="8.88329"/>
            <trkpt lat="41.69661" lon="8.88353"/>
            <trkpt lat="41.69652" lon="8.8837"/>
            <trkpt lat="41.69646" lon="8.88377"/>
            <trkpt lat="41.69642" lon="8.8838"/>
            <trkpt lat="41.69599" lon="8.88392"/>
            <trkpt lat="41.69595" lon="8.88395"/>
            <trkpt lat="41.69594" lon="8.88396"/>
            <trkpt lat="41.6959" lon="8.88401"/>
            <trkpt lat="41.69587" lon="8.88408"/>
            <trkpt lat="41.69583" lon="8.88422"/>
            <trkpt lat="41.69581" lon="8.88431"/>
            <trkpt lat="41.69577" lon="8.88446"/>
            <trkpt lat="41.69574" lon="8.88464"/>
            <trkpt lat="41.69575" lon="8.88492"/>
            <trkpt lat="41.69578" lon="8.88505"/>
            <trkpt lat="41.69582" lon="8.88515"/>
            <trkpt lat="41.69591" lon="8.88529"/>
            <trkpt lat="41.69604" lon="8.88551"/>
            <trkpt lat="41.69609" lon="8.88563"/>
            <trkpt lat="41.69613" lon="8.88575"/>
            <trkpt lat="41.69619" lon="8.88608"/>
            <trkpt lat="41.6962" lon="8.88624"/>
            <trkpt lat="41.69625" lon="8.8865"/>
            <trkpt lat="41.69631" lon="8.88667"/>
            <trkpt lat="41.69632" lon="8.8867"/>
            <trkpt lat="41.69663" lon="8.8874"/>
            <trkpt lat="41.69669" lon="8.88753"/>
            <trkpt lat="41.6967" lon="8.88762"/>
            <trkpt lat="41.69671" lon="8.88769"/>
            <trkpt lat="41.6967" lon="8.88775"/>
            <trkpt lat="41.69669" lon="8.88777"/>
            <trkpt lat="41.69667" lon="8.88782"/>
            <trkpt lat="41.6966" lon="8.88792"/>
            <trkpt lat="41.69648" lon="8.88799"/>
            <trkpt lat="41.69581" lon="8.88827"/>
            <trkpt lat="41.69573" lon="8.88833"/>
            <trkpt lat="41.69569" lon="8.8884"/>
            <trkpt lat="41.69566" lon="8.88851"/>
            <trkpt lat="41.69564" lon="8.88864"/>
            <trkpt lat="41.69572" lon="8.88936"/>
            <trkpt lat="41.69577" lon="8.88975"/>
            <trkpt lat="41.69579" lon="8.88983"/>
            <trkpt lat="41.6959" lon="8.8901"/>
            <trkpt lat="41.69601" lon="8.89029"/>
            <trkpt lat="41.69613" lon="8.89045"/>
            <trkpt lat="41.6964" lon="8.8907"/>
            <trkpt lat="41.69645" lon="8.89077"/>
            <trkpt lat="41.69653" lon="8.8909"/>
            <trkpt lat="41.69655" lon="8.89099"/>
            <trkpt lat="41.69654" lon="8.89107"/>
            <trkpt lat="41.69649" lon="8.8912"/>
            <trkpt lat="41.69647" lon="8.89123"/>
            <trkpt lat="41.69641" lon="8.89127"/>
            <trkpt lat="41.69633" lon="8.89128"/>
            <trkpt lat="41.69602" lon="8.89121"/>
            <trkpt lat="41.69591" lon="8.89117"/>
            <trkpt lat="41.69583" lon="8.8911"/>
            <trkpt lat="41.69561" lon="8.89106"/>
            <trkpt lat="41.69552" lon="8.89106"/>
            <trkpt lat="41.69548" lon="8.89108"/>
            <trkpt lat="41.69541" lon="8.89113"/>
            <trkpt lat="41.69538" lon="8.89116"/>
            <trkpt lat="41.69534" lon="8.89126"/>
            <trkpt lat="41.69532" lon="8.89137"/>
            <trkpt lat="41.69532" lon="8.89223"/>
            <trkpt lat="41.69535" lon="8.89231"/>
            <trkpt lat="41.69535" lon="8.8925"/>
            <trkpt lat="41.69535" lon="8.89257"/>
            <trkpt lat="41.69533" lon="8.89265"/>
            <trkpt lat="41.69483" lon="8.89365"/>
            <trkpt lat="41.69476" lon="8.89381"/>
            <trkpt lat="41.69455" lon="8.89439"/>
            <trkpt lat="41.69453" lon="8.89445"/>
            <trkpt lat="41.69452" lon="8.89453"/>
            <trkpt lat="41.69453" lon="8.89518"/>
            <trkpt lat="41.69456" lon="8.89571"/>
            <trkpt lat="41.69458" lon="8.89583"/>
            <trkpt lat="41.69462" lon="8.8959"/>
            <trkpt lat="41.69466" lon="8.89598"/>
            <trkpt lat="41.69475" lon="8.89604"/>
            <trkpt lat="41.69491" lon="8.89611"/>
            <trkpt lat="41.69537" lon="8.89626"/>
            <trkpt lat="41.69594" lon="8.89641"/>
            <trkpt lat="41.69604" lon="8.89642"/>
            <trkpt lat="41.69617" lon="8.89638"/>
            <trkpt lat="41.69626" lon="8.89631"/>
            <trkpt lat="41.69657" lon="8.89593"/>
            <trkpt lat="41.69672" lon="8.89587"/>
            <trkpt lat="41.69683" lon="8.89586"/>
            <trkpt lat="41.6971" lon="8.89596"/>
            <trkpt lat="41.69723" lon="8.89604"/>
            <trkpt lat="41.6973" lon="8.8961"/>
            <trkpt lat="41.69738" lon="8.89618"/>
            <trkpt lat="41.69743" lon="8.89626"/>
            <trkpt lat="41.69745" lon="8.89637"/>
            <trkpt lat="41.69744" lon="8.89702"/>
            <trkpt lat="41.69744" lon="8.89709"/>
            <trkpt lat="41.69747" lon="8.89734"/>
            <trkpt lat="41.69747" lon="8.89743"/>
            <trkpt lat="41.69746" lon="8.89751"/>
            <trkpt lat="41.69741" lon="8.89768"/>
            <trkpt lat="41.69733" lon="8.89795"/>
            <trkpt lat="41.6973" lon="8.89805"/>
            <trkpt lat="41.69729" lon="8.89817"/>
            <trkpt lat="41.69728" lon="8.8983"/>
            <trkpt lat="41.69727" lon="8.89881"/>
            <trkpt lat="41.69726" lon="8.89893"/>
            <trkpt lat="41.69722" lon="8.89917"/>
            <trkpt lat="41.69716" lon="8.89978"/>
            <trkpt lat="41.69718" lon="8.89986"/>
            <trkpt lat="41.69716" lon="8.90018"/>
            <trkpt lat="41.69717" lon="8.90025"/>
            <trkpt lat="41.69718" lon="8.90031"/>
            <trkpt lat="41.6972" lon="8.90035"/>
            <trkpt lat="41.69722" lon="8.9004"/>
            <trkpt lat="41.69725" lon="8.90046"/>
            <trkpt lat="41.6973" lon="8.90052"/>
            <trkpt lat="41.69734" lon="8.90055"/>
            <trkpt lat="41.6974" lon="8.9006"/>
            <trkpt lat="41.69745" lon="8.90062"/>
            <trkpt lat="41.69777" lon="8.90073"/>
            <trkpt lat="41.69782" lon="8.90076"/>
            <trkpt lat="41.69789" lon="8.9008"/>
            <trkpt lat="41.698" lon="8.90091"/>
            <trkpt lat="41.6981" lon="8.90106"/>
            <trkpt lat="41.69819" lon="8.90126"/>
            <trkpt lat="41.69829" lon="8.90153"/>
            <trkpt lat="41.69835" lon="8.90179"/>
            <trkpt lat="41.69837" lon="8.902"/>
            <trkpt lat="41.69836" lon="8.90225"/>
            <trkpt lat="41.69832" lon="8.90238"/>
            <trkpt lat="41.69821" lon="8.90264"/>
            <trkpt lat="41.69772" lon="8.90354"/>
            <trkpt lat="41.69767" lon="8.90362"/>
            <trkpt lat="41.69762" lon="8.90368"/>
            <trkpt lat="41.69755" lon="8.90375"/>
            <trkpt lat="41.69726" lon="8.90397"/>
            <trkpt lat="41.6972" lon="8.90402"/>
            <trkpt lat="41.69716" lon="8.90409"/>
            <trkpt lat="41.69711" lon="8.90417"/>
            <trkpt lat="41.69707" lon="8.90426"/>
            <trkpt lat="41.69706" lon="8.90432"/>
            <trkpt lat="41.69704" lon="8.90441"/>
            <trkpt lat="41.69704" lon="8.90452"/>
            <trkpt lat="41.69705" lon="8.90458"/>
            <trkpt lat="41.69707" lon="8.90469"/>
            <trkpt lat="41.6971" lon="8.90486"/>
            <trkpt lat="41.69713" lon="8.90505"/>
            <trkpt lat="41.69713" lon="8.90521"/>
            <trkpt lat="41.69712" lon="8.90528"/>
            <trkpt lat="41.6971" lon="8.90536"/>
            <trkpt lat="41.69707" lon="8.90543"/>
            <trkpt lat="41.69704" lon="8.9055"/>
            <trkpt lat="41.697" lon="8.90556"/>
            <trkpt lat="41.6967" lon="8.90581"/>
            <trkpt lat="41.69655" lon="8.90592"/>
            <trkpt lat="41.6964" lon="8.90604"/>
            <trkpt lat="41.69635" lon="8.90611"/>
            <trkpt lat="41.6963" lon="8.90618"/>
            <trkpt lat="41.69621" lon="8.90634"/>
            <trkpt lat="41.69615" lon="8.90655"/>
            <trkpt lat="41.69612" lon="8.90669"/>
            <trkpt lat="41.69611" lon="8.90692"/>
            <trkpt lat="41.69611" lon="8.90703"/>
            <trkpt lat="41.69613" lon="8.90714"/>
            <trkpt lat="41.69616" lon="8.90725"/>
            <trkpt lat="41.69619" lon="8.90734"/>
            <trkpt lat="41.69622" lon="8.90741"/>
            <trkpt lat="41.69632" lon="8.9076"/>
            <trkpt lat="41.69635" lon="8.90766"/>
            <trkpt lat="41.69638" lon="8.90769"/>
            <trkpt lat="41.69665" lon="8.90809"/>
            <trkpt lat="41.69668" lon="8.90815"/>
            <trkpt lat="41.69673" lon="8.90831"/>
            <trkpt lat="41.69675" lon="8.90846"/>
            <trkpt lat="41.69674" lon="8.90857"/>
            <trkpt lat="41.69673" lon="8.90864"/>
            <trkpt lat="41.6967" lon="8.90872"/>
            <trkpt lat="41.69664" lon="8.90882"/>
            <trkpt lat="41.69657" lon="8.9089"/>
            <trkpt lat="41.69641" lon="8.90907"/>
            <trkpt lat="41.69632" lon="8.90919"/>
            <trkpt lat="41.69629" lon="8.90924"/>
            <trkpt lat="41.69625" lon="8.9093"/>
            <trkpt lat="41.69623" lon="8.90937"/>
            <trkpt lat="41.69621" lon="8.90945"/>
            <trkpt lat="41.6962" lon="8.9096"/>
            <trkpt lat="41.69621" lon="8.90968"/>
            <trkpt lat="41.69637" lon="8.9103"/>
            <trkpt lat="41.69644" lon="8.91055"/>
            <trkpt lat="41.69645" lon="8.91058"/>
            <trkpt lat="41.69647" lon="8.91069"/>
            <trkpt lat="41.69647" lon="8.91075"/>
            <trkpt lat="41.69647" lon="8.91083"/>
            <trkpt lat="41.69646" lon="8.91088"/>
            <trkpt lat="41.69642" lon="8.91098"/>
            <trkpt lat="41.6964" lon="8.91102"/>
            <trkpt lat="41.69636" lon="8.91106"/>
            <trkpt lat="41.69631" lon="8.91109"/>
            <trkpt lat="41.69629" lon="8.9111"/>
            <trkpt lat="41.69623" lon="8.91111"/>
            <trkpt lat="41.69615" lon="8.9111"/>
            <trkpt lat="41.69611" lon="8.91108"/>
            <trkpt lat="41.696" lon="8.91102"/>
            <trkpt lat="41.69593" lon="8.91097"/>
            <trkpt lat="41.69572" lon="8.91084"/>
            <trkpt lat="41.69563" lon="8.91079"/>
            <trkpt lat="41.69546" lon="8.91075"/>
            <trkpt lat="41.69538" lon="8.91074"/>
            <trkpt lat="41.69529" lon="8.91075"/>
            <trkpt lat="41.69525" lon="8.91077"/>
            <trkpt lat="41.69473" lon="8.9109"/>
            <trkpt lat="41.69438" lon="8.91093"/>
            <trkpt lat="41.69426" lon="8.91097"/>
            <trkpt lat="41.6942" lon="8.911"/>
            <trkpt lat="41.69415" lon="8.91102"/>
            <trkpt lat="41.69409" lon="8.91105"/>
            <trkpt lat="41.694" lon="8.91113"/>
            <trkpt lat="41.69396" lon="8.91119"/>
            <trkpt lat="41.6939" lon="8.91128"/>
            <trkpt lat="41.69384" lon="8.9114"/>
            <trkpt lat="41.6938" lon="8.91154"/>
            <trkpt lat="41.69378" lon="8.91163"/>
            <trkpt lat="41.69378" lon="8.91184"/>
            <trkpt lat="41.6938" lon="8.91206"/>
            <trkpt lat="41.69388" lon="8.91255"/>
            <trkpt lat="41.69388" lon="8.9127"/>
            <trkpt lat="41.69386" lon="8.91287"/>
            <trkpt lat="41.69385" lon="8.91294"/>
            <trkpt lat="41.69371" lon="8.91346"/>
            <trkpt lat="41.69365" lon="8.91366"/>
            <trkpt lat="41.69362" lon="8.91374"/>
            <trkpt lat="41.69358" lon="8.91385"/>
            <trkpt lat="41.69345" lon="8.91413"/>
            <trkpt lat="41.6933" lon="8.91442"/>
            <trkpt lat="41.69304" lon="8.91498"/>
            <trkpt lat="41.69288" lon="8.91528"/>
            <trkpt lat="41.69277" lon="8.91545"/>
            <trkpt lat="41.69271" lon="8.9155"/>
            <trkpt lat="41.69258" lon="8.91558"/>
            <trkpt lat="41.69248" lon="8.91562"/>
            <trkpt lat="41.69215" lon="8.91576"/>
            <trkpt lat="41.69209" lon="8.9158"/>
            <trkpt lat="41.69206" lon="8.91584"/>
            <trkpt lat="41.692" lon="8.9159"/>
            <trkpt lat="41.69194" lon="8.916"/>
            <trkpt lat="41.69192" lon="8.91604"/>
            <trkpt lat="41.69188" lon="8.91612"/>
            <trkpt lat="41.6915" lon="8.91716"/>
            <trkpt lat="41.6914" lon="8.91745"/>
            <trkpt lat="41.69123" lon="8.91797"/>
            <trkpt lat="41.69114" lon="8.91813"/>
            <trkpt lat="41.69109" lon="8.91822"/>
            <trkpt lat="41.69091" lon="8.91843"/>
            <trkpt lat="41.69072" lon="8.91861"/>
            <trkpt lat="41.69064" lon="8.91867"/>
            <trkpt lat="41.69056" lon="8.91871"/>
            <trkpt lat="41.69047" lon="8.91876"/>
            <trkpt lat="41.68992" lon="8.91892"/>
            <trkpt lat="41.68976" lon="8.91896"/>
            <trkpt lat="41.68961" lon="8.91901"/>
            <trkpt lat="41.68947" lon="8.91904"/>
            <trkpt lat="41.68933" lon="8.91909"/>
            <trkpt lat="41.68812" lon="8.91943"/>
            <trkpt lat="41.68699" lon="8.9199"/>
            <trkpt lat="41.68593" lon="8.92033"/>
            <trkpt lat="41.68572" lon="8.92041"/>
            <trkpt lat="41.6853" lon="8.92057"/>
            <trkpt lat="41.68467" lon="8.92082"/>
            <trkpt lat="41.68452" lon="8.9209"/>
            <trkpt lat="41.68444" lon="8.92094"/>
            <trkpt lat="41.68436" lon="8.921"/>
            <trkpt lat="41.68425" lon="8.92112"/>
            <trkpt lat="41.68423" lon="8.9211"/>
            <trkpt lat="41.68417" lon="8.92108"/>
            <trkpt lat="41.68412" lon="8.92108"/>
            <trkpt lat="41.68409" lon="8.92109"/>
            <trkpt lat="41.68406" lon="8.92111"/>
            <trkpt lat="41.68403" lon="8.92114"/>
            <trkpt lat="41.68402" lon="8.92117"/>
            <trkpt lat="41.684" lon="8.92123"/>
            <trkpt lat="41.684" lon="8.92125"/>
            <trkpt lat="41.684" lon="8.9213"/>
            <trkpt lat="41.684" lon="8.92133"/>
            <trkpt lat="41.68401" lon="8.92136"/>
            <trkpt lat="41.68386" lon="8.92175"/>
            <trkpt lat="41.68386" lon="8.92186"/>
            <trkpt lat="41.68383" lon="8.92196"/>
            <trkpt lat="41.68379" lon="8.92209"/>
            <trkpt lat="41.68374" lon="8.92225"/>
            <trkpt lat="41.6835" lon="8.92281"/>
            <trkpt lat="41.68336" lon="8.9231"/>
            <trkpt lat="41.68234" lon="8.92489"/>
            <trkpt lat="41.68213" lon="8.92531"/>
            <trkpt lat="41.68148" lon="8.92658"/>
            <trkpt lat="41.68135" lon="8.92681"/>
            <trkpt lat="41.68135" lon="8.92682"/>
            <trkpt lat="41.68118" lon="8.92708"/>
            <trkpt lat="41.68098" lon="8.92739"/>
            <trkpt lat="41.6808" lon="8.92758"/>
            <trkpt lat="41.68059" lon="8.92777"/>
            <trkpt lat="41.68031" lon="8.92797"/>
            <trkpt lat="41.68009" lon="8.9281"/>
            <trkpt lat="41.67984" lon="8.92822"/>
            <trkpt lat="41.67968" lon="8.92828"/>
            <trkpt lat="41.6794" lon="8.92832"/>
            <trkpt lat="41.67929" lon="8.92833"/>
            <trkpt lat="41.67909" lon="8.92831"/>
            <trkpt lat="41.67732" lon="8.92805"/>
            <trkpt lat="41.67626" lon="8.92796"/>
            <trkpt lat="41.6759" lon="8.92794"/>
            <trkpt lat="41.67547" lon="8.92791"/>
            <trkpt lat="41.6748" lon="8.92785"/>
            <trkpt lat="41.67403" lon="8.92777"/>
            <trkpt lat="41.6727" lon="8.92756"/>
            <trkpt lat="41.67229" lon="8.92748"/>
            <trkpt lat="41.67098" lon="8.92724"/>
            <trkpt lat="41.67061" lon="8.92717"/>
            <trkpt lat="41.67036" lon="8.9271"/>
            <trkpt lat="41.66987" lon="8.92693"/>
            <trkpt lat="41.66982" lon="8.9269"/>
            <trkpt lat="41.6695" lon="8.92674"/>
            <trkpt lat="41.66936" lon="8.92665"/>
            <trkpt lat="41.66905" lon="8.92641"/>
            <trkpt lat="41.66888" lon="8.92624"/>
            <trkpt lat="41.66885" lon="8.9262"/>
            <trkpt lat="41.66872" lon="8.92606"/>
            <trkpt lat="41.66865" lon="8.92597"/>
            <trkpt lat="41.66843" lon="8.9256"/>
            <trkpt lat="41.6683" lon="8.92532"/>
            <trkpt lat="41.66806" lon="8.92461"/>
            <trkpt lat="41.66797" lon="8.92435"/>
            <trkpt lat="41.66788" lon="8.92407"/>
            <trkpt lat="41.66777" lon="8.92369"/>
            <trkpt lat="41.66768" lon="8.92327"/>
            <trkpt lat="41.66756" lon="8.92263"/>
            <trkpt lat="41.66752" lon="8.92233"/>
            <trkpt lat="41.66749" lon="8.92216"/>
            <trkpt lat="41.66749" lon="8.92209"/>
            <trkpt lat="41.66751" lon="8.92203"/>
            <trkpt lat="41.66751" lon="8.92159"/>
            <trkpt lat="41.66753" lon="8.92157"/>
            <trkpt lat="41.66755" lon="8.92155"/>
            <trkpt lat="41.66757" lon="8.92153"/>
            <trkpt lat="41.66758" lon="8.9215"/>
            <trkpt lat="41.6676" lon="8.92146"/>
            <trkpt lat="41.6676" lon="8.92143"/>
            <trkpt lat="41.6676" lon="8.9214"/>
            <trkpt lat="41.66759" lon="8.92137"/>
            <trkpt lat="41.66758" lon="8.92132"/>
            <trkpt lat="41.66756" lon="8.9213"/>
            <trkpt lat="41.66755" lon="8.92128"/>
            <trkpt lat="41.66752" lon="8.92126"/>
            <trkpt lat="41.66749" lon="8.92124"/>
            <trkpt lat="41.66745" lon="8.92124"/>
            <trkpt lat="41.6674" lon="8.92125"/>
            <trkpt lat="41.66737" lon="8.92128"/>
            <trkpt lat="41.66708" lon="8.92125"/>
            <trkpt lat="41.66693" lon="8.92115"/>
            <trkpt lat="41.66688" lon="8.9211"/>
            <trkpt lat="41.66667" lon="8.9209"/>
            <trkpt lat="41.66666" lon="8.92089"/>
            <trkpt lat="41.66661" lon="8.92083"/>
            <trkpt lat="41.6666" lon="8.92078"/>
            <trkpt lat="41.66623" lon="8.92032"/>
            <trkpt lat="41.66597" lon="8.91999"/>
            <trkpt lat="41.66578" lon="8.91978"/>
            <trkpt lat="41.6656" lon="8.91961"/>
            <trkpt lat="41.66549" lon="8.91951"/>
            <trkpt lat="41.66543" lon="8.91949"/>
            <trkpt lat="41.66538" lon="8.91945"/>
            <trkpt lat="41.66516" lon="8.91931"/>
            <trkpt lat="41.6649" lon="8.91918"/>
            <trkpt lat="41.66403" lon="8.91878"/>
            <trkpt lat="41.66233" lon="8.91802"/>
            <trkpt lat="41.66197" lon="8.91785"/>
            <trkpt lat="41.66164" lon="8.91767"/>
            <trkpt lat="41.66126" lon="8.91738"/>
            <trkpt lat="41.661" lon="8.91719"/>
            <trkpt lat="41.6609" lon="8.91712"/>
            <trkpt lat="41.66081" lon="8.91708"/>
            <trkpt lat="41.66069" lon="8.91703"/>
            <trkpt lat="41.66049" lon="8.91698"/>
            <trkpt lat="41.66038" lon="8.91696"/>
            <trkpt lat="41.66016" lon="8.91697"/>
            <trkpt lat="41.65999" lon="8.91698"/>
            <trkpt lat="41.6597" lon="8.91702"/>
            <trkpt lat="41.65934" lon="8.9171"/>
            <trkpt lat="41.65921" lon="8.91713"/>
            <trkpt lat="41.65916" lon="8.91714"/>
            <trkpt lat="41.65902" lon="8.9172"/>
            <trkpt lat="41.65873" lon="8.91733"/>
            <trkpt lat="41.65863" lon="8.91739"/>
            <trkpt lat="41.65851" lon="8.91745"/>
            <trkpt lat="41.65831" lon="8.91753"/>
            <trkpt lat="41.65827" lon="8.91755"/>
            <trkpt lat="41.65816" lon="8.91758"/>
            <trkpt lat="41.65798" lon="8.91759"/>
            <trkpt lat="41.65784" lon="8.91759"/>
            <trkpt lat="41.65761" lon="8.91758"/>
            <trkpt lat="41.65732" lon="8.91756"/>
            <trkpt lat="41.65715" lon="8.91755"/>
            <trkpt lat="41.65697" lon="8.91754"/>
            <trkpt lat="41.65691" lon="8.91751"/>
            <trkpt lat="41.65676" lon="8.91752"/>
            <trkpt lat="41.65664" lon="8.9174"/>
            <trkpt lat="41.65658" lon="8.91733"/>
            <trkpt lat="41.65653" lon="8.91726"/>
            <trkpt lat="41.65653" lon="8.91715"/>
            <trkpt lat="41.65653" lon="8.91699"/>
            <trkpt lat="41.65653" lon="8.91693"/>
            <trkpt lat="41.65655" lon="8.91683"/>
            <trkpt lat="41.65656" lon="8.91674"/>
            <trkpt lat="41.65663" lon="8.91658"/>
            <trkpt lat="41.65669" lon="8.9165"/>
            <trkpt lat="41.65677" lon="8.91643"/>
            <trkpt lat="41.65723" lon="8.91601"/>
            <trkpt lat="41.65741" lon="8.91589"/>
            <trkpt lat="41.65791" lon="8.91568"/>
            <trkpt lat="41.65806" lon="8.91558"/>
            <trkpt lat="41.65821" lon="8.91542"/>
            <trkpt lat="41.6584" lon="8.91514"/>
            <trkpt lat="41.65861" lon="8.91486"/>
            <trkpt lat="41.65873" lon="8.91473"/>
            <trkpt lat="41.65878" lon="8.91468"/>
            <trkpt lat="41.65882" lon="8.91465"/>
            <trkpt lat="41.65888" lon="8.91462"/>
            <trkpt lat="41.65904" lon="8.91454"/>
            <trkpt lat="41.65913" lon="8.91447"/>
            <trkpt lat="41.6592" lon="8.91439"/>
            <trkpt lat="41.65926" lon="8.91424"/>
            <trkpt lat="41.65931" lon="8.91408"/>
            <trkpt lat="41.65932" lon="8.91401"/>
            <trkpt lat="41.65935" lon="8.91385"/>
            <trkpt lat="41.65936" lon="8.91346"/>
            <trkpt lat="41.65935" lon="8.91317"/>
            <trkpt lat="41.65931" lon="8.91269"/>
            <trkpt lat="41.6592" lon="8.91162"/>
            <trkpt lat="41.65913" lon="8.91083"/>
            <trkpt lat="41.65903" lon="8.91009"/>
            <trkpt lat="41.65898" lon="8.90977"/>
            <trkpt lat="41.65891" lon="8.90952"/>
            <trkpt lat="41.65868" lon="8.90888"/>
            <trkpt lat="41.65857" lon="8.90854"/>
            <trkpt lat="41.65828" lon="8.90783"/>
            <trkpt lat="41.65785" lon="8.90696"/>
            <trkpt lat="41.65758" lon="8.90649"/>
            <trkpt lat="41.65743" lon="8.90617"/>
            <trkpt lat="41.65734" lon="8.90591"/>
            <trkpt lat="41.65728" lon="8.9057"/>
            <trkpt lat="41.65726" lon="8.90563"/>
            <trkpt lat="41.65722" lon="8.90544"/>
            <trkpt lat="41.65722" lon="8.9054"/>
            <trkpt lat="41.6572" lon="8.90508"/>
            <trkpt lat="41.65723" lon="8.90471"/>
            <trkpt lat="41.65725" lon="8.90463"/>
            <trkpt lat="41.65725" lon="8.9046"/>
            <trkpt lat="41.6573" lon="8.90444"/>
            <trkpt lat="41.65732" lon="8.90435"/>
            <trkpt lat="41.65735" lon="8.90428"/>
            <trkpt lat="41.65746" lon="8.90399"/>
            <trkpt lat="41.65748" lon="8.90393"/>
            <trkpt lat="41.6575" lon="8.90389"/>
            <trkpt lat="41.65756" lon="8.90365"/>
            <trkpt lat="41.65757" lon="8.90339"/>
            <trkpt lat="41.65758" lon="8.90327"/>
            <trkpt lat="41.65757" lon="8.90322"/>
            <trkpt lat="41.65752" lon="8.90277"/>
            <trkpt lat="41.65753" lon="8.90267"/>
            <trkpt lat="41.65755" lon="8.90256"/>
            <trkpt lat="41.65761" lon="8.9024"/>
            <trkpt lat="41.65768" lon="8.90229"/>
            <trkpt lat="41.65783" lon="8.9019"/>
            <trkpt lat="41.65784" lon="8.90163"/>
            <trkpt lat="41.65781" lon="8.9014"/>
            <trkpt lat="41.6578" lon="8.90102"/>
            <trkpt lat="41.65782" lon="8.90082"/>
            <trkpt lat="41.65785" lon="8.90067"/>
            <trkpt lat="41.65791" lon="8.90057"/>
            <trkpt lat="41.65796" lon="8.90049"/>
            <trkpt lat="41.65809" lon="8.90032"/>
            <trkpt lat="41.65811" lon="8.9003"/>
            <trkpt lat="41.65842" lon="8.89998"/>
            <trkpt lat="41.65868" lon="8.89968"/>
            <trkpt lat="41.65872" lon="8.89959"/>
            <trkpt lat="41.65873" lon="8.89954"/>
            <trkpt lat="41.65876" lon="8.89944"/>
            <trkpt lat="41.65881" lon="8.8992"/>
            <trkpt lat="41.65879" lon="8.8991"/>
            <trkpt lat="41.65873" lon="8.89893"/>
            <trkpt lat="41.65854" lon="8.89831"/>
            <trkpt lat="41.65798" lon="8.8969"/>
            <trkpt lat="41.6579" lon="8.89673"/>
            <trkpt lat="41.65784" lon="8.89663"/>
            <trkpt lat="41.65757" lon="8.89629"/>
            <trkpt lat="41.6574" lon="8.89613"/>
            <trkpt lat="41.6573" lon="8.89598"/>
            <trkpt lat="41.65726" lon="8.89582"/>
            <trkpt lat="41.65726" lon="8.89569"/>
            <trkpt lat="41.65733" lon="8.89535"/>
            <trkpt lat="41.65763" lon="8.8948"/>
            <trkpt lat="41.65775" lon="8.89445"/>
            <trkpt lat="41.65777" lon="8.89428"/>
            <trkpt lat="41.65777" lon="8.89413"/>
            <trkpt lat="41.6577" lon="8.89393"/>
            <trkpt lat="41.65765" lon="8.89388"/>
            <trkpt lat="41.65757" lon="8.89383"/>
            <trkpt lat="41.6575" lon="8.89379"/>
            <trkpt lat="41.65722" lon="8.89374"/>
            <trkpt lat="41.65687" lon="8.8937"/>
            <trkpt lat="41.65673" lon="8.89369"/>
            <trkpt lat="41.65657" lon="8.89366"/>
            <trkpt lat="41.65629" lon="8.89355"/>
            <trkpt lat="41.65576" lon="8.89319"/>
            <trkpt lat="41.6555" lon="8.89298"/>
            <trkpt lat="41.65537" lon="8.89282"/>
            <trkpt lat="41.65511" lon="8.89236"/>
            <trkpt lat="41.65496" lon="8.89204"/>
            <trkpt lat="41.65483" lon="8.89183"/>
            <trkpt lat="41.65471" lon="8.89159"/>
            <trkpt lat="41.65454" lon="8.89144"/>
            <trkpt lat="41.65443" lon="8.89132"/>
            <trkpt lat="41.65436" lon="8.89122"/>
            <trkpt lat="41.65424" lon="8.89099"/>
            <trkpt lat="41.65412" lon="8.89068"/>
            <trkpt lat="41.654" lon="8.89036"/>
            <trkpt lat="41.65367" lon="8.88974"/>
            <trkpt lat="41.65354" lon="8.88941"/>
            <trkpt lat="41.65349" lon="8.88927"/>
            <trkpt lat="41.65348" lon="8.88917"/>
            <trkpt lat="41.65349" lon="8.88903"/>
            <trkpt lat="41.65374" lon="8.88661"/>
            <trkpt lat="41.65374" lon="8.88638"/>
            <trkpt lat="41.65373" lon="8.88617"/>
            <trkpt lat="41.65368" lon="8.88604"/>
            <trkpt lat="41.6536" lon="8.88581"/>
            <trkpt lat="41.65346" lon="8.88553"/>
            <trkpt lat="41.65334" lon="8.88523"/>
            <trkpt lat="41.65329" lon="8.88505"/>
            <trkpt lat="41.65323" lon="8.88482"/>
            <trkpt lat="41.6531" lon="8.88421"/>
            <trkpt lat="41.65302" lon="8.88396"/>
            <trkpt lat="41.65295" lon="8.88377"/>
            <trkpt lat="41.65266" lon="8.88331"/>
            <trkpt lat="41.65262" lon="8.88315"/>
            <trkpt lat="41.65259" lon="8.88301"/>
            <trkpt lat="41.65258" lon="8.88284"/>
            <trkpt lat="41.65257" lon="8.88249"/>
            <trkpt lat="41.65255" lon="8.88218"/>
            <trkpt lat="41.65252" lon="8.882"/>
            <trkpt lat="41.65244" lon="8.8818"/>
            <trkpt lat="41.65218" lon="8.88134"/>
            <trkpt lat="41.65194" lon="8.88095"/>
            <trkpt lat="41.65182" lon="8.88078"/>
            <trkpt lat="41.65163" lon="8.88062"/>
            <trkpt lat="41.6514" lon="8.88044"/>
            <trkpt lat="41.65049" lon="8.87988"/>
            <trkpt lat="41.64973" lon="8.87954"/>
            <trkpt lat="41.64966" lon="8.87948"/>
            <trkpt lat="41.64963" lon="8.87944"/>
            <trkpt lat="41.64951" lon="8.8791"/>
            <trkpt lat="41.64944" lon="8.8788"/>
            <trkpt lat="41.64937" lon="8.87857"/>
            <trkpt lat="41.6493" lon="8.8784"/>
            <trkpt lat="41.64922" lon="8.87828"/>
            <trkpt lat="41.64913" lon="8.87817"/>
            <trkpt lat="41.64901" lon="8.87807"/>
            <trkpt lat="41.64844" lon="8.87766"/>
            <trkpt lat="41.64828" lon="8.87753"/>
            <trkpt lat="41.64813" lon="8.87738"/>
            <trkpt lat="41.64803" lon="8.87725"/>
            <trkpt lat="41.64784" lon="8.87697"/>
            <trkpt lat="41.64784" lon="8.87695"/>
            <trkpt lat="41.64678" lon="8.87504"/>
            <trkpt lat="41.6466" lon="8.87456"/>
            <trkpt lat="41.64657" lon="8.87448"/>
            <trkpt lat="41.64653" lon="8.87436"/>
            <trkpt lat="41.64652" lon="8.87426"/>
            <trkpt lat="41.64652" lon="8.87416"/>
            <trkpt lat="41.64653" lon="8.87388"/>
            <trkpt lat="41.64651" lon="8.87373"/>
            <trkpt lat="41.64627" lon="8.87323"/>
            <trkpt lat="41.64599" lon="8.87276"/>
            <trkpt lat="41.64579" lon="8.87248"/>
            <trkpt lat="41.64551" lon="8.87206"/>
            <trkpt lat="41.6454" lon="8.87186"/>
            <trkpt lat="41.64538" lon="8.87182"/>
            <trkpt lat="41.64532" lon="8.87165"/>
            <trkpt lat="41.64519" lon="8.87111"/>
            <trkpt lat="41.64491" lon="8.8694"/>
            <trkpt lat="41.64489" lon="8.86929"/>
            <trkpt lat="41.64487" lon="8.8692"/>
            <trkpt lat="41.64484" lon="8.86912"/>
            <trkpt lat="41.64473" lon="8.86901"/>
            <trkpt lat="41.64465" lon="8.86895"/>
            <trkpt lat="41.64448" lon="8.86887"/>
            <trkpt lat="41.64386" lon="8.86873"/>
            <trkpt lat="41.6438" lon="8.8687"/>
            <trkpt lat="41.64377" lon="8.86867"/>
            <trkpt lat="41.64374" lon="8.86864"/>
            <trkpt lat="41.64371" lon="8.86849"/>
            <trkpt lat="41.64371" lon="8.86839"/>
            <trkpt lat="41.64375" lon="8.86824"/>
            <trkpt lat="41.64387" lon="8.86816"/>
            <trkpt lat="41.64413" lon="8.8681"/>
            <trkpt lat="41.64433" lon="8.86806"/>
            <trkpt lat="41.64436" lon="8.86805"/>
            <trkpt lat="41.64445" lon="8.86801"/>
            <trkpt lat="41.64454" lon="8.86793"/>
            <trkpt lat="41.6446" lon="8.86774"/>
            <trkpt lat="41.64465" lon="8.86753"/>
            <trkpt lat="41.64468" lon="8.86733"/>
            <trkpt lat="41.6447" lon="8.86705"/>
            <trkpt lat="41.64472" lon="8.86675"/>
            <trkpt lat="41.64476" lon="8.86649"/>
            <trkpt lat="41.64482" lon="8.86633"/>
            <trkpt lat="41.64491" lon="8.86621"/>
            <trkpt lat="41.64505" lon="8.86613"/>
            <trkpt lat="41.64516" lon="8.86611"/>
            <trkpt lat="41.64526" lon="8.86612"/>
            <trkpt lat="41.64581" lon="8.86615"/>
            <trkpt lat="41.64598" lon="8.86613"/>
            <trkpt lat="41.64616" lon="8.86607"/>
            <trkpt lat="41.64644" lon="8.86588"/>
            <trkpt lat="41.64667" lon="8.86568"/>
            <trkpt lat="41.64687" lon="8.86541"/>
            <trkpt lat="41.64701" lon="8.86517"/>
            <trkpt lat="41.64708" lon="8.86501"/>
            <trkpt lat="41.6471" lon="8.86493"/>
            <trkpt lat="41.6471" lon="8.86486"/>
            <trkpt lat="41.64708" lon="8.86481"/>
            <trkpt lat="41.64706" lon="8.86479"/>
            <trkpt lat="41.64703" lon="8.86478"/>
            <trkpt lat="41.647" lon="8.86478"/>
            <trkpt lat="41.64698" lon="8.8648"/>
            <trkpt lat="41.64697" lon="8.86482"/>
            <trkpt lat="41.64695" lon="8.86487"/>
            <trkpt lat="41.64677" lon="8.86523"/>
            <trkpt lat="41.6467" lon="8.86535"/>
            <trkpt lat="41.64664" lon="8.86542"/>
            <trkpt lat="41.64659" lon="8.86547"/>
            <trkpt lat="41.64651" lon="8.86551"/>
            <trkpt lat="41.64636" lon="8.86554"/>
            <trkpt lat="41.64627" lon="8.86552"/>
            <trkpt lat="41.64617" lon="8.86542"/>
            <trkpt lat="41.64614" lon="8.86521"/>
            <trkpt lat="41.64617" lon="8.86492"/>
            <trkpt lat="41.64619" lon="8.86464"/>
            <trkpt lat="41.64617" lon="8.86452"/>
            <trkpt lat="41.64611" lon="8.86442"/>
            <trkpt lat="41.64603" lon="8.86435"/>
            <trkpt lat="41.6459" lon="8.86431"/>
            <trkpt lat="41.64551" lon="8.86435"/>
            <trkpt lat="41.64537" lon="8.86438"/>
            <trkpt lat="41.64513" lon="8.86456"/>
            <trkpt lat="41.64501" lon="8.86461"/>
            <trkpt lat="41.64483" lon="8.86463"/>
            <trkpt lat="41.64456" lon="8.86462"/>
            <trkpt lat="41.6444" lon="8.86456"/>
            <trkpt lat="41.64426" lon="8.86445"/>
            <trkpt lat="41.64416" lon="8.86434"/>
            <trkpt lat="41.64408" lon="8.86411"/>
            <trkpt lat="41.64393" lon="8.8634"/>
            <trkpt lat="41.64385" lon="8.86305"/>
            <trkpt lat="41.64383" lon="8.86289"/>
            <trkpt lat="41.64384" lon="8.8626"/>
            <trkpt lat="41.64382" lon="8.86245"/>
            <trkpt lat="41.64378" lon="8.86231"/>
            <trkpt lat="41.64374" lon="8.86221"/>
            <trkpt lat="41.64362" lon="8.86202"/>
            <trkpt lat="41.64356" lon="8.86192"/>
            <trkpt lat="41.64347" lon="8.86153"/>
            <trkpt lat="41.64341" lon="8.86107"/>
            <trkpt lat="41.64336" lon="8.86058"/>
            <trkpt lat="41.64336" lon="8.85992"/>
            <trkpt lat="41.64338" lon="8.85934"/>
            <trkpt lat="41.64337" lon="8.85926"/>
            <trkpt lat="41.64336" lon="8.85926"/>
            <trkpt lat="41.6433" lon="8.85918"/>
            <trkpt lat="41.64311" lon="8.85904"/>
            <trkpt lat="41.64274" lon="8.85885"/>
            <trkpt lat="41.64266" lon="8.85884"/>
            <trkpt lat="41.64259" lon="8.85885"/>
            <trkpt lat="41.64211" lon="8.85915"/>
            <trkpt lat="41.64192" lon="8.85918"/>
            <trkpt lat="41.64184" lon="8.85915"/>
            <trkpt lat="41.64175" lon="8.85905"/>
            <trkpt lat="41.64154" lon="8.8587"/>
            <trkpt lat="41.64146" lon="8.85863"/>
            <trkpt lat="41.64141" lon="8.85859"/>
            <trkpt lat="41.64131" lon="8.85857"/>
            <trkpt lat="41.64092" lon="8.85867"/>
            <trkpt lat="41.64054" lon="8.85873"/>
            <trkpt lat="41.64037" lon="8.85871"/>
            <trkpt lat="41.64028" lon="8.85867"/>
            <trkpt lat="41.64021" lon="8.85862"/>
            <trkpt lat="41.64015" lon="8.85851"/>
            <trkpt lat="41.64006" lon="8.85814"/>
            <trkpt lat="41.63998" lon="8.85793"/>
            <trkpt lat="41.63965" lon="8.85741"/>
            <trkpt lat="41.6393" lon="8.85683"/>
            <trkpt lat="41.63922" lon="8.8567"/>
            <trkpt lat="41.63915" lon="8.85661"/>
            <trkpt lat="41.63908" lon="8.85654"/>
            <trkpt lat="41.6389" lon="8.85637"/>
            <trkpt lat="41.63862" lon="8.85624"/>
            <trkpt lat="41.63844" lon="8.8562"/>
            <trkpt lat="41.63818" lon="8.85619"/>
            <trkpt lat="41.63802" lon="8.85618"/>
            <trkpt lat="41.63772" lon="8.85618"/>
            <trkpt lat="41.63712" lon="8.85635"/>
            <trkpt lat="41.63633" lon="8.8565"/>
            <trkpt lat="41.63586" lon="8.85664"/>
            <trkpt lat="41.63545" lon="8.85679"/>
            <trkpt lat="41.6352" lon="8.85696"/>
            <trkpt lat="41.63506" lon="8.85709"/>
            <trkpt lat="41.63493" lon="8.85729"/>
            <trkpt lat="41.63483" lon="8.85751"/>
            <trkpt lat="41.6348" lon="8.85763"/>
            <trkpt lat="41.63479" lon="8.85785"/>
            <trkpt lat="41.63479" lon="8.85806"/>
            <trkpt lat="41.63487" lon="8.85885"/>
            <trkpt lat="41.63486" lon="8.85896"/>
            <trkpt lat="41.63485" lon="8.85905"/>
            <trkpt lat="41.63482" lon="8.8591"/>
            <trkpt lat="41.63475" lon="8.85917"/>
            <trkpt lat="41.63466" lon="8.85922"/>
            <trkpt lat="41.63452" lon="8.85923"/>
            <trkpt lat="41.63444" lon="8.8592"/>
            <trkpt lat="41.63433" lon="8.85908"/>
            <trkpt lat="41.63414" lon="8.85873"/>
            <trkpt lat="41.634" lon="8.85853"/>
            <trkpt lat="41.63397" lon="8.85849"/>
            <trkpt lat="41.63393" lon="8.85845"/>
            <trkpt lat="41.63327" lon="8.858"/>
            <trkpt lat="41.63313" lon="8.8578"/>
            <trkpt lat="41.63301" lon="8.85767"/>
            <trkpt lat="41.63285" lon="8.85754"/>
            <trkpt lat="41.63263" lon="8.8574"/>
            <trkpt lat="41.6322" lon="8.85716"/>
            <trkpt lat="41.6322" lon="8.85715"/>
            <trkpt lat="41.63208" lon="8.85706"/>
            <trkpt lat="41.63199" lon="8.85695"/>
            <trkpt lat="41.63174" lon="8.85661"/>
            <trkpt lat="41.63149" lon="8.85622"/>
            <trkpt lat="41.63143" lon="8.85607"/>
            <trkpt lat="41.6314" lon="8.85598"/>
            <trkpt lat="41.6314" lon="8.85584"/>
            <trkpt lat="41.63142" lon="8.85571"/>
            <trkpt lat="41.63164" lon="8.85498"/>
            <trkpt lat="41.63166" lon="8.85495"/>
            <trkpt lat="41.63183" lon="8.85423"/>
            <trkpt lat="41.63185" lon="8.85411"/>
            <trkpt lat="41.63185" lon="8.85403"/>
            <trkpt lat="41.63185" lon="8.85392"/>
            <trkpt lat="41.63183" lon="8.85379"/>
            <trkpt lat="41.63178" lon="8.85356"/>
            <trkpt lat="41.63171" lon="8.85323"/>
            <trkpt lat="41.6317" lon="8.85298"/>
            <trkpt lat="41.63174" lon="8.85281"/>
            <trkpt lat="41.63179" lon="8.85271"/>
            <trkpt lat="41.63192" lon="8.85255"/>
            <trkpt lat="41.63237" lon="8.85219"/>
            <trkpt lat="41.63252" lon="8.85212"/>
            <trkpt lat="41.63264" lon="8.85209"/>
            <trkpt lat="41.63301" lon="8.85205"/>
            <trkpt lat="41.63311" lon="8.85202"/>
            <trkpt lat="41.63321" lon="8.85197"/>
            <trkpt lat="41.63326" lon="8.85191"/>
            <trkpt lat="41.6333" lon="8.85188"/>
            <trkpt lat="41.63342" lon="8.85171"/>
            <trkpt lat="41.63349" lon="8.85154"/>
            <trkpt lat="41.63352" lon="8.85145"/>
            <trkpt lat="41.63353" lon="8.85133"/>
            <trkpt lat="41.63353" lon="8.85122"/>
            <trkpt lat="41.63351" lon="8.85114"/>
            <trkpt lat="41.63348" lon="8.85107"/>
            <trkpt lat="41.63343" lon="8.85102"/>
            <trkpt lat="41.63338" lon="8.85098"/>
            <trkpt lat="41.63331" lon="8.85096"/>
            <trkpt lat="41.63301" lon="8.8509"/>
            <trkpt lat="41.63293" lon="8.85087"/>
            <trkpt lat="41.6329" lon="8.85084"/>
            <trkpt lat="41.63284" lon="8.85078"/>
            <trkpt lat="41.63278" lon="8.85068"/>
            <trkpt lat="41.63256" lon="8.85019"/>
            <trkpt lat="41.63253" lon="8.85013"/>
            <trkpt lat="41.63252" lon="8.85007"/>
            <trkpt lat="41.63252" lon="8.85"/>
            <trkpt lat="41.6326" lon="8.84941"/>
            <trkpt lat="41.63265" lon="8.84918"/>
            <trkpt lat="41.63273" lon="8.849"/>
            <trkpt lat="41.63277" lon="8.84895"/>
            <trkpt lat="41.63284" lon="8.84886"/>
            <trkpt lat="41.63289" lon="8.84882"/>
            <trkpt lat="41.63336" lon="8.84849"/>
            <trkpt lat="41.63356" lon="8.84824"/>
            <trkpt lat="41.63387" lon="8.84779"/>
            <trkpt lat="41.63398" lon="8.84762"/>
            <trkpt lat="41.63409" lon="8.84712"/>
            <trkpt lat="41.63412" lon="8.84683"/>
            <trkpt lat="41.63414" lon="8.84627"/>
            <trkpt lat="41.63413" lon="8.846"/>
            <trkpt lat="41.63411" lon="8.84591"/>
            <trkpt lat="41.63406" lon="8.8458"/>
            <trkpt lat="41.6336" lon="8.84461"/>
            <trkpt lat="41.63351" lon="8.84445"/>
            <trkpt lat="41.63348" lon="8.84441"/>
            <trkpt lat="41.63338" lon="8.84433"/>
            <trkpt lat="41.63323" lon="8.84423"/>
            <trkpt lat="41.63319" lon="8.84418"/>
            <trkpt lat="41.63301" lon="8.84367"/>
            <trkpt lat="41.63291" lon="8.84345"/>
            <trkpt lat="41.63281" lon="8.84329"/>
            <trkpt lat="41.63266" lon="8.84309"/>
            <trkpt lat="41.63253" lon="8.84297"/>
            <trkpt lat="41.63231" lon="8.84278"/>
            <trkpt lat="41.63227" lon="8.8427"/>
            <trkpt lat="41.63226" lon="8.84261"/>
            <trkpt lat="41.63227" lon="8.84252"/>
            <trkpt lat="41.6323" lon="8.84248"/>
            <trkpt lat="41.63244" lon="8.84237"/>
            <trkpt lat="41.63281" lon="8.84214"/>
            <trkpt lat="41.63318" lon="8.84199"/>
            <trkpt lat="41.63336" lon="8.84193"/>
            <trkpt lat="41.63345" lon="8.84193"/>
            <trkpt lat="41.63369" lon="8.84192"/>
            <trkpt lat="41.63412" lon="8.84193"/>
            <trkpt lat="41.63454" lon="8.84197"/>
            <trkpt lat="41.63472" lon="8.84201"/>
            <trkpt lat="41.63483" lon="8.84202"/>
            <trkpt lat="41.63489" lon="8.84202"/>
            <trkpt lat="41.63494" lon="8.84199"/>
            <trkpt lat="41.63497" lon="8.84196"/>
            <trkpt lat="41.63501" lon="8.84188"/>
            <trkpt lat="41.63514" lon="8.84159"/>
            <trkpt lat="41.63519" lon="8.84126"/>
            <trkpt lat="41.63518" lon="8.84097"/>
            <trkpt lat="41.63514" lon="8.84066"/>
            <trkpt lat="41.63506" lon="8.84034"/>
            <trkpt lat="41.63497" lon="8.84008"/>
            <trkpt lat="41.63492" lon="8.83998"/>
            <trkpt lat="41.63475" lon="8.83982"/>
            <trkpt lat="41.63466" lon="8.83968"/>
            <trkpt lat="41.63465" lon="8.83967"/>
            <trkpt lat="41.63463" lon="8.83956"/>
            <trkpt lat="41.63463" lon="8.83946"/>
            <trkpt lat="41.63464" lon="8.83944"/>
            <trkpt lat="41.63471" lon="8.83905"/>
            <trkpt lat="41.63472" lon="8.83878"/>
            <trkpt lat="41.6347" lon="8.83867"/>
            <trkpt lat="41.63467" lon="8.83849"/>
            <trkpt lat="41.63449" lon="8.83803"/>
            <trkpt lat="41.63447" lon="8.8379"/>
            <trkpt lat="41.63446" lon="8.83763"/>
            <trkpt lat="41.63442" lon="8.83727"/>
            <trkpt lat="41.63434" lon="8.83659"/>
            <trkpt lat="41.63435" lon="8.83646"/>
            <trkpt lat="41.63442" lon="8.83621"/>
            <trkpt lat="41.63445" lon="8.83606"/>
            <trkpt lat="41.63445" lon="8.83599"/>
            <trkpt lat="41.63443" lon="8.83578"/>
            <trkpt lat="41.63444" lon="8.8357"/>
            <trkpt lat="41.63448" lon="8.8356"/>
            <trkpt lat="41.63487" lon="8.83504"/>
            <trkpt lat="41.63495" lon="8.83485"/>
            <trkpt lat="41.63512" lon="8.83435"/>
            <trkpt lat="41.63516" lon="8.83405"/>
            <trkpt lat="41.63521" lon="8.83379"/>
            <trkpt lat="41.63521" lon="8.8336"/>
            <trkpt lat="41.63515" lon="8.83338"/>
            <trkpt lat="41.63503" lon="8.83306"/>
            <trkpt lat="41.63502" lon="8.83301"/>
            <trkpt lat="41.635" lon="8.83286"/>
            <trkpt lat="41.6348" lon="8.83228"/>
            <trkpt lat="41.63428" lon="8.83108"/>
            <trkpt lat="41.63422" lon="8.83085"/>
            <trkpt lat="41.63422" lon="8.83059"/>
            <trkpt lat="41.63421" lon="8.83039"/>
            <trkpt lat="41.63414" lon="8.8302"/>
            <trkpt lat="41.63404" lon="8.83003"/>
            <trkpt lat="41.6339" lon="8.82983"/>
            <trkpt lat="41.63371" lon="8.82947"/>
            <trkpt lat="41.63371" lon="8.82933"/>
            <trkpt lat="41.63372" lon="8.82919"/>
            <trkpt lat="41.63374" lon="8.82909"/>
            <trkpt lat="41.63376" lon="8.82905"/>
            <trkpt lat="41.6338" lon="8.82879"/>
            <trkpt lat="41.6338" lon="8.82869"/>
            <trkpt lat="41.63378" lon="8.82852"/>
            <trkpt lat="41.63378" lon="8.82845"/>
            <trkpt lat="41.63379" lon="8.82834"/>
            <trkpt lat="41.63381" lon="8.8283"/>
            <trkpt lat="41.63382" lon="8.82827"/>
            <trkpt lat="41.63402" lon="8.82786"/>
            <trkpt lat="41.63405" lon="8.82771"/>
            <trkpt lat="41.63401" lon="8.82759"/>
            <trkpt lat="41.63392" lon="8.82752"/>
            <trkpt lat="41.63384" lon="8.82751"/>
            <trkpt lat="41.63355" lon="8.82747"/>
            <trkpt lat="41.63343" lon="8.82743"/>
            <trkpt lat="41.63337" lon="8.82738"/>
            <trkpt lat="41.63303" lon="8.82679"/>
            <trkpt lat="41.63298" lon="8.82676"/>
            <trkpt lat="41.63292" lon="8.82678"/>
            <trkpt lat="41.63289" lon="8.82681"/>
            <trkpt lat="41.63286" lon="8.82694"/>
            <trkpt lat="41.63288" lon="8.82737"/>
            <trkpt lat="41.63284" lon="8.82799"/>
            <trkpt lat="41.63282" lon="8.82811"/>
            <trkpt lat="41.63277" lon="8.82821"/>
            <trkpt lat="41.63264" lon="8.82829"/>
            <trkpt lat="41.63246" lon="8.82832"/>
            <trkpt lat="41.63229" lon="8.8283"/>
            <trkpt lat="41.63214" lon="8.82823"/>
            <trkpt lat="41.63183" lon="8.82795"/>
            <trkpt lat="41.63177" lon="8.82786"/>
            <trkpt lat="41.6317" lon="8.82774"/>
            <trkpt lat="41.63164" lon="8.82756"/>
            <trkpt lat="41.63155" lon="8.82716"/>
            <trkpt lat="41.63143" lon="8.82679"/>
            <trkpt lat="41.63128" lon="8.82643"/>
            <trkpt lat="41.63074" lon="8.82517"/>
            <trkpt lat="41.63063" lon="8.82501"/>
            <trkpt lat="41.63042" lon="8.82485"/>
            <trkpt lat="41.63025" lon="8.82477"/>
            <trkpt lat="41.63018" lon="8.82475"/>
            <trkpt lat="41.63006" lon="8.82474"/>
            <trkpt lat="41.62977" lon="8.82483"/>
            <trkpt lat="41.62966" lon="8.82482"/>
            <trkpt lat="41.62957" lon="8.82475"/>
            <trkpt lat="41.6295" lon="8.82464"/>
            <trkpt lat="41.62943" lon="8.82451"/>
            <trkpt lat="41.62938" lon="8.82434"/>
            <trkpt lat="41.62926" lon="8.82387"/>
            <trkpt lat="41.62917" lon="8.82359"/>
            <trkpt lat="41.62912" lon="8.82347"/>
            <trkpt lat="41.62901" lon="8.82336"/>
            <trkpt lat="41.62897" lon="8.82333"/>
            <trkpt lat="41.62892" lon="8.82332"/>
            <trkpt lat="41.62887" lon="8.82331"/>
            <trkpt lat="41.62854" lon="8.82338"/>
            <trkpt lat="41.62851" lon="8.82337"/>
            <trkpt lat="41.62848" lon="8.82335"/>
            <trkpt lat="41.62846" lon="8.82331"/>
            <trkpt lat="41.62845" lon="8.82327"/>
            <trkpt lat="41.62845" lon="8.82323"/>
            <trkpt lat="41.62845" lon="8.82318"/>
            <trkpt lat="41.62848" lon="8.82309"/>
            <trkpt lat="41.62852" lon="8.82302"/>
            <trkpt lat="41.62866" lon="8.82284"/>
            <trkpt lat="41.62888" lon="8.82263"/>
            <trkpt lat="41.62894" lon="8.82257"/>
            <trkpt lat="41.62899" lon="8.8225"/>
            <trkpt lat="41.62901" lon="8.82247"/>
            <trkpt lat="41.62901" lon="8.82244"/>
            <trkpt lat="41.62902" lon="8.82241"/>
            <trkpt lat="41.62902" lon="8.82238"/>
            <trkpt lat="41.62901" lon="8.82235"/>
            <trkpt lat="41.62899" lon="8.82227"/>
            <trkpt lat="41.62897" lon="8.82221"/>
            <trkpt lat="41.62886" lon="8.82201"/>
            <trkpt lat="41.62882" lon="8.82195"/>
            <trkpt lat="41.6288" lon="8.82187"/>
            <trkpt lat="41.62878" lon="8.8218"/>
            <trkpt lat="41.62876" lon="8.82161"/>
            <trkpt lat="41.62874" lon="8.82152"/>
            <trkpt lat="41.62871" lon="8.82131"/>
            <trkpt lat="41.62869" lon="8.82125"/>
            <trkpt lat="41.62867" lon="8.8212"/>
            <trkpt lat="41.62859" lon="8.82102"/>
            <trkpt lat="41.62848" lon="8.82076"/>
            <trkpt lat="41.62836" lon="8.8205"/>
            <trkpt lat="41.62822" lon="8.82029"/>
            <trkpt lat="41.62815" lon="8.82021"/>
            <trkpt lat="41.62804" lon="8.82008"/>
            <trkpt lat="41.628" lon="8.82003"/>
            <trkpt lat="41.62799" lon="8.81995"/>
            <trkpt lat="41.628" lon="8.81979"/>
            <trkpt lat="41.62803" lon="8.81973"/>
            <trkpt lat="41.62806" lon="8.81962"/>
            <trkpt lat="41.62807" lon="8.81944"/>
            <trkpt lat="41.62806" lon="8.81899"/>
            <trkpt lat="41.62802" lon="8.81875"/>
            <trkpt lat="41.62789" lon="8.81828"/>
            <trkpt lat="41.62788" lon="8.81823"/>
            <trkpt lat="41.62775" lon="8.81787"/>
            <trkpt lat="41.62757" lon="8.81752"/>
            <trkpt lat="41.62755" lon="8.81744"/>
            <trkpt lat="41.62756" lon="8.81732"/>
            <trkpt lat="41.62757" lon="8.81727"/>
            <trkpt lat="41.62762" lon="8.81716"/>
            <trkpt lat="41.62769" lon="8.81706"/>
            <trkpt lat="41.6279" lon="8.81686"/>
            <trkpt lat="41.62816" lon="8.81657"/>
            <trkpt lat="41.62863" lon="8.81612"/>
            <trkpt lat="41.62871" lon="8.81608"/>
            <trkpt lat="41.62879" lon="8.81605"/>
            <trkpt lat="41.62885" lon="8.81604"/>
            <trkpt lat="41.62921" lon="8.816"/>
            <trkpt lat="41.62926" lon="8.8158"/>
            <trkpt lat="41.62927" lon="8.81566"/>
            <trkpt lat="41.62924" lon="8.81534"/>
            <trkpt lat="41.62924" lon="8.81529"/>
            <trkpt lat="41.62919" lon="8.81508"/>
            <trkpt lat="41.62919" lon="8.81508"/>
            <trkpt lat="41.62924" lon="8.81529"/>
            <trkpt lat="41.62924" lon="8.81534"/>
            <trkpt lat="41.62927" lon="8.81566"/>
            <trkpt lat="41.62926" lon="8.8158"/>
            <trkpt lat="41.62921" lon="8.816"/>
            <trkpt lat="41.62885" lon="8.81604"/>
            <trkpt lat="41.62879" lon="8.81605"/>
            <trkpt lat="41.62871" lon="8.81608"/>
            <trkpt lat="41.62863" lon="8.81612"/>
            <trkpt lat="41.62816" lon="8.81657"/>
            <trkpt lat="41.6279" lon="8.81686"/>
            <trkpt lat="41.62769" lon="8.81706"/>
            <trkpt lat="41.62762" lon="8.81716"/>
            <trkpt lat="41.62757" lon="8.81727"/>
            <trkpt lat="41.62756" lon="8.81732"/>
            <trkpt lat="41.62755" lon="8.81744"/>
            <trkpt lat="41.62757" lon="8.81752"/>
            <trkpt lat="41.62775" lon="8.81787"/>
            <trkpt lat="41.62788" lon="8.81823"/>
            <trkpt lat="41.62789" lon="8.81828"/>
            <trkpt lat="41.62802" lon="8.81875"/>
            <trkpt lat="41.62806" lon="8.81899"/>
            <trkpt lat="41.62807" lon="8.81944"/>
            <trkpt lat="41.62806" lon="8.81962"/>
            <trkpt lat="41.62803" lon="8.81973"/>
            <trkpt lat="41.628" lon="8.81979"/>
            <trkpt lat="41.62799" lon="8.81995"/>
            <trkpt lat="41.628" lon="8.82003"/>
            <trkpt lat="41.62804" lon="8.82008"/>
            <trkpt lat="41.62815" lon="8.82021"/>
            <trkpt lat="41.62822" lon="8.82029"/>
            <trkpt lat="41.62836" lon="8.8205"/>
            <trkpt lat="41.62848" lon="8.82076"/>
            <trkpt lat="41.62859" lon="8.82102"/>
            <trkpt lat="41.62867" lon="8.8212"/>
            <trkpt lat="41.62869" lon="8.82125"/>
            <trkpt lat="41.62871" lon="8.82131"/>
            <trkpt lat="41.62874" lon="8.82152"/>
            <trkpt lat="41.62876" lon="8.82161"/>
            <trkpt lat="41.62878" lon="8.8218"/>
            <trkpt lat="41.6288" lon="8.82187"/>
            <trkpt lat="41.62882" lon="8.82195"/>
            <trkpt lat="41.62886" lon="8.82201"/>
            <trkpt lat="41.62897" lon="8.82221"/>
            <trkpt lat="41.62899" lon="8.82227"/>
            <trkpt lat="41.62901" lon="8.82235"/>
            <trkpt lat="41.62902" lon="8.82238"/>
            <trkpt lat="41.62902" lon="8.82241"/>
            <trkpt lat="41.62901" lon="8.82244"/>
            <trkpt lat="41.62901" lon="8.82247"/>
            <trkpt lat="41.62899" lon="8.8225"/>
            <trkpt lat="41.62894" lon="8.82257"/>
            <trkpt lat="41.62888" lon="8.82263"/>
            <trkpt lat="41.62866" lon="8.82284"/>
            <trkpt lat="41.62852" lon="8.82302"/>
            <trkpt lat="41.62848" lon="8.82309"/>
            <trkpt lat="41.62845" lon="8.82318"/>
            <trkpt lat="41.62845" lon="8.82323"/>
            <trkpt lat="41.62845" lon="8.82327"/>
            <trkpt lat="41.62846" lon="8.82331"/>
            <trkpt lat="41.62848" lon="8.82335"/>
            <trkpt lat="41.62851" lon="8.82337"/>
            <trkpt lat="41.62854" lon="8.82338"/>
            <trkpt lat="41.62887" lon="8.82331"/>
            <trkpt lat="41.62892" lon="8.82332"/>
            <trkpt lat="41.62897" lon="8.82333"/>
            <trkpt lat="41.62901" lon="8.82336"/>
            <trkpt lat="41.62912" lon="8.82347"/>
            <trkpt lat="41.62917" lon="8.82359"/>
            <trkpt lat="41.62926" lon="8.82387"/>
            <trkpt lat="41.62938" lon="8.82434"/>
            <trkpt lat="41.62943" lon="8.82451"/>
            <trkpt lat="41.6295" lon="8.82464"/>
            <trkpt lat="41.62957" lon="8.82475"/>
            <trkpt lat="41.62966" lon="8.82482"/>
            <trkpt lat="41.62977" lon="8.82483"/>
            <trkpt lat="41.63006" lon="8.82474"/>
            <trkpt lat="41.63018" lon="8.82475"/>
            <trkpt lat="41.63025" lon="8.82477"/>
            <trkpt lat="41.63042" lon="8.82485"/>
            <trkpt lat="41.63063" lon="8.82501"/>
            <trkpt lat="41.63074" lon="8.82517"/>
            <trkpt lat="41.63128" lon="8.82643"/>
            <trkpt lat="41.63143" lon="8.82679"/>
            <trkpt lat="41.63155" lon="8.82716"/>
            <trkpt lat="41.63164" lon="8.82756"/>
            <trkpt lat="41.6317" lon="8.82774"/>
            <trkpt lat="41.63177" lon="8.82786"/>
            <trkpt lat="41.63183" lon="8.82795"/>
            <trkpt lat="41.63214" lon="8.82823"/>
            <trkpt lat="41.63229" lon="8.8283"/>
            <trkpt lat="41.63246" lon="8.82832"/>
            <trkpt lat="41.63264" lon="8.82829"/>
            <trkpt lat="41.63277" lon="8.82821"/>
            <trkpt lat="41.63282" lon="8.82811"/>
            <trkpt lat="41.63284" lon="8.82799"/>
            <trkpt lat="41.63288" lon="8.82737"/>
            <trkpt lat="41.63286" lon="8.82694"/>
            <trkpt lat="41.63289" lon="8.82681"/>
            <trkpt lat="41.63292" lon="8.82678"/>
            <trkpt lat="41.63298" lon="8.82676"/>
            <trkpt lat="41.63303" lon="8.82679"/>
            <trkpt lat="41.63337" lon="8.82738"/>
            <trkpt lat="41.63343" lon="8.82743"/>
            <trkpt lat="41.63355" lon="8.82747"/>
            <trkpt lat="41.63384" lon="8.82751"/>
            <trkpt lat="41.63392" lon="8.82752"/>
            <trkpt lat="41.63401" lon="8.82759"/>
            <trkpt lat="41.63405" lon="8.82771"/>
            <trkpt lat="41.63402" lon="8.82786"/>
            <trkpt lat="41.63382" lon="8.82827"/>
            <trkpt lat="41.63381" lon="8.8283"/>
            <trkpt lat="41.63379" lon="8.82834"/>
            <trkpt lat="41.63378" lon="8.82845"/>
            <trkpt lat="41.63378" lon="8.82852"/>
            <trkpt lat="41.6338" lon="8.82869"/>
            <trkpt lat="41.6338" lon="8.82879"/>
            <trkpt lat="41.63376" lon="8.82905"/>
            <trkpt lat="41.63374" lon="8.82909"/>
            <trkpt lat="41.63372" lon="8.82919"/>
            <trkpt lat="41.63371" lon="8.82933"/>
            <trkpt lat="41.63371" lon="8.82947"/>
            <trkpt lat="41.6339" lon="8.82983"/>
            <trkpt lat="41.63404" lon="8.83003"/>
            <trkpt lat="41.63414" lon="8.8302"/>
            <trkpt lat="41.63421" lon="8.83039"/>
            <trkpt lat="41.63422" lon="8.83059"/>
            <trkpt lat="41.63422" lon="8.83085"/>
            <trkpt lat="41.63428" lon="8.83108"/>
            <trkpt lat="41.6348" lon="8.83228"/>
            <trkpt lat="41.635" lon="8.83286"/>
            <trkpt lat="41.63502" lon="8.83301"/>
            <trkpt lat="41.63503" lon="8.83306"/>
            <trkpt lat="41.63515" lon="8.83338"/>
            <trkpt lat="41.63521" lon="8.8336"/>
            <trkpt lat="41.63521" lon="8.83379"/>
            <trkpt lat="41.63516" lon="8.83405"/>
            <trkpt lat="41.63512" lon="8.83435"/>
            <trkpt lat="41.63495" lon="8.83485"/>
            <trkpt lat="41.63487" lon="8.83504"/>
            <trkpt lat="41.63448" lon="8.8356"/>
            <trkpt lat="41.63444" lon="8.8357"/>
            <trkpt lat="41.63443" lon="8.83578"/>
            <trkpt lat="41.63445" lon="8.83599"/>
            <trkpt lat="41.63445" lon="8.83606"/>
            <trkpt lat="41.63442" lon="8.83621"/>
            <trkpt lat="41.63435" lon="8.83646"/>
            <trkpt lat="41.63434" lon="8.83659"/>
            <trkpt lat="41.63442" lon="8.83727"/>
            <trkpt lat="41.63446" lon="8.83763"/>
            <trkpt lat="41.63447" lon="8.8379"/>
            <trkpt lat="41.63449" lon="8.83803"/>
            <trkpt lat="41.63467" lon="8.83849"/>
            <trkpt lat="41.6347" lon="8.83867"/>
            <trkpt lat="41.63472" lon="8.83878"/>
            <trkpt lat="41.63471" lon="8.83905"/>
            <trkpt lat="41.63464" lon="8.83944"/>
            <trkpt lat="41.63463" lon="8.83946"/>
            <trkpt lat="41.63463" lon="8.83956"/>
            <trkpt lat="41.63465" lon="8.83967"/>
            <trkpt lat="41.63466" lon="8.83968"/>
            <trkpt lat="41.63475" lon="8.83982"/>
            <trkpt lat="41.63492" lon="8.83998"/>
            <trkpt lat="41.63497" lon="8.84008"/>
            <trkpt lat="41.63506" lon="8.84034"/>
            <trkpt lat="41.63514" lon="8.84066"/>
            <trkpt lat="41.63518" lon="8.84097"/>
            <trkpt lat="41.63519" lon="8.84126"/>
            <trkpt lat="41.63514" lon="8.84159"/>
            <trkpt lat="41.63501" lon="8.84188"/>
            <trkpt lat="41.63497" lon="8.84196"/>
            <trkpt lat="41.63494" lon="8.84199"/>
            <trkpt lat="41.63489" lon="8.84202"/>
            <trkpt lat="41.63483" lon="8.84202"/>
            <trkpt lat="41.63472" lon="8.84201"/>
            <trkpt lat="41.63454" lon="8.84197"/>
            <trkpt lat="41.63412" lon="8.84193"/>
            <trkpt lat="41.63369" lon="8.84192"/>
            <trkpt lat="41.63345" lon="8.84193"/>
            <trkpt lat="41.63336" lon="8.84193"/>
            <trkpt lat="41.63318" lon="8.84199"/>
            <trkpt lat="41.63281" lon="8.84214"/>
            <trkpt lat="41.63244" lon="8.84237"/>
            <trkpt lat="41.6323" lon="8.84248"/>
            <trkpt lat="41.63227" lon="8.84252"/>
            <trkpt lat="41.63226" lon="8.84261"/>
            <trkpt lat="41.63227" lon="8.8427"/>
            <trkpt lat="41.63231" lon="8.84278"/>
            <trkpt lat="41.63253" lon="8.84297"/>
            <trkpt lat="41.63266" lon="8.84309"/>
            <trkpt lat="41.63281" lon="8.84329"/>
            <trkpt lat="41.63291" lon="8.84345"/>
            <trkpt lat="41.63301" lon="8.84367"/>
            <trkpt lat="41.63319" lon="8.84418"/>
            <trkpt lat="41.63323" lon="8.84423"/>
            <trkpt lat="41.63338" lon="8.84433"/>
            <trkpt lat="41.63348" lon="8.84441"/>
            <trkpt lat="41.63351" lon="8.84445"/>
            <trkpt lat="41.6336" lon="8.84461"/>
            <trkpt lat="41.63406" lon="8.8458"/>
            <trkpt lat="41.63411" lon="8.84591"/>
            <trkpt lat="41.63413" lon="8.846"/>
            <trkpt lat="41.63414" lon="8.84627"/>
            <trkpt lat="41.63412" lon="8.84683"/>
            <trkpt lat="41.63409" lon="8.84712"/>
            <trkpt lat="41.63398" lon="8.84762"/>
            <trkpt lat="41.63387" lon="8.84779"/>
            <trkpt lat="41.63356" lon="8.84824"/>
            <trkpt lat="41.63336" lon="8.84849"/>
            <trkpt lat="41.63289" lon="8.84882"/>
            <trkpt lat="41.63284" lon="8.84886"/>
            <trkpt lat="41.63277" lon="8.84895"/>
            <trkpt lat="41.63273" lon="8.849"/>
            <trkpt lat="41.63265" lon="8.84918"/>
            <trkpt lat="41.6326" lon="8.84941"/>
            <trkpt lat="41.63252" lon="8.85"/>
            <trkpt lat="41.63252" lon="8.85007"/>
            <trkpt lat="41.63253" lon="8.85013"/>
            <trkpt lat="41.63256" lon="8.85019"/>
            <trkpt lat="41.63278" lon="8.85068"/>
            <trkpt lat="41.63284" lon="8.85078"/>
            <trkpt lat="41.6329" lon="8.85084"/>
            <trkpt lat="41.63293" lon="8.85087"/>
            <trkpt lat="41.63301" lon="8.8509"/>
            <trkpt lat="41.63331" lon="8.85096"/>
            <trkpt lat="41.63338" lon="8.85098"/>
            <trkpt lat="41.63343" lon="8.85102"/>
            <trkpt lat="41.63348" lon="8.85107"/>
            <trkpt lat="41.63351" lon="8.85114"/>
            <trkpt lat="41.63353" lon="8.85122"/>
            <trkpt lat="41.63353" lon="8.85133"/>
            <trkpt lat="41.63352" lon="8.85145"/>
            <trkpt lat="41.63349" lon="8.85154"/>
            <trkpt lat="41.63342" lon="8.85171"/>
            <trkpt lat="41.6333" lon="8.85188"/>
            <trkpt lat="41.63326" lon="8.85191"/>
            <trkpt lat="41.63321" lon="8.85197"/>
            <trkpt lat="41.63311" lon="8.85202"/>
            <trkpt lat="41.63301" lon="8.85205"/>
            <trkpt lat="41.63264" lon="8.85209"/>
            <trkpt lat="41.63252" lon="8.85212"/>
            <trkpt lat="41.63237" lon="8.85219"/>
            <trkpt lat="41.63192" lon="8.85255"/>
            <trkpt lat="41.63179" lon="8.85271"/>
            <trkpt lat="41.63174" lon="8.85281"/>
            <trkpt lat="41.6317" lon="8.85298"/>
            <trkpt lat="41.63171" lon="8.85323"/>
            <trkpt lat="41.63178" lon="8.85356"/>
            <trkpt lat="41.63183" lon="8.85379"/>
            <trkpt lat="41.63185" lon="8.85392"/>
            <trkpt lat="41.63185" lon="8.85403"/>
            <trkpt lat="41.63185" lon="8.85411"/>
            <trkpt lat="41.63183" lon="8.85423"/>
            <trkpt lat="41.63166" lon="8.85495"/>
            <trkpt lat="41.63164" lon="8.85498"/>
            <trkpt lat="41.63142" lon="8.85571"/>
            <trkpt lat="41.6314" lon="8.85584"/>
            <trkpt lat="41.6314" lon="8.85598"/>
            <trkpt lat="41.63143" lon="8.85607"/>
            <trkpt lat="41.63149" lon="8.85622"/>
            <trkpt lat="41.63174" lon="8.85661"/>
            <trkpt lat="41.63199" lon="8.85695"/>
            <trkpt lat="41.63208" lon="8.85706"/>
            <trkpt lat="41.6322" lon="8.85715"/>
            <trkpt lat="41.6322" lon="8.85716"/>
            <trkpt lat="41.63263" lon="8.8574"/>
            <trkpt lat="41.63285" lon="8.85754"/>
            <trkpt lat="41.63301" lon="8.85767"/>
            <trkpt lat="41.63313" lon="8.8578"/>
            <trkpt lat="41.63327" lon="8.858"/>
            <trkpt lat="41.63393" lon="8.85845"/>
            <trkpt lat="41.63397" lon="8.85849"/>
            <trkpt lat="41.634" lon="8.85853"/>
            <trkpt lat="41.63414" lon="8.85873"/>
            <trkpt lat="41.63433" lon="8.85908"/>
            <trkpt lat="41.63444" lon="8.8592"/>
            <trkpt lat="41.63452" lon="8.85923"/>
            <trkpt lat="41.63466" lon="8.85922"/>
            <trkpt lat="41.63475" lon="8.85917"/>
            <trkpt lat="41.63482" lon="8.8591"/>
            <trkpt lat="41.63485" lon="8.85905"/>
            <trkpt lat="41.63486" lon="8.85896"/>
            <trkpt lat="41.63487" lon="8.85885"/>
            <trkpt lat="41.63479" lon="8.85806"/>
            <trkpt lat="41.63479" lon="8.85785"/>
            <trkpt lat="41.6348" lon="8.85763"/>
            <trkpt lat="41.63483" lon="8.85751"/>
            <trkpt lat="41.63493" lon="8.85729"/>
            <trkpt lat="41.63506" lon="8.85709"/>
            <trkpt lat="41.6352" lon="8.85696"/>
            <trkpt lat="41.63545" lon="8.85679"/>
            <trkpt lat="41.63586" lon="8.85664"/>
            <trkpt lat="41.63633" lon="8.8565"/>
            <trkpt lat="41.63712" lon="8.85635"/>
            <trkpt lat="41.63772" lon="8.85618"/>
            <trkpt lat="41.63802" lon="8.85618"/>
            <trkpt lat="41.63818" lon="8.85619"/>
            <trkpt lat="41.63844" lon="8.8562"/>
            <trkpt lat="41.63862" lon="8.85624"/>
            <trkpt lat="41.6389" lon="8.85637"/>
            <trkpt lat="41.63908" lon="8.85654"/>
            <trkpt lat="41.63915" lon="8.85661"/>
            <trkpt lat="41.63922" lon="8.8567"/>
            <trkpt lat="41.6393" lon="8.85683"/>
            <trkpt lat="41.63965" lon="8.85741"/>
            <trkpt lat="41.63998" lon="8.85793"/>
            <trkpt lat="41.64006" lon="8.85814"/>
            <trkpt lat="41.64015" lon="8.85851"/>
            <trkpt lat="41.64021" lon="8.85862"/>
            <trkpt lat="41.64028" lon="8.85867"/>
            <trkpt lat="41.64037" lon="8.85871"/>
            <trkpt lat="41.64054" lon="8.85873"/>
            <trkpt lat="41.64092" lon="8.85867"/>
            <trkpt lat="41.64131" lon="8.85857"/>
            <trkpt lat="41.64141" lon="8.85859"/>
            <trkpt lat="41.64146" lon="8.85863"/>
            <trkpt lat="41.64154" lon="8.8587"/>
            <trkpt lat="41.64175" lon="8.85905"/>
            <trkpt lat="41.64184" lon="8.85915"/>
            <trkpt lat="41.64192" lon="8.85918"/>
            <trkpt lat="41.64211" lon="8.85915"/>
            <trkpt lat="41.64259" lon="8.85885"/>
            <trkpt lat="41.64266" lon="8.85884"/>
            <trkpt lat="41.64274" lon="8.85885"/>
            <trkpt lat="41.64311" lon="8.85904"/>
            <trkpt lat="41.6433" lon="8.85918"/>
            <trkpt lat="41.64336" lon="8.85926"/>
            <trkpt lat="41.64337" lon="8.85926"/>
            <trkpt lat="41.64338" lon="8.85934"/>
            <trkpt lat="41.64336" lon="8.85992"/>
            <trkpt lat="41.64336" lon="8.86058"/>
            <trkpt lat="41.64341" lon="8.86107"/>
            <trkpt lat="41.64347" lon="8.86153"/>
            <trkpt lat="41.64356" lon="8.86192"/>
            <trkpt lat="41.64362" lon="8.86202"/>
            <trkpt lat="41.64374" lon="8.86221"/>
            <trkpt lat="41.64378" lon="8.86231"/>
            <trkpt lat="41.64382" lon="8.86245"/>
            <trkpt lat="41.64384" lon="8.8626"/>
            <trkpt lat="41.64383" lon="8.86289"/>
            <trkpt lat="41.64385" lon="8.86305"/>
            <trkpt lat="41.64393" lon="8.8634"/>
            <trkpt lat="41.64408" lon="8.86411"/>
            <trkpt lat="41.64416" lon="8.86434"/>
            <trkpt lat="41.64426" lon="8.86445"/>
            <trkpt lat="41.6444" lon="8.86456"/>
            <trkpt lat="41.64456" lon="8.86462"/>
            <trkpt lat="41.64483" lon="8.86463"/>
            <trkpt lat="41.64501" lon="8.86461"/>
            <trkpt lat="41.64513" lon="8.86456"/>
            <trkpt lat="41.64537" lon="8.86438"/>
            <trkpt lat="41.64551" lon="8.86435"/>
            <trkpt lat="41.6459" lon="8.86431"/>
            <trkpt lat="41.64603" lon="8.86435"/>
            <trkpt lat="41.64611" lon="8.86442"/>
            <trkpt lat="41.64617" lon="8.86452"/>
            <trkpt lat="41.64619" lon="8.86464"/>
            <trkpt lat="41.64617" lon="8.86492"/>
            <trkpt lat="41.64614" lon="8.86521"/>
            <trkpt lat="41.64617" lon="8.86542"/>
            <trkpt lat="41.64627" lon="8.86552"/>
            <trkpt lat="41.64636" lon="8.86554"/>
            <trkpt lat="41.64651" lon="8.86551"/>
            <trkpt lat="41.64659" lon="8.86547"/>
            <trkpt lat="41.64664" lon="8.86542"/>
            <trkpt lat="41.6467" lon="8.86535"/>
            <trkpt lat="41.64677" lon="8.86523"/>
            <trkpt lat="41.64695" lon="8.86487"/>
            <trkpt lat="41.64697" lon="8.86482"/>
            <trkpt lat="41.64698" lon="8.8648"/>
            <trkpt lat="41.647" lon="8.86478"/>
            <trkpt lat="41.64703" lon="8.86478"/>
            <trkpt lat="41.64706" lon="8.86479"/>
            <trkpt lat="41.64708" lon="8.86481"/>
            <trkpt lat="41.6471" lon="8.86486"/>
            <trkpt lat="41.6471" lon="8.86493"/>
            <trkpt lat="41.64708" lon="8.86501"/>
            <trkpt lat="41.64701" lon="8.86517"/>
            <trkpt lat="41.64687" lon="8.86541"/>
            <trkpt lat="41.64667" lon="8.86568"/>
            <trkpt lat="41.64644" lon="8.86588"/>
            <trkpt lat="41.64616" lon="8.86607"/>
            <trkpt lat="41.64598" lon="8.86613"/>
            <trkpt lat="41.64581" lon="8.86615"/>
            <trkpt lat="41.64526" lon="8.86612"/>
            <trkpt lat="41.64516" lon="8.86611"/>
            <trkpt lat="41.64505" lon="8.86613"/>
            <trkpt lat="41.64491" lon="8.86621"/>
            <trkpt lat="41.64482" lon="8.86633"/>
            <trkpt lat="41.64476" lon="8.86649"/>
            <trkpt lat="41.64472" lon="8.86675"/>
            <trkpt lat="41.6447" lon="8.86705"/>
            <trkpt lat="41.64468" lon="8.86733"/>
            <trkpt lat="41.64465" lon="8.86753"/>
            <trkpt lat="41.6446" lon="8.86774"/>
            <trkpt lat="41.64454" lon="8.86793"/>
            <trkpt lat="41.64445" lon="8.86801"/>
            <trkpt lat="41.64436" lon="8.86805"/>
            <trkpt lat="41.64433" lon="8.86806"/>
            <trkpt lat="41.64413" lon="8.8681"/>
            <trkpt lat="41.64387" lon="8.86816"/>
            <trkpt lat="41.64375" lon="8.86824"/>
            <trkpt lat="41.64371" lon="8.86839"/>
            <trkpt lat="41.64371" lon="8.86849"/>
            <trkpt lat="41.64374" lon="8.86864"/>
            <trkpt lat="41.64377" lon="8.86867"/>
            <trkpt lat="41.6438" lon="8.8687"/>
            <trkpt lat="41.64386" lon="8.86873"/>
            <trkpt lat="41.64448" lon="8.86887"/>
            <trkpt lat="41.64465" lon="8.86895"/>
            <trkpt lat="41.64473" lon="8.86901"/>
            <trkpt lat="41.64484" lon="8.86912"/>
            <trkpt lat="41.64487" lon="8.8692"/>
            <trkpt lat="41.64489" lon="8.86929"/>
            <trkpt lat="41.64491" lon="8.8694"/>
            <trkpt lat="41.64519" lon="8.87111"/>
            <trkpt lat="41.64532" lon="8.87165"/>
            <trkpt lat="41.64538" lon="8.87182"/>
            <trkpt lat="41.6454" lon="8.87186"/>
            <trkpt lat="41.64551" lon="8.87206"/>
            <trkpt lat="41.64579" lon="8.87248"/>
            <trkpt lat="41.64599" lon="8.87276"/>
            <trkpt lat="41.64627" lon="8.87323"/>
            <trkpt lat="41.64651" lon="8.87373"/>
            <trkpt lat="41.64653" lon="8.87388"/>
            <trkpt lat="41.64652" lon="8.87416"/>
            <trkpt lat="41.64652" lon="8.87426"/>
            <trkpt lat="41.64653" lon="8.87436"/>
            <trkpt lat="41.64657" lon="8.87448"/>
            <trkpt lat="41.6466" lon="8.87456"/>
            <trkpt lat="41.64678" lon="8.87504"/>
            <trkpt lat="41.64784" lon="8.87695"/>
            <trkpt lat="41.64784" lon="8.87697"/>
            <trkpt lat="41.64803" lon="8.87725"/>
            <trkpt lat="41.64813" lon="8.87738"/>
            <trkpt lat="41.64828" lon="8.87753"/>
            <trkpt lat="41.64844" lon="8.87766"/>
            <trkpt lat="41.64901" lon="8.87807"/>
            <trkpt lat="41.64913" lon="8.87817"/>
            <trkpt lat="41.64922" lon="8.87828"/>
            <trkpt lat="41.6493" lon="8.8784"/>
            <trkpt lat="41.64937" lon="8.87857"/>
            <trkpt lat="41.64944" lon="8.8788"/>
            <trkpt lat="41.64951" lon="8.8791"/>
            <trkpt lat="41.64963" lon="8.87944"/>
            <trkpt lat="41.64966" lon="8.87948"/>
            <trkpt lat="41.64973" lon="8.87954"/>
            <trkpt lat="41.65049" lon="8.87988"/>
            <trkpt lat="41.6514" lon="8.88044"/>
            <trkpt lat="41.65163" lon="8.88062"/>
            <trkpt lat="41.65182" lon="8.88078"/>
            <trkpt lat="41.65194" lon="8.88095"/>
            <trkpt lat="41.65218" lon="8.88134"/>
            <trkpt lat="41.65244" lon="8.8818"/>
            <trkpt lat="41.65252" lon="8.882"/>
            <trkpt lat="41.65255" lon="8.88218"/>
            <trkpt lat="41.65257" lon="8.88249"/>
            <trkpt lat="41.65258" lon="8.88284"/>
            <trkpt lat="41.65259" lon="8.88301"/>
            <trkpt lat="41.65262" lon="8.88315"/>
            <trkpt lat="41.65266" lon="8.88331"/>
            <trkpt lat="41.65295" lon="8.88377"/>
            <trkpt lat="41.65302" lon="8.88396"/>
            <trkpt lat="41.6531" lon="8.88421"/>
            <trkpt lat="41.65323" lon="8.88482"/>
            <trkpt lat="41.65329" lon="8.88505"/>
            <trkpt lat="41.65334" lon="8.88523"/>
            <trkpt lat="41.65346" lon="8.88553"/>
            <trkpt lat="41.6536" lon="8.88581"/>
            <trkpt lat="41.65368" lon="8.88604"/>
            <trkpt lat="41.65373" lon="8.88617"/>
            <trkpt lat="41.65374" lon="8.88638"/>
            <trkpt lat="41.65374" lon="8.88661"/>
            <trkpt lat="41.65349" lon="8.88903"/>
            <trkpt lat="41.65348" lon="8.88917"/>
            <trkpt lat="41.65349" lon="8.88927"/>
            <trkpt lat="41.65354" lon="8.88941"/>
            <trkpt lat="41.65367" lon="8.88974"/>
            <trkpt lat="41.654" lon="8.89036"/>
            <trkpt lat="41.65412" lon="8.89068"/>
            <trkpt lat="41.65424" lon="8.89099"/>
            <trkpt lat="41.65436" lon="8.89122"/>
            <trkpt lat="41.65443" lon="8.89132"/>
            <trkpt lat="41.65454" lon="8.89144"/>
            <trkpt lat="41.65471" lon="8.89159"/>
            <trkpt lat="41.65483" lon="8.89183"/>
            <trkpt lat="41.65496" lon="8.89204"/>
            <trkpt lat="41.65511" lon="8.89236"/>
            <trkpt lat="41.65537" lon="8.89282"/>
            <trkpt lat="41.6555" lon="8.89298"/>
            <trkpt lat="41.65576" lon="8.89319"/>
            <trkpt lat="41.65629" lon="8.89355"/>
            <trkpt lat="41.65657" lon="8.89366"/>
            <trkpt lat="41.65673" lon="8.89369"/>
            <trkpt lat="41.65687" lon="8.8937"/>
            <trkpt lat="41.65722" lon="8.89374"/>
            <trkpt lat="41.6575" lon="8.89379"/>
            <trkpt lat="41.65757" lon="8.89383"/>
            <trkpt lat="41.65765" lon="8.89388"/>
            <trkpt lat="41.6577" lon="8.89393"/>
            <trkpt lat="41.65777" lon="8.89413"/>
            <trkpt lat="41.65777" lon="8.89428"/>
            <trkpt lat="41.65775" lon="8.89445"/>
            <trkpt lat="41.65763" lon="8.8948"/>
            <trkpt lat="41.65733" lon="8.89535"/>
            <trkpt lat="41.65726" lon="8.89569"/>
            <trkpt lat="41.65726" lon="8.89582"/>
            <trkpt lat="41.6573" lon="8.89598"/>
            <trkpt lat="41.6574" lon="8.89613"/>
            <trkpt lat="41.65757" lon="8.89629"/>
            <trkpt lat="41.65784" lon="8.89663"/>
            <trkpt lat="41.6579" lon="8.89673"/>
            <trkpt lat="41.65798" lon="8.8969"/>
            <trkpt lat="41.65854" lon="8.89831"/>
            <trkpt lat="41.65873" lon="8.89893"/>
            <trkpt lat="41.65879" lon="8.8991"/>
            <trkpt lat="41.65881" lon="8.8992"/>
            <trkpt lat="41.65876" lon="8.89944"/>
            <trkpt lat="41.65873" lon="8.89954"/>
            <trkpt lat="41.65872" lon="8.89959"/>
            <trkpt lat="41.65868" lon="8.89968"/>
            <trkpt lat="41.65842" lon="8.89998"/>
            <trkpt lat="41.65811" lon="8.9003"/>
            <trkpt lat="41.65809" lon="8.90032"/>
            <trkpt lat="41.65796" lon="8.90049"/>
            <trkpt lat="41.65791" lon="8.90057"/>
            <trkpt lat="41.65785" lon="8.90067"/>
            <trkpt lat="41.65782" lon="8.90082"/>
            <trkpt lat="41.6578" lon="8.90102"/>
            <trkpt lat="41.65781" lon="8.9014"/>
            <trkpt lat="41.65784" lon="8.90163"/>
            <trkpt lat="41.65783" lon="8.9019"/>
            <trkpt lat="41.65768" lon="8.90229"/>
            <trkpt lat="41.65761" lon="8.9024"/>
            <trkpt lat="41.65755" lon="8.90256"/>
            <trkpt lat="41.65753" lon="8.90267"/>
            <trkpt lat="41.65752" lon="8.90277"/>
            <trkpt lat="41.65757" lon="8.90322"/>
            <trkpt lat="41.65758" lon="8.90327"/>
            <trkpt lat="41.65757" lon="8.90339"/>
            <trkpt lat="41.65756" lon="8.90365"/>
            <trkpt lat="41.6575" lon="8.90389"/>
            <trkpt lat="41.65748" lon="8.90393"/>
            <trkpt lat="41.65746" lon="8.90399"/>
            <trkpt lat="41.65735" lon="8.90428"/>
            <trkpt lat="41.65732" lon="8.90435"/>
            <trkpt lat="41.6573" lon="8.90444"/>
            <trkpt lat="41.65725" lon="8.9046"/>
            <trkpt lat="41.65725" lon="8.90463"/>
            <trkpt lat="41.65723" lon="8.90471"/>
            <trkpt lat="41.6572" lon="8.90508"/>
            <trkpt lat="41.65722" lon="8.9054"/>
            <trkpt lat="41.65722" lon="8.90544"/>
            <trkpt lat="41.65726" lon="8.90563"/>
            <trkpt lat="41.65728" lon="8.9057"/>
            <trkpt lat="41.65734" lon="8.90591"/>
            <trkpt lat="41.65743" lon="8.90617"/>
            <trkpt lat="41.65758" lon="8.90649"/>
            <trkpt lat="41.65785" lon="8.90696"/>
            <trkpt lat="41.65828" lon="8.90783"/>
            <trkpt lat="41.65857" lon="8.90854"/>
            <trkpt lat="41.65868" lon="8.90888"/>
            <trkpt lat="41.65891" lon="8.90952"/>
            <trkpt lat="41.65898" lon="8.90977"/>
            <trkpt lat="41.65903" lon="8.91009"/>
            <trkpt lat="41.65913" lon="8.91083"/>
            <trkpt lat="41.6592" lon="8.91162"/>
            <trkpt lat="41.65931" lon="8.91269"/>
            <trkpt lat="41.65935" lon="8.91317"/>
            <trkpt lat="41.65936" lon="8.91346"/>
            <trkpt lat="41.65935" lon="8.91385"/>
            <trkpt lat="41.65932" lon="8.91401"/>
            <trkpt lat="41.65931" lon="8.91408"/>
            <trkpt lat="41.65926" lon="8.91424"/>
            <trkpt lat="41.6592" lon="8.91439"/>
            <trkpt lat="41.65913" lon="8.91447"/>
            <trkpt lat="41.65904" lon="8.91454"/>
            <trkpt lat="41.65888" lon="8.91462"/>
            <trkpt lat="41.65882" lon="8.91465"/>
            <trkpt lat="41.65878" lon="8.91468"/>
            <trkpt lat="41.65873" lon="8.91473"/>
            <trkpt lat="41.65861" lon="8.91486"/>
            <trkpt lat="41.6584" lon="8.91514"/>
            <trkpt lat="41.65821" lon="8.91542"/>
            <trkpt lat="41.65806" lon="8.91558"/>
            <trkpt lat="41.65791" lon="8.91568"/>
            <trkpt lat="41.65741" lon="8.91589"/>
            <trkpt lat="41.65723" lon="8.91601"/>
            <trkpt lat="41.65677" lon="8.91643"/>
            <trkpt lat="41.65669" lon="8.9165"/>
            <trkpt lat="41.65663" lon="8.91658"/>
            <trkpt lat="41.65656" lon="8.91674"/>
            <trkpt lat="41.65655" lon="8.91683"/>
            <trkpt lat="41.65653" lon="8.91693"/>
            <trkpt lat="41.65653" lon="8.91699"/>
            <trkpt lat="41.65653" lon="8.91715"/>
            <trkpt lat="41.65653" lon="8.91726"/>
            <trkpt lat="41.65648" lon="8.91746"/>
            <trkpt lat="41.65641" lon="8.91768"/>
            <trkpt lat="41.65621" lon="8.91785"/>
            <trkpt lat="41.65608" lon="8.91796"/>
            <trkpt lat="41.65586" lon="8.91809"/>
            <trkpt lat="41.65579" lon="8.91812"/>
            <trkpt lat="41.65566" lon="8.91817"/>
            <trkpt lat="41.65549" lon="8.91821"/>
            <trkpt lat="41.65543" lon="8.91824"/>
            <trkpt lat="41.65532" lon="8.91825"/>
            <trkpt lat="41.65516" lon="8.91829"/>
            <trkpt lat="41.65509" lon="8.91832"/>
            <trkpt lat="41.65506" lon="8.91833"/>
            <trkpt lat="41.65503" lon="8.91835"/>
            <trkpt lat="41.65493" lon="8.91844"/>
            <trkpt lat="41.6549" lon="8.91847"/>
            <trkpt lat="41.65483" lon="8.91855"/>
            <trkpt lat="41.65478" lon="8.91863"/>
            <trkpt lat="41.65477" lon="8.91867"/>
            <trkpt lat="41.65472" lon="8.91876"/>
            <trkpt lat="41.65455" lon="8.91923"/>
            <trkpt lat="41.65448" lon="8.91952"/>
            <trkpt lat="41.65444" lon="8.91977"/>
            <trkpt lat="41.65444" lon="8.92013"/>
            <trkpt lat="41.65454" lon="8.9209"/>
            <trkpt lat="41.65455" lon="8.92097"/>
            <trkpt lat="41.65466" lon="8.92177"/>
            <trkpt lat="41.65479" lon="8.92279"/>
            <trkpt lat="41.65493" lon="8.92378"/>
            <trkpt lat="41.65497" lon="8.92409"/>
            <trkpt lat="41.65516" lon="8.92557"/>
            <trkpt lat="41.65517" lon="8.92568"/>
            <trkpt lat="41.65517" lon="8.92581"/>
            <trkpt lat="41.65514" lon="8.92615"/>
            <trkpt lat="41.6551" lon="8.92637"/>
            <trkpt lat="41.65504" lon="8.92656"/>
            <trkpt lat="41.65492" lon="8.92681"/>
            <trkpt lat="41.65483" lon="8.92697"/>
            <trkpt lat="41.65461" lon="8.92727"/>
            <trkpt lat="41.6544" lon="8.92749"/>
            <trkpt lat="41.65385" lon="8.92796"/>
            <trkpt lat="41.65324" lon="8.92845"/>
            <trkpt lat="41.6531" lon="8.92859"/>
            <trkpt lat="41.653" lon="8.92874"/>
            <trkpt lat="41.65287" lon="8.929"/>
            <trkpt lat="41.65284" lon="8.9291"/>
            <trkpt lat="41.65282" lon="8.92918"/>
            <trkpt lat="41.65279" lon="8.92934"/>
            <trkpt lat="41.65277" lon="8.92945"/>
            <trkpt lat="41.65277" lon="8.92978"/>
            <trkpt lat="41.65277" lon="8.93059"/>
            <trkpt lat="41.65273" lon="8.931"/>
            <trkpt lat="41.65268" lon="8.93127"/>
            <trkpt lat="41.65259" lon="8.9316"/>
            <trkpt lat="41.65252" lon="8.9318"/>
            <trkpt lat="41.65231" lon="8.93228"/>
            <trkpt lat="41.65221" lon="8.93256"/>
            <trkpt lat="41.65216" lon="8.93282"/>
            <trkpt lat="41.65207" lon="8.93368"/>
            <trkpt lat="41.65198" lon="8.9342"/>
            <trkpt lat="41.65155" lon="8.93595"/>
            <trkpt lat="41.65132" lon="8.93689"/>
            <trkpt lat="41.65125" lon="8.93712"/>
            <trkpt lat="41.6512" lon="8.93725"/>
            <trkpt lat="41.65114" lon="8.93737"/>
            <trkpt lat="41.65111" lon="8.9374"/>
            <trkpt lat="41.65093" lon="8.93769"/>
            <trkpt lat="41.65064" lon="8.93804"/>
            <trkpt lat="41.65047" lon="8.93827"/>
            <trkpt lat="41.65036" lon="8.93846"/>
            <trkpt lat="41.65029" lon="8.93867"/>
            <trkpt lat="41.65025" lon="8.93888"/>
            <trkpt lat="41.65024" lon="8.93911"/>
            <trkpt lat="41.65026" lon="8.93936"/>
            <trkpt lat="41.65028" lon="8.93953"/>
            <trkpt lat="41.65042" lon="8.94047"/>
            <trkpt lat="41.65045" lon="8.94081"/>
            <trkpt lat="41.65044" lon="8.94104"/>
            <trkpt lat="41.6504" lon="8.94134"/>
            <trkpt lat="41.65033" lon="8.94164"/>
            <trkpt lat="41.65025" lon="8.94186"/>
            <trkpt lat="41.65012" lon="8.94208"/>
            <trkpt lat="41.64996" lon="8.94228"/>
            <trkpt lat="41.64937" lon="8.94287"/>
            <trkpt lat="41.64927" lon="8.94297"/>
            <trkpt lat="41.64914" lon="8.94313"/>
            <trkpt lat="41.64908" lon="8.94322"/>
            <trkpt lat="41.64897" lon="8.94345"/>
            <trkpt lat="41.64894" lon="8.94355"/>
            <trkpt lat="41.64882" lon="8.94398"/>
            <trkpt lat="41.64877" lon="8.94409"/>
            <trkpt lat="41.64858" lon="8.94484"/>
            <trkpt lat="41.64851" lon="8.94512"/>
            <trkpt lat="41.64843" lon="8.94539"/>
            <trkpt lat="41.64833" lon="8.94563"/>
            <trkpt lat="41.64829" lon="8.9457"/>
            <trkpt lat="41.64816" lon="8.9459"/>
            <trkpt lat="41.64797" lon="8.94613"/>
            <trkpt lat="41.64764" lon="8.94643"/>
            <trkpt lat="41.64742" lon="8.9466"/>
            <trkpt lat="41.64738" lon="8.94669"/>
            <trkpt lat="41.6468" lon="8.94715"/>
            <trkpt lat="41.64668" lon="8.94726"/>
            <trkpt lat="41.64657" lon="8.94738"/>
            <trkpt lat="41.64647" lon="8.94751"/>
            <trkpt lat="41.64631" lon="8.94778"/>
            <trkpt lat="41.6462" lon="8.94803"/>
            <trkpt lat="41.64591" lon="8.94883"/>
            <trkpt lat="41.64544" lon="8.95019"/>
            <trkpt lat="41.6451" lon="8.95108"/>
            <trkpt lat="41.6448" lon="8.952"/>
            <trkpt lat="41.64447" lon="8.95293"/>
            <trkpt lat="41.64415" lon="8.95374"/>
            <trkpt lat="41.64385" lon="8.9546"/>
            <trkpt lat="41.64368" lon="8.95509"/>
            <trkpt lat="41.64361" lon="8.95522"/>
            <trkpt lat="41.64348" lon="8.95554"/>
            <trkpt lat="41.64321" lon="8.95626"/>
            <trkpt lat="41.64283" lon="8.95733"/>
            <trkpt lat="41.64276" lon="8.95756"/>
            <trkpt lat="41.64263" lon="8.95795"/>
            <trkpt lat="41.64235" lon="8.95882"/>
            <trkpt lat="41.64234" lon="8.95891"/>
            <trkpt lat="41.64207" lon="8.95965"/>
            <trkpt lat="41.64195" lon="8.95992"/>
            <trkpt lat="41.6419" lon="8.96001"/>
            <trkpt lat="41.64181" lon="8.96014"/>
            <trkpt lat="41.64158" lon="8.9604"/>
            <trkpt lat="41.64135" lon="8.96059"/>
            <trkpt lat="41.64112" lon="8.96071"/>
            <trkpt lat="41.64073" lon="8.96086"/>
            <trkpt lat="41.64045" lon="8.96097"/>
            <trkpt lat="41.64035" lon="8.96098"/>
            <trkpt lat="41.63941" lon="8.96134"/>
            <trkpt lat="41.63866" lon="8.96164"/>
            <trkpt lat="41.63826" lon="8.96182"/>
            <trkpt lat="41.63818" lon="8.96187"/>
            <trkpt lat="41.63813" lon="8.9619"/>
            <trkpt lat="41.63803" lon="8.96194"/>
            <trkpt lat="41.6376" lon="8.96211"/>
            <trkpt lat="41.63751" lon="8.96213"/>
            <trkpt lat="41.63744" lon="8.96215"/>
            <trkpt lat="41.63734" lon="8.96215"/>
            <trkpt lat="41.63715" lon="8.96212"/>
            <trkpt lat="41.63708" lon="8.9621"/>
            <trkpt lat="41.6369" lon="8.96202"/>
            <trkpt lat="41.6368" lon="8.96196"/>
            <trkpt lat="41.63626" lon="8.96153"/>
            <trkpt lat="41.63604" lon="8.9614"/>
            <trkpt lat="41.63597" lon="8.96138"/>
            <trkpt lat="41.63578" lon="8.96134"/>
            <trkpt lat="41.63554" lon="8.96134"/>
            <trkpt lat="41.63509" lon="8.96139"/>
            <trkpt lat="41.63501" lon="8.96139"/>
            <trkpt lat="41.63491" lon="8.96136"/>
            <trkpt lat="41.6347" lon="8.96128"/>
            <trkpt lat="41.63431" lon="8.96104"/>
            <trkpt lat="41.63402" lon="8.96085"/>
            <trkpt lat="41.63388" lon="8.96073"/>
            <trkpt lat="41.63377" lon="8.9606"/>
            <trkpt lat="41.63366" lon="8.96046"/>
            <trkpt lat="41.63361" lon="8.96035"/>
            <trkpt lat="41.63355" lon="8.96022"/>
            <trkpt lat="41.63351" lon="8.96007"/>
            <trkpt lat="41.63327" lon="8.95913"/>
            <trkpt lat="41.63321" lon="8.95895"/>
            <trkpt lat="41.63317" lon="8.95887"/>
            <trkpt lat="41.63312" lon="8.9588"/>
            <trkpt lat="41.63306" lon="8.9587"/>
            <trkpt lat="41.63293" lon="8.95856"/>
            <trkpt lat="41.63276" lon="8.95842"/>
            <trkpt lat="41.63261" lon="8.95832"/>
            <trkpt lat="41.63211" lon="8.95813"/>
            <trkpt lat="41.63157" lon="8.95792"/>
            <trkpt lat="41.63128" lon="8.95778"/>
            <trkpt lat="41.6311" lon="8.95768"/>
            <trkpt lat="41.62891" lon="8.95631"/>
            <trkpt lat="41.62865" lon="8.9562"/>
            <trkpt lat="41.62782" lon="8.95576"/>
            <trkpt lat="41.62764" lon="8.95571"/>
            <trkpt lat="41.62747" lon="8.95571"/>
            <trkpt lat="41.62738" lon="8.95573"/>
            <trkpt lat="41.62723" lon="8.95579"/>
            <trkpt lat="41.6271" lon="8.95589"/>
            <trkpt lat="41.62693" lon="8.9561"/>
            <trkpt lat="41.62654" lon="8.95664"/>
            <trkpt lat="41.62629" lon="8.95697"/>
            <trkpt lat="41.62623" lon="8.95703"/>
            <trkpt lat="41.62616" lon="8.95708"/>
            <trkpt lat="41.62608" lon="8.95711"/>
            <trkpt lat="41.62594" lon="8.95713"/>
            <trkpt lat="41.62586" lon="8.95712"/>
            <trkpt lat="41.62576" lon="8.95709"/>
            <trkpt lat="41.62564" lon="8.95704"/>
            <trkpt lat="41.62504" lon="8.95668"/>
            <trkpt lat="41.6249" lon="8.95657"/>
            <trkpt lat="41.6248" lon="8.95648"/>
            <trkpt lat="41.62453" lon="8.95624"/>
            <trkpt lat="41.62392" lon="8.95578"/>
            <trkpt lat="41.62298" lon="8.9551"/>
            <trkpt lat="41.62274" lon="8.95496"/>
            <trkpt lat="41.62268" lon="8.95494"/>
            <trkpt lat="41.62251" lon="8.95488"/>
            <trkpt lat="41.62239" lon="8.95485"/>
            <trkpt lat="41.62228" lon="8.95483"/>
            <trkpt lat="41.62203" lon="8.95479"/>
            <trkpt lat="41.62181" lon="8.95478"/>
            <trkpt lat="41.6217" lon="8.95479"/>
            <trkpt lat="41.62117" lon="8.9549"/>
            <trkpt lat="41.621" lon="8.9549"/>
            <trkpt lat="41.62089" lon="8.95488"/>
            <trkpt lat="41.62068" lon="8.9548"/>
            <trkpt lat="41.61983" lon="8.95425"/>
            <trkpt lat="41.61936" lon="8.95396"/>
            <trkpt lat="41.61927" lon="8.95391"/>
            <trkpt lat="41.61913" lon="8.95388"/>
            <trkpt lat="41.61905" lon="8.95388"/>
            <trkpt lat="41.61897" lon="8.9539"/>
            <trkpt lat="41.61891" lon="8.95394"/>
            <trkpt lat="41.61885" lon="8.95398"/>
            <trkpt lat="41.61881" lon="8.95403"/>
            <trkpt lat="41.61878" lon="8.95409"/>
            <trkpt lat="41.61875" lon="8.95414"/>
            <trkpt lat="41.61872" lon="8.95422"/>
            <trkpt lat="41.6187" lon="8.9543"/>
            <trkpt lat="41.61868" lon="8.9544"/>
            <trkpt lat="41.61868" lon="8.95451"/>
            <trkpt lat="41.61882" lon="8.95568"/>
            <trkpt lat="41.61886" lon="8.95608"/>
            <trkpt lat="41.61886" lon="8.95658"/>
            <trkpt lat="41.61881" lon="8.95729"/>
            <trkpt lat="41.61881" lon="8.95748"/>
            <trkpt lat="41.61884" lon="8.95766"/>
            <trkpt lat="41.61889" lon="8.9578"/>
            <trkpt lat="41.61893" lon="8.95791"/>
            <trkpt lat="41.61899" lon="8.95802"/>
            <trkpt lat="41.61911" lon="8.95817"/>
            <trkpt lat="41.61918" lon="8.95824"/>
            <trkpt lat="41.61937" lon="8.95837"/>
            <trkpt lat="41.61954" lon="8.95846"/>
            <trkpt lat="41.61978" lon="8.95859"/>
            <trkpt lat="41.62022" lon="8.95883"/>
            <trkpt lat="41.6206" lon="8.95904"/>
            <trkpt lat="41.62081" lon="8.95915"/>
            <trkpt lat="41.62111" lon="8.95931"/>
            <trkpt lat="41.62119" lon="8.95936"/>
            <trkpt lat="41.62122" lon="8.9594"/>
            <trkpt lat="41.62141" lon="8.95961"/>
            <trkpt lat="41.62174" lon="8.96002"/>
            <trkpt lat="41.62179" lon="8.96009"/>
            <trkpt lat="41.622" lon="8.96046"/>
            <trkpt lat="41.62225" lon="8.96098"/>
            <trkpt lat="41.62262" lon="8.96164"/>
            <trkpt lat="41.62269" lon="8.96188"/>
            <trkpt lat="41.62274" lon="8.96214"/>
            <trkpt lat="41.62277" lon="8.96254"/>
            <trkpt lat="41.62276" lon="8.96271"/>
            <trkpt lat="41.62274" lon="8.96288"/>
            <trkpt lat="41.62272" lon="8.96301"/>
            <trkpt lat="41.62265" lon="8.96326"/>
            <trkpt lat="41.62259" lon="8.96341"/>
            <trkpt lat="41.62254" lon="8.96352"/>
            <trkpt lat="41.62248" lon="8.96363"/>
            <trkpt lat="41.62239" lon="8.96373"/>
            <trkpt lat="41.62211" lon="8.96399"/>
            <trkpt lat="41.62192" lon="8.96416"/>
            <trkpt lat="41.62176" lon="8.9643"/>
            <trkpt lat="41.62169" lon="8.96437"/>
            <trkpt lat="41.62162" lon="8.9644"/>
            <trkpt lat="41.62156" lon="8.96443"/>
            <trkpt lat="41.62151" lon="8.96443"/>
            <trkpt lat="41.62145" lon="8.96444"/>
            <trkpt lat="41.6213" lon="8.96439"/>
            <trkpt lat="41.62094" lon="8.9642"/>
            <trkpt lat="41.62017" lon="8.9638"/>
            <trkpt lat="41.6201" lon="8.96377"/>
            <trkpt lat="41.62002" lon="8.96374"/>
            <trkpt lat="41.61997" lon="8.96374"/>
            <trkpt lat="41.61992" lon="8.96375"/>
            <trkpt lat="41.61988" lon="8.96376"/>
            <trkpt lat="41.61985" lon="8.96378"/>
            <trkpt lat="41.6198" lon="8.96382"/>
            <trkpt lat="41.61976" lon="8.96386"/>
            <trkpt lat="41.61972" lon="8.96393"/>
            <trkpt lat="41.6197" lon="8.96398"/>
            <trkpt lat="41.61968" lon="8.96404"/>
            <trkpt lat="41.61967" lon="8.96412"/>
            <trkpt lat="41.61968" lon="8.96428"/>
            <trkpt lat="41.61975" lon="8.96484"/>
            <trkpt lat="41.6198" lon="8.96519"/>
            <trkpt lat="41.61987" lon="8.96556"/>
            <trkpt lat="41.6199" lon="8.96566"/>
            <trkpt lat="41.61993" lon="8.96573"/>
            <trkpt lat="41.62" lon="8.96583"/>
            <trkpt lat="41.62019" lon="8.96607"/>
            <trkpt lat="41.62022" lon="8.96613"/>
            <trkpt lat="41.62025" lon="8.9662"/>
            <trkpt lat="41.62029" lon="8.96635"/>
            <trkpt lat="41.62033" lon="8.9668"/>
            <trkpt lat="41.62034" lon="8.96705"/>
            <trkpt lat="41.62038" lon="8.96764"/>
            <trkpt lat="41.62038" lon="8.96787"/>
            <trkpt lat="41.62041" lon="8.96835"/>
            <trkpt lat="41.62043" lon="8.96843"/>
            <trkpt lat="41.62045" lon="8.9685"/>
            <trkpt lat="41.62051" lon="8.96861"/>
            <trkpt lat="41.62055" lon="8.96867"/>
            <trkpt lat="41.62074" lon="8.96892"/>
            <trkpt lat="41.62077" lon="8.96897"/>
            <trkpt lat="41.62079" lon="8.96904"/>
            <trkpt lat="41.6208" lon="8.9691"/>
            <trkpt lat="41.6208" lon="8.96916"/>
            <trkpt lat="41.62079" lon="8.96923"/>
            <trkpt lat="41.62077" lon="8.96929"/>
            <trkpt lat="41.62074" lon="8.96937"/>
            <trkpt lat="41.6207" lon="8.96944"/>
            <trkpt lat="41.62059" lon="8.96958"/>
            <trkpt lat="41.62056" lon="8.96964"/>
            <trkpt lat="41.62054" lon="8.96968"/>
            <trkpt lat="41.62053" lon="8.96971"/>
            <trkpt lat="41.62051" lon="8.96982"/>
            <trkpt lat="41.62049" lon="8.97007"/>
            <trkpt lat="41.62048" lon="8.97013"/>
            <trkpt lat="41.62048" lon="8.97048"/>
            <trkpt lat="41.62041" lon="8.97048"/>
            <trkpt lat="41.62036" lon="8.97048"/>
            <trkpt lat="41.62031" lon="8.97045"/>
            <trkpt lat="41.6203" lon="8.97044"/>
            <trkpt lat="41.62029" lon="8.97041"/>
            <trkpt lat="41.62027" lon="8.97035"/>
            <trkpt lat="41.62025" lon="8.97017"/>
            <trkpt lat="41.62023" lon="8.97007"/>
            <trkpt lat="41.62021" lon="8.97002"/>
            <trkpt lat="41.62018" lon="8.96995"/>
            <trkpt lat="41.62011" lon="8.96982"/>
            <trkpt lat="41.61993" lon="8.96948"/>
            <trkpt lat="41.61984" lon="8.96933"/>
            <trkpt lat="41.61979" lon="8.96924"/>
            <trkpt lat="41.61968" lon="8.96901"/>
            <trkpt lat="41.61964" lon="8.9689"/>
            <trkpt lat="41.61956" lon="8.96874"/>
            <trkpt lat="41.61947" lon="8.96855"/>
            <trkpt lat="41.61944" lon="8.9685"/>
            <trkpt lat="41.61939" lon="8.96847"/>
            <trkpt lat="41.61935" lon="8.96845"/>
            <trkpt lat="41.61927" lon="8.96845"/>
            <trkpt lat="41.61922" lon="8.9684"/>
            <trkpt lat="41.619" lon="8.96817"/>
            <trkpt lat="41.61888" lon="8.96801"/>
            <trkpt lat="41.61878" lon="8.96787"/>
            <trkpt lat="41.61849" lon="8.96745"/>
            <trkpt lat="41.61837" lon="8.96725"/>
            <trkpt lat="41.61835" lon="8.96719"/>
            <trkpt lat="41.61828" lon="8.96703"/>
            <trkpt lat="41.61826" lon="8.96696"/>
            <trkpt lat="41.61825" lon="8.96689"/>
            <trkpt lat="41.61824" lon="8.96677"/>
            <trkpt lat="41.61827" lon="8.96658"/>
            <trkpt lat="41.6183" lon="8.96646"/>
            <trkpt lat="41.61837" lon="8.96624"/>
            <trkpt lat="41.61847" lon="8.96598"/>
            <trkpt lat="41.6185" lon="8.96587"/>
            <trkpt lat="41.61851" lon="8.96573"/>
            <trkpt lat="41.61851" lon="8.96568"/>
            <trkpt lat="41.61849" lon="8.96559"/>
            <trkpt lat="41.61839" lon="8.96544"/>
            <trkpt lat="41.61834" lon="8.96536"/>
            <trkpt lat="41.61825" lon="8.96523"/>
            <trkpt lat="41.61821" lon="8.9652"/>
            <trkpt lat="41.61809" lon="8.96503"/>
            <trkpt lat="41.61801" lon="8.96486"/>
            <trkpt lat="41.61801" lon="8.96484"/>
            <trkpt lat="41.61797" lon="8.96476"/>
            <trkpt lat="41.6179" lon="8.96456"/>
            <trkpt lat="41.61788" lon="8.96443"/>
            <trkpt lat="41.6178" lon="8.96409"/>
            <trkpt lat="41.61778" lon="8.964"/>
            <trkpt lat="41.61777" lon="8.9639"/>
            <trkpt lat="41.61776" lon="8.96376"/>
            <trkpt lat="41.61777" lon="8.96364"/>
            <trkpt lat="41.61778" lon="8.96359"/>
            <trkpt lat="41.61782" lon="8.96348"/>
            <trkpt lat="41.61786" lon="8.96341"/>
            <trkpt lat="41.6179" lon="8.96336"/>
            <trkpt lat="41.61796" lon="8.96329"/>
            <trkpt lat="41.61812" lon="8.96318"/>
            <trkpt lat="41.61819" lon="8.96311"/>
            <trkpt lat="41.61825" lon="8.96301"/>
            <trkpt lat="41.61832" lon="8.96283"/>
            <trkpt lat="41.61833" lon="8.96273"/>
            <trkpt lat="41.61834" lon="8.96245"/>
            <trkpt lat="41.61832" lon="8.96215"/>
            <trkpt lat="41.61828" lon="8.96184"/>
            <trkpt lat="41.61818" lon="8.96143"/>
            <trkpt lat="41.61807" lon="8.96105"/>
            <trkpt lat="41.61797" lon="8.96082"/>
            <trkpt lat="41.6179" lon="8.96068"/>
            <trkpt lat="41.6178" lon="8.96054"/>
            <trkpt lat="41.61759" lon="8.96029"/>
            <trkpt lat="41.61723" lon="8.95992"/>
            <trkpt lat="41.61676" lon="8.95936"/>
            <trkpt lat="41.6167" lon="8.95927"/>
            <trkpt lat="41.61665" lon="8.95918"/>
            <trkpt lat="41.61655" lon="8.95897"/>
            <trkpt lat="41.6165" lon="8.95879"/>
            <trkpt lat="41.61646" lon="8.95851"/>
            <trkpt lat="41.61646" lon="8.95836"/>
            <trkpt lat="41.61649" lon="8.95819"/>
            <trkpt lat="41.6166" lon="8.95775"/>
            <trkpt lat="41.61665" lon="8.9575"/>
            <trkpt lat="41.61669" lon="8.95714"/>
            <trkpt lat="41.61672" lon="8.95648"/>
            <trkpt lat="41.61672" lon="8.95632"/>
            <trkpt lat="41.61671" lon="8.95619"/>
            <trkpt lat="41.61656" lon="8.95559"/>
            <trkpt lat="41.61649" lon="8.95537"/>
            <trkpt lat="41.61635" lon="8.9551"/>
            <trkpt lat="41.61621" lon="8.95487"/>
            <trkpt lat="41.61618" lon="8.95482"/>
            <trkpt lat="41.6161" lon="8.95464"/>
            <trkpt lat="41.61607" lon="8.95455"/>
            <trkpt lat="41.61605" lon="8.95426"/>
            <trkpt lat="41.61603" lon="8.9538"/>
            <trkpt lat="41.616" lon="8.95365"/>
            <trkpt lat="41.61596" lon="8.95344"/>
            <trkpt lat="41.61584" lon="8.95306"/>
            <trkpt lat="41.61571" lon="8.95263"/>
            <trkpt lat="41.61567" lon="8.95249"/>
            <trkpt lat="41.6156" lon="8.95184"/>
            <trkpt lat="41.61558" lon="8.95158"/>
            <trkpt lat="41.61565" lon="8.95099"/>
            <trkpt lat="41.61564" lon="8.95079"/>
            <trkpt lat="41.6156" lon="8.95061"/>
            <trkpt lat="41.61557" lon="8.95052"/>
            <trkpt lat="41.61545" lon="8.95024"/>
            <trkpt lat="41.61533" lon="8.95002"/>
            <trkpt lat="41.61529" lon="8.94995"/>
            <trkpt lat="41.61524" lon="8.94987"/>
            <trkpt lat="41.61513" lon="8.94976"/>
            <trkpt lat="41.61491" lon="8.9496"/>
            <trkpt lat="41.61426" lon="8.94916"/>
            <trkpt lat="41.61411" lon="8.94904"/>
            <trkpt lat="41.61401" lon="8.94894"/>
            <trkpt lat="41.61387" lon="8.94875"/>
            <trkpt lat="41.61373" lon="8.9485"/>
            <trkpt lat="41.61365" lon="8.94831"/>
            <trkpt lat="41.61357" lon="8.94807"/>
            <trkpt lat="41.61352" lon="8.94794"/>
            <trkpt lat="41.61342" lon="8.94775"/>
            <trkpt lat="41.61327" lon="8.94751"/>
            <trkpt lat="41.6132" lon="8.94744"/>
            <trkpt lat="41.61314" lon="8.94739"/>
            <trkpt lat="41.61308" lon="8.94736"/>
            <trkpt lat="41.61303" lon="8.94735"/>
            <trkpt lat="41.61302" lon="8.94735"/>
            <trkpt lat="41.61297" lon="8.94734"/>
            <trkpt lat="41.61245" lon="8.94735"/>
            <trkpt lat="41.61239" lon="8.94734"/>
            <trkpt lat="41.61234" lon="8.94732"/>
            <trkpt lat="41.61227" lon="8.94727"/>
            <trkpt lat="41.61223" lon="8.94722"/>
            <trkpt lat="41.61219" lon="8.94716"/>
            <trkpt lat="41.61216" lon="8.94709"/>
            <trkpt lat="41.61212" lon="8.94699"/>
            <trkpt lat="41.61205" lon="8.94678"/>
            <trkpt lat="41.61198" lon="8.94661"/>
            <trkpt lat="41.61176" lon="8.94617"/>
            <trkpt lat="41.61166" lon="8.94603"/>
            <trkpt lat="41.6116" lon="8.94597"/>
            <trkpt lat="41.61141" lon="8.9458"/>
            <trkpt lat="41.61128" lon="8.94562"/>
            <trkpt lat="41.61096" lon="8.94486"/>
            <trkpt lat="41.61091" lon="8.94478"/>
            <trkpt lat="41.61087" lon="8.94473"/>
            <trkpt lat="41.61069" lon="8.94458"/>
            <trkpt lat="41.60936" lon="8.94366"/>
            <trkpt lat="41.60929" lon="8.94363"/>
            <trkpt lat="41.60921" lon="8.94361"/>
            <trkpt lat="41.60915" lon="8.94361"/>
            <trkpt lat="41.60908" lon="8.94363"/>
            <trkpt lat="41.60901" lon="8.94366"/>
            <trkpt lat="41.6086" lon="8.94388"/>
            <trkpt lat="41.60842" lon="8.94394"/>
            <trkpt lat="41.60829" lon="8.94394"/>
            <trkpt lat="41.60823" lon="8.94392"/>
            <trkpt lat="41.6082" lon="8.9439"/>
            <trkpt lat="41.60815" lon="8.94387"/>
            <trkpt lat="41.60812" lon="8.94382"/>
            <trkpt lat="41.60808" lon="8.94375"/>
            <trkpt lat="41.60802" lon="8.94363"/>
            <trkpt lat="41.60796" lon="8.94346"/>
            <trkpt lat="41.60794" lon="8.9434"/>
            <trkpt lat="41.60788" lon="8.94318"/>
            <trkpt lat="41.60787" lon="8.94308"/>
            <trkpt lat="41.60787" lon="8.94298"/>
            <trkpt lat="41.60789" lon="8.94287"/>
            <trkpt lat="41.60794" lon="8.94258"/>
            <trkpt lat="41.60794" lon="8.94247"/>
            <trkpt lat="41.60793" lon="8.94238"/>
            <trkpt lat="41.60791" lon="8.94231"/>
            <trkpt lat="41.60787" lon="8.94222"/>
            <trkpt lat="41.60783" lon="8.94215"/>
            <trkpt lat="41.60778" lon="8.9421"/>
            <trkpt lat="41.60772" lon="8.94206"/>
            <trkpt lat="41.60753" lon="8.94197"/>
            <trkpt lat="41.60734" lon="8.94189"/>
            <trkpt lat="41.60719" lon="8.94184"/>
            <trkpt lat="41.60687" lon="8.94173"/>
            <trkpt lat="41.6068" lon="8.94172"/>
            <trkpt lat="41.60673" lon="8.94173"/>
            <trkpt lat="41.60668" lon="8.94175"/>
            <trkpt lat="41.60658" lon="8.94182"/>
            <trkpt lat="41.60653" lon="8.94188"/>
            <trkpt lat="41.60645" lon="8.94199"/>
            <trkpt lat="41.60618" lon="8.94246"/>
            <trkpt lat="41.6061" lon="8.94257"/>
            <trkpt lat="41.60603" lon="8.94265"/>
            <trkpt lat="41.60597" lon="8.94269"/>
            <trkpt lat="41.60591" lon="8.94271"/>
            <trkpt lat="41.60585" lon="8.94272"/>
            <trkpt lat="41.60581" lon="8.94272"/>
            <trkpt lat="41.60576" lon="8.94271"/>
            <trkpt lat="41.6057" lon="8.94268"/>
            <trkpt lat="41.60563" lon="8.94263"/>
            <trkpt lat="41.60527" lon="8.94231"/>
            <trkpt lat="41.60514" lon="8.9422"/>
            <trkpt lat="41.6046" lon="8.94188"/>
            <trkpt lat="41.60443" lon="8.94181"/>
            <trkpt lat="41.60423" lon="8.94179"/>
            <trkpt lat="41.60366" lon="8.94183"/>
            <trkpt lat="41.60358" lon="8.94182"/>
            <trkpt lat="41.60343" lon="8.94177"/>
            <trkpt lat="41.60333" lon="8.94172"/>
            <trkpt lat="41.60323" lon="8.94167"/>
            <trkpt lat="41.60315" lon="8.94165"/>
            <trkpt lat="41.60307" lon="8.94165"/>
            <trkpt lat="41.60301" lon="8.94166"/>
            <trkpt lat="41.60293" lon="8.94169"/>
            <trkpt lat="41.60278" lon="8.94178"/>
            <trkpt lat="41.60228" lon="8.94221"/>
            <trkpt lat="41.60209" lon="8.94234"/>
            <trkpt lat="41.60192" lon="8.94239"/>
            <trkpt lat="41.60184" lon="8.94241"/>
            <trkpt lat="41.60172" lon="8.94245"/>
            <trkpt lat="41.60159" lon="8.94253"/>
            <trkpt lat="41.60154" lon="8.94257"/>
            <trkpt lat="41.60143" lon="8.94277"/>
            <trkpt lat="41.60139" lon="8.94287"/>
            <trkpt lat="41.60138" lon="8.94287"/>
            <trkpt lat="41.60136" lon="8.94294"/>
            <trkpt lat="41.60131" lon="8.94304"/>
            <trkpt lat="41.60122" lon="8.94318"/>
            <trkpt lat="41.60116" lon="8.94323"/>
            <trkpt lat="41.6011" lon="8.94327"/>
            <trkpt lat="41.60103" lon="8.94329"/>
            <trkpt lat="41.60094" lon="8.94329"/>
            <trkpt lat="41.6009" lon="8.94328"/>
            <trkpt lat="41.60086" lon="8.94326"/>
            <trkpt lat="41.60081" lon="8.94323"/>
            <trkpt lat="41.60076" lon="8.94318"/>
            <trkpt lat="41.6007" lon="8.94309"/>
            <trkpt lat="41.60067" lon="8.94303"/>
            <trkpt lat="41.60062" lon="8.94287"/>
            <trkpt lat="41.60061" lon="8.94283"/>
            <trkpt lat="41.60057" lon="8.94265"/>
            <trkpt lat="41.60051" lon="8.94216"/>
            <trkpt lat="41.6005" lon="8.94195"/>
            <trkpt lat="41.60053" lon="8.94143"/>
            <trkpt lat="41.6005" lon="8.94118"/>
            <trkpt lat="41.60042" lon="8.94092"/>
            <trkpt lat="41.60022" lon="8.94041"/>
            <trkpt lat="41.60014" lon="8.94026"/>
            <trkpt lat="41.60009" lon="8.94019"/>
            <trkpt lat="41.59998" lon="8.94007"/>
            <trkpt lat="41.59984" lon="8.93992"/>
            <trkpt lat="41.59969" lon="8.93972"/>
            <trkpt lat="41.59946" lon="8.93925"/>
            <trkpt lat="41.59939" lon="8.93904"/>
            <trkpt lat="41.59938" lon="8.93894"/>
            <trkpt lat="41.59939" lon="8.93885"/>
            <trkpt lat="41.59944" lon="8.93867"/>
            <trkpt lat="41.59961" lon="8.9383"/>
            <trkpt lat="41.59969" lon="8.93808"/>
            <trkpt lat="41.59971" lon="8.93796"/>
            <trkpt lat="41.59971" lon="8.93783"/>
            <trkpt lat="41.5997" lon="8.93771"/>
            <trkpt lat="41.5996" lon="8.93727"/>
            <trkpt lat="41.59941" lon="8.93664"/>
            <trkpt lat="41.59936" lon="8.93651"/>
            <trkpt lat="41.59932" lon="8.93644"/>
            <trkpt lat="41.59926" lon="8.93637"/>
            <trkpt lat="41.59917" lon="8.93631"/>
            <trkpt lat="41.59896" lon="8.93622"/>
            <trkpt lat="41.59874" lon="8.93615"/>
            <trkpt lat="41.59868" lon="8.93615"/>
            <trkpt lat="41.5986" lon="8.93616"/>
            <trkpt lat="41.59856" lon="8.93618"/>
            <trkpt lat="41.5985" lon="8.93622"/>
            <trkpt lat="41.59846" lon="8.93625"/>
            <trkpt lat="41.59842" lon="8.93631"/>
            <trkpt lat="41.59836" lon="8.93644"/>
            <trkpt lat="41.59826" lon="8.93694"/>
            <trkpt lat="41.59823" lon="8.93704"/>
            <trkpt lat="41.59819" lon="8.93711"/>
            <trkpt lat="41.59816" lon="8.93716"/>
            <trkpt lat="41.59811" lon="8.9372"/>
            <trkpt lat="41.59806" lon="8.93723"/>
            <trkpt lat="41.598" lon="8.93724"/>
            <trkpt lat="41.59794" lon="8.93724"/>
            <trkpt lat="41.59786" lon="8.93722"/>
            <trkpt lat="41.59777" lon="8.93718"/>
            <trkpt lat="41.59771" lon="8.93713"/>
            <trkpt lat="41.59764" lon="8.93706"/>
            <trkpt lat="41.59757" lon="8.93697"/>
            <trkpt lat="41.59741" lon="8.93667"/>
            <trkpt lat="41.59739" lon="8.93663"/>
            <trkpt lat="41.59729" lon="8.93646"/>
            <trkpt lat="41.59721" lon="8.93635"/>
            <trkpt lat="41.59704" lon="8.93619"/>
            <trkpt lat="41.59697" lon="8.93614"/>
            <trkpt lat="41.59689" lon="8.93612"/>
            <trkpt lat="41.59672" lon="8.93611"/>
            <trkpt lat="41.5965" lon="8.93613"/>
            <trkpt lat="41.59641" lon="8.93612"/>
            <trkpt lat="41.59635" lon="8.93609"/>
            <trkpt lat="41.59629" lon="8.93603"/>
            <trkpt lat="41.59625" lon="8.93598"/>
            <trkpt lat="41.59622" lon="8.93593"/>
            <trkpt lat="41.59612" lon="8.93563"/>
            <trkpt lat="41.59606" lon="8.93548"/>
            <trkpt lat="41.59601" lon="8.93539"/>
            <trkpt lat="41.59593" lon="8.93525"/>
            <trkpt lat="41.59581" lon="8.9351"/>
            <trkpt lat="41.59563" lon="8.93495"/>
            <trkpt lat="41.59529" lon="8.93467"/>
            <trkpt lat="41.59492" lon="8.93441"/>
            <trkpt lat="41.59424" lon="8.93406"/>
            <trkpt lat="41.59421" lon="8.93405"/>
            <trkpt lat="41.59415" lon="8.93401"/>
            <trkpt lat="41.5941" lon="8.93397"/>
            <trkpt lat="41.59401" lon="8.93383"/>
            <trkpt lat="41.59398" lon="8.93378"/>
            <trkpt lat="41.59393" lon="8.93362"/>
            <trkpt lat="41.59391" lon="8.93353"/>
            <trkpt lat="41.59387" lon="8.9334"/>
            <trkpt lat="41.59382" lon="8.93332"/>
            <trkpt lat="41.59377" lon="8.93325"/>
            <trkpt lat="41.59356" lon="8.93304"/>
            <trkpt lat="41.59347" lon="8.93298"/>
            <trkpt lat="41.5934" lon="8.93295"/>
            <trkpt lat="41.59334" lon="8.93294"/>
            <trkpt lat="41.59328" lon="8.93295"/>
            <trkpt lat="41.59322" lon="8.93297"/>
            <trkpt lat="41.59311" lon="8.93304"/>
            <trkpt lat="41.59306" lon="8.93309"/>
            <trkpt lat="41.593" lon="8.93317"/>
            <trkpt lat="41.59283" lon="8.93348"/>
            <trkpt lat="41.59278" lon="8.93355"/>
            <trkpt lat="41.59273" lon="8.93361"/>
            <trkpt lat="41.59267" lon="8.93364"/>
            <trkpt lat="41.59261" lon="8.93366"/>
            <trkpt lat="41.59228" lon="8.93364"/>
            <trkpt lat="41.59215" lon="8.93368"/>
            <trkpt lat="41.59209" lon="8.93372"/>
            <trkpt lat="41.59204" lon="8.93377"/>
            <trkpt lat="41.59194" lon="8.93391"/>
            <trkpt lat="41.59187" lon="8.93402"/>
            <trkpt lat="41.59182" lon="8.93411"/>
            <trkpt lat="41.59177" lon="8.93417"/>
            <trkpt lat="41.59173" lon="8.93421"/>
            <trkpt lat="41.59168" lon="8.93424"/>
            <trkpt lat="41.59162" lon="8.93425"/>
            <trkpt lat="41.59155" lon="8.93424"/>
            <trkpt lat="41.5912" lon="8.93411"/>
            <trkpt lat="41.59106" lon="8.9341"/>
            <trkpt lat="41.591" lon="8.93411"/>
            <trkpt lat="41.59092" lon="8.93414"/>
            <trkpt lat="41.59083" lon="8.93417"/>
            <trkpt lat="41.59077" lon="8.93421"/>
            <trkpt lat="41.5906" lon="8.93435"/>
            <trkpt lat="41.5905" lon="8.93444"/>
            <trkpt lat="41.59035" lon="8.9346"/>
            <trkpt lat="41.59008" lon="8.93492"/>
            <trkpt lat="41.58997" lon="8.93502"/>
            <trkpt lat="41.58965" lon="8.93518"/>
            <trkpt lat="41.58958" lon="8.93523"/>
            <trkpt lat="41.58951" lon="8.9353"/>
            <trkpt lat="41.58946" lon="8.93536"/>
            <trkpt lat="41.58942" lon="8.93543"/>
            <trkpt lat="41.58936" lon="8.9356"/>
            <trkpt lat="41.58933" lon="8.93583"/>
            <trkpt lat="41.58929" lon="8.93671"/>
            <trkpt lat="41.5893" lon="8.93681"/>
            <trkpt lat="41.58941" lon="8.93727"/>
            <trkpt lat="41.58943" lon="8.93735"/>
            <trkpt lat="41.58947" lon="8.93743"/>
            <trkpt lat="41.58965" lon="8.93777"/>
            <trkpt lat="41.59008" lon="8.9385"/>
            <trkpt lat="41.59016" lon="8.9387"/>
            <trkpt lat="41.59021" lon="8.93888"/>
            <trkpt lat="41.59023" lon="8.93896"/>
            <trkpt lat="41.59023" lon="8.93907"/>
            <trkpt lat="41.59023" lon="8.93914"/>
            <trkpt lat="41.59022" lon="8.9392"/>
            <trkpt lat="41.59021" lon="8.93926"/>
            <trkpt lat="41.59019" lon="8.93931"/>
            <trkpt lat="41.59017" lon="8.93936"/>
            <trkpt lat="41.5901" lon="8.93945"/>
            <trkpt lat="41.59006" lon="8.93949"/>
            <trkpt lat="41.59001" lon="8.93952"/>
            <trkpt lat="41.58995" lon="8.93955"/>
            <trkpt lat="41.58989" lon="8.93956"/>
            <trkpt lat="41.58986" lon="8.93957"/>
            <trkpt lat="41.58982" lon="8.93957"/>
            <trkpt lat="41.58974" lon="8.93956"/>
            <trkpt lat="41.58965" lon="8.93953"/>
            <trkpt lat="41.58963" lon="8.93953"/>
            <trkpt lat="41.58903" lon="8.93922"/>
            <trkpt lat="41.58869" lon="8.93906"/>
            <trkpt lat="41.58824" lon="8.93893"/>
            <trkpt lat="41.5881" lon="8.93885"/>
            <trkpt lat="41.58791" lon="8.93866"/>
            <trkpt lat="41.58773" lon="8.93846"/>
            <trkpt lat="41.58758" lon="8.93831"/>
            <trkpt lat="41.58748" lon="8.93823"/>
            <trkpt lat="41.58742" lon="8.93819"/>
            <trkpt lat="41.58737" lon="8.93817"/>
            <trkpt lat="41.5873" lon="8.93816"/>
            <trkpt lat="41.58726" lon="8.93816"/>
            <trkpt lat="41.58723" lon="8.93816"/>
            <trkpt lat="41.58715" lon="8.93817"/>
            <trkpt lat="41.58699" lon="8.93824"/>
            <trkpt lat="41.58675" lon="8.93842"/>
            <trkpt lat="41.58593" lon="8.93902"/>
            <trkpt lat="41.5851" lon="8.93961"/>
            <trkpt lat="41.58502" lon="8.93968"/>
            <trkpt lat="41.58495" lon="8.93976"/>
            <trkpt lat="41.58491" lon="8.93982"/>
            <trkpt lat="41.58464" lon="8.94017"/>
            <trkpt lat="41.58457" lon="8.94022"/>
            <trkpt lat="41.58453" lon="8.94024"/>
            <trkpt lat="41.58449" lon="8.94025"/>
            <trkpt lat="41.58443" lon="8.94026"/>
            <trkpt lat="41.58438" lon="8.94025"/>
            <trkpt lat="41.58351" lon="8.94005"/>
            <trkpt lat="41.5828" lon="8.93984"/>
            <trkpt lat="41.58132" lon="8.93946"/>
            <trkpt lat="41.58117" lon="8.93941"/>
            <trkpt lat="41.58089" lon="8.93926"/>
            <trkpt lat="41.58056" lon="8.93901"/>
            <trkpt lat="41.58048" lon="8.93896"/>
            <trkpt lat="41.58037" lon="8.93894"/>
            <trkpt lat="41.58027" lon="8.93895"/>
            <trkpt lat="41.58019" lon="8.93897"/>
            <trkpt lat="41.5801" lon="8.93903"/>
            <trkpt lat="41.58004" lon="8.93909"/>
            <trkpt lat="41.57989" lon="8.93937"/>
            <trkpt lat="41.57982" lon="8.93955"/>
            <trkpt lat="41.57971" lon="8.93989"/>
            <trkpt lat="41.57964" lon="8.9402"/>
            <trkpt lat="41.57959" lon="8.94047"/>
            <trkpt lat="41.57957" lon="8.94073"/>
            <trkpt lat="41.57956" lon="8.94138"/>
            <trkpt lat="41.57954" lon="8.94164"/>
            <trkpt lat="41.57952" lon="8.94181"/>
            <trkpt lat="41.57945" lon="8.94213"/>
            <trkpt lat="41.57939" lon="8.94235"/>
            <trkpt lat="41.57931" lon="8.94255"/>
            <trkpt lat="41.57927" lon="8.94274"/>
            <trkpt lat="41.57925" lon="8.94287"/>
            <trkpt lat="41.57923" lon="8.94299"/>
            <trkpt lat="41.57922" lon="8.9432"/>
            <trkpt lat="41.57923" lon="8.94346"/>
            <trkpt lat="41.57928" lon="8.94379"/>
            <trkpt lat="41.57938" lon="8.94437"/>
            <trkpt lat="41.57957" lon="8.94504"/>
            <trkpt lat="41.57965" lon="8.94526"/>
            <trkpt lat="41.57999" lon="8.94602"/>
            <trkpt lat="41.58016" lon="8.94637"/>
            <trkpt lat="41.58034" lon="8.94675"/>
            <trkpt lat="41.5804" lon="8.94694"/>
            <trkpt lat="41.58043" lon="8.94718"/>
            <trkpt lat="41.58043" lon="8.94727"/>
            <trkpt lat="41.58042" lon="8.94733"/>
            <trkpt lat="41.5804" lon="8.94747"/>
            <trkpt lat="41.58037" lon="8.94755"/>
            <trkpt lat="41.58024" lon="8.94778"/>
            <trkpt lat="41.58004" lon="8.94796"/>
            <trkpt lat="41.57988" lon="8.94807"/>
            <trkpt lat="41.57953" lon="8.94836"/>
            <trkpt lat="41.57942" lon="8.94849"/>
            <trkpt lat="41.57933" lon="8.94862"/>
            <trkpt lat="41.57925" lon="8.94876"/>
            <trkpt lat="41.5792" lon="8.94891"/>
            <trkpt lat="41.57915" lon="8.94908"/>
            <trkpt lat="41.57909" lon="8.94948"/>
            <trkpt lat="41.57908" lon="8.94964"/>
            <trkpt lat="41.57909" lon="8.94977"/>
            <trkpt lat="41.5791" lon="8.94989"/>
            <trkpt lat="41.57914" lon="8.94998"/>
            <trkpt lat="41.57936" lon="8.95029"/>
            <trkpt lat="41.57961" lon="8.95052"/>
            <trkpt lat="41.57982" lon="8.95075"/>
            <trkpt lat="41.5802" lon="8.95141"/>
            <trkpt lat="41.58033" lon="8.9517"/>
            <trkpt lat="41.5804" lon="8.95195"/>
            <trkpt lat="41.58041" lon="8.9521"/>
            <trkpt lat="41.58041" lon="8.95221"/>
            <trkpt lat="41.58038" lon="8.95243"/>
            <trkpt lat="41.58037" lon="8.95249"/>
            <trkpt lat="41.58035" lon="8.95255"/>
            <trkpt lat="41.58033" lon="8.9526"/>
            <trkpt lat="41.58027" lon="8.95267"/>
            <trkpt lat="41.5802" lon="8.95271"/>
            <trkpt lat="41.58012" lon="8.95274"/>
            <trkpt lat="41.57984" lon="8.95272"/>
            <trkpt lat="41.57969" lon="8.95266"/>
            <trkpt lat="41.57878" lon="8.95241"/>
            <trkpt lat="41.57754" lon="8.95216"/>
            <trkpt lat="41.57741" lon="8.9521"/>
            <trkpt lat="41.57708" lon="8.95191"/>
            <trkpt lat="41.57617" lon="8.95118"/>
            <trkpt lat="41.57593" lon="8.95106"/>
            <trkpt lat="41.57578" lon="8.951"/>
            <trkpt lat="41.57564" lon="8.95098"/>
            <trkpt lat="41.5752" lon="8.95108"/>
            <trkpt lat="41.57508" lon="8.95109"/>
            <trkpt lat="41.57494" lon="8.95109"/>
            <trkpt lat="41.57472" lon="8.95105"/>
            <trkpt lat="41.57457" lon="8.951"/>
            <trkpt lat="41.5744" lon="8.95092"/>
            <trkpt lat="41.5743" lon="8.95085"/>
            <trkpt lat="41.57407" lon="8.95067"/>
            <trkpt lat="41.57371" lon="8.95017"/>
            <trkpt lat="41.57364" lon="8.95013"/>
            <trkpt lat="41.57353" lon="8.95008"/>
            <trkpt lat="41.57338" lon="8.95008"/>
            <trkpt lat="41.57314" lon="8.95012"/>
            <trkpt lat="41.57306" lon="8.95015"/>
            <trkpt lat="41.5729" lon="8.95005"/>
            <trkpt lat="41.57284" lon="8.95"/>
            <trkpt lat="41.57271" lon="8.94986"/>
            <trkpt lat="41.57265" lon="8.94982"/>
            <trkpt lat="41.57262" lon="8.94979"/>
            <trkpt lat="41.57257" lon="8.94976"/>
            <trkpt lat="41.57256" lon="8.94976"/>
            <trkpt lat="41.57246" lon="8.94973"/>
            <trkpt lat="41.57242" lon="8.94973"/>
            <trkpt lat="41.57241" lon="8.94973"/>
            <trkpt lat="41.57235" lon="8.94975"/>
            <trkpt lat="41.57231" lon="8.94976"/>
            <trkpt lat="41.57227" lon="8.94979"/>
            <trkpt lat="41.57226" lon="8.94979"/>
            <trkpt lat="41.57222" lon="8.94983"/>
            <trkpt lat="41.57218" lon="8.94987"/>
            <trkpt lat="41.57214" lon="8.94993"/>
            <trkpt lat="41.57211" lon="8.95"/>
            <trkpt lat="41.57206" lon="8.95021"/>
            <trkpt lat="41.57202" lon="8.95045"/>
            <trkpt lat="41.57198" lon="8.95054"/>
            <trkpt lat="41.57195" lon="8.9506"/>
            <trkpt lat="41.57191" lon="8.95066"/>
            <trkpt lat="41.57169" lon="8.95086"/>
            <trkpt lat="41.57164" lon="8.9509"/>
            <trkpt lat="41.57157" lon="8.95099"/>
            <trkpt lat="41.57152" lon="8.95105"/>
            <trkpt lat="41.57149" lon="8.95113"/>
            <trkpt lat="41.57146" lon="8.95127"/>
            <trkpt lat="41.57145" lon="8.95144"/>
            <trkpt lat="41.57145" lon="8.95164"/>
            <trkpt lat="41.57144" lon="8.95182"/>
            <trkpt lat="41.57138" lon="8.95206"/>
            <trkpt lat="41.57127" lon="8.9524"/>
            <trkpt lat="41.57123" lon="8.95262"/>
            <trkpt lat="41.57121" lon="8.95287"/>
            <trkpt lat="41.57122" lon="8.95311"/>
            <trkpt lat="41.57121" lon="8.95321"/>
            <trkpt lat="41.57119" lon="8.95329"/>
            <trkpt lat="41.57115" lon="8.95338"/>
            <trkpt lat="41.57111" lon="8.95346"/>
            <trkpt lat="41.57106" lon="8.95352"/>
            <trkpt lat="41.57095" lon="8.95361"/>
            <trkpt lat="41.57088" lon="8.95365"/>
            <trkpt lat="41.57084" lon="8.95369"/>
            <trkpt lat="41.57078" lon="8.95376"/>
            <trkpt lat="41.57073" lon="8.95384"/>
            <trkpt lat="41.57069" lon="8.95391"/>
            <trkpt lat="41.57054" lon="8.9542"/>
            <trkpt lat="41.57048" lon="8.9543"/>
            <trkpt lat="41.57025" lon="8.95457"/>
            <trkpt lat="41.56992" lon="8.95489"/>
            <trkpt lat="41.56978" lon="8.955"/>
            <trkpt lat="41.5697" lon="8.95507"/>
            <trkpt lat="41.56956" lon="8.95522"/>
            <trkpt lat="41.56951" lon="8.95529"/>
            <trkpt lat="41.56941" lon="8.95548"/>
            <trkpt lat="41.56935" lon="8.95561"/>
            <trkpt lat="41.56917" lon="8.95604"/>
            <trkpt lat="41.56913" lon="8.95616"/>
            <trkpt lat="41.56906" lon="8.95639"/>
            <trkpt lat="41.56903" lon="8.95653"/>
            <trkpt lat="41.56901" lon="8.95679"/>
            <trkpt lat="41.56904" lon="8.95744"/>
            <trkpt lat="41.56904" lon="8.95776"/>
            <trkpt lat="41.56901" lon="8.95805"/>
            <trkpt lat="41.56897" lon="8.95839"/>
            <trkpt lat="41.56899" lon="8.95869"/>
            <trkpt lat="41.56906" lon="8.9591"/>
            <trkpt lat="41.56911" lon="8.95934"/>
            <trkpt lat="41.56913" lon="8.95946"/>
            <trkpt lat="41.56915" lon="8.95957"/>
            <trkpt lat="41.56915" lon="8.95969"/>
            <trkpt lat="41.56914" lon="8.9598"/>
            <trkpt lat="41.56911" lon="8.9599"/>
            <trkpt lat="41.56908" lon="8.96001"/>
            <trkpt lat="41.56903" lon="8.9601"/>
            <trkpt lat="41.56886" lon="8.96033"/>
            <trkpt lat="41.56781" lon="8.96158"/>
            <trkpt lat="41.5677" lon="8.96173"/>
            <trkpt lat="41.56763" lon="8.96184"/>
            <trkpt lat="41.56702" lon="8.96323"/>
            <trkpt lat="41.56688" lon="8.96346"/>
            <trkpt lat="41.56666" lon="8.96368"/>
            <trkpt lat="41.56621" lon="8.96407"/>
            <trkpt lat="41.56597" lon="8.96424"/>
            <trkpt lat="41.56568" lon="8.96441"/>
            <trkpt lat="41.56553" lon="8.96446"/>
            <trkpt lat="41.56547" lon="8.96447"/>
            <trkpt lat="41.56541" lon="8.96446"/>
            <trkpt lat="41.56537" lon="8.96445"/>
            <trkpt lat="41.5653" lon="8.96442"/>
            <trkpt lat="41.56517" lon="8.96432"/>
            <trkpt lat="41.56506" lon="8.96422"/>
            <trkpt lat="41.56467" lon="8.96384"/>
            <trkpt lat="41.56458" lon="8.96372"/>
            <trkpt lat="41.56454" lon="8.96365"/>
            <trkpt lat="41.56446" lon="8.96347"/>
            <trkpt lat="41.56443" lon="8.96342"/>
            <trkpt lat="41.56439" lon="8.96338"/>
            <trkpt lat="41.56434" lon="8.96335"/>
            <trkpt lat="41.56429" lon="8.96334"/>
            <trkpt lat="41.56422" lon="8.96334"/>
            <trkpt lat="41.56416" lon="8.96335"/>
            <trkpt lat="41.56411" lon="8.96338"/>
            <trkpt lat="41.56405" lon="8.96343"/>
            <trkpt lat="41.56392" lon="8.96363"/>
            <trkpt lat="41.56388" lon="8.96367"/>
            <trkpt lat="41.56371" lon="8.96384"/>
            <trkpt lat="41.56355" lon="8.96398"/>
            <trkpt lat="41.56337" lon="8.96411"/>
            <trkpt lat="41.56317" lon="8.9642"/>
            <trkpt lat="41.56277" lon="8.96431"/>
            <trkpt lat="41.56258" lon="8.9644"/>
            <trkpt lat="41.562" lon="8.96478"/>
            <trkpt lat="41.5619" lon="8.96484"/>
            <trkpt lat="41.56188" lon="8.96484"/>
            <trkpt lat="41.56181" lon="8.96487"/>
            <trkpt lat="41.56174" lon="8.96487"/>
            <trkpt lat="41.56168" lon="8.96485"/>
            <trkpt lat="41.56167" lon="8.96484"/>
            <trkpt lat="41.56146" lon="8.9647"/>
            <trkpt lat="41.56134" lon="8.9646"/>
            <trkpt lat="41.56127" lon="8.96456"/>
            <trkpt lat="41.56121" lon="8.96454"/>
            <trkpt lat="41.56108" lon="8.96455"/>
            <trkpt lat="41.56094" lon="8.96458"/>
            <trkpt lat="41.56087" lon="8.96459"/>
            <trkpt lat="41.56081" lon="8.96457"/>
            <trkpt lat="41.56074" lon="8.96453"/>
            <trkpt lat="41.5607" lon="8.96448"/>
            <trkpt lat="41.56065" lon="8.96441"/>
            <trkpt lat="41.56054" lon="8.96416"/>
            <trkpt lat="41.56043" lon="8.96399"/>
            <trkpt lat="41.56021" lon="8.9637"/>
            <trkpt lat="41.5601" lon="8.96352"/>
            <trkpt lat="41.55999" lon="8.96302"/>
            <trkpt lat="41.55996" lon="8.96294"/>
            <trkpt lat="41.55992" lon="8.96289"/>
            <trkpt lat="41.55988" lon="8.96285"/>
            <trkpt lat="41.55984" lon="8.96283"/>
            <trkpt lat="41.55979" lon="8.96282"/>
            <trkpt lat="41.55974" lon="8.96283"/>
            <trkpt lat="41.5597" lon="8.96286"/>
            <trkpt lat="41.55967" lon="8.96289"/>
            <trkpt lat="41.55963" lon="8.96298"/>
            <trkpt lat="41.55961" lon="8.96304"/>
            <trkpt lat="41.55955" lon="8.96331"/>
            <trkpt lat="41.55943" lon="8.96364"/>
            <trkpt lat="41.55931" lon="8.96391"/>
            <trkpt lat="41.55925" lon="8.96401"/>
            <trkpt lat="41.55909" lon="8.96418"/>
            <trkpt lat="41.5588" lon="8.96444"/>
            <trkpt lat="41.55856" lon="8.96475"/>
            <trkpt lat="41.5585" lon="8.96484"/>
            <trkpt lat="41.55829" lon="8.96515"/>
            <trkpt lat="41.55825" lon="8.96521"/>
            <trkpt lat="41.55818" lon="8.96527"/>
            <trkpt lat="41.55795" lon="8.96545"/>
            <trkpt lat="41.55767" lon="8.96568"/>
            <trkpt lat="41.55755" lon="8.96584"/>
            <trkpt lat="41.55745" lon="8.966"/>
            <trkpt lat="41.55737" lon="8.9662"/>
            <trkpt lat="41.55718" lon="8.96676"/>
            <trkpt lat="41.55708" lon="8.96695"/>
            <trkpt lat="41.55703" lon="8.96703"/>
            <trkpt lat="41.55694" lon="8.96711"/>
            <trkpt lat="41.55686" lon="8.96717"/>
            <trkpt lat="41.55677" lon="8.96721"/>
            <trkpt lat="41.55588" lon="8.9675"/>
            <trkpt lat="41.55554" lon="8.96756"/>
            <trkpt lat="41.55451" lon="8.9676"/>
            <trkpt lat="41.55431" lon="8.96765"/>
            <trkpt lat="41.55366" lon="8.96789"/>
            <trkpt lat="41.55348" lon="8.96799"/>
            <trkpt lat="41.55331" lon="8.96814"/>
            <trkpt lat="41.55241" lon="8.9691"/>
            <trkpt lat="41.55234" lon="8.96916"/>
            <trkpt lat="41.55226" lon="8.96921"/>
            <trkpt lat="41.55218" lon="8.96924"/>
            <trkpt lat="41.5521" lon="8.96925"/>
            <trkpt lat="41.55203" lon="8.96924"/>
            <trkpt lat="41.55195" lon="8.96921"/>
            <trkpt lat="41.55188" lon="8.96916"/>
            <trkpt lat="41.55181" lon="8.96909"/>
            <trkpt lat="41.55174" lon="8.969"/>
            <trkpt lat="41.55158" lon="8.96878"/>
            <trkpt lat="41.55152" lon="8.96872"/>
            <trkpt lat="41.55147" lon="8.96868"/>
            <trkpt lat="41.5514" lon="8.96864"/>
            <trkpt lat="41.55134" lon="8.96863"/>
            <trkpt lat="41.55128" lon="8.96863"/>
            <trkpt lat="41.55122" lon="8.96864"/>
            <trkpt lat="41.55115" lon="8.96867"/>
            <trkpt lat="41.55097" lon="8.9688"/>
            <trkpt lat="41.5507" lon="8.96906"/>
            <trkpt lat="41.55059" lon="8.96918"/>
            <trkpt lat="41.55029" lon="8.9695"/>
            <trkpt lat="41.54924" lon="8.97062"/>
            <trkpt lat="41.54905" lon="8.97077"/>
            <trkpt lat="41.54888" lon="8.97088"/>
            <trkpt lat="41.54871" lon="8.97095"/>
            <trkpt lat="41.5481" lon="8.97102"/>
            <trkpt lat="41.54762" lon="8.97106"/>
            <trkpt lat="41.54751" lon="8.97106"/>
            <trkpt lat="41.54735" lon="8.97101"/>
            <trkpt lat="41.54719" lon="8.97092"/>
            <trkpt lat="41.54707" lon="8.97083"/>
            <trkpt lat="41.54681" lon="8.97061"/>
            <trkpt lat="41.54557" lon="8.96945"/>
            <trkpt lat="41.54474" lon="8.96864"/>
            <trkpt lat="41.54431" lon="8.96825"/>
            <trkpt lat="41.54419" lon="8.96816"/>
            <trkpt lat="41.54405" lon="8.96807"/>
            <trkpt lat="41.54384" lon="8.96796"/>
            <trkpt lat="41.54373" lon="8.96791"/>
            <trkpt lat="41.54349" lon="8.96785"/>
            <trkpt lat="41.54326" lon="8.96782"/>
            <trkpt lat="41.54301" lon="8.96782"/>
            <trkpt lat="41.54272" lon="8.96786"/>
            <trkpt lat="41.54242" lon="8.96793"/>
            <trkpt lat="41.54199" lon="8.96803"/>
            <trkpt lat="41.5417" lon="8.96808"/>
            <trkpt lat="41.5416" lon="8.96809"/>
            <trkpt lat="41.5415" lon="8.96806"/>
            <trkpt lat="41.54141" lon="8.96803"/>
            <trkpt lat="41.54125" lon="8.96793"/>
            <trkpt lat="41.54106" lon="8.96774"/>
            <trkpt lat="41.54082" lon="8.96741"/>
            <trkpt lat="41.54072" lon="8.96727"/>
            <trkpt lat="41.54051" lon="8.96705"/>
            <trkpt lat="41.53981" lon="8.96648"/>
            <trkpt lat="41.53959" lon="8.96635"/>
            <trkpt lat="41.53937" lon="8.96628"/>
            <trkpt lat="41.53851" lon="8.96603"/>
            <trkpt lat="41.53839" lon="8.96598"/>
            <trkpt lat="41.53825" lon="8.96587"/>
            <trkpt lat="41.53814" lon="8.96573"/>
            <trkpt lat="41.53808" lon="8.96563"/>
            <trkpt lat="41.53793" lon="8.96525"/>
            <trkpt lat="41.53784" lon="8.96501"/>
            <trkpt lat="41.53778" lon="8.96491"/>
            <trkpt lat="41.53773" lon="8.96485"/>
            <trkpt lat="41.53773" lon="8.96484"/>
            <trkpt lat="41.53767" lon="8.96478"/>
            <trkpt lat="41.5376" lon="8.96473"/>
            <trkpt lat="41.53749" lon="8.96468"/>
            <trkpt lat="41.53727" lon="8.96461"/>
            <trkpt lat="41.53642" lon="8.96445"/>
            <trkpt lat="41.53633" lon="8.96445"/>
            <trkpt lat="41.53616" lon="8.96449"/>
            <trkpt lat="41.53609" lon="8.96452"/>
            <trkpt lat="41.53585" lon="8.96467"/>
            <trkpt lat="41.53576" lon="8.96472"/>
            <trkpt lat="41.53567" lon="8.96475"/>
            <trkpt lat="41.53559" lon="8.96476"/>
            <trkpt lat="41.53551" lon="8.96476"/>
            <trkpt lat="41.53543" lon="8.96473"/>
            <trkpt lat="41.53525" lon="8.96461"/>
            <trkpt lat="41.53377" lon="8.96348"/>
            <trkpt lat="41.5337" lon="8.96343"/>
            <trkpt lat="41.53296" lon="8.96288"/>
            <trkpt lat="41.5327" lon="8.9627"/>
            <trkpt lat="41.53238" lon="8.96255"/>
            <trkpt lat="41.53107" lon="8.96196"/>
            <trkpt lat="41.53081" lon="8.96186"/>
            <trkpt lat="41.53043" lon="8.96181"/>
            <trkpt lat="41.53015" lon="8.96179"/>
            <trkpt lat="41.53007" lon="8.96176"/>
            <trkpt lat="41.52991" lon="8.96167"/>
            <trkpt lat="41.52984" lon="8.96161"/>
            <trkpt lat="41.5298" lon="8.96157"/>
            <trkpt lat="41.52954" lon="8.96128"/>
            <trkpt lat="41.52935" lon="8.96111"/>
            <trkpt lat="41.52929" lon="8.96107"/>
            <trkpt lat="41.52915" lon="8.96102"/>
            <trkpt lat="41.52879" lon="8.96097"/>
            <trkpt lat="41.52854" lon="8.96098"/>
            <trkpt lat="41.52847" lon="8.961"/>
            <trkpt lat="41.52834" lon="8.96105"/>
            <trkpt lat="41.52832" lon="8.96107"/>
            <trkpt lat="41.5282" lon="8.96114"/>
            <trkpt lat="41.52797" lon="8.96136"/>
            <trkpt lat="41.5279" lon="8.96142"/>
            <trkpt lat="41.52781" lon="8.96146"/>
            <trkpt lat="41.52773" lon="8.96148"/>
            <trkpt lat="41.52764" lon="8.96148"/>
            <trkpt lat="41.52755" lon="8.96147"/>
            <trkpt lat="41.52747" lon="8.96142"/>
            <trkpt lat="41.5274" lon="8.96137"/>
            <trkpt lat="41.52734" lon="8.9613"/>
            <trkpt lat="41.52729" lon="8.96121"/>
            <trkpt lat="41.52707" lon="8.96097"/>
            <trkpt lat="41.5269" lon="8.96085"/>
            <trkpt lat="41.52665" lon="8.96068"/>
            <trkpt lat="41.52661" lon="8.96064"/>
            <trkpt lat="41.52653" lon="8.96055"/>
            <trkpt lat="41.5265" lon="8.9605"/>
            <trkpt lat="41.52648" lon="8.96044"/>
            <trkpt lat="41.52646" lon="8.96037"/>
            <trkpt lat="41.52646" lon="8.9603"/>
            <trkpt lat="41.52645" lon="8.9602"/>
            <trkpt lat="41.52646" lon="8.96011"/>
            <trkpt lat="41.5265" lon="8.95962"/>
            <trkpt lat="41.5265" lon="8.95934"/>
            <trkpt lat="41.52647" lon="8.95908"/>
            <trkpt lat="41.52645" lon="8.95897"/>
            <trkpt lat="41.52641" lon="8.95888"/>
            <trkpt lat="41.52635" lon="8.95877"/>
            <trkpt lat="41.52608" lon="8.95842"/>
            <trkpt lat="41.52597" lon="8.9583"/>
            <trkpt lat="41.52587" lon="8.95821"/>
            <trkpt lat="41.52571" lon="8.95812"/>
            <trkpt lat="41.52507" lon="8.95788"/>
            <trkpt lat="41.52493" lon="8.95779"/>
            <trkpt lat="41.52484" lon="8.95773"/>
            <trkpt lat="41.52467" lon="8.95756"/>
            <trkpt lat="41.52447" lon="8.9573"/>
            <trkpt lat="41.52399" lon="8.95651"/>
            <trkpt lat="41.52395" lon="8.95645"/>
            <trkpt lat="41.52391" lon="8.9564"/>
            <trkpt lat="41.52385" lon="8.95634"/>
            <trkpt lat="41.52382" lon="8.95632"/>
            <trkpt lat="41.52374" lon="8.95628"/>
            <trkpt lat="41.52369" lon="8.95627"/>
            <trkpt lat="41.52361" lon="8.95627"/>
            <trkpt lat="41.52336" lon="8.95629"/>
            <trkpt lat="41.52318" lon="8.95628"/>
            <trkpt lat="41.52306" lon="8.95621"/>
            <trkpt lat="41.52293" lon="8.95608"/>
            <trkpt lat="41.52271" lon="8.95569"/>
            <trkpt lat="41.52263" lon="8.9556"/>
            <trkpt lat="41.52242" lon="8.95546"/>
            <trkpt lat="41.52179" lon="8.95509"/>
            <trkpt lat="41.52158" lon="8.95492"/>
            <trkpt lat="41.52148" lon="8.95478"/>
            <trkpt lat="41.5214" lon="8.95462"/>
            <trkpt lat="41.52126" lon="8.95419"/>
            <trkpt lat="41.52119" lon="8.95403"/>
            <trkpt lat="41.52111" lon="8.95391"/>
            <trkpt lat="41.52071" lon="8.95341"/>
            <trkpt lat="41.52065" lon="8.95332"/>
            <trkpt lat="41.52059" lon="8.95315"/>
            <trkpt lat="41.52057" lon="8.95309"/>
            <trkpt lat="41.52056" lon="8.95302"/>
            <trkpt lat="41.52057" lon="8.95287"/>
            <trkpt lat="41.5206" lon="8.95273"/>
            <trkpt lat="41.52069" lon="8.95245"/>
            <trkpt lat="41.52079" lon="8.95216"/>
            <trkpt lat="41.52084" lon="8.95188"/>
            <trkpt lat="41.52085" lon="8.95175"/>
            <trkpt lat="41.5208" lon="8.95148"/>
            <trkpt lat="41.52074" lon="8.9513"/>
            <trkpt lat="41.52071" lon="8.95122"/>
            <trkpt lat="41.5206" lon="8.95106"/>
            <trkpt lat="41.51966" lon="8.95007"/>
            <trkpt lat="41.51958" lon="8.95"/>
            <trkpt lat="41.5195" lon="8.94996"/>
            <trkpt lat="41.51944" lon="8.94994"/>
            <trkpt lat="41.51938" lon="8.94994"/>
            <trkpt lat="41.51931" lon="8.94996"/>
            <trkpt lat="41.51868" lon="8.95024"/>
            <trkpt lat="41.51845" lon="8.95033"/>
            <trkpt lat="41.51829" lon="8.95042"/>
            <trkpt lat="41.51815" lon="8.95055"/>
            <trkpt lat="41.5173" lon="8.95148"/>
            <trkpt lat="41.51708" lon="8.95176"/>
            <trkpt lat="41.51658" lon="8.95256"/>
            <trkpt lat="41.51637" lon="8.9528"/>
            <trkpt lat="41.51615" lon="8.95311"/>
            <trkpt lat="41.51609" lon="8.95317"/>
            <trkpt lat="41.51604" lon="8.95319"/>
            <trkpt lat="41.51599" lon="8.95321"/>
            <trkpt lat="41.51595" lon="8.95322"/>
            <trkpt lat="41.51589" lon="8.95321"/>
            <trkpt lat="41.51584" lon="8.95318"/>
            <trkpt lat="41.5158" lon="8.95313"/>
            <trkpt lat="41.51576" lon="8.95307"/>
            <trkpt lat="41.51574" lon="8.95302"/>
            <trkpt lat="41.51572" lon="8.95296"/>
            <trkpt lat="41.51572" lon="8.95289"/>
            <trkpt lat="41.51572" lon="8.95284"/>
            <trkpt lat="41.51576" lon="8.95269"/>
            <trkpt lat="41.51599" lon="8.95211"/>
            <trkpt lat="41.51604" lon="8.95198"/>
            <trkpt lat="41.51607" lon="8.95184"/>
            <trkpt lat="41.51608" lon="8.95174"/>
            <trkpt lat="41.51609" lon="8.95161"/>
            <trkpt lat="41.51608" lon="8.95146"/>
            <trkpt lat="41.51599" lon="8.95092"/>
            <trkpt lat="41.51594" lon="8.95066"/>
            <trkpt lat="41.51592" lon="8.95057"/>
            <trkpt lat="41.51585" lon="8.95044"/>
            <trkpt lat="41.51579" lon="8.95036"/>
            <trkpt lat="41.51578" lon="8.95035"/>
            <trkpt lat="41.51566" lon="8.95024"/>
            <trkpt lat="41.51549" lon="8.95014"/>
            <trkpt lat="41.51534" lon="8.95009"/>
            <trkpt lat="41.51526" lon="8.95008"/>
            <trkpt lat="41.51528" lon="8.94999"/>
            <trkpt lat="41.5153" lon="8.9499"/>
            <trkpt lat="41.51531" lon="8.9498"/>
            <trkpt lat="41.51531" lon="8.9497"/>
            <trkpt lat="41.51528" lon="8.94926"/>
            <trkpt lat="41.51527" lon="8.94921"/>
            <trkpt lat="41.51527" lon="8.94915"/>
            <trkpt lat="41.51528" lon="8.94909"/>
            <trkpt lat="41.51533" lon="8.94898"/>
            <trkpt lat="41.51561" lon="8.94861"/>
            <trkpt lat="41.51562" lon="8.94858"/>
            <trkpt lat="41.51563" lon="8.94854"/>
            <trkpt lat="41.51561" lon="8.94847"/>
            <trkpt lat="41.51558" lon="8.94843"/>
            <trkpt lat="41.51552" lon="8.9484"/>
            <trkpt lat="41.51506" lon="8.94838"/>
            <trkpt lat="41.51487" lon="8.94828"/>
            <trkpt lat="41.51476" lon="8.94821"/>
            <trkpt lat="41.51469" lon="8.94812"/>
            <trkpt lat="41.51462" lon="8.94796"/>
            <trkpt lat="41.51455" lon="8.94791"/>
            <trkpt lat="41.51447" lon="8.9479"/>
            <trkpt lat="41.51432" lon="8.94792"/>
            <trkpt lat="41.51414" lon="8.94787"/>
            <trkpt lat="41.5137" lon="8.94757"/>
            <trkpt lat="41.51359" lon="8.9475"/>
            <trkpt lat="41.5133" lon="8.94726"/>
            <trkpt lat="41.51307" lon="8.94711"/>
            <trkpt lat="41.51282" lon="8.94694"/>
            <trkpt lat="41.51267" lon="8.9468"/>
            <trkpt lat="41.51251" lon="8.94661"/>
            <trkpt lat="41.51241" lon="8.94655"/>
            <trkpt lat="41.51163" lon="8.94622"/>
            <trkpt lat="41.51147" lon="8.94613"/>
            <trkpt lat="41.51135" lon="8.94604"/>
            <trkpt lat="41.51111" lon="8.94579"/>
            <trkpt lat="41.51098" lon="8.94563"/>
            <trkpt lat="41.51079" lon="8.94536"/>
            <trkpt lat="41.51062" lon="8.94507"/>
            <trkpt lat="41.51051" lon="8.94494"/>
            <trkpt lat="41.51037" lon="8.9448"/>
            <trkpt lat="41.51019" lon="8.94465"/>
            <trkpt lat="41.51004" lon="8.9445"/>
            <trkpt lat="41.50985" lon="8.94427"/>
            <trkpt lat="41.50948" lon="8.94396"/>
            <trkpt lat="41.50932" lon="8.94381"/>
            <trkpt lat="41.50904" lon="8.9434"/>
            <trkpt lat="41.50883" lon="8.94312"/>
            <trkpt lat="41.50869" lon="8.94294"/>
            <trkpt lat="41.50864" lon="8.94287"/>
            <trkpt lat="41.5086" lon="8.94283"/>
            <trkpt lat="41.50848" lon="8.94274"/>
            <trkpt lat="41.50835" lon="8.94262"/>
            <trkpt lat="41.50806" lon="8.94242"/>
            <trkpt lat="41.50788" lon="8.94238"/>
            <trkpt lat="41.5074" lon="8.94197"/>
            <trkpt lat="41.50677" lon="8.94157"/>
            <trkpt lat="41.50643" lon="8.94143"/>
            <trkpt lat="41.50635" lon="8.94137"/>
            <trkpt lat="41.50617" lon="8.94124"/>
            <trkpt lat="41.50595" lon="8.94111"/>
            <trkpt lat="41.50575" lon="8.94103"/>
            <trkpt lat="41.50547" lon="8.9409"/>
            <trkpt lat="41.50488" lon="8.94059"/>
            <trkpt lat="41.50464" lon="8.94045"/>
            <trkpt lat="41.50442" lon="8.94034"/>
            <trkpt lat="41.50424" lon="8.94018"/>
            <trkpt lat="41.50363" lon="8.93948"/>
            <trkpt lat="41.50322" lon="8.93909"/>
            <trkpt lat="41.50305" lon="8.93897"/>
            <trkpt lat="41.50286" lon="8.9388"/>
            <trkpt lat="41.50274" lon="8.93866"/>
            <trkpt lat="41.50246" lon="8.93842"/>
            <trkpt lat="41.50223" lon="8.93827"/>
            <trkpt lat="41.50203" lon="8.93815"/>
            <trkpt lat="41.50195" lon="8.93811"/>
            <trkpt lat="41.50179" lon="8.93795"/>
            <trkpt lat="41.50169" lon="8.93782"/>
            <trkpt lat="41.50149" lon="8.93773"/>
            <trkpt lat="41.50112" lon="8.93751"/>
            <trkpt lat="41.50077" lon="8.93738"/>
            <trkpt lat="41.50064" lon="8.93735"/>
            <trkpt lat="41.50046" lon="8.93734"/>
            <trkpt lat="41.50026" lon="8.93733"/>
            <trkpt lat="41.50006" lon="8.93724"/>
            <trkpt lat="41.49994" lon="8.93717"/>
            <trkpt lat="41.49984" lon="8.93711"/>
            <trkpt lat="41.49978" lon="8.93706"/>
            <trkpt lat="41.49973" lon="8.93701"/>
            <trkpt lat="41.49963" lon="8.93687"/>
            <trkpt lat="41.49957" lon="8.9368"/>
            <trkpt lat="41.49955" lon="8.93677"/>
            <trkpt lat="41.49952" lon="8.93676"/>
            <trkpt lat="41.49939" lon="8.93674"/>
            <trkpt lat="41.49935" lon="8.93673"/>
            <trkpt lat="41.49921" lon="8.93666"/>
            <trkpt lat="41.49906" lon="8.93656"/>
            <trkpt lat="41.49893" lon="8.93642"/>
            <trkpt lat="41.49872" lon="8.93596"/>
            <trkpt lat="41.49865" lon="8.93589"/>
            <trkpt lat="41.49844" lon="8.93584"/>
            <trkpt lat="41.49821" lon="8.93571"/>
            <trkpt lat="41.49813" lon="8.93573"/>
            <trkpt lat="41.49805" lon="8.93572"/>
            <trkpt lat="41.49787" lon="8.93562"/>
            <trkpt lat="41.49763" lon="8.9354"/>
            <trkpt lat="41.49757" lon="8.93528"/>
            <trkpt lat="41.49756" lon="8.93515"/>
            <trkpt lat="41.49742" lon="8.93475"/>
            <trkpt lat="41.49733" lon="8.93459"/>
            <trkpt lat="41.49722" lon="8.93442"/>
            <trkpt lat="41.49716" lon="8.93426"/>
        </trkseg>
    </trk>
</gpx>
