<?xml version="1.0" encoding="UTF-8" standalone="yes"?>
<gpx xmlns="http://www.topografix.com/GPX/1/1" xmlns:tt="TT" version="1.1" creator="TomTom MyDrive">
    <wpt lat="42.708594" lon="9.438932">
        <type>TT_HARD</type>
    </wpt>
    <wpt lat="42.784939" lon="9.344861">
        <type>TT_HARD</type>
    </wpt>
    <wpt lat="42.797099" lon="9.34559">
        <type>TT_HARD</type>
    </wpt>
    <wpt lat="42.844574" lon="9.482537">
        <type>TT_HARD</type>
    </wpt>
    <rte>
        <name>26 luglio</name>
        <rtept lat="42.708594" lon="9.438932">
            <type>TT_HARD</type>
        </rtept>
        <rtept lat="42.784939" lon="9.344861">
            <type>TT_HARD</type>
        </rtept>
        <rtept lat="42.797099" lon="9.34559">
            <type>TT_HARD</type>
        </rtept>
        <rtept lat="42.844574" lon="9.482537">
            <type>TT_HARD</type>
        </rtept>
    </rte>
    <trk>
        <name>26 luglio</name>
        <trkseg>
            <trkpt lat="42.7086" lon="9.43893"/>
            <trkpt lat="42.70879" lon="9.43904"/>
            <trkpt lat="42.70886" lon="9.4391"/>
            <trkpt lat="42.70891" lon="9.43919"/>
            <trkpt lat="42.70897" lon="9.43946"/>
            <trkpt lat="42.709" lon="9.43951"/>
            <trkpt lat="42.70907" lon="9.43955"/>
            <trkpt lat="42.70909" lon="9.43994"/>
            <trkpt lat="42.70909" lon="9.44001"/>
            <trkpt lat="42.70907" lon="9.4402"/>
            <trkpt lat="42.70906" lon="9.44087"/>
            <trkpt lat="42.70902" lon="9.44106"/>
            <trkpt lat="42.709" lon="9.44116"/>
            <trkpt lat="42.70895" lon="9.44124"/>
            <trkpt lat="42.70893" lon="9.44126"/>
            <trkpt lat="42.70889" lon="9.44127"/>
            <trkpt lat="42.70883" lon="9.44129"/>
            <trkpt lat="42.70878" lon="9.44128"/>
            <trkpt lat="42.70872" lon="9.44123"/>
            <trkpt lat="42.70868" lon="9.44115"/>
            <trkpt lat="42.70865" lon="9.44107"/>
            <trkpt lat="42.70863" lon="9.44098"/>
            <trkpt lat="42.70861" lon="9.44092"/>
            <trkpt lat="42.70859" lon="9.44088"/>
            <trkpt lat="42.70856" lon="9.44088"/>
            <trkpt lat="42.70852" lon="9.44088"/>
            <trkpt lat="42.70848" lon="9.4409"/>
            <trkpt lat="42.70846" lon="9.44092"/>
            <trkpt lat="42.70844" lon="9.44099"/>
            <trkpt lat="42.70841" lon="9.44108"/>
            <trkpt lat="42.70841" lon="9.44116"/>
            <trkpt lat="42.70844" lon="9.44131"/>
            <trkpt lat="42.70854" lon="9.44167"/>
            <trkpt lat="42.70855" lon="9.44176"/>
            <trkpt lat="42.70855" lon="9.44185"/>
            <trkpt lat="42.70854" lon="9.44197"/>
            <trkpt lat="42.70852" lon="9.44205"/>
            <trkpt lat="42.70848" lon="9.44215"/>
            <trkpt lat="42.70838" lon="9.44234"/>
            <trkpt lat="42.70826" lon="9.44262"/>
            <trkpt lat="42.70819" lon="9.44271"/>
            <trkpt lat="42.70809" lon="9.44294"/>
            <trkpt lat="42.70803" lon="9.44311"/>
            <trkpt lat="42.708" lon="9.44263"/>
            <trkpt lat="42.708" lon="9.44219"/>
            <trkpt lat="42.70799" lon="9.44205"/>
            <trkpt lat="42.70793" lon="9.44179"/>
            <trkpt lat="42.7079" lon="9.44173"/>
            <trkpt lat="42.70788" lon="9.44171"/>
            <trkpt lat="42.70785" lon="9.44171"/>
            <trkpt lat="42.70789" lon="9.44178"/>
            <trkpt lat="42.70791" lon="9.44188"/>
            <trkpt lat="42.70793" lon="9.442"/>
            <trkpt lat="42.70793" lon="9.44216"/>
            <trkpt lat="42.7079" lon="9.44231"/>
            <trkpt lat="42.70785" lon="9.44254"/>
            <trkpt lat="42.70777" lon="9.44282"/>
            <trkpt lat="42.70768" lon="9.44309"/>
            <trkpt lat="42.7076" lon="9.44334"/>
            <trkpt lat="42.70756" lon="9.44325"/>
            <trkpt lat="42.70753" lon="9.44305"/>
            <trkpt lat="42.70752" lon="9.44299"/>
            <trkpt lat="42.70748" lon="9.44261"/>
            <trkpt lat="42.70746" lon="9.4425"/>
            <trkpt lat="42.7074" lon="9.44233"/>
            <trkpt lat="42.70734" lon="9.44224"/>
            <trkpt lat="42.7073" lon="9.44218"/>
            <trkpt lat="42.70712" lon="9.44211"/>
            <trkpt lat="42.70707" lon="9.44208"/>
            <trkpt lat="42.70705" lon="9.44204"/>
            <trkpt lat="42.70703" lon="9.44199"/>
            <trkpt lat="42.70699" lon="9.4417"/>
            <trkpt lat="42.70696" lon="9.44161"/>
            <trkpt lat="42.7069" lon="9.44158"/>
            <trkpt lat="42.70684" lon="9.44156"/>
            <trkpt lat="42.70672" lon="9.44155"/>
            <trkpt lat="42.70663" lon="9.44204"/>
            <trkpt lat="42.70661" lon="9.44213"/>
            <trkpt lat="42.70655" lon="9.44239"/>
            <trkpt lat="42.70651" lon="9.44251"/>
            <trkpt lat="42.70648" lon="9.4426"/>
            <trkpt lat="42.70646" lon="9.44263"/>
            <trkpt lat="42.7064" lon="9.4427"/>
            <trkpt lat="42.70638" lon="9.44267"/>
            <trkpt lat="42.70637" lon="9.44266"/>
            <trkpt lat="42.70633" lon="9.44265"/>
            <trkpt lat="42.7063" lon="9.44265"/>
            <trkpt lat="42.70628" lon="9.44267"/>
            <trkpt lat="42.70619" lon="9.44235"/>
            <trkpt lat="42.70609" lon="9.44202"/>
            <trkpt lat="42.70608" lon="9.44196"/>
            <trkpt lat="42.70606" lon="9.4419"/>
            <trkpt lat="42.706" lon="9.4418"/>
            <trkpt lat="42.70596" lon="9.44174"/>
            <trkpt lat="42.70585" lon="9.44161"/>
            <trkpt lat="42.70582" lon="9.44158"/>
            <trkpt lat="42.7055" lon="9.44132"/>
            <trkpt lat="42.70532" lon="9.44123"/>
            <trkpt lat="42.70523" lon="9.4412"/>
            <trkpt lat="42.70514" lon="9.44118"/>
            <trkpt lat="42.70506" lon="9.44119"/>
            <trkpt lat="42.705" lon="9.44122"/>
            <trkpt lat="42.70493" lon="9.44127"/>
            <trkpt lat="42.70488" lon="9.44131"/>
            <trkpt lat="42.70455" lon="9.44161"/>
            <trkpt lat="42.70446" lon="9.44167"/>
            <trkpt lat="42.70438" lon="9.44169"/>
            <trkpt lat="42.70429" lon="9.44169"/>
            <trkpt lat="42.70415" lon="9.44167"/>
            <trkpt lat="42.70403" lon="9.44164"/>
            <trkpt lat="42.704" lon="9.44164"/>
            <trkpt lat="42.70397" lon="9.44164"/>
            <trkpt lat="42.7039" lon="9.44168"/>
            <trkpt lat="42.70341" lon="9.44211"/>
            <trkpt lat="42.70339" lon="9.44208"/>
            <trkpt lat="42.70336" lon="9.44206"/>
            <trkpt lat="42.70335" lon="9.44205"/>
            <trkpt lat="42.70332" lon="9.44205"/>
            <trkpt lat="42.70329" lon="9.44206"/>
            <trkpt lat="42.70324" lon="9.44197"/>
            <trkpt lat="42.70303" lon="9.44152"/>
            <trkpt lat="42.7029" lon="9.44128"/>
            <trkpt lat="42.70283" lon="9.4412"/>
            <trkpt lat="42.70276" lon="9.44115"/>
            <trkpt lat="42.70258" lon="9.44105"/>
            <trkpt lat="42.70258" lon="9.44101"/>
            <trkpt lat="42.70258" lon="9.44097"/>
            <trkpt lat="42.70256" lon="9.44092"/>
            <trkpt lat="42.70254" lon="9.4409"/>
            <trkpt lat="42.7025" lon="9.44087"/>
            <trkpt lat="42.70247" lon="9.44086"/>
            <trkpt lat="42.70244" lon="9.44086"/>
            <trkpt lat="42.70241" lon="9.44088"/>
            <trkpt lat="42.70239" lon="9.4409"/>
            <trkpt lat="42.70237" lon="9.44093"/>
            <trkpt lat="42.70236" lon="9.44096"/>
            <trkpt lat="42.70235" lon="9.44101"/>
            <trkpt lat="42.70221" lon="9.44104"/>
            <trkpt lat="42.70197" lon="9.44112"/>
            <trkpt lat="42.7015" lon="9.44131"/>
            <trkpt lat="42.70131" lon="9.44143"/>
            <trkpt lat="42.70118" lon="9.44155"/>
            <trkpt lat="42.70096" lon="9.44183"/>
            <trkpt lat="42.70075" lon="9.44214"/>
            <trkpt lat="42.69994" lon="9.44335"/>
            <trkpt lat="42.69978" lon="9.44363"/>
            <trkpt lat="42.6997" lon="9.44379"/>
            <trkpt lat="42.69965" lon="9.44391"/>
            <trkpt lat="42.69962" lon="9.44403"/>
            <trkpt lat="42.69959" lon="9.44422"/>
            <trkpt lat="42.69956" lon="9.44442"/>
            <trkpt lat="42.69955" lon="9.44459"/>
            <trkpt lat="42.69952" lon="9.44464"/>
            <trkpt lat="42.69952" lon="9.44494"/>
            <trkpt lat="42.69951" lon="9.44501"/>
            <trkpt lat="42.69951" lon="9.44518"/>
            <trkpt lat="42.6995" lon="9.44519"/>
            <trkpt lat="42.6995" lon="9.44521"/>
            <trkpt lat="42.69949" lon="9.44524"/>
            <trkpt lat="42.69949" lon="9.44527"/>
            <trkpt lat="42.6995" lon="9.4453"/>
            <trkpt lat="42.69943" lon="9.44535"/>
            <trkpt lat="42.69936" lon="9.44542"/>
            <trkpt lat="42.69927" lon="9.44551"/>
            <trkpt lat="42.69921" lon="9.44556"/>
            <trkpt lat="42.69913" lon="9.44557"/>
            <trkpt lat="42.69889" lon="9.44554"/>
            <trkpt lat="42.6987" lon="9.44553"/>
            <trkpt lat="42.69808" lon="9.44547"/>
            <trkpt lat="42.69789" lon="9.44542"/>
            <trkpt lat="42.69783" lon="9.44538"/>
            <trkpt lat="42.69772" lon="9.44521"/>
            <trkpt lat="42.69754" lon="9.44484"/>
            <trkpt lat="42.69749" lon="9.44474"/>
            <trkpt lat="42.69743" lon="9.44463"/>
            <trkpt lat="42.69722" lon="9.44419"/>
            <trkpt lat="42.69697" lon="9.44367"/>
            <trkpt lat="42.69682" lon="9.44342"/>
            <trkpt lat="42.69678" lon="9.44341"/>
            <trkpt lat="42.6967" lon="9.44332"/>
            <trkpt lat="42.69664" lon="9.44328"/>
            <trkpt lat="42.69648" lon="9.44326"/>
            <trkpt lat="42.6964" lon="9.44327"/>
            <trkpt lat="42.69585" lon="9.44332"/>
            <trkpt lat="42.69578" lon="9.4433"/>
            <trkpt lat="42.69568" lon="9.44325"/>
            <trkpt lat="42.69564" lon="9.44318"/>
            <trkpt lat="42.6956" lon="9.44309"/>
            <trkpt lat="42.69559" lon="9.44301"/>
            <trkpt lat="42.6956" lon="9.44287"/>
            <trkpt lat="42.69566" lon="9.44245"/>
            <trkpt lat="42.69575" lon="9.44196"/>
            <trkpt lat="42.69577" lon="9.44189"/>
            <trkpt lat="42.69578" lon="9.44174"/>
            <trkpt lat="42.69583" lon="9.44139"/>
            <trkpt lat="42.69597" lon="9.44065"/>
            <trkpt lat="42.69597" lon="9.44056"/>
            <trkpt lat="42.69595" lon="9.44049"/>
            <trkpt lat="42.69592" lon="9.44043"/>
            <trkpt lat="42.69587" lon="9.44039"/>
            <trkpt lat="42.69582" lon="9.44038"/>
            <trkpt lat="42.6958" lon="9.44038"/>
            <trkpt lat="42.69577" lon="9.44043"/>
            <trkpt lat="42.6957" lon="9.44055"/>
            <trkpt lat="42.69565" lon="9.44062"/>
            <trkpt lat="42.6956" lon="9.44067"/>
            <trkpt lat="42.69554" lon="9.44072"/>
            <trkpt lat="42.69542" lon="9.44076"/>
            <trkpt lat="42.69523" lon="9.44079"/>
            <trkpt lat="42.69502" lon="9.44075"/>
            <trkpt lat="42.69491" lon="9.44075"/>
            <trkpt lat="42.69478" lon="9.44082"/>
            <trkpt lat="42.69468" lon="9.44089"/>
            <trkpt lat="42.69462" lon="9.44095"/>
            <trkpt lat="42.69442" lon="9.44147"/>
            <trkpt lat="42.69437" lon="9.44155"/>
            <trkpt lat="42.69433" lon="9.44159"/>
            <trkpt lat="42.69427" lon="9.44161"/>
            <trkpt lat="42.69418" lon="9.4416"/>
            <trkpt lat="42.69407" lon="9.44155"/>
            <trkpt lat="42.69403" lon="9.4415"/>
            <trkpt lat="42.694" lon="9.44146"/>
            <trkpt lat="42.69395" lon="9.44129"/>
            <trkpt lat="42.6939" lon="9.44101"/>
            <trkpt lat="42.69385" lon="9.44089"/>
            <trkpt lat="42.6938" lon="9.44082"/>
            <trkpt lat="42.69376" lon="9.44078"/>
            <trkpt lat="42.69373" lon="9.44077"/>
            <trkpt lat="42.69371" lon="9.44077"/>
            <trkpt lat="42.69368" lon="9.44077"/>
            <trkpt lat="42.69362" lon="9.44079"/>
            <trkpt lat="42.69352" lon="9.44084"/>
            <trkpt lat="42.69339" lon="9.44089"/>
            <trkpt lat="42.6933" lon="9.44089"/>
            <trkpt lat="42.69323" lon="9.44086"/>
            <trkpt lat="42.69318" lon="9.44083"/>
            <trkpt lat="42.69315" lon="9.4408"/>
            <trkpt lat="42.69312" lon="9.44075"/>
            <trkpt lat="42.69306" lon="9.44062"/>
            <trkpt lat="42.69303" lon="9.44054"/>
            <trkpt lat="42.69297" lon="9.44026"/>
            <trkpt lat="42.6929" lon="9.43994"/>
            <trkpt lat="42.69287" lon="9.43985"/>
            <trkpt lat="42.69274" lon="9.43948"/>
            <trkpt lat="42.69269" lon="9.43932"/>
            <trkpt lat="42.69267" lon="9.43927"/>
            <trkpt lat="42.69259" lon="9.43889"/>
            <trkpt lat="42.69255" lon="9.43864"/>
            <trkpt lat="42.69254" lon="9.4384"/>
            <trkpt lat="42.69255" lon="9.43828"/>
            <trkpt lat="42.69259" lon="9.43817"/>
            <trkpt lat="42.69268" lon="9.43799"/>
            <trkpt lat="42.69276" lon="9.43781"/>
            <trkpt lat="42.69279" lon="9.43773"/>
            <trkpt lat="42.69277" lon="9.43758"/>
            <trkpt lat="42.69271" lon="9.43732"/>
            <trkpt lat="42.69271" lon="9.43724"/>
            <trkpt lat="42.69276" lon="9.437"/>
            <trkpt lat="42.69287" lon="9.43649"/>
            <trkpt lat="42.69288" lon="9.43643"/>
            <trkpt lat="42.69294" lon="9.43605"/>
            <trkpt lat="42.69294" lon="9.43591"/>
            <trkpt lat="42.69293" lon="9.43576"/>
            <trkpt lat="42.6929" lon="9.4356"/>
            <trkpt lat="42.69287" lon="9.43555"/>
            <trkpt lat="42.69277" lon="9.43535"/>
            <trkpt lat="42.6927" lon="9.43523"/>
            <trkpt lat="42.69265" lon="9.43517"/>
            <trkpt lat="42.69261" lon="9.43515"/>
            <trkpt lat="42.69251" lon="9.43513"/>
            <trkpt lat="42.69246" lon="9.43514"/>
            <trkpt lat="42.6924" lon="9.43524"/>
            <trkpt lat="42.69237" lon="9.43534"/>
            <trkpt lat="42.69235" lon="9.43545"/>
            <trkpt lat="42.6923" lon="9.43559"/>
            <trkpt lat="42.69225" lon="9.43564"/>
            <trkpt lat="42.69215" lon="9.43567"/>
            <trkpt lat="42.69208" lon="9.43565"/>
            <trkpt lat="42.69193" lon="9.43559"/>
            <trkpt lat="42.69175" lon="9.43556"/>
            <trkpt lat="42.69167" lon="9.43554"/>
            <trkpt lat="42.69154" lon="9.43544"/>
            <trkpt lat="42.69147" lon="9.43536"/>
            <trkpt lat="42.6914" lon="9.4352"/>
            <trkpt lat="42.69137" lon="9.43512"/>
            <trkpt lat="42.69133" lon="9.43496"/>
            <trkpt lat="42.6913" lon="9.43485"/>
            <trkpt lat="42.69125" lon="9.43474"/>
            <trkpt lat="42.69118" lon="9.43464"/>
            <trkpt lat="42.6911" lon="9.43458"/>
            <trkpt lat="42.69102" lon="9.43454"/>
            <trkpt lat="42.69068" lon="9.4344"/>
            <trkpt lat="42.69018" lon="9.43418"/>
            <trkpt lat="42.6899" lon="9.43397"/>
            <trkpt lat="42.68979" lon="9.43385"/>
            <trkpt lat="42.68978" lon="9.43384"/>
            <trkpt lat="42.68975" lon="9.43383"/>
            <trkpt lat="42.68966" lon="9.4338"/>
            <trkpt lat="42.68948" lon="9.43377"/>
            <trkpt lat="42.68921" lon="9.43386"/>
            <trkpt lat="42.68912" lon="9.43387"/>
            <trkpt lat="42.68904" lon="9.43385"/>
            <trkpt lat="42.689" lon="9.43383"/>
            <trkpt lat="42.68897" lon="9.43375"/>
            <trkpt lat="42.68896" lon="9.43369"/>
            <trkpt lat="42.68897" lon="9.43358"/>
            <trkpt lat="42.68897" lon="9.43343"/>
            <trkpt lat="42.68894" lon="9.43327"/>
            <trkpt lat="42.68891" lon="9.43315"/>
            <trkpt lat="42.68888" lon="9.43296"/>
            <trkpt lat="42.6889" lon="9.4327"/>
            <trkpt lat="42.68894" lon="9.43247"/>
            <trkpt lat="42.68892" lon="9.43236"/>
            <trkpt lat="42.68888" lon="9.4323"/>
            <trkpt lat="42.68881" lon="9.43223"/>
            <trkpt lat="42.68872" lon="9.43221"/>
            <trkpt lat="42.68859" lon="9.43221"/>
            <trkpt lat="42.68852" lon="9.43219"/>
            <trkpt lat="42.68838" lon="9.43204"/>
            <trkpt lat="42.68834" lon="9.43199"/>
            <trkpt lat="42.68831" lon="9.43194"/>
            <trkpt lat="42.68822" lon="9.43178"/>
            <trkpt lat="42.68809" lon="9.43162"/>
            <trkpt lat="42.68795" lon="9.43149"/>
            <trkpt lat="42.6877" lon="9.43117"/>
            <trkpt lat="42.68762" lon="9.43102"/>
            <trkpt lat="42.68754" lon="9.43075"/>
            <trkpt lat="42.68747" lon="9.43047"/>
            <trkpt lat="42.68745" lon="9.43038"/>
            <trkpt lat="42.68741" lon="9.43029"/>
            <trkpt lat="42.68713" lon="9.4299"/>
            <trkpt lat="42.68704" lon="9.42979"/>
            <trkpt lat="42.68701" lon="9.42971"/>
            <trkpt lat="42.68699" lon="9.42965"/>
            <trkpt lat="42.68701" lon="9.42956"/>
            <trkpt lat="42.68709" lon="9.42931"/>
            <trkpt lat="42.68716" lon="9.42921"/>
            <trkpt lat="42.68736" lon="9.42897"/>
            <trkpt lat="42.68746" lon="9.42887"/>
            <trkpt lat="42.68755" lon="9.4288"/>
            <trkpt lat="42.68756" lon="9.42877"/>
            <trkpt lat="42.68758" lon="9.42874"/>
            <trkpt lat="42.68759" lon="9.42869"/>
            <trkpt lat="42.68759" lon="9.42865"/>
            <trkpt lat="42.68759" lon="9.42859"/>
            <trkpt lat="42.68758" lon="9.42855"/>
            <trkpt lat="42.68757" lon="9.42849"/>
            <trkpt lat="42.68754" lon="9.42844"/>
            <trkpt lat="42.68752" lon="9.4284"/>
            <trkpt lat="42.68744" lon="9.42835"/>
            <trkpt lat="42.68742" lon="9.4283"/>
            <trkpt lat="42.68729" lon="9.42821"/>
            <trkpt lat="42.68699" lon="9.42799"/>
            <trkpt lat="42.68696" lon="9.42806"/>
            <trkpt lat="42.68693" lon="9.42813"/>
            <trkpt lat="42.68691" lon="9.42816"/>
            <trkpt lat="42.68689" lon="9.42817"/>
            <trkpt lat="42.68686" lon="9.42818"/>
            <trkpt lat="42.68684" lon="9.42818"/>
            <trkpt lat="42.6868" lon="9.42817"/>
            <trkpt lat="42.68677" lon="9.42815"/>
            <trkpt lat="42.68669" lon="9.42808"/>
            <trkpt lat="42.68661" lon="9.42802"/>
            <trkpt lat="42.68657" lon="9.42799"/>
            <trkpt lat="42.68653" lon="9.42797"/>
            <trkpt lat="42.68646" lon="9.42795"/>
            <trkpt lat="42.68628" lon="9.42795"/>
            <trkpt lat="42.68622" lon="9.42794"/>
            <trkpt lat="42.68612" lon="9.42791"/>
            <trkpt lat="42.68608" lon="9.42788"/>
            <trkpt lat="42.68603" lon="9.42783"/>
            <trkpt lat="42.6859" lon="9.42766"/>
            <trkpt lat="42.68584" lon="9.42755"/>
            <trkpt lat="42.68579" lon="9.42737"/>
            <trkpt lat="42.68579" lon="9.4273"/>
            <trkpt lat="42.68579" lon="9.42722"/>
            <trkpt lat="42.68581" lon="9.42711"/>
            <trkpt lat="42.68584" lon="9.42701"/>
            <trkpt lat="42.68587" lon="9.42692"/>
            <trkpt lat="42.68595" lon="9.42676"/>
            <trkpt lat="42.68606" lon="9.42666"/>
            <trkpt lat="42.68629" lon="9.42652"/>
            <trkpt lat="42.68636" lon="9.42647"/>
            <trkpt lat="42.68639" lon="9.42643"/>
            <trkpt lat="42.68641" lon="9.4264"/>
            <trkpt lat="42.68643" lon="9.42635"/>
            <trkpt lat="42.68646" lon="9.42628"/>
            <trkpt lat="42.68646" lon="9.42627"/>
            <trkpt lat="42.68647" lon="9.42621"/>
            <trkpt lat="42.68648" lon="9.42612"/>
            <trkpt lat="42.68646" lon="9.42602"/>
            <trkpt lat="42.68644" lon="9.42592"/>
            <trkpt lat="42.68637" lon="9.42577"/>
            <trkpt lat="42.68601" lon="9.42499"/>
            <trkpt lat="42.68599" lon="9.42493"/>
            <trkpt lat="42.68597" lon="9.42486"/>
            <trkpt lat="42.68596" lon="9.4248"/>
            <trkpt lat="42.68596" lon="9.42471"/>
            <trkpt lat="42.68598" lon="9.42462"/>
            <trkpt lat="42.686" lon="9.42455"/>
            <trkpt lat="42.68604" lon="9.42446"/>
            <trkpt lat="42.68607" lon="9.42441"/>
            <trkpt lat="42.6861" lon="9.42438"/>
            <trkpt lat="42.68614" lon="9.42435"/>
            <trkpt lat="42.6862" lon="9.42431"/>
            <trkpt lat="42.68637" lon="9.4242"/>
            <trkpt lat="42.68642" lon="9.42417"/>
            <trkpt lat="42.68646" lon="9.42408"/>
            <trkpt lat="42.68649" lon="9.424"/>
            <trkpt lat="42.6865" lon="9.4239"/>
            <trkpt lat="42.68649" lon="9.42385"/>
            <trkpt lat="42.68647" lon="9.42379"/>
            <trkpt lat="42.68644" lon="9.42372"/>
            <trkpt lat="42.6864" lon="9.42367"/>
            <trkpt lat="42.68633" lon="9.42363"/>
            <trkpt lat="42.68606" lon="9.42358"/>
            <trkpt lat="42.686" lon="9.42354"/>
            <trkpt lat="42.68596" lon="9.42351"/>
            <trkpt lat="42.68592" lon="9.42345"/>
            <trkpt lat="42.68589" lon="9.4234"/>
            <trkpt lat="42.68583" lon="9.4233"/>
            <trkpt lat="42.68572" lon="9.42311"/>
            <trkpt lat="42.68563" lon="9.42298"/>
            <trkpt lat="42.68555" lon="9.4229"/>
            <trkpt lat="42.68546" lon="9.42283"/>
            <trkpt lat="42.68517" lon="9.42264"/>
            <trkpt lat="42.68506" lon="9.42254"/>
            <trkpt lat="42.68497" lon="9.42241"/>
            <trkpt lat="42.68489" lon="9.42226"/>
            <trkpt lat="42.68487" lon="9.42218"/>
            <trkpt lat="42.68484" lon="9.42199"/>
            <trkpt lat="42.68483" lon="9.42186"/>
            <trkpt lat="42.68485" lon="9.42158"/>
            <trkpt lat="42.68485" lon="9.42139"/>
            <trkpt lat="42.68482" lon="9.42129"/>
            <trkpt lat="42.68479" lon="9.42122"/>
            <trkpt lat="42.68475" lon="9.42116"/>
            <trkpt lat="42.68471" lon="9.42113"/>
            <trkpt lat="42.68459" lon="9.42104"/>
            <trkpt lat="42.68448" lon="9.421"/>
            <trkpt lat="42.68445" lon="9.421"/>
            <trkpt lat="42.68439" lon="9.42099"/>
            <trkpt lat="42.68436" lon="9.421"/>
            <trkpt lat="42.68431" lon="9.42103"/>
            <trkpt lat="42.68426" lon="9.42108"/>
            <trkpt lat="42.68416" lon="9.4212"/>
            <trkpt lat="42.68411" lon="9.42126"/>
            <trkpt lat="42.68396" lon="9.42141"/>
            <trkpt lat="42.68389" lon="9.42145"/>
            <trkpt lat="42.6838" lon="9.42149"/>
            <trkpt lat="42.68371" lon="9.42151"/>
            <trkpt lat="42.68332" lon="9.42163"/>
            <trkpt lat="42.68321" lon="9.42169"/>
            <trkpt lat="42.68287" lon="9.42194"/>
            <trkpt lat="42.68282" lon="9.4219"/>
            <trkpt lat="42.6828" lon="9.42189"/>
            <trkpt lat="42.68278" lon="9.42184"/>
            <trkpt lat="42.68276" lon="9.42182"/>
            <trkpt lat="42.68275" lon="9.42178"/>
            <trkpt lat="42.68282" lon="9.42155"/>
            <trkpt lat="42.68284" lon="9.42144"/>
            <trkpt lat="42.68292" lon="9.42126"/>
            <trkpt lat="42.68296" lon="9.42113"/>
            <trkpt lat="42.68302" lon="9.42103"/>
            <trkpt lat="42.68319" lon="9.42073"/>
            <trkpt lat="42.68323" lon="9.42067"/>
            <trkpt lat="42.68331" lon="9.42063"/>
            <trkpt lat="42.68335" lon="9.42061"/>
            <trkpt lat="42.6834" lon="9.4206"/>
            <trkpt lat="42.68356" lon="9.4206"/>
            <trkpt lat="42.68374" lon="9.42062"/>
            <trkpt lat="42.68384" lon="9.42057"/>
            <trkpt lat="42.68388" lon="9.42054"/>
            <trkpt lat="42.68394" lon="9.42047"/>
            <trkpt lat="42.68414" lon="9.42013"/>
            <trkpt lat="42.68429" lon="9.41977"/>
            <trkpt lat="42.68439" lon="9.41944"/>
            <trkpt lat="42.68467" lon="9.41857"/>
            <trkpt lat="42.68515" lon="9.41685"/>
            <trkpt lat="42.6852" lon="9.41668"/>
            <trkpt lat="42.68521" lon="9.41655"/>
            <trkpt lat="42.68519" lon="9.41648"/>
            <trkpt lat="42.68514" lon="9.41643"/>
            <trkpt lat="42.68513" lon="9.41644"/>
            <trkpt lat="42.68508" lon="9.41644"/>
            <trkpt lat="42.68502" lon="9.41647"/>
            <trkpt lat="42.68478" lon="9.41665"/>
            <trkpt lat="42.68474" lon="9.41666"/>
            <trkpt lat="42.68471" lon="9.41666"/>
            <trkpt lat="42.68467" lon="9.41666"/>
            <trkpt lat="42.68423" lon="9.41652"/>
            <trkpt lat="42.68412" lon="9.41648"/>
            <trkpt lat="42.68383" lon="9.41644"/>
            <trkpt lat="42.68352" lon="9.41646"/>
            <trkpt lat="42.68317" lon="9.41646"/>
            <trkpt lat="42.683" lon="9.41641"/>
            <trkpt lat="42.68279" lon="9.41639"/>
            <trkpt lat="42.68259" lon="9.41645"/>
            <trkpt lat="42.68244" lon="9.41653"/>
            <trkpt lat="42.68222" lon="9.41659"/>
            <trkpt lat="42.6814" lon="9.41674"/>
            <trkpt lat="42.68122" lon="9.41677"/>
            <trkpt lat="42.68102" lon="9.41677"/>
            <trkpt lat="42.68095" lon="9.41675"/>
            <trkpt lat="42.68085" lon="9.41668"/>
            <trkpt lat="42.68079" lon="9.41664"/>
            <trkpt lat="42.68072" lon="9.41655"/>
            <trkpt lat="42.68066" lon="9.41641"/>
            <trkpt lat="42.68063" lon="9.41634"/>
            <trkpt lat="42.68061" lon="9.41625"/>
            <trkpt lat="42.6806" lon="9.41615"/>
            <trkpt lat="42.68059" lon="9.41601"/>
            <trkpt lat="42.68059" lon="9.41544"/>
            <trkpt lat="42.68059" lon="9.41538"/>
            <trkpt lat="42.68057" lon="9.41528"/>
            <trkpt lat="42.68051" lon="9.41508"/>
            <trkpt lat="42.68051" lon="9.41506"/>
            <trkpt lat="42.68049" lon="9.41501"/>
            <trkpt lat="42.68043" lon="9.41492"/>
            <trkpt lat="42.68037" lon="9.41486"/>
            <trkpt lat="42.68031" lon="9.41482"/>
            <trkpt lat="42.68019" lon="9.41475"/>
            <trkpt lat="42.68012" lon="9.41472"/>
            <trkpt lat="42.68008" lon="9.41468"/>
            <trkpt lat="42.68006" lon="9.41466"/>
            <trkpt lat="42.68" lon="9.41459"/>
            <trkpt lat="42.67999" lon="9.41457"/>
            <trkpt lat="42.67991" lon="9.41445"/>
            <trkpt lat="42.67987" lon="9.41438"/>
            <trkpt lat="42.67983" lon="9.41429"/>
            <trkpt lat="42.67977" lon="9.41409"/>
            <trkpt lat="42.67977" lon="9.41405"/>
            <trkpt lat="42.67972" lon="9.41387"/>
            <trkpt lat="42.67965" lon="9.4137"/>
            <trkpt lat="42.67944" lon="9.41333"/>
            <trkpt lat="42.67935" lon="9.4132"/>
            <trkpt lat="42.67929" lon="9.41313"/>
            <trkpt lat="42.67884" lon="9.41279"/>
            <trkpt lat="42.67881" lon="9.41279"/>
            <trkpt lat="42.67877" lon="9.41274"/>
            <trkpt lat="42.67873" lon="9.41268"/>
            <trkpt lat="42.6787" lon="9.41257"/>
            <trkpt lat="42.67868" lon="9.41249"/>
            <trkpt lat="42.67867" lon="9.41237"/>
            <trkpt lat="42.67868" lon="9.41228"/>
            <trkpt lat="42.67873" lon="9.41194"/>
            <trkpt lat="42.67882" lon="9.41165"/>
            <trkpt lat="42.67884" lon="9.41156"/>
            <trkpt lat="42.67884" lon="9.41149"/>
            <trkpt lat="42.67884" lon="9.4114"/>
            <trkpt lat="42.67882" lon="9.41133"/>
            <trkpt lat="42.67876" lon="9.41111"/>
            <trkpt lat="42.67875" lon="9.41105"/>
            <trkpt lat="42.67874" lon="9.41094"/>
            <trkpt lat="42.67876" lon="9.41065"/>
            <trkpt lat="42.67883" lon="9.41016"/>
            <trkpt lat="42.67888" lon="9.40996"/>
            <trkpt lat="42.6791" lon="9.40941"/>
            <trkpt lat="42.67917" lon="9.40929"/>
            <trkpt lat="42.67949" lon="9.40885"/>
            <trkpt lat="42.67951" lon="9.4088"/>
            <trkpt lat="42.67952" lon="9.40872"/>
            <trkpt lat="42.67957" lon="9.40823"/>
            <trkpt lat="42.67956" lon="9.40816"/>
            <trkpt lat="42.67955" lon="9.40812"/>
            <trkpt lat="42.67945" lon="9.408"/>
            <trkpt lat="42.67938" lon="9.40792"/>
            <trkpt lat="42.67917" lon="9.40776"/>
            <trkpt lat="42.67875" lon="9.40756"/>
            <trkpt lat="42.67749" lon="9.40697"/>
            <trkpt lat="42.67742" lon="9.40692"/>
            <trkpt lat="42.67735" lon="9.40685"/>
            <trkpt lat="42.67732" lon="9.40681"/>
            <trkpt lat="42.67723" lon="9.40666"/>
            <trkpt lat="42.67721" lon="9.40658"/>
            <trkpt lat="42.67705" lon="9.40575"/>
            <trkpt lat="42.67701" lon="9.40547"/>
            <trkpt lat="42.67697" lon="9.40504"/>
            <trkpt lat="42.67697" lon="9.40493"/>
            <trkpt lat="42.67698" lon="9.4048"/>
            <trkpt lat="42.67699" lon="9.4047"/>
            <trkpt lat="42.67703" lon="9.40454"/>
            <trkpt lat="42.67706" lon="9.40447"/>
            <trkpt lat="42.67716" lon="9.4043"/>
            <trkpt lat="42.67758" lon="9.40359"/>
            <trkpt lat="42.67776" lon="9.40336"/>
            <trkpt lat="42.6779" lon="9.40324"/>
            <trkpt lat="42.67816" lon="9.40308"/>
            <trkpt lat="42.67826" lon="9.40299"/>
            <trkpt lat="42.67862" lon="9.40256"/>
            <trkpt lat="42.67871" lon="9.40248"/>
            <trkpt lat="42.67879" lon="9.40241"/>
            <trkpt lat="42.67919" lon="9.40215"/>
            <trkpt lat="42.67928" lon="9.40212"/>
            <trkpt lat="42.67933" lon="9.40211"/>
            <trkpt lat="42.6794" lon="9.40211"/>
            <trkpt lat="42.67963" lon="9.40217"/>
            <trkpt lat="42.67979" lon="9.40218"/>
            <trkpt lat="42.68022" lon="9.40211"/>
            <trkpt lat="42.68038" lon="9.40205"/>
            <trkpt lat="42.68048" lon="9.40197"/>
            <trkpt lat="42.68071" lon="9.40163"/>
            <trkpt lat="42.68101" lon="9.40121"/>
            <trkpt lat="42.68103" lon="9.40116"/>
            <trkpt lat="42.68104" lon="9.4011"/>
            <trkpt lat="42.68105" lon="9.40104"/>
            <trkpt lat="42.68104" lon="9.40096"/>
            <trkpt lat="42.68098" lon="9.4008"/>
            <trkpt lat="42.68076" lon="9.40039"/>
            <trkpt lat="42.68068" lon="9.40028"/>
            <trkpt lat="42.68048" lon="9.40009"/>
            <trkpt lat="42.6801" lon="9.3997"/>
            <trkpt lat="42.67992" lon="9.39947"/>
            <trkpt lat="42.67965" lon="9.39903"/>
            <trkpt lat="42.67962" lon="9.39894"/>
            <trkpt lat="42.6796" lon="9.39885"/>
            <trkpt lat="42.6796" lon="9.39872"/>
            <trkpt lat="42.67966" lon="9.39809"/>
            <trkpt lat="42.67965" lon="9.39786"/>
            <trkpt lat="42.67962" lon="9.39767"/>
            <trkpt lat="42.67959" lon="9.39755"/>
            <trkpt lat="42.67952" lon="9.39738"/>
            <trkpt lat="42.67911" lon="9.39661"/>
            <trkpt lat="42.67895" lon="9.39628"/>
            <trkpt lat="42.67889" lon="9.39607"/>
            <trkpt lat="42.67889" lon="9.39592"/>
            <trkpt lat="42.679" lon="9.39494"/>
            <trkpt lat="42.67901" lon="9.39486"/>
            <trkpt lat="42.67904" lon="9.39478"/>
            <trkpt lat="42.67938" lon="9.39392"/>
            <trkpt lat="42.67952" lon="9.39355"/>
            <trkpt lat="42.67962" lon="9.39321"/>
            <trkpt lat="42.67992" lon="9.39211"/>
            <trkpt lat="42.67994" lon="9.39202"/>
            <trkpt lat="42.67994" lon="9.39194"/>
            <trkpt lat="42.67993" lon="9.39186"/>
            <trkpt lat="42.67992" lon="9.39178"/>
            <trkpt lat="42.67988" lon="9.39166"/>
            <trkpt lat="42.67983" lon="9.39153"/>
            <trkpt lat="42.67976" lon="9.39141"/>
            <trkpt lat="42.67957" lon="9.39118"/>
            <trkpt lat="42.67918" lon="9.39076"/>
            <trkpt lat="42.67904" lon="9.39066"/>
            <trkpt lat="42.67894" lon="9.39061"/>
            <trkpt lat="42.67868" lon="9.39057"/>
            <trkpt lat="42.67841" lon="9.39047"/>
            <trkpt lat="42.67824" lon="9.39044"/>
            <trkpt lat="42.67773" lon="9.39051"/>
            <trkpt lat="42.6775" lon="9.39058"/>
            <trkpt lat="42.67714" lon="9.39072"/>
            <trkpt lat="42.67695" lon="9.39079"/>
            <trkpt lat="42.6769" lon="9.39079"/>
            <trkpt lat="42.67682" lon="9.39079"/>
            <trkpt lat="42.67674" lon="9.39076"/>
            <trkpt lat="42.67657" lon="9.39065"/>
            <trkpt lat="42.67643" lon="9.39053"/>
            <trkpt lat="42.67635" lon="9.39042"/>
            <trkpt lat="42.67628" lon="9.39031"/>
            <trkpt lat="42.67623" lon="9.3902"/>
            <trkpt lat="42.67619" lon="9.39004"/>
            <trkpt lat="42.67616" lon="9.3894"/>
            <trkpt lat="42.67613" lon="9.38909"/>
            <trkpt lat="42.67612" lon="9.38864"/>
            <trkpt lat="42.67613" lon="9.38853"/>
            <trkpt lat="42.67615" lon="9.38845"/>
            <trkpt lat="42.67618" lon="9.38837"/>
            <trkpt lat="42.6765" lon="9.38789"/>
            <trkpt lat="42.67685" lon="9.38726"/>
            <trkpt lat="42.67687" lon="9.38721"/>
            <trkpt lat="42.67705" lon="9.38681"/>
            <trkpt lat="42.6772" lon="9.38639"/>
            <trkpt lat="42.67721" lon="9.38625"/>
            <trkpt lat="42.6772" lon="9.38582"/>
            <trkpt lat="42.67723" lon="9.38558"/>
            <trkpt lat="42.67726" lon="9.38548"/>
            <trkpt lat="42.6775" lon="9.38494"/>
            <trkpt lat="42.67761" lon="9.38466"/>
            <trkpt lat="42.6777" lon="9.38435"/>
            <trkpt lat="42.67772" lon="9.38425"/>
            <trkpt lat="42.67772" lon="9.38412"/>
            <trkpt lat="42.6777" lon="9.384"/>
            <trkpt lat="42.67767" lon="9.3839"/>
            <trkpt lat="42.67763" lon="9.38379"/>
            <trkpt lat="42.6775" lon="9.38355"/>
            <trkpt lat="42.6774" lon="9.38345"/>
            <trkpt lat="42.67726" lon="9.38334"/>
            <trkpt lat="42.67702" lon="9.3832"/>
            <trkpt lat="42.67696" lon="9.38313"/>
            <trkpt lat="42.67694" lon="9.38309"/>
            <trkpt lat="42.67692" lon="9.38301"/>
            <trkpt lat="42.67693" lon="9.38293"/>
            <trkpt lat="42.67694" lon="9.3829"/>
            <trkpt lat="42.67694" lon="9.38288"/>
            <trkpt lat="42.67695" lon="9.38284"/>
            <trkpt lat="42.67697" lon="9.3828"/>
            <trkpt lat="42.677" lon="9.38278"/>
            <trkpt lat="42.67708" lon="9.38275"/>
            <trkpt lat="42.67709" lon="9.38275"/>
            <trkpt lat="42.67713" lon="9.38275"/>
            <trkpt lat="42.67717" lon="9.38276"/>
            <trkpt lat="42.6773" lon="9.38286"/>
            <trkpt lat="42.67768" lon="9.38324"/>
            <trkpt lat="42.6778" lon="9.38334"/>
            <trkpt lat="42.67787" lon="9.38338"/>
            <trkpt lat="42.67804" lon="9.38349"/>
            <trkpt lat="42.67819" lon="9.38361"/>
            <trkpt lat="42.6784" lon="9.38383"/>
            <trkpt lat="42.6785" lon="9.3839"/>
            <trkpt lat="42.67874" lon="9.38393"/>
            <trkpt lat="42.67897" lon="9.38392"/>
            <trkpt lat="42.67917" lon="9.38393"/>
            <trkpt lat="42.6795" lon="9.38401"/>
            <trkpt lat="42.67971" lon="9.38409"/>
            <trkpt lat="42.67999" lon="9.38418"/>
            <trkpt lat="42.68021" lon="9.38421"/>
            <trkpt lat="42.68042" lon="9.38427"/>
            <trkpt lat="42.68051" lon="9.38432"/>
            <trkpt lat="42.6806" lon="9.38439"/>
            <trkpt lat="42.68068" lon="9.38448"/>
            <trkpt lat="42.68075" lon="9.38458"/>
            <trkpt lat="42.68082" lon="9.3847"/>
            <trkpt lat="42.68099" lon="9.38505"/>
            <trkpt lat="42.68124" lon="9.3855"/>
            <trkpt lat="42.68136" lon="9.38573"/>
            <trkpt lat="42.68156" lon="9.38605"/>
            <trkpt lat="42.68207" lon="9.38674"/>
            <trkpt lat="42.68223" lon="9.38692"/>
            <trkpt lat="42.68232" lon="9.38698"/>
            <trkpt lat="42.68243" lon="9.38696"/>
            <trkpt lat="42.68247" lon="9.38693"/>
            <trkpt lat="42.68249" lon="9.38688"/>
            <trkpt lat="42.6825" lon="9.38683"/>
            <trkpt lat="42.6825" lon="9.38676"/>
            <trkpt lat="42.6825" lon="9.3867"/>
            <trkpt lat="42.68245" lon="9.38661"/>
            <trkpt lat="42.68223" lon="9.38625"/>
            <trkpt lat="42.68195" lon="9.38574"/>
            <trkpt lat="42.68175" lon="9.38527"/>
            <trkpt lat="42.68169" lon="9.38508"/>
            <trkpt lat="42.68168" lon="9.38497"/>
            <trkpt lat="42.68133" lon="9.3839"/>
            <trkpt lat="42.68125" lon="9.3837"/>
            <trkpt lat="42.68101" lon="9.38304"/>
            <trkpt lat="42.68093" lon="9.38287"/>
            <trkpt lat="42.68084" lon="9.38276"/>
            <trkpt lat="42.68078" lon="9.38273"/>
            <trkpt lat="42.68072" lon="9.38271"/>
            <trkpt lat="42.68052" lon="9.38271"/>
            <trkpt lat="42.68043" lon="9.38268"/>
            <trkpt lat="42.68034" lon="9.38263"/>
            <trkpt lat="42.6803" lon="9.38257"/>
            <trkpt lat="42.68022" lon="9.38232"/>
            <trkpt lat="42.68017" lon="9.38222"/>
            <trkpt lat="42.68012" lon="9.38216"/>
            <trkpt lat="42.68006" lon="9.3821"/>
            <trkpt lat="42.67975" lon="9.38192"/>
            <trkpt lat="42.67955" lon="9.38175"/>
            <trkpt lat="42.67946" lon="9.38165"/>
            <trkpt lat="42.6794" lon="9.38157"/>
            <trkpt lat="42.67938" lon="9.38151"/>
            <trkpt lat="42.67936" lon="9.38144"/>
            <trkpt lat="42.67933" lon="9.38117"/>
            <trkpt lat="42.67924" lon="9.38079"/>
            <trkpt lat="42.67923" lon="9.38066"/>
            <trkpt lat="42.67923" lon="9.38056"/>
            <trkpt lat="42.67925" lon="9.38046"/>
            <trkpt lat="42.67929" lon="9.38034"/>
            <trkpt lat="42.6796" lon="9.37955"/>
            <trkpt lat="42.6797" lon="9.37911"/>
            <trkpt lat="42.67972" lon="9.37904"/>
            <trkpt lat="42.67977" lon="9.37897"/>
            <trkpt lat="42.67981" lon="9.37895"/>
            <trkpt lat="42.67986" lon="9.37897"/>
            <trkpt lat="42.67989" lon="9.37903"/>
            <trkpt lat="42.67991" lon="9.3791"/>
            <trkpt lat="42.6799" lon="9.37918"/>
            <trkpt lat="42.67989" lon="9.37928"/>
            <trkpt lat="42.67968" lon="9.38002"/>
            <trkpt lat="42.67965" lon="9.38017"/>
            <trkpt lat="42.67964" lon="9.3803"/>
            <trkpt lat="42.67966" lon="9.38039"/>
            <trkpt lat="42.6797" lon="9.38047"/>
            <trkpt lat="42.67981" lon="9.38062"/>
            <trkpt lat="42.67987" lon="9.38068"/>
            <trkpt lat="42.68" lon="9.38075"/>
            <trkpt lat="42.68015" lon="9.3808"/>
            <trkpt lat="42.68037" lon="9.38084"/>
            <trkpt lat="42.6806" lon="9.38085"/>
            <trkpt lat="42.68069" lon="9.38082"/>
            <trkpt lat="42.68081" lon="9.38074"/>
            <trkpt lat="42.68119" lon="9.38042"/>
            <trkpt lat="42.68146" lon="9.38025"/>
            <trkpt lat="42.68154" lon="9.38023"/>
            <trkpt lat="42.68161" lon="9.38024"/>
            <trkpt lat="42.68169" lon="9.38027"/>
            <trkpt lat="42.68175" lon="9.38033"/>
            <trkpt lat="42.68182" lon="9.38041"/>
            <trkpt lat="42.68184" lon="9.38049"/>
            <trkpt lat="42.68187" lon="9.3806"/>
            <trkpt lat="42.68192" lon="9.38078"/>
            <trkpt lat="42.68197" lon="9.38088"/>
            <trkpt lat="42.68202" lon="9.38095"/>
            <trkpt lat="42.68217" lon="9.38112"/>
            <trkpt lat="42.6825" lon="9.38134"/>
            <trkpt lat="42.68261" lon="9.38139"/>
            <trkpt lat="42.68279" lon="9.38143"/>
            <trkpt lat="42.68322" lon="9.38151"/>
            <trkpt lat="42.68341" lon="9.38152"/>
            <trkpt lat="42.68386" lon="9.3815"/>
            <trkpt lat="42.68399" lon="9.38152"/>
            <trkpt lat="42.68411" lon="9.38157"/>
            <trkpt lat="42.68418" lon="9.38163"/>
            <trkpt lat="42.68425" lon="9.38171"/>
            <trkpt lat="42.68431" lon="9.38177"/>
            <trkpt lat="42.68442" lon="9.38183"/>
            <trkpt lat="42.68452" lon="9.38185"/>
            <trkpt lat="42.68466" lon="9.38185"/>
            <trkpt lat="42.68487" lon="9.38182"/>
            <trkpt lat="42.6851" lon="9.38176"/>
            <trkpt lat="42.68562" lon="9.3816"/>
            <trkpt lat="42.68594" lon="9.38151"/>
            <trkpt lat="42.68624" lon="9.38148"/>
            <trkpt lat="42.6867" lon="9.38147"/>
            <trkpt lat="42.68698" lon="9.38149"/>
            <trkpt lat="42.68705" lon="9.3815"/>
            <trkpt lat="42.68713" lon="9.38153"/>
            <trkpt lat="42.6873" lon="9.38166"/>
            <trkpt lat="42.68742" lon="9.38184"/>
            <trkpt lat="42.68745" lon="9.3819"/>
            <trkpt lat="42.68753" lon="9.3821"/>
            <trkpt lat="42.68758" lon="9.38232"/>
            <trkpt lat="42.68759" lon="9.38236"/>
            <trkpt lat="42.68762" lon="9.38244"/>
            <trkpt lat="42.68766" lon="9.38249"/>
            <trkpt lat="42.68772" lon="9.3825"/>
            <trkpt lat="42.68783" lon="9.38249"/>
            <trkpt lat="42.6879" lon="9.38246"/>
            <trkpt lat="42.68795" lon="9.3824"/>
            <trkpt lat="42.68799" lon="9.38232"/>
            <trkpt lat="42.68802" lon="9.38228"/>
            <trkpt lat="42.68803" lon="9.38222"/>
            <trkpt lat="42.68804" lon="9.38209"/>
            <trkpt lat="42.68804" lon="9.38196"/>
            <trkpt lat="42.68801" lon="9.38183"/>
            <trkpt lat="42.68801" lon="9.38172"/>
            <trkpt lat="42.68803" lon="9.38163"/>
            <trkpt lat="42.68808" lon="9.38146"/>
            <trkpt lat="42.68826" lon="9.38104"/>
            <trkpt lat="42.68832" lon="9.38089"/>
            <trkpt lat="42.68838" lon="9.3807"/>
            <trkpt lat="42.68841" lon="9.38056"/>
            <trkpt lat="42.68842" lon="9.38043"/>
            <trkpt lat="42.68841" lon="9.37973"/>
            <trkpt lat="42.68842" lon="9.37966"/>
            <trkpt lat="42.68844" lon="9.37959"/>
            <trkpt lat="42.6885" lon="9.37949"/>
            <trkpt lat="42.68851" lon="9.37949"/>
            <trkpt lat="42.68857" lon="9.3794"/>
            <trkpt lat="42.68872" lon="9.37925"/>
            <trkpt lat="42.68877" lon="9.37919"/>
            <trkpt lat="42.68881" lon="9.37916"/>
            <trkpt lat="42.68894" lon="9.37904"/>
            <trkpt lat="42.68897" lon="9.37899"/>
            <trkpt lat="42.68899" lon="9.37896"/>
            <trkpt lat="42.68923" lon="9.37856"/>
            <trkpt lat="42.68928" lon="9.37844"/>
            <trkpt lat="42.68931" lon="9.37828"/>
            <trkpt lat="42.68932" lon="9.37798"/>
            <trkpt lat="42.68929" lon="9.37757"/>
            <trkpt lat="42.68938" lon="9.37739"/>
            <trkpt lat="42.68946" lon="9.3773"/>
            <trkpt lat="42.68956" lon="9.37723"/>
            <trkpt lat="42.68973" lon="9.37721"/>
            <trkpt lat="42.68988" lon="9.37725"/>
            <trkpt lat="42.68995" lon="9.3773"/>
            <trkpt lat="42.69011" lon="9.37747"/>
            <trkpt lat="42.69021" lon="9.37757"/>
            <trkpt lat="42.69027" lon="9.37762"/>
            <trkpt lat="42.69035" lon="9.37765"/>
            <trkpt lat="42.69042" lon="9.37766"/>
            <trkpt lat="42.69046" lon="9.37765"/>
            <trkpt lat="42.6905" lon="9.37765"/>
            <trkpt lat="42.69051" lon="9.37765"/>
            <trkpt lat="42.69063" lon="9.3776"/>
            <trkpt lat="42.69069" lon="9.37756"/>
            <trkpt lat="42.69075" lon="9.37749"/>
            <trkpt lat="42.69079" lon="9.37742"/>
            <trkpt lat="42.69082" lon="9.37735"/>
            <trkpt lat="42.69087" lon="9.3772"/>
            <trkpt lat="42.69102" lon="9.37658"/>
            <trkpt lat="42.69111" lon="9.37629"/>
            <trkpt lat="42.69123" lon="9.37607"/>
            <trkpt lat="42.69144" lon="9.37581"/>
            <trkpt lat="42.69151" lon="9.37573"/>
            <trkpt lat="42.69163" lon="9.37554"/>
            <trkpt lat="42.69166" lon="9.37545"/>
            <trkpt lat="42.69168" lon="9.37535"/>
            <trkpt lat="42.69169" lon="9.37514"/>
            <trkpt lat="42.69169" lon="9.37496"/>
            <trkpt lat="42.69168" lon="9.3749"/>
            <trkpt lat="42.69163" lon="9.3743"/>
            <trkpt lat="42.69163" lon="9.37379"/>
            <trkpt lat="42.69165" lon="9.37365"/>
            <trkpt lat="42.69167" lon="9.37357"/>
            <trkpt lat="42.69171" lon="9.37347"/>
            <trkpt lat="42.69177" lon="9.3734"/>
            <trkpt lat="42.69187" lon="9.37328"/>
            <trkpt lat="42.692" lon="9.37316"/>
            <trkpt lat="42.69212" lon="9.37309"/>
            <trkpt lat="42.69215" lon="9.37306"/>
            <trkpt lat="42.69228" lon="9.37303"/>
            <trkpt lat="42.69235" lon="9.37304"/>
            <trkpt lat="42.69242" lon="9.37308"/>
            <trkpt lat="42.69247" lon="9.37314"/>
            <trkpt lat="42.69253" lon="9.37324"/>
            <trkpt lat="42.69262" lon="9.37344"/>
            <trkpt lat="42.69282" lon="9.3741"/>
            <trkpt lat="42.69287" lon="9.37424"/>
            <trkpt lat="42.69298" lon="9.37454"/>
            <trkpt lat="42.69315" lon="9.37483"/>
            <trkpt lat="42.69322" lon="9.37491"/>
            <trkpt lat="42.69326" lon="9.37495"/>
            <trkpt lat="42.69331" lon="9.37496"/>
            <trkpt lat="42.69341" lon="9.37497"/>
            <trkpt lat="42.69346" lon="9.37496"/>
            <trkpt lat="42.6935" lon="9.37493"/>
            <trkpt lat="42.69354" lon="9.37489"/>
            <trkpt lat="42.69358" lon="9.37482"/>
            <trkpt lat="42.6936" lon="9.37477"/>
            <trkpt lat="42.69361" lon="9.3747"/>
            <trkpt lat="42.69362" lon="9.37448"/>
            <trkpt lat="42.69365" lon="9.3743"/>
            <trkpt lat="42.69369" lon="9.37422"/>
            <trkpt lat="42.69385" lon="9.37389"/>
            <trkpt lat="42.69402" lon="9.37362"/>
            <trkpt lat="42.69412" lon="9.37346"/>
            <trkpt lat="42.69416" lon="9.37342"/>
            <trkpt lat="42.69418" lon="9.37339"/>
            <trkpt lat="42.69423" lon="9.37336"/>
            <trkpt lat="42.69424" lon="9.37335"/>
            <trkpt lat="42.69448" lon="9.37328"/>
            <trkpt lat="42.69454" lon="9.37325"/>
            <trkpt lat="42.6946" lon="9.37319"/>
            <trkpt lat="42.69466" lon="9.37312"/>
            <trkpt lat="42.69468" lon="9.37307"/>
            <trkpt lat="42.69469" lon="9.373"/>
            <trkpt lat="42.69468" lon="9.37293"/>
            <trkpt lat="42.69467" lon="9.37285"/>
            <trkpt lat="42.69463" lon="9.3727"/>
            <trkpt lat="42.69462" lon="9.37263"/>
            <trkpt lat="42.69461" lon="9.37249"/>
            <trkpt lat="42.69464" lon="9.37236"/>
            <trkpt lat="42.69467" lon="9.37227"/>
            <trkpt lat="42.69486" lon="9.37193"/>
            <trkpt lat="42.69495" lon="9.37174"/>
            <trkpt lat="42.69498" lon="9.37167"/>
            <trkpt lat="42.69501" lon="9.37153"/>
            <trkpt lat="42.69502" lon="9.37139"/>
            <trkpt lat="42.69503" lon="9.37109"/>
            <trkpt lat="42.69501" lon="9.37098"/>
            <trkpt lat="42.69491" lon="9.37068"/>
            <trkpt lat="42.69472" lon="9.37016"/>
            <trkpt lat="42.6947" lon="9.37008"/>
            <trkpt lat="42.69469" lon="9.36998"/>
            <trkpt lat="42.69469" lon="9.36979"/>
            <trkpt lat="42.6947" lon="9.36969"/>
            <trkpt lat="42.69472" lon="9.36961"/>
            <trkpt lat="42.69474" lon="9.36953"/>
            <trkpt lat="42.69482" lon="9.36936"/>
            <trkpt lat="42.69528" lon="9.36876"/>
            <trkpt lat="42.69547" lon="9.36858"/>
            <trkpt lat="42.69556" lon="9.36852"/>
            <trkpt lat="42.69563" lon="9.36849"/>
            <trkpt lat="42.69574" lon="9.36849"/>
            <trkpt lat="42.69583" lon="9.36853"/>
            <trkpt lat="42.69593" lon="9.36863"/>
            <trkpt lat="42.69605" lon="9.36879"/>
            <trkpt lat="42.69618" lon="9.36911"/>
            <trkpt lat="42.69625" lon="9.36924"/>
            <trkpt lat="42.69631" lon="9.36932"/>
            <trkpt lat="42.69637" lon="9.36936"/>
            <trkpt lat="42.69645" lon="9.36938"/>
            <trkpt lat="42.69654" lon="9.36936"/>
            <trkpt lat="42.6967" lon="9.36931"/>
            <trkpt lat="42.69677" lon="9.36928"/>
            <trkpt lat="42.69687" lon="9.36927"/>
            <trkpt lat="42.69702" lon="9.36935"/>
            <trkpt lat="42.69709" lon="9.36936"/>
            <trkpt lat="42.69717" lon="9.36934"/>
            <trkpt lat="42.69723" lon="9.36928"/>
            <trkpt lat="42.69726" lon="9.3692"/>
            <trkpt lat="42.69727" lon="9.36909"/>
            <trkpt lat="42.69726" lon="9.3689"/>
            <trkpt lat="42.69721" lon="9.36836"/>
            <trkpt lat="42.69721" lon="9.36779"/>
            <trkpt lat="42.69721" lon="9.3674"/>
            <trkpt lat="42.69723" lon="9.36723"/>
            <trkpt lat="42.69726" lon="9.36713"/>
            <trkpt lat="42.69731" lon="9.36705"/>
            <trkpt lat="42.69738" lon="9.36699"/>
            <trkpt lat="42.69745" lon="9.36697"/>
            <trkpt lat="42.69752" lon="9.36699"/>
            <trkpt lat="42.69761" lon="9.36702"/>
            <trkpt lat="42.69771" lon="9.36709"/>
            <trkpt lat="42.6978" lon="9.36712"/>
            <trkpt lat="42.69788" lon="9.36712"/>
            <trkpt lat="42.698" lon="9.36711"/>
            <trkpt lat="42.69806" lon="9.36713"/>
            <trkpt lat="42.69827" lon="9.36728"/>
            <trkpt lat="42.69829" lon="9.3673"/>
            <trkpt lat="42.69837" lon="9.36733"/>
            <trkpt lat="42.69844" lon="9.36733"/>
            <trkpt lat="42.69851" lon="9.3673"/>
            <trkpt lat="42.69856" lon="9.36723"/>
            <trkpt lat="42.6986" lon="9.36715"/>
            <trkpt lat="42.69868" lon="9.36683"/>
            <trkpt lat="42.69872" lon="9.36673"/>
            <trkpt lat="42.69876" lon="9.36665"/>
            <trkpt lat="42.69892" lon="9.36644"/>
            <trkpt lat="42.69897" lon="9.36636"/>
            <trkpt lat="42.69899" lon="9.3663"/>
            <trkpt lat="42.699" lon="9.36621"/>
            <trkpt lat="42.699" lon="9.36613"/>
            <trkpt lat="42.69898" lon="9.36594"/>
            <trkpt lat="42.69898" lon="9.36575"/>
            <trkpt lat="42.69902" lon="9.36557"/>
            <trkpt lat="42.69906" lon="9.36547"/>
            <trkpt lat="42.69912" lon="9.3654"/>
            <trkpt lat="42.69917" lon="9.36537"/>
            <trkpt lat="42.69919" lon="9.36536"/>
            <trkpt lat="42.69925" lon="9.36535"/>
            <trkpt lat="42.69932" lon="9.36535"/>
            <trkpt lat="42.69943" lon="9.36538"/>
            <trkpt lat="42.6997" lon="9.36555"/>
            <trkpt lat="42.69978" lon="9.36557"/>
            <trkpt lat="42.69986" lon="9.36557"/>
            <trkpt lat="42.69993" lon="9.36555"/>
            <trkpt lat="42.69998" lon="9.36551"/>
            <trkpt lat="42.70014" lon="9.36531"/>
            <trkpt lat="42.70019" lon="9.36524"/>
            <trkpt lat="42.70028" lon="9.36518"/>
            <trkpt lat="42.70039" lon="9.36513"/>
            <trkpt lat="42.70051" lon="9.36511"/>
            <trkpt lat="42.70053" lon="9.36511"/>
            <trkpt lat="42.70063" lon="9.36512"/>
            <trkpt lat="42.70071" lon="9.36514"/>
            <trkpt lat="42.70072" lon="9.36515"/>
            <trkpt lat="42.70078" lon="9.36518"/>
            <trkpt lat="42.70084" lon="9.36523"/>
            <trkpt lat="42.70088" lon="9.36525"/>
            <trkpt lat="42.70093" lon="9.36527"/>
            <trkpt lat="42.701" lon="9.36528"/>
            <trkpt lat="42.70133" lon="9.36524"/>
            <trkpt lat="42.70146" lon="9.36518"/>
            <trkpt lat="42.70165" lon="9.36508"/>
            <trkpt lat="42.70171" lon="9.36505"/>
            <trkpt lat="42.70189" lon="9.36497"/>
            <trkpt lat="42.70207" lon="9.36492"/>
            <trkpt lat="42.70244" lon="9.36486"/>
            <trkpt lat="42.70248" lon="9.36485"/>
            <trkpt lat="42.70256" lon="9.3648"/>
            <trkpt lat="42.70262" lon="9.36474"/>
            <trkpt lat="42.70266" lon="9.36465"/>
            <trkpt lat="42.70267" lon="9.36454"/>
            <trkpt lat="42.70264" lon="9.36444"/>
            <trkpt lat="42.70259" lon="9.36437"/>
            <trkpt lat="42.70248" lon="9.36431"/>
            <trkpt lat="42.70235" lon="9.36426"/>
            <trkpt lat="42.70195" lon="9.36425"/>
            <trkpt lat="42.70188" lon="9.36426"/>
            <trkpt lat="42.70163" lon="9.36438"/>
            <trkpt lat="42.7016" lon="9.36439"/>
            <trkpt lat="42.70155" lon="9.36441"/>
            <trkpt lat="42.70128" lon="9.3644"/>
            <trkpt lat="42.70117" lon="9.36436"/>
            <trkpt lat="42.7011" lon="9.36431"/>
            <trkpt lat="42.70098" lon="9.36415"/>
            <trkpt lat="42.70094" lon="9.36408"/>
            <trkpt lat="42.70082" lon="9.36389"/>
            <trkpt lat="42.70076" lon="9.36379"/>
            <trkpt lat="42.70067" lon="9.36372"/>
            <trkpt lat="42.7006" lon="9.36369"/>
            <trkpt lat="42.70047" lon="9.36369"/>
            <trkpt lat="42.70034" lon="9.36371"/>
            <trkpt lat="42.70027" lon="9.36373"/>
            <trkpt lat="42.70019" lon="9.36379"/>
            <trkpt lat="42.7" lon="9.36394"/>
            <trkpt lat="42.69992" lon="9.36397"/>
            <trkpt lat="42.69982" lon="9.36398"/>
            <trkpt lat="42.69974" lon="9.36398"/>
            <trkpt lat="42.69962" lon="9.36394"/>
            <trkpt lat="42.69956" lon="9.36387"/>
            <trkpt lat="42.69936" lon="9.36354"/>
            <trkpt lat="42.69929" lon="9.36345"/>
            <trkpt lat="42.69919" lon="9.36337"/>
            <trkpt lat="42.69911" lon="9.36334"/>
            <trkpt lat="42.69894" lon="9.36332"/>
            <trkpt lat="42.69881" lon="9.36333"/>
            <trkpt lat="42.69874" lon="9.36335"/>
            <trkpt lat="42.69864" lon="9.36342"/>
            <trkpt lat="42.69854" lon="9.36349"/>
            <trkpt lat="42.69836" lon="9.36356"/>
            <trkpt lat="42.69818" lon="9.36359"/>
            <trkpt lat="42.69811" lon="9.36359"/>
            <trkpt lat="42.69797" lon="9.36357"/>
            <trkpt lat="42.6978" lon="9.36352"/>
            <trkpt lat="42.69763" lon="9.36346"/>
            <trkpt lat="42.69753" lon="9.36343"/>
            <trkpt lat="42.69748" lon="9.36336"/>
            <trkpt lat="42.69675" lon="9.3631"/>
            <trkpt lat="42.69669" lon="9.36312"/>
            <trkpt lat="42.69647" lon="9.36302"/>
            <trkpt lat="42.69633" lon="9.36293"/>
            <trkpt lat="42.69624" lon="9.36283"/>
            <trkpt lat="42.69605" lon="9.36255"/>
            <trkpt lat="42.69602" lon="9.36247"/>
            <trkpt lat="42.69601" lon="9.36237"/>
            <trkpt lat="42.69601" lon="9.36229"/>
            <trkpt lat="42.69603" lon="9.36219"/>
            <trkpt lat="42.69606" lon="9.36212"/>
            <trkpt lat="42.69614" lon="9.36204"/>
            <trkpt lat="42.69632" lon="9.36193"/>
            <trkpt lat="42.69633" lon="9.36192"/>
            <trkpt lat="42.69636" lon="9.36193"/>
            <trkpt lat="42.69645" lon="9.36194"/>
            <trkpt lat="42.69654" lon="9.36194"/>
            <trkpt lat="42.69661" lon="9.36193"/>
            <trkpt lat="42.69667" lon="9.36189"/>
            <trkpt lat="42.69668" lon="9.36188"/>
            <trkpt lat="42.69679" lon="9.36175"/>
            <trkpt lat="42.69685" lon="9.36153"/>
            <trkpt lat="42.6969" lon="9.36147"/>
            <trkpt lat="42.69699" lon="9.36118"/>
            <trkpt lat="42.69698" lon="9.36112"/>
            <trkpt lat="42.69711" lon="9.36074"/>
            <trkpt lat="42.69718" lon="9.36053"/>
            <trkpt lat="42.69724" lon="9.36035"/>
            <trkpt lat="42.69735" lon="9.36007"/>
            <trkpt lat="42.69747" lon="9.35974"/>
            <trkpt lat="42.69758" lon="9.35951"/>
            <trkpt lat="42.69776" lon="9.35917"/>
            <trkpt lat="42.69788" lon="9.35892"/>
            <trkpt lat="42.69806" lon="9.35847"/>
            <trkpt lat="42.69813" lon="9.3582"/>
            <trkpt lat="42.69822" lon="9.35779"/>
            <trkpt lat="42.69869" lon="9.35604"/>
            <trkpt lat="42.69869" lon="9.35603"/>
            <trkpt lat="42.6987" lon="9.35592"/>
            <trkpt lat="42.6987" lon="9.35579"/>
            <trkpt lat="42.6987" lon="9.35572"/>
            <trkpt lat="42.69867" lon="9.35535"/>
            <trkpt lat="42.6986" lon="9.35502"/>
            <trkpt lat="42.69844" lon="9.35446"/>
            <trkpt lat="42.69795" lon="9.35277"/>
            <trkpt lat="42.69788" lon="9.35252"/>
            <trkpt lat="42.69784" lon="9.35232"/>
            <trkpt lat="42.69759" lon="9.35125"/>
            <trkpt lat="42.69763" lon="9.35124"/>
            <trkpt lat="42.69767" lon="9.35122"/>
            <trkpt lat="42.69771" lon="9.35116"/>
            <trkpt lat="42.69772" lon="9.35111"/>
            <trkpt lat="42.69779" lon="9.35117"/>
            <trkpt lat="42.69781" lon="9.3512"/>
            <trkpt lat="42.69791" lon="9.35128"/>
            <trkpt lat="42.69796" lon="9.3513"/>
            <trkpt lat="42.69808" lon="9.35131"/>
            <trkpt lat="42.6984" lon="9.35136"/>
            <trkpt lat="42.69961" lon="9.35147"/>
            <trkpt lat="42.69974" lon="9.35145"/>
            <trkpt lat="42.69983" lon="9.35141"/>
            <trkpt lat="42.69993" lon="9.35134"/>
            <trkpt lat="42.7002" lon="9.35096"/>
            <trkpt lat="42.70033" lon="9.35091"/>
            <trkpt lat="42.70047" lon="9.3509"/>
            <trkpt lat="42.70087" lon="9.35096"/>
            <trkpt lat="42.70122" lon="9.35084"/>
            <trkpt lat="42.70137" lon="9.35076"/>
            <trkpt lat="42.70151" lon="9.35066"/>
            <trkpt lat="42.70175" lon="9.35047"/>
            <trkpt lat="42.70194" lon="9.35029"/>
            <trkpt lat="42.70212" lon="9.35008"/>
            <trkpt lat="42.70228" lon="9.34985"/>
            <trkpt lat="42.70244" lon="9.34954"/>
            <trkpt lat="42.70251" lon="9.34937"/>
            <trkpt lat="42.70286" lon="9.34854"/>
            <trkpt lat="42.70402" lon="9.34573"/>
            <trkpt lat="42.70453" lon="9.34446"/>
            <trkpt lat="42.70472" lon="9.34404"/>
            <trkpt lat="42.70484" lon="9.34382"/>
            <trkpt lat="42.70499" lon="9.34365"/>
            <trkpt lat="42.70529" lon="9.34339"/>
            <trkpt lat="42.70604" lon="9.3428"/>
            <trkpt lat="42.70639" lon="9.34255"/>
            <trkpt lat="42.70652" lon="9.34247"/>
            <trkpt lat="42.70723" lon="9.3422"/>
            <trkpt lat="42.70741" lon="9.34213"/>
            <trkpt lat="42.70804" lon="9.34191"/>
            <trkpt lat="42.70822" lon="9.34189"/>
            <trkpt lat="42.70834" lon="9.3419"/>
            <trkpt lat="42.70869" lon="9.34185"/>
            <trkpt lat="42.70876" lon="9.34177"/>
            <trkpt lat="42.70881" lon="9.3417"/>
            <trkpt lat="42.70889" lon="9.34155"/>
            <trkpt lat="42.709" lon="9.34131"/>
            <trkpt lat="42.7092" lon="9.34091"/>
            <trkpt lat="42.70931" lon="9.34073"/>
            <trkpt lat="42.70954" lon="9.34044"/>
            <trkpt lat="42.70971" lon="9.34029"/>
            <trkpt lat="42.71094" lon="9.33936"/>
            <trkpt lat="42.71123" lon="9.33916"/>
            <trkpt lat="42.71222" lon="9.33849"/>
            <trkpt lat="42.71236" lon="9.33838"/>
            <trkpt lat="42.71282" lon="9.33803"/>
            <trkpt lat="42.71428" lon="9.33693"/>
            <trkpt lat="42.71484" lon="9.33656"/>
            <trkpt lat="42.71501" lon="9.33645"/>
            <trkpt lat="42.71607" lon="9.33573"/>
            <trkpt lat="42.71647" lon="9.33552"/>
            <trkpt lat="42.71718" lon="9.33524"/>
            <trkpt lat="42.71768" lon="9.3351"/>
            <trkpt lat="42.71788" lon="9.33508"/>
            <trkpt lat="42.71801" lon="9.3351"/>
            <trkpt lat="42.71837" lon="9.33521"/>
            <trkpt lat="42.71854" lon="9.33524"/>
            <trkpt lat="42.71878" lon="9.33532"/>
            <trkpt lat="42.71929" lon="9.33557"/>
            <trkpt lat="42.71947" lon="9.33563"/>
            <trkpt lat="42.71987" lon="9.33586"/>
            <trkpt lat="42.71999" lon="9.33596"/>
            <trkpt lat="42.72006" lon="9.33601"/>
            <trkpt lat="42.72015" lon="9.3361"/>
            <trkpt lat="42.72021" lon="9.33621"/>
            <trkpt lat="42.72025" lon="9.33634"/>
            <trkpt lat="42.72025" lon="9.33646"/>
            <trkpt lat="42.72025" lon="9.33655"/>
            <trkpt lat="42.72023" lon="9.33663"/>
            <trkpt lat="42.7201" lon="9.33712"/>
            <trkpt lat="42.72008" lon="9.33724"/>
            <trkpt lat="42.72009" lon="9.33741"/>
            <trkpt lat="42.7201" lon="9.33752"/>
            <trkpt lat="42.72011" lon="9.33761"/>
            <trkpt lat="42.72015" lon="9.33774"/>
            <trkpt lat="42.72032" lon="9.33812"/>
            <trkpt lat="42.72043" lon="9.33831"/>
            <trkpt lat="42.72048" lon="9.33838"/>
            <trkpt lat="42.72051" lon="9.33842"/>
            <trkpt lat="42.72064" lon="9.33851"/>
            <trkpt lat="42.72078" lon="9.3386"/>
            <trkpt lat="42.72103" lon="9.33877"/>
            <trkpt lat="42.72111" lon="9.33883"/>
            <trkpt lat="42.72117" lon="9.33886"/>
            <trkpt lat="42.72124" lon="9.33887"/>
            <trkpt lat="42.72133" lon="9.33887"/>
            <trkpt lat="42.72141" lon="9.33885"/>
            <trkpt lat="42.7218" lon="9.3387"/>
            <trkpt lat="42.72211" lon="9.33862"/>
            <trkpt lat="42.72234" lon="9.33854"/>
            <trkpt lat="42.7224" lon="9.33849"/>
            <trkpt lat="42.72251" lon="9.33838"/>
            <trkpt lat="42.72253" lon="9.33835"/>
            <trkpt lat="42.7228" lon="9.33801"/>
            <trkpt lat="42.72314" lon="9.33752"/>
            <trkpt lat="42.7234" lon="9.33719"/>
            <trkpt lat="42.72345" lon="9.33715"/>
            <trkpt lat="42.72374" lon="9.33708"/>
            <trkpt lat="42.7238" lon="9.33705"/>
            <trkpt lat="42.72384" lon="9.33701"/>
            <trkpt lat="42.72393" lon="9.33684"/>
            <trkpt lat="42.7242" lon="9.33616"/>
            <trkpt lat="42.72458" lon="9.33517"/>
            <trkpt lat="42.72475" lon="9.33474"/>
            <trkpt lat="42.7249" lon="9.33445"/>
            <trkpt lat="42.72496" lon="9.33437"/>
            <trkpt lat="42.72503" lon="9.33434"/>
            <trkpt lat="42.72511" lon="9.33433"/>
            <trkpt lat="42.72528" lon="9.33434"/>
            <trkpt lat="42.72538" lon="9.33436"/>
            <trkpt lat="42.72542" lon="9.3344"/>
            <trkpt lat="42.72545" lon="9.33446"/>
            <trkpt lat="42.72552" lon="9.33474"/>
            <trkpt lat="42.72556" lon="9.33485"/>
            <trkpt lat="42.72561" lon="9.33494"/>
            <trkpt lat="42.72567" lon="9.33501"/>
            <trkpt lat="42.72578" lon="9.33505"/>
            <trkpt lat="42.72586" lon="9.33505"/>
            <trkpt lat="42.72592" lon="9.33503"/>
            <trkpt lat="42.72602" lon="9.33497"/>
            <trkpt lat="42.72604" lon="9.33497"/>
            <trkpt lat="42.72608" lon="9.33498"/>
            <trkpt lat="42.72613" lon="9.33503"/>
            <trkpt lat="42.72632" lon="9.33541"/>
            <trkpt lat="42.72669" lon="9.33629"/>
            <trkpt lat="42.72677" lon="9.33658"/>
            <trkpt lat="42.72678" lon="9.33671"/>
            <trkpt lat="42.72677" lon="9.33687"/>
            <trkpt lat="42.72671" lon="9.33725"/>
            <trkpt lat="42.72671" lon="9.33762"/>
            <trkpt lat="42.72673" lon="9.33773"/>
            <trkpt lat="42.72676" lon="9.3378"/>
            <trkpt lat="42.72681" lon="9.33788"/>
            <trkpt lat="42.72685" lon="9.33791"/>
            <trkpt lat="42.72692" lon="9.33792"/>
            <trkpt lat="42.72699" lon="9.33789"/>
            <trkpt lat="42.72706" lon="9.33783"/>
            <trkpt lat="42.72716" lon="9.33773"/>
            <trkpt lat="42.72738" lon="9.33744"/>
            <trkpt lat="42.72742" lon="9.33743"/>
            <trkpt lat="42.72746" lon="9.33744"/>
            <trkpt lat="42.72751" lon="9.33746"/>
            <trkpt lat="42.72772" lon="9.3378"/>
            <trkpt lat="42.72783" lon="9.33802"/>
            <trkpt lat="42.72789" lon="9.33818"/>
            <trkpt lat="42.72791" lon="9.33832"/>
            <trkpt lat="42.72791" lon="9.33836"/>
            <trkpt lat="42.72791" lon="9.33838"/>
            <trkpt lat="42.72791" lon="9.33841"/>
            <trkpt lat="42.7279" lon="9.33849"/>
            <trkpt lat="42.72775" lon="9.33892"/>
            <trkpt lat="42.72769" lon="9.33915"/>
            <trkpt lat="42.72769" lon="9.33927"/>
            <trkpt lat="42.72769" lon="9.33931"/>
            <trkpt lat="42.7277" lon="9.33941"/>
            <trkpt lat="42.72781" lon="9.33998"/>
            <trkpt lat="42.72783" lon="9.34016"/>
            <trkpt lat="42.72782" lon="9.3404"/>
            <trkpt lat="42.72783" lon="9.34061"/>
            <trkpt lat="42.72785" lon="9.34083"/>
            <trkpt lat="42.72787" lon="9.34089"/>
            <trkpt lat="42.7279" lon="9.34098"/>
            <trkpt lat="42.72795" lon="9.34105"/>
            <trkpt lat="42.72798" lon="9.34107"/>
            <trkpt lat="42.72805" lon="9.34108"/>
            <trkpt lat="42.7281" lon="9.34106"/>
            <trkpt lat="42.72824" lon="9.34096"/>
            <trkpt lat="42.72837" lon="9.34081"/>
            <trkpt lat="42.7285" lon="9.34066"/>
            <trkpt lat="42.72856" lon="9.34061"/>
            <trkpt lat="42.72861" lon="9.34058"/>
            <trkpt lat="42.72868" lon="9.34059"/>
            <trkpt lat="42.72874" lon="9.34064"/>
            <trkpt lat="42.72878" lon="9.34071"/>
            <trkpt lat="42.7288" lon="9.3408"/>
            <trkpt lat="42.72877" lon="9.3411"/>
            <trkpt lat="42.72878" lon="9.34118"/>
            <trkpt lat="42.72885" lon="9.34144"/>
            <trkpt lat="42.72893" lon="9.34183"/>
            <trkpt lat="42.72898" lon="9.34197"/>
            <trkpt lat="42.72902" lon="9.34214"/>
            <trkpt lat="42.72909" lon="9.34234"/>
            <trkpt lat="42.72913" lon="9.34246"/>
            <trkpt lat="42.72922" lon="9.34275"/>
            <trkpt lat="42.72927" lon="9.34296"/>
            <trkpt lat="42.72932" lon="9.34352"/>
            <trkpt lat="42.72932" lon="9.34415"/>
            <trkpt lat="42.72927" lon="9.34498"/>
            <trkpt lat="42.72927" lon="9.34522"/>
            <trkpt lat="42.72927" lon="9.34542"/>
            <trkpt lat="42.72929" lon="9.34548"/>
            <trkpt lat="42.72935" lon="9.34556"/>
            <trkpt lat="42.7294" lon="9.34561"/>
            <trkpt lat="42.72948" lon="9.34566"/>
            <trkpt lat="42.72951" lon="9.34568"/>
            <trkpt lat="42.72967" lon="9.34573"/>
            <trkpt lat="42.73017" lon="9.34582"/>
            <trkpt lat="42.73026" lon="9.3458"/>
            <trkpt lat="42.73035" lon="9.34574"/>
            <trkpt lat="42.73037" lon="9.34571"/>
            <trkpt lat="42.73059" lon="9.34549"/>
            <trkpt lat="42.73085" lon="9.34517"/>
            <trkpt lat="42.73118" lon="9.34475"/>
            <trkpt lat="42.73123" lon="9.34469"/>
            <trkpt lat="42.73133" lon="9.34462"/>
            <trkpt lat="42.73137" lon="9.34461"/>
            <trkpt lat="42.7314" lon="9.3446"/>
            <trkpt lat="42.73147" lon="9.34459"/>
            <trkpt lat="42.73154" lon="9.34461"/>
            <trkpt lat="42.7316" lon="9.34464"/>
            <trkpt lat="42.73165" lon="9.34469"/>
            <trkpt lat="42.73176" lon="9.34493"/>
            <trkpt lat="42.73182" lon="9.34504"/>
            <trkpt lat="42.73187" lon="9.3451"/>
            <trkpt lat="42.73194" lon="9.34512"/>
            <trkpt lat="42.73203" lon="9.34512"/>
            <trkpt lat="42.73241" lon="9.34469"/>
            <trkpt lat="42.7325" lon="9.34461"/>
            <trkpt lat="42.73258" lon="9.34457"/>
            <trkpt lat="42.73281" lon="9.34448"/>
            <trkpt lat="42.73284" lon="9.34447"/>
            <trkpt lat="42.73295" lon="9.34441"/>
            <trkpt lat="42.73303" lon="9.34435"/>
            <trkpt lat="42.7333" lon="9.34409"/>
            <trkpt lat="42.73337" lon="9.34406"/>
            <trkpt lat="42.73344" lon="9.34408"/>
            <trkpt lat="42.73356" lon="9.34417"/>
            <trkpt lat="42.73399" lon="9.34451"/>
            <trkpt lat="42.73419" lon="9.34461"/>
            <trkpt lat="42.73448" lon="9.34468"/>
            <trkpt lat="42.73454" lon="9.34475"/>
            <trkpt lat="42.73461" lon="9.34486"/>
            <trkpt lat="42.73479" lon="9.34537"/>
            <trkpt lat="42.73486" lon="9.34579"/>
            <trkpt lat="42.73487" lon="9.34602"/>
            <trkpt lat="42.73491" lon="9.34641"/>
            <trkpt lat="42.73494" lon="9.34653"/>
            <trkpt lat="42.73499" lon="9.34663"/>
            <trkpt lat="42.73508" lon="9.34673"/>
            <trkpt lat="42.73513" lon="9.34676"/>
            <trkpt lat="42.73514" lon="9.34676"/>
            <trkpt lat="42.73578" lon="9.34676"/>
            <trkpt lat="42.73579" lon="9.34676"/>
            <trkpt lat="42.73593" lon="9.34669"/>
            <trkpt lat="42.736" lon="9.34662"/>
            <trkpt lat="42.73607" lon="9.34652"/>
            <trkpt lat="42.73617" lon="9.34634"/>
            <trkpt lat="42.73635" lon="9.34606"/>
            <trkpt lat="42.73659" lon="9.34584"/>
            <trkpt lat="42.73672" lon="9.34569"/>
            <trkpt lat="42.73682" lon="9.34558"/>
            <trkpt lat="42.73686" lon="9.34552"/>
            <trkpt lat="42.73695" lon="9.34541"/>
            <trkpt lat="42.73707" lon="9.34525"/>
            <trkpt lat="42.73718" lon="9.34516"/>
            <trkpt lat="42.73727" lon="9.34512"/>
            <trkpt lat="42.73739" lon="9.34513"/>
            <trkpt lat="42.73793" lon="9.34524"/>
            <trkpt lat="42.73804" lon="9.34524"/>
            <trkpt lat="42.73822" lon="9.34519"/>
            <trkpt lat="42.73834" lon="9.34513"/>
            <trkpt lat="42.73846" lon="9.34504"/>
            <trkpt lat="42.73853" lon="9.34502"/>
            <trkpt lat="42.7386" lon="9.34502"/>
            <trkpt lat="42.73866" lon="9.34505"/>
            <trkpt lat="42.73871" lon="9.34514"/>
            <trkpt lat="42.73872" lon="9.34524"/>
            <trkpt lat="42.7387" lon="9.34544"/>
            <trkpt lat="42.73866" lon="9.34567"/>
            <trkpt lat="42.7386" lon="9.34588"/>
            <trkpt lat="42.73858" lon="9.34611"/>
            <trkpt lat="42.73859" lon="9.3462"/>
            <trkpt lat="42.73874" lon="9.34696"/>
            <trkpt lat="42.73877" lon="9.34744"/>
            <trkpt lat="42.73878" lon="9.34814"/>
            <trkpt lat="42.73879" lon="9.34831"/>
            <trkpt lat="42.73878" lon="9.34853"/>
            <trkpt lat="42.73879" lon="9.34862"/>
            <trkpt lat="42.73882" lon="9.34868"/>
            <trkpt lat="42.73887" lon="9.34873"/>
            <trkpt lat="42.73894" lon="9.34876"/>
            <trkpt lat="42.73902" lon="9.34876"/>
            <trkpt lat="42.73904" lon="9.34875"/>
            <trkpt lat="42.73916" lon="9.34872"/>
            <trkpt lat="42.7392" lon="9.34871"/>
            <trkpt lat="42.73928" lon="9.34866"/>
            <trkpt lat="42.73936" lon="9.34858"/>
            <trkpt lat="42.73951" lon="9.34834"/>
            <trkpt lat="42.73955" lon="9.34827"/>
            <trkpt lat="42.73961" lon="9.34823"/>
            <trkpt lat="42.73984" lon="9.34817"/>
            <trkpt lat="42.73992" lon="9.34813"/>
            <trkpt lat="42.73997" lon="9.34808"/>
            <trkpt lat="42.74012" lon="9.34788"/>
            <trkpt lat="42.74041" lon="9.34741"/>
            <trkpt lat="42.7405" lon="9.3473"/>
            <trkpt lat="42.74058" lon="9.34722"/>
            <trkpt lat="42.74092" lon="9.34701"/>
            <trkpt lat="42.74122" lon="9.34687"/>
            <trkpt lat="42.74145" lon="9.3468"/>
            <trkpt lat="42.7418" lon="9.34674"/>
            <trkpt lat="42.74217" lon="9.34674"/>
            <trkpt lat="42.74242" lon="9.34675"/>
            <trkpt lat="42.74277" lon="9.34676"/>
            <trkpt lat="42.74285" lon="9.34674"/>
            <trkpt lat="42.74311" lon="9.34658"/>
            <trkpt lat="42.74343" lon="9.34644"/>
            <trkpt lat="42.74364" lon="9.34631"/>
            <trkpt lat="42.74374" lon="9.34621"/>
            <trkpt lat="42.74384" lon="9.34607"/>
            <trkpt lat="42.74393" lon="9.34596"/>
            <trkpt lat="42.744" lon="9.34589"/>
            <trkpt lat="42.7441" lon="9.34584"/>
            <trkpt lat="42.74423" lon="9.34582"/>
            <trkpt lat="42.74443" lon="9.34582"/>
            <trkpt lat="42.74475" lon="9.34588"/>
            <trkpt lat="42.74497" lon="9.34595"/>
            <trkpt lat="42.74508" lon="9.346"/>
            <trkpt lat="42.74519" lon="9.34609"/>
            <trkpt lat="42.74528" lon="9.34619"/>
            <trkpt lat="42.74541" lon="9.34646"/>
            <trkpt lat="42.74546" lon="9.34651"/>
            <trkpt lat="42.74552" lon="9.34652"/>
            <trkpt lat="42.74558" lon="9.34647"/>
            <trkpt lat="42.74561" lon="9.34641"/>
            <trkpt lat="42.74561" lon="9.3463"/>
            <trkpt lat="42.7456" lon="9.34618"/>
            <trkpt lat="42.74558" lon="9.346"/>
            <trkpt lat="42.7456" lon="9.34585"/>
            <trkpt lat="42.74562" lon="9.34576"/>
            <trkpt lat="42.74566" lon="9.3457"/>
            <trkpt lat="42.74574" lon="9.34564"/>
            <trkpt lat="42.74595" lon="9.34553"/>
            <trkpt lat="42.74642" lon="9.34536"/>
            <trkpt lat="42.74668" lon="9.34534"/>
            <trkpt lat="42.74679" lon="9.34536"/>
            <trkpt lat="42.74688" lon="9.34541"/>
            <trkpt lat="42.74725" lon="9.34583"/>
            <trkpt lat="42.74732" lon="9.34586"/>
            <trkpt lat="42.7474" lon="9.34585"/>
            <trkpt lat="42.74743" lon="9.3458"/>
            <trkpt lat="42.74745" lon="9.34572"/>
            <trkpt lat="42.74745" lon="9.34562"/>
            <trkpt lat="42.74743" lon="9.34545"/>
            <trkpt lat="42.7474" lon="9.34527"/>
            <trkpt lat="42.74738" lon="9.34511"/>
            <trkpt lat="42.74739" lon="9.34499"/>
            <trkpt lat="42.74742" lon="9.3449"/>
            <trkpt lat="42.74749" lon="9.34478"/>
            <trkpt lat="42.74758" lon="9.34469"/>
            <trkpt lat="42.74767" lon="9.34461"/>
            <trkpt lat="42.74795" lon="9.34448"/>
            <trkpt lat="42.74803" lon="9.34443"/>
            <trkpt lat="42.7483" lon="9.34421"/>
            <trkpt lat="42.74868" lon="9.34394"/>
            <trkpt lat="42.74871" lon="9.34392"/>
            <trkpt lat="42.74885" lon="9.34379"/>
            <trkpt lat="42.74894" lon="9.34372"/>
            <trkpt lat="42.74902" lon="9.3437"/>
            <trkpt lat="42.74922" lon="9.34372"/>
            <trkpt lat="42.74931" lon="9.34375"/>
            <trkpt lat="42.74963" lon="9.3438"/>
            <trkpt lat="42.74989" lon="9.34383"/>
            <trkpt lat="42.74996" lon="9.3438"/>
            <trkpt lat="42.75" lon="9.34376"/>
            <trkpt lat="42.75006" lon="9.34368"/>
            <trkpt lat="42.75012" lon="9.34364"/>
            <trkpt lat="42.75044" lon="9.34354"/>
            <trkpt lat="42.75053" lon="9.3435"/>
            <trkpt lat="42.75058" lon="9.34346"/>
            <trkpt lat="42.75074" lon="9.34325"/>
            <trkpt lat="42.75083" lon="9.34312"/>
            <trkpt lat="42.75092" lon="9.34301"/>
            <trkpt lat="42.75099" lon="9.34296"/>
            <trkpt lat="42.75121" lon="9.34286"/>
            <trkpt lat="42.75136" lon="9.34282"/>
            <trkpt lat="42.75152" lon="9.3428"/>
            <trkpt lat="42.75168" lon="9.34281"/>
            <trkpt lat="42.75179" lon="9.34283"/>
            <trkpt lat="42.75205" lon="9.34295"/>
            <trkpt lat="42.75214" lon="9.34299"/>
            <trkpt lat="42.75222" lon="9.34306"/>
            <trkpt lat="42.75228" lon="9.34312"/>
            <trkpt lat="42.75248" lon="9.34338"/>
            <trkpt lat="42.75256" lon="9.3435"/>
            <trkpt lat="42.75259" lon="9.34355"/>
            <trkpt lat="42.75265" lon="9.34355"/>
            <trkpt lat="42.7527" lon="9.34353"/>
            <trkpt lat="42.75275" lon="9.34349"/>
            <trkpt lat="42.7528" lon="9.34338"/>
            <trkpt lat="42.75285" lon="9.34324"/>
            <trkpt lat="42.75293" lon="9.34307"/>
            <trkpt lat="42.75301" lon="9.34296"/>
            <trkpt lat="42.7531" lon="9.34287"/>
            <trkpt lat="42.75324" lon="9.34277"/>
            <trkpt lat="42.75357" lon="9.34257"/>
            <trkpt lat="42.75377" lon="9.34243"/>
            <trkpt lat="42.75395" lon="9.34225"/>
            <trkpt lat="42.75422" lon="9.34194"/>
            <trkpt lat="42.75433" lon="9.34176"/>
            <trkpt lat="42.75444" lon="9.34162"/>
            <trkpt lat="42.75453" lon="9.34154"/>
            <trkpt lat="42.75463" lon="9.34148"/>
            <trkpt lat="42.75479" lon="9.34142"/>
            <trkpt lat="42.75507" lon="9.34135"/>
            <trkpt lat="42.75545" lon="9.3413"/>
            <trkpt lat="42.75571" lon="9.34129"/>
            <trkpt lat="42.7559" lon="9.34133"/>
            <trkpt lat="42.75619" lon="9.34143"/>
            <trkpt lat="42.75631" lon="9.34144"/>
            <trkpt lat="42.75639" lon="9.34142"/>
            <trkpt lat="42.75645" lon="9.34138"/>
            <trkpt lat="42.75649" lon="9.34134"/>
            <trkpt lat="42.75653" lon="9.34125"/>
            <trkpt lat="42.75656" lon="9.3408"/>
            <trkpt lat="42.75659" lon="9.34067"/>
            <trkpt lat="42.75664" lon="9.34054"/>
            <trkpt lat="42.75672" lon="9.34039"/>
            <trkpt lat="42.75682" lon="9.34028"/>
            <trkpt lat="42.7569" lon="9.34022"/>
            <trkpt lat="42.75698" lon="9.34015"/>
            <trkpt lat="42.75713" lon="9.34009"/>
            <trkpt lat="42.75759" lon="9.33999"/>
            <trkpt lat="42.75775" lon="9.33993"/>
            <trkpt lat="42.75803" lon="9.33979"/>
            <trkpt lat="42.75838" lon="9.33951"/>
            <trkpt lat="42.75857" lon="9.33941"/>
            <trkpt lat="42.75864" lon="9.33938"/>
            <trkpt lat="42.75869" lon="9.33939"/>
            <trkpt lat="42.75876" lon="9.33941"/>
            <trkpt lat="42.75879" lon="9.33943"/>
            <trkpt lat="42.75886" lon="9.33948"/>
            <trkpt lat="42.75924" lon="9.33997"/>
            <trkpt lat="42.75966" lon="9.34061"/>
            <trkpt lat="42.75978" lon="9.34096"/>
            <trkpt lat="42.75984" lon="9.34124"/>
            <trkpt lat="42.75988" lon="9.3415"/>
            <trkpt lat="42.75996" lon="9.34221"/>
            <trkpt lat="42.7601" lon="9.34309"/>
            <trkpt lat="42.76015" lon="9.34372"/>
            <trkpt lat="42.76015" lon="9.34382"/>
            <trkpt lat="42.76015" lon="9.34389"/>
            <trkpt lat="42.76017" lon="9.34398"/>
            <trkpt lat="42.7602" lon="9.3442"/>
            <trkpt lat="42.76037" lon="9.34459"/>
            <trkpt lat="42.76043" lon="9.34482"/>
            <trkpt lat="42.76044" lon="9.34496"/>
            <trkpt lat="42.7603" lon="9.34541"/>
            <trkpt lat="42.76024" lon="9.34558"/>
            <trkpt lat="42.76021" lon="9.34574"/>
            <trkpt lat="42.7602" lon="9.34592"/>
            <trkpt lat="42.76021" lon="9.3461"/>
            <trkpt lat="42.76025" lon="9.34642"/>
            <trkpt lat="42.76028" lon="9.34652"/>
            <trkpt lat="42.76034" lon="9.34661"/>
            <trkpt lat="42.76043" lon="9.34665"/>
            <trkpt lat="42.76051" lon="9.34664"/>
            <trkpt lat="42.76078" lon="9.34652"/>
            <trkpt lat="42.76083" lon="9.34648"/>
            <trkpt lat="42.76088" lon="9.34638"/>
            <trkpt lat="42.76095" lon="9.34609"/>
            <trkpt lat="42.76099" lon="9.34598"/>
            <trkpt lat="42.76117" lon="9.34565"/>
            <trkpt lat="42.76135" lon="9.34537"/>
            <trkpt lat="42.76151" lon="9.34509"/>
            <trkpt lat="42.76157" lon="9.34493"/>
            <trkpt lat="42.76161" lon="9.34479"/>
            <trkpt lat="42.76165" lon="9.3446"/>
            <trkpt lat="42.76167" lon="9.3444"/>
            <trkpt lat="42.76167" lon="9.34429"/>
            <trkpt lat="42.76165" lon="9.3442"/>
            <trkpt lat="42.76155" lon="9.34409"/>
            <trkpt lat="42.76147" lon="9.34396"/>
            <trkpt lat="42.76139" lon="9.34373"/>
            <trkpt lat="42.76131" lon="9.34341"/>
            <trkpt lat="42.7613" lon="9.3432"/>
            <trkpt lat="42.76135" lon="9.34288"/>
            <trkpt lat="42.76137" lon="9.34271"/>
            <trkpt lat="42.76137" lon="9.3425"/>
            <trkpt lat="42.76132" lon="9.34218"/>
            <trkpt lat="42.7613" lon="9.34195"/>
            <trkpt lat="42.76127" lon="9.34175"/>
            <trkpt lat="42.76124" lon="9.34138"/>
            <trkpt lat="42.76124" lon="9.34115"/>
            <trkpt lat="42.76128" lon="9.3407"/>
            <trkpt lat="42.76133" lon="9.34043"/>
            <trkpt lat="42.76143" lon="9.3402"/>
            <trkpt lat="42.76152" lon="9.34005"/>
            <trkpt lat="42.76164" lon="9.3399"/>
            <trkpt lat="42.76176" lon="9.33979"/>
            <trkpt lat="42.76197" lon="9.33963"/>
            <trkpt lat="42.76201" lon="9.33956"/>
            <trkpt lat="42.76205" lon="9.33944"/>
            <trkpt lat="42.76205" lon="9.3393"/>
            <trkpt lat="42.76204" lon="9.33906"/>
            <trkpt lat="42.76205" lon="9.33896"/>
            <trkpt lat="42.76208" lon="9.33885"/>
            <trkpt lat="42.76212" lon="9.33876"/>
            <trkpt lat="42.76216" lon="9.33869"/>
            <trkpt lat="42.76221" lon="9.33864"/>
            <trkpt lat="42.76224" lon="9.33862"/>
            <trkpt lat="42.76229" lon="9.3386"/>
            <trkpt lat="42.76235" lon="9.3386"/>
            <trkpt lat="42.76242" lon="9.33864"/>
            <trkpt lat="42.76253" lon="9.33874"/>
            <trkpt lat="42.7627" lon="9.33897"/>
            <trkpt lat="42.7628" lon="9.33907"/>
            <trkpt lat="42.7629" lon="9.33911"/>
            <trkpt lat="42.763" lon="9.33911"/>
            <trkpt lat="42.76308" lon="9.33907"/>
            <trkpt lat="42.76317" lon="9.339"/>
            <trkpt lat="42.76325" lon="9.33883"/>
            <trkpt lat="42.76336" lon="9.33843"/>
            <trkpt lat="42.76339" lon="9.33838"/>
            <trkpt lat="42.76342" lon="9.3383"/>
            <trkpt lat="42.7635" lon="9.33823"/>
            <trkpt lat="42.76368" lon="9.33811"/>
            <trkpt lat="42.76392" lon="9.33798"/>
            <trkpt lat="42.76418" lon="9.33791"/>
            <trkpt lat="42.76437" lon="9.3379"/>
            <trkpt lat="42.76451" lon="9.33793"/>
            <trkpt lat="42.76464" lon="9.33801"/>
            <trkpt lat="42.7647" lon="9.33805"/>
            <trkpt lat="42.76487" lon="9.33826"/>
            <trkpt lat="42.76496" lon="9.33838"/>
            <trkpt lat="42.76508" lon="9.33856"/>
            <trkpt lat="42.76529" lon="9.33873"/>
            <trkpt lat="42.76546" lon="9.3389"/>
            <trkpt lat="42.76566" lon="9.33907"/>
            <trkpt lat="42.76608" lon="9.33937"/>
            <trkpt lat="42.7672" lon="9.34026"/>
            <trkpt lat="42.76728" lon="9.34047"/>
            <trkpt lat="42.76732" lon="9.34072"/>
            <trkpt lat="42.76735" lon="9.3408"/>
            <trkpt lat="42.7674" lon="9.34088"/>
            <trkpt lat="42.76746" lon="9.34092"/>
            <trkpt lat="42.76759" lon="9.34095"/>
            <trkpt lat="42.7679" lon="9.34095"/>
            <trkpt lat="42.76793" lon="9.34097"/>
            <trkpt lat="42.768" lon="9.34118"/>
            <trkpt lat="42.76849" lon="9.34214"/>
            <trkpt lat="42.76858" lon="9.3423"/>
            <trkpt lat="42.76921" lon="9.34326"/>
            <trkpt lat="42.7693" lon="9.34336"/>
            <trkpt lat="42.76939" lon="9.34342"/>
            <trkpt lat="42.7695" lon="9.34345"/>
            <trkpt lat="42.77016" lon="9.34346"/>
            <trkpt lat="42.77032" lon="9.34348"/>
            <trkpt lat="42.77045" lon="9.34353"/>
            <trkpt lat="42.77056" lon="9.34362"/>
            <trkpt lat="42.77075" lon="9.34388"/>
            <trkpt lat="42.77084" lon="9.34393"/>
            <trkpt lat="42.77088" lon="9.34393"/>
            <trkpt lat="42.77095" lon="9.3439"/>
            <trkpt lat="42.771" lon="9.34384"/>
            <trkpt lat="42.77103" lon="9.34376"/>
            <trkpt lat="42.77104" lon="9.34364"/>
            <trkpt lat="42.77097" lon="9.343"/>
            <trkpt lat="42.77097" lon="9.34278"/>
            <trkpt lat="42.77099" lon="9.34264"/>
            <trkpt lat="42.77101" lon="9.34257"/>
            <trkpt lat="42.77104" lon="9.3425"/>
            <trkpt lat="42.77109" lon="9.34245"/>
            <trkpt lat="42.77128" lon="9.34234"/>
            <trkpt lat="42.77155" lon="9.34218"/>
            <trkpt lat="42.77176" lon="9.34202"/>
            <trkpt lat="42.77205" lon="9.34173"/>
            <trkpt lat="42.77214" lon="9.34168"/>
            <trkpt lat="42.77225" lon="9.34167"/>
            <trkpt lat="42.77253" lon="9.34168"/>
            <trkpt lat="42.77275" lon="9.34168"/>
            <trkpt lat="42.77292" lon="9.34165"/>
            <trkpt lat="42.77306" lon="9.34161"/>
            <trkpt lat="42.77321" lon="9.34153"/>
            <trkpt lat="42.77336" lon="9.34143"/>
            <trkpt lat="42.77365" lon="9.34121"/>
            <trkpt lat="42.77375" lon="9.34117"/>
            <trkpt lat="42.77383" lon="9.34117"/>
            <trkpt lat="42.77391" lon="9.3412"/>
            <trkpt lat="42.77398" lon="9.34126"/>
            <trkpt lat="42.77411" lon="9.34151"/>
            <trkpt lat="42.77429" lon="9.34203"/>
            <trkpt lat="42.77436" lon="9.34225"/>
            <trkpt lat="42.77439" lon="9.34244"/>
            <trkpt lat="42.77445" lon="9.34299"/>
            <trkpt lat="42.77447" lon="9.3431"/>
            <trkpt lat="42.77456" lon="9.3433"/>
            <trkpt lat="42.77468" lon="9.34348"/>
            <trkpt lat="42.77487" lon="9.3438"/>
            <trkpt lat="42.77493" lon="9.34392"/>
            <trkpt lat="42.77501" lon="9.34417"/>
            <trkpt lat="42.77512" lon="9.34442"/>
            <trkpt lat="42.77518" lon="9.3445"/>
            <trkpt lat="42.77531" lon="9.34462"/>
            <trkpt lat="42.77554" lon="9.34479"/>
            <trkpt lat="42.77578" lon="9.34487"/>
            <trkpt lat="42.77597" lon="9.34487"/>
            <trkpt lat="42.77607" lon="9.34484"/>
            <trkpt lat="42.77615" lon="9.34478"/>
            <trkpt lat="42.7762" lon="9.3447"/>
            <trkpt lat="42.77623" lon="9.34463"/>
            <trkpt lat="42.77623" lon="9.34452"/>
            <trkpt lat="42.77621" lon="9.34435"/>
            <trkpt lat="42.77618" lon="9.34422"/>
            <trkpt lat="42.77616" lon="9.34411"/>
            <trkpt lat="42.77615" lon="9.34398"/>
            <trkpt lat="42.77613" lon="9.34376"/>
            <trkpt lat="42.77613" lon="9.34367"/>
            <trkpt lat="42.77617" lon="9.34353"/>
            <trkpt lat="42.77622" lon="9.34341"/>
            <trkpt lat="42.7763" lon="9.34327"/>
            <trkpt lat="42.77636" lon="9.34318"/>
            <trkpt lat="42.7764" lon="9.34315"/>
            <trkpt lat="42.77649" lon="9.34313"/>
            <trkpt lat="42.7766" lon="9.34314"/>
            <trkpt lat="42.7772" lon="9.34326"/>
            <trkpt lat="42.77754" lon="9.34328"/>
            <trkpt lat="42.77763" lon="9.34327"/>
            <trkpt lat="42.77768" lon="9.34324"/>
            <trkpt lat="42.7778" lon="9.34316"/>
            <trkpt lat="42.77793" lon="9.34304"/>
            <trkpt lat="42.77799" lon="9.34302"/>
            <trkpt lat="42.77821" lon="9.34301"/>
            <trkpt lat="42.7787" lon="9.34308"/>
            <trkpt lat="42.77929" lon="9.34312"/>
            <trkpt lat="42.7797" lon="9.34313"/>
            <trkpt lat="42.77986" lon="9.34311"/>
            <trkpt lat="42.77998" lon="9.34308"/>
            <trkpt lat="42.78027" lon="9.34298"/>
            <trkpt lat="42.78046" lon="9.34288"/>
            <trkpt lat="42.78076" lon="9.34273"/>
            <trkpt lat="42.7815" lon="9.34235"/>
            <trkpt lat="42.78165" lon="9.34231"/>
            <trkpt lat="42.7817" lon="9.34232"/>
            <trkpt lat="42.78186" lon="9.34239"/>
            <trkpt lat="42.78193" lon="9.34241"/>
            <trkpt lat="42.78201" lon="9.34239"/>
            <trkpt lat="42.78207" lon="9.34236"/>
            <trkpt lat="42.78217" lon="9.34229"/>
            <trkpt lat="42.78239" lon="9.34209"/>
            <trkpt lat="42.78245" lon="9.34206"/>
            <trkpt lat="42.78255" lon="9.34206"/>
            <trkpt lat="42.78261" lon="9.34209"/>
            <trkpt lat="42.78266" lon="9.34213"/>
            <trkpt lat="42.78273" lon="9.34224"/>
            <trkpt lat="42.78278" lon="9.34235"/>
            <trkpt lat="42.7829" lon="9.34268"/>
            <trkpt lat="42.78293" lon="9.34279"/>
            <trkpt lat="42.78298" lon="9.34294"/>
            <trkpt lat="42.78302" lon="9.34323"/>
            <trkpt lat="42.78303" lon="9.34338"/>
            <trkpt lat="42.78304" lon="9.34344"/>
            <trkpt lat="42.7831" lon="9.34362"/>
            <trkpt lat="42.78313" lon="9.34376"/>
            <trkpt lat="42.78323" lon="9.34396"/>
            <trkpt lat="42.78332" lon="9.34411"/>
            <trkpt lat="42.78343" lon="9.34426"/>
            <trkpt lat="42.78354" lon="9.3444"/>
            <trkpt lat="42.78381" lon="9.34466"/>
            <trkpt lat="42.78403" lon="9.34479"/>
            <trkpt lat="42.78404" lon="9.34479"/>
            <trkpt lat="42.78408" lon="9.3448"/>
            <trkpt lat="42.78411" lon="9.3448"/>
            <trkpt lat="42.78422" lon="9.3448"/>
            <trkpt lat="42.78462" lon="9.34477"/>
            <trkpt lat="42.78473" lon="9.34479"/>
            <trkpt lat="42.78494" lon="9.34486"/>
            <trkpt lat="42.78494" lon="9.34486"/>
            <trkpt lat="42.78502" lon="9.34493"/>
            <trkpt lat="42.78505" lon="9.34496"/>
            <trkpt lat="42.78508" lon="9.34506"/>
            <trkpt lat="42.7851" lon="9.34521"/>
            <trkpt lat="42.78521" lon="9.34603"/>
            <trkpt lat="42.78529" lon="9.34646"/>
            <trkpt lat="42.78536" lon="9.34671"/>
            <trkpt lat="42.78546" lon="9.34729"/>
            <trkpt lat="42.78547" lon="9.34736"/>
            <trkpt lat="42.78551" lon="9.34754"/>
            <trkpt lat="42.78566" lon="9.34776"/>
            <trkpt lat="42.78576" lon="9.34784"/>
            <trkpt lat="42.78587" lon="9.3479"/>
            <trkpt lat="42.78592" lon="9.34793"/>
            <trkpt lat="42.78608" lon="9.34799"/>
            <trkpt lat="42.78724" lon="9.34822"/>
            <trkpt lat="42.78734" lon="9.34827"/>
            <trkpt lat="42.78758" lon="9.34851"/>
            <trkpt lat="42.78773" lon="9.34861"/>
            <trkpt lat="42.78789" lon="9.34871"/>
            <trkpt lat="42.78815" lon="9.34882"/>
            <trkpt lat="42.78885" lon="9.34901"/>
            <trkpt lat="42.78901" lon="9.34913"/>
            <trkpt lat="42.78934" lon="9.34952"/>
            <trkpt lat="42.7897" lon="9.35002"/>
            <trkpt lat="42.78978" lon="9.35018"/>
            <trkpt lat="42.7898" lon="9.35026"/>
            <trkpt lat="42.78981" lon="9.35035"/>
            <trkpt lat="42.78979" lon="9.35046"/>
            <trkpt lat="42.78978" lon="9.35052"/>
            <trkpt lat="42.78977" lon="9.35057"/>
            <trkpt lat="42.78976" lon="9.35067"/>
            <trkpt lat="42.78977" lon="9.35074"/>
            <trkpt lat="42.78979" lon="9.3508"/>
            <trkpt lat="42.78982" lon="9.35084"/>
            <trkpt lat="42.79001" lon="9.35096"/>
            <trkpt lat="42.79029" lon="9.35105"/>
            <trkpt lat="42.79044" lon="9.35106"/>
            <trkpt lat="42.79053" lon="9.35104"/>
            <trkpt lat="42.79063" lon="9.351"/>
            <trkpt lat="42.79078" lon="9.35088"/>
            <trkpt lat="42.79088" lon="9.35077"/>
            <trkpt lat="42.79101" lon="9.35052"/>
            <trkpt lat="42.79106" lon="9.35035"/>
            <trkpt lat="42.7911" lon="9.35027"/>
            <trkpt lat="42.79113" lon="9.35025"/>
            <trkpt lat="42.79118" lon="9.35024"/>
            <trkpt lat="42.79146" lon="9.35024"/>
            <trkpt lat="42.79155" lon="9.35022"/>
            <trkpt lat="42.7916" lon="9.35018"/>
            <trkpt lat="42.79165" lon="9.3501"/>
            <trkpt lat="42.79171" lon="9.34996"/>
            <trkpt lat="42.79182" lon="9.34959"/>
            <trkpt lat="42.79206" lon="9.34865"/>
            <trkpt lat="42.79209" lon="9.34858"/>
            <trkpt lat="42.79216" lon="9.34847"/>
            <trkpt lat="42.79236" lon="9.3482"/>
            <trkpt lat="42.79242" lon="9.3481"/>
            <trkpt lat="42.79251" lon="9.34787"/>
            <trkpt lat="42.79254" lon="9.34781"/>
            <trkpt lat="42.79257" lon="9.34778"/>
            <trkpt lat="42.79273" lon="9.34768"/>
            <trkpt lat="42.79281" lon="9.3476"/>
            <trkpt lat="42.793" lon="9.34737"/>
            <trkpt lat="42.79322" lon="9.34719"/>
            <trkpt lat="42.7933" lon="9.34711"/>
            <trkpt lat="42.79351" lon="9.34686"/>
            <trkpt lat="42.79358" lon="9.34682"/>
            <trkpt lat="42.79376" lon="9.34678"/>
            <trkpt lat="42.79388" lon="9.34679"/>
            <trkpt lat="42.79402" lon="9.34683"/>
            <trkpt lat="42.79415" lon="9.34689"/>
            <trkpt lat="42.79434" lon="9.34708"/>
            <trkpt lat="42.79447" lon="9.34727"/>
            <trkpt lat="42.79454" lon="9.34736"/>
            <trkpt lat="42.7946" lon="9.34741"/>
            <trkpt lat="42.79467" lon="9.34741"/>
            <trkpt lat="42.79477" lon="9.34738"/>
            <trkpt lat="42.79484" lon="9.34733"/>
            <trkpt lat="42.79514" lon="9.347"/>
            <trkpt lat="42.79526" lon="9.34693"/>
            <trkpt lat="42.79538" lon="9.34688"/>
            <trkpt lat="42.79583" lon="9.34685"/>
            <trkpt lat="42.79596" lon="9.34681"/>
            <trkpt lat="42.79615" lon="9.34673"/>
            <trkpt lat="42.79667" lon="9.34642"/>
            <trkpt lat="42.79677" lon="9.34633"/>
            <trkpt lat="42.79684" lon="9.34624"/>
            <trkpt lat="42.79691" lon="9.34611"/>
            <trkpt lat="42.79705" lon="9.34578"/>
            <trkpt lat="42.7971" lon="9.34571"/>
            <trkpt lat="42.79711" lon="9.34571"/>
            <trkpt lat="42.79711" lon="9.34571"/>
            <trkpt lat="42.79716" lon="9.3457"/>
            <trkpt lat="42.79725" lon="9.34575"/>
            <trkpt lat="42.79729" lon="9.3458"/>
            <trkpt lat="42.79732" lon="9.34586"/>
            <trkpt lat="42.79746" lon="9.34623"/>
            <trkpt lat="42.79757" lon="9.34657"/>
            <trkpt lat="42.79771" lon="9.34693"/>
            <trkpt lat="42.7978" lon="9.34719"/>
            <trkpt lat="42.79791" lon="9.34744"/>
            <trkpt lat="42.79804" lon="9.34768"/>
            <trkpt lat="42.79826" lon="9.34804"/>
            <trkpt lat="42.7984" lon="9.3482"/>
            <trkpt lat="42.79848" lon="9.34826"/>
            <trkpt lat="42.79855" lon="9.34828"/>
            <trkpt lat="42.79863" lon="9.34829"/>
            <trkpt lat="42.79885" lon="9.34824"/>
            <trkpt lat="42.79891" lon="9.34823"/>
            <trkpt lat="42.79898" lon="9.34825"/>
            <trkpt lat="42.79905" lon="9.34832"/>
            <trkpt lat="42.79924" lon="9.34855"/>
            <trkpt lat="42.79951" lon="9.3489"/>
            <trkpt lat="42.79974" lon="9.3493"/>
            <trkpt lat="42.79979" lon="9.34934"/>
            <trkpt lat="42.79985" lon="9.34934"/>
            <trkpt lat="42.79992" lon="9.34933"/>
            <trkpt lat="42.79998" lon="9.34928"/>
            <trkpt lat="42.80002" lon="9.34924"/>
            <trkpt lat="42.80003" lon="9.3492"/>
            <trkpt lat="42.80003" lon="9.34903"/>
            <trkpt lat="42.79999" lon="9.3486"/>
            <trkpt lat="42.7999" lon="9.34816"/>
            <trkpt lat="42.79989" lon="9.34806"/>
            <trkpt lat="42.79989" lon="9.34795"/>
            <trkpt lat="42.79991" lon="9.34786"/>
            <trkpt lat="42.79993" lon="9.34778"/>
            <trkpt lat="42.80022" lon="9.34721"/>
            <trkpt lat="42.80024" lon="9.34713"/>
            <trkpt lat="42.80023" lon="9.347"/>
            <trkpt lat="42.80006" lon="9.34639"/>
            <trkpt lat="42.80003" lon="9.34622"/>
            <trkpt lat="42.80003" lon="9.34592"/>
            <trkpt lat="42.80004" lon="9.3458"/>
            <trkpt lat="42.80007" lon="9.34571"/>
            <trkpt lat="42.80026" lon="9.34526"/>
            <trkpt lat="42.80029" lon="9.34518"/>
            <trkpt lat="42.8004" lon="9.34485"/>
            <trkpt lat="42.80042" lon="9.34474"/>
            <trkpt lat="42.80044" lon="9.34441"/>
            <trkpt lat="42.80047" lon="9.34429"/>
            <trkpt lat="42.80049" lon="9.34422"/>
            <trkpt lat="42.80056" lon="9.34409"/>
            <trkpt lat="42.80065" lon="9.34397"/>
            <trkpt lat="42.80066" lon="9.34396"/>
            <trkpt lat="42.80075" lon="9.34385"/>
            <trkpt lat="42.80088" lon="9.34376"/>
            <trkpt lat="42.80108" lon="9.34364"/>
            <trkpt lat="42.80117" lon="9.34361"/>
            <trkpt lat="42.80125" lon="9.34361"/>
            <trkpt lat="42.80138" lon="9.34363"/>
            <trkpt lat="42.80161" lon="9.34365"/>
            <trkpt lat="42.80174" lon="9.34364"/>
            <trkpt lat="42.80183" lon="9.3436"/>
            <trkpt lat="42.80193" lon="9.34352"/>
            <trkpt lat="42.80199" lon="9.34344"/>
            <trkpt lat="42.80201" lon="9.34336"/>
            <trkpt lat="42.80203" lon="9.34319"/>
            <trkpt lat="42.80205" lon="9.34287"/>
            <trkpt lat="42.80209" lon="9.34271"/>
            <trkpt lat="42.80212" lon="9.3426"/>
            <trkpt lat="42.80217" lon="9.34255"/>
            <trkpt lat="42.8022" lon="9.34252"/>
            <trkpt lat="42.80229" lon="9.34251"/>
            <trkpt lat="42.80237" lon="9.34253"/>
            <trkpt lat="42.8025" lon="9.34258"/>
            <trkpt lat="42.80262" lon="9.34266"/>
            <trkpt lat="42.80273" lon="9.34269"/>
            <trkpt lat="42.80274" lon="9.34269"/>
            <trkpt lat="42.80281" lon="9.3427"/>
            <trkpt lat="42.80288" lon="9.34268"/>
            <trkpt lat="42.80297" lon="9.3426"/>
            <trkpt lat="42.80306" lon="9.34247"/>
            <trkpt lat="42.8031" lon="9.34236"/>
            <trkpt lat="42.80314" lon="9.34223"/>
            <trkpt lat="42.80319" lon="9.34195"/>
            <trkpt lat="42.8032" lon="9.34181"/>
            <trkpt lat="42.8032" lon="9.34165"/>
            <trkpt lat="42.80317" lon="9.34099"/>
            <trkpt lat="42.80318" lon="9.3408"/>
            <trkpt lat="42.80323" lon="9.34069"/>
            <trkpt lat="42.80335" lon="9.34049"/>
            <trkpt lat="42.80347" lon="9.34035"/>
            <trkpt lat="42.804" lon="9.33997"/>
            <trkpt lat="42.80416" lon="9.33988"/>
            <trkpt lat="42.80439" lon="9.33983"/>
            <trkpt lat="42.8046" lon="9.33977"/>
            <trkpt lat="42.80501" lon="9.3396"/>
            <trkpt lat="42.80541" lon="9.33931"/>
            <trkpt lat="42.80558" lon="9.33923"/>
            <trkpt lat="42.80569" lon="9.33921"/>
            <trkpt lat="42.80579" lon="9.33921"/>
            <trkpt lat="42.80586" lon="9.33923"/>
            <trkpt lat="42.80606" lon="9.33937"/>
            <trkpt lat="42.80614" lon="9.33939"/>
            <trkpt lat="42.80623" lon="9.33937"/>
            <trkpt lat="42.80632" lon="9.33931"/>
            <trkpt lat="42.80638" lon="9.33925"/>
            <trkpt lat="42.80642" lon="9.33916"/>
            <trkpt lat="42.80651" lon="9.33872"/>
            <trkpt lat="42.80655" lon="9.3384"/>
            <trkpt lat="42.80655" lon="9.33838"/>
            <trkpt lat="42.80654" lon="9.33827"/>
            <trkpt lat="42.80651" lon="9.33817"/>
            <trkpt lat="42.80627" lon="9.33762"/>
            <trkpt lat="42.80626" lon="9.33755"/>
            <trkpt lat="42.80628" lon="9.33734"/>
            <trkpt lat="42.80631" lon="9.33726"/>
            <trkpt lat="42.80638" lon="9.33719"/>
            <trkpt lat="42.80666" lon="9.33698"/>
            <trkpt lat="42.80676" lon="9.33689"/>
            <trkpt lat="42.80683" lon="9.33678"/>
            <trkpt lat="42.80688" lon="9.33668"/>
            <trkpt lat="42.80693" lon="9.33652"/>
            <trkpt lat="42.80705" lon="9.33604"/>
            <trkpt lat="42.80715" lon="9.33576"/>
            <trkpt lat="42.80721" lon="9.33569"/>
            <trkpt lat="42.80728" lon="9.33563"/>
            <trkpt lat="42.8074" lon="9.33557"/>
            <trkpt lat="42.80748" lon="9.33551"/>
            <trkpt lat="42.80753" lon="9.33544"/>
            <trkpt lat="42.80786" lon="9.33473"/>
            <trkpt lat="42.80791" lon="9.33469"/>
            <trkpt lat="42.80797" lon="9.33469"/>
            <trkpt lat="42.80803" lon="9.33473"/>
            <trkpt lat="42.80814" lon="9.33488"/>
            <trkpt lat="42.80838" lon="9.33527"/>
            <trkpt lat="42.80844" lon="9.33535"/>
            <trkpt lat="42.80852" lon="9.33544"/>
            <trkpt lat="42.8086" lon="9.33548"/>
            <trkpt lat="42.80873" lon="9.33551"/>
            <trkpt lat="42.80891" lon="9.33559"/>
            <trkpt lat="42.80899" lon="9.33566"/>
            <trkpt lat="42.80906" lon="9.33576"/>
            <trkpt lat="42.80913" lon="9.33599"/>
            <trkpt lat="42.80914" lon="9.33609"/>
            <trkpt lat="42.80915" lon="9.33632"/>
            <trkpt lat="42.80917" lon="9.33645"/>
            <trkpt lat="42.80921" lon="9.33659"/>
            <trkpt lat="42.80927" lon="9.33671"/>
            <trkpt lat="42.80938" lon="9.33686"/>
            <trkpt lat="42.80942" lon="9.33692"/>
            <trkpt lat="42.80944" lon="9.33699"/>
            <trkpt lat="42.80943" lon="9.33713"/>
            <trkpt lat="42.80942" lon="9.33718"/>
            <trkpt lat="42.8094" lon="9.33727"/>
            <trkpt lat="42.80933" lon="9.33746"/>
            <trkpt lat="42.80931" lon="9.33757"/>
            <trkpt lat="42.8093" lon="9.33767"/>
            <trkpt lat="42.80934" lon="9.33776"/>
            <trkpt lat="42.80939" lon="9.33781"/>
            <trkpt lat="42.80943" lon="9.33782"/>
            <trkpt lat="42.80952" lon="9.33778"/>
            <trkpt lat="42.8098" lon="9.33749"/>
            <trkpt lat="42.8099" lon="9.33743"/>
            <trkpt lat="42.81002" lon="9.33739"/>
            <trkpt lat="42.81017" lon="9.33736"/>
            <trkpt lat="42.81036" lon="9.33734"/>
            <trkpt lat="42.81057" lon="9.33734"/>
            <trkpt lat="42.81065" lon="9.33735"/>
            <trkpt lat="42.81071" lon="9.33738"/>
            <trkpt lat="42.81089" lon="9.33749"/>
            <trkpt lat="42.81108" lon="9.33764"/>
            <trkpt lat="42.81141" lon="9.33793"/>
            <trkpt lat="42.81146" lon="9.33796"/>
            <trkpt lat="42.81168" lon="9.33808"/>
            <trkpt lat="42.81183" lon="9.33815"/>
            <trkpt lat="42.81223" lon="9.33833"/>
            <trkpt lat="42.81242" lon="9.33834"/>
            <trkpt lat="42.81249" lon="9.33832"/>
            <trkpt lat="42.81255" lon="9.33827"/>
            <trkpt lat="42.8126" lon="9.33821"/>
            <trkpt lat="42.81267" lon="9.33807"/>
            <trkpt lat="42.8127" lon="9.33798"/>
            <trkpt lat="42.81287" lon="9.33745"/>
            <trkpt lat="42.8129" lon="9.33733"/>
            <trkpt lat="42.8129" lon="9.33719"/>
            <trkpt lat="42.81287" lon="9.33702"/>
            <trkpt lat="42.81284" lon="9.33688"/>
            <trkpt lat="42.81277" lon="9.33673"/>
            <trkpt lat="42.81268" lon="9.33655"/>
            <trkpt lat="42.81264" lon="9.33647"/>
            <trkpt lat="42.81261" lon="9.33638"/>
            <trkpt lat="42.81258" lon="9.33621"/>
            <trkpt lat="42.81251" lon="9.33573"/>
            <trkpt lat="42.81244" lon="9.33552"/>
            <trkpt lat="42.81235" lon="9.33533"/>
            <trkpt lat="42.81226" lon="9.3351"/>
            <trkpt lat="42.8122" lon="9.33491"/>
            <trkpt lat="42.81218" lon="9.33477"/>
            <trkpt lat="42.81219" lon="9.33464"/>
            <trkpt lat="42.81221" lon="9.33454"/>
            <trkpt lat="42.81231" lon="9.3342"/>
            <trkpt lat="42.81233" lon="9.33408"/>
            <trkpt lat="42.81232" lon="9.33395"/>
            <trkpt lat="42.81229" lon="9.33388"/>
            <trkpt lat="42.81215" lon="9.33369"/>
            <trkpt lat="42.81211" lon="9.33359"/>
            <trkpt lat="42.81206" lon="9.3333"/>
            <trkpt lat="42.812" lon="9.33276"/>
            <trkpt lat="42.81199" lon="9.3323"/>
            <trkpt lat="42.81201" lon="9.3313"/>
            <trkpt lat="42.81204" lon="9.3309"/>
            <trkpt lat="42.81208" lon="9.33066"/>
            <trkpt lat="42.81215" lon="9.33046"/>
            <trkpt lat="42.81223" lon="9.33031"/>
            <trkpt lat="42.8124" lon="9.33003"/>
            <trkpt lat="42.81245" lon="9.3299"/>
            <trkpt lat="42.81254" lon="9.32961"/>
            <trkpt lat="42.81265" lon="9.32909"/>
            <trkpt lat="42.8127" lon="9.32882"/>
            <trkpt lat="42.8127" lon="9.32869"/>
            <trkpt lat="42.81268" lon="9.3286"/>
            <trkpt lat="42.81267" lon="9.32855"/>
            <trkpt lat="42.81262" lon="9.32839"/>
            <trkpt lat="42.81243" lon="9.328"/>
            <trkpt lat="42.81239" lon="9.32787"/>
            <trkpt lat="42.81234" lon="9.32763"/>
            <trkpt lat="42.81235" lon="9.32738"/>
            <trkpt lat="42.81238" lon="9.32716"/>
            <trkpt lat="42.81249" lon="9.32675"/>
            <trkpt lat="42.81255" lon="9.32663"/>
            <trkpt lat="42.81259" lon="9.32658"/>
            <trkpt lat="42.81264" lon="9.32654"/>
            <trkpt lat="42.81272" lon="9.3265"/>
            <trkpt lat="42.81296" lon="9.32645"/>
            <trkpt lat="42.81302" lon="9.32644"/>
            <trkpt lat="42.8134" lon="9.32622"/>
            <trkpt lat="42.81344" lon="9.32619"/>
            <trkpt lat="42.81348" lon="9.32619"/>
            <trkpt lat="42.81352" lon="9.32619"/>
            <trkpt lat="42.81377" lon="9.32626"/>
            <trkpt lat="42.81382" lon="9.32626"/>
            <trkpt lat="42.81392" lon="9.32625"/>
            <trkpt lat="42.81421" lon="9.32612"/>
            <trkpt lat="42.8145" lon="9.32602"/>
            <trkpt lat="42.81483" lon="9.32593"/>
            <trkpt lat="42.8149" lon="9.32593"/>
            <trkpt lat="42.81525" lon="9.32599"/>
            <trkpt lat="42.81542" lon="9.32599"/>
            <trkpt lat="42.8155" lon="9.32596"/>
            <trkpt lat="42.8156" lon="9.32592"/>
            <trkpt lat="42.81573" lon="9.32583"/>
            <trkpt lat="42.81622" lon="9.32551"/>
            <trkpt lat="42.81657" lon="9.32527"/>
            <trkpt lat="42.81676" lon="9.32517"/>
            <trkpt lat="42.81729" lon="9.32501"/>
            <trkpt lat="42.81758" lon="9.32494"/>
            <trkpt lat="42.81804" lon="9.3248"/>
            <trkpt lat="42.81822" lon="9.32473"/>
            <trkpt lat="42.81843" lon="9.32458"/>
            <trkpt lat="42.81951" lon="9.32354"/>
            <trkpt lat="42.81955" lon="9.32351"/>
            <trkpt lat="42.81961" lon="9.3235"/>
            <trkpt lat="42.81968" lon="9.32352"/>
            <trkpt lat="42.81974" lon="9.32353"/>
            <trkpt lat="42.82004" lon="9.32362"/>
            <trkpt lat="42.82049" lon="9.32369"/>
            <trkpt lat="42.82067" lon="9.32369"/>
            <trkpt lat="42.8209" lon="9.32365"/>
            <trkpt lat="42.82091" lon="9.32365"/>
            <trkpt lat="42.8211" lon="9.32356"/>
            <trkpt lat="42.82157" lon="9.3233"/>
            <trkpt lat="42.8222" lon="9.32289"/>
            <trkpt lat="42.82229" lon="9.32285"/>
            <trkpt lat="42.82239" lon="9.32283"/>
            <trkpt lat="42.82269" lon="9.32285"/>
            <trkpt lat="42.82276" lon="9.32287"/>
            <trkpt lat="42.82293" lon="9.32298"/>
            <trkpt lat="42.82311" lon="9.32314"/>
            <trkpt lat="42.82326" lon="9.32328"/>
            <trkpt lat="42.82344" lon="9.32344"/>
            <trkpt lat="42.82357" lon="9.32354"/>
            <trkpt lat="42.82366" lon="9.32358"/>
            <trkpt lat="42.82373" lon="9.3236"/>
            <trkpt lat="42.82376" lon="9.32361"/>
            <trkpt lat="42.82384" lon="9.3236"/>
            <trkpt lat="42.8239" lon="9.32357"/>
            <trkpt lat="42.82394" lon="9.32354"/>
            <trkpt lat="42.82399" lon="9.32346"/>
            <trkpt lat="42.82408" lon="9.3232"/>
            <trkpt lat="42.82412" lon="9.32308"/>
            <trkpt lat="42.82417" lon="9.32302"/>
            <trkpt lat="42.82421" lon="9.32299"/>
            <trkpt lat="42.82427" lon="9.32296"/>
            <trkpt lat="42.82447" lon="9.32293"/>
            <trkpt lat="42.82462" lon="9.32292"/>
            <trkpt lat="42.82471" lon="9.32288"/>
            <trkpt lat="42.82472" lon="9.32288"/>
            <trkpt lat="42.82478" lon="9.32284"/>
            <trkpt lat="42.82484" lon="9.3228"/>
            <trkpt lat="42.82489" lon="9.32273"/>
            <trkpt lat="42.82492" lon="9.32267"/>
            <trkpt lat="42.82496" lon="9.32257"/>
            <trkpt lat="42.82501" lon="9.32238"/>
            <trkpt lat="42.82504" lon="9.32232"/>
            <trkpt lat="42.8251" lon="9.32223"/>
            <trkpt lat="42.82531" lon="9.32203"/>
            <trkpt lat="42.82554" lon="9.32171"/>
            <trkpt lat="42.82601" lon="9.32127"/>
            <trkpt lat="42.82611" lon="9.32119"/>
            <trkpt lat="42.8262" lon="9.32116"/>
            <trkpt lat="42.82649" lon="9.32116"/>
            <trkpt lat="42.82677" lon="9.32109"/>
            <trkpt lat="42.82691" lon="9.32104"/>
            <trkpt lat="42.82699" lon="9.32099"/>
            <trkpt lat="42.82706" lon="9.32093"/>
            <trkpt lat="42.82712" lon="9.32082"/>
            <trkpt lat="42.82719" lon="9.3207"/>
            <trkpt lat="42.82724" lon="9.32062"/>
            <trkpt lat="42.82734" lon="9.32055"/>
            <trkpt lat="42.82744" lon="9.32044"/>
            <trkpt lat="42.82749" lon="9.32035"/>
            <trkpt lat="42.82761" lon="9.32001"/>
            <trkpt lat="42.82771" lon="9.31967"/>
            <trkpt lat="42.82782" lon="9.3194"/>
            <trkpt lat="42.82789" lon="9.31928"/>
            <trkpt lat="42.828" lon="9.31918"/>
            <trkpt lat="42.82809" lon="9.31913"/>
            <trkpt lat="42.82819" lon="9.3191"/>
            <trkpt lat="42.82838" lon="9.31907"/>
            <trkpt lat="42.82873" lon="9.31905"/>
            <trkpt lat="42.82899" lon="9.31896"/>
            <trkpt lat="42.82916" lon="9.31885"/>
            <trkpt lat="42.82927" lon="9.31876"/>
            <trkpt lat="42.82942" lon="9.31856"/>
            <trkpt lat="42.82947" lon="9.3184"/>
            <trkpt lat="42.82949" lon="9.31813"/>
            <trkpt lat="42.82949" lon="9.318"/>
            <trkpt lat="42.82947" lon="9.31774"/>
            <trkpt lat="42.82945" lon="9.31755"/>
            <trkpt lat="42.82945" lon="9.31749"/>
            <trkpt lat="42.82945" lon="9.31745"/>
            <trkpt lat="42.82947" lon="9.3173"/>
            <trkpt lat="42.82949" lon="9.31725"/>
            <trkpt lat="42.82954" lon="9.31714"/>
            <trkpt lat="42.82956" lon="9.31711"/>
            <trkpt lat="42.82962" lon="9.31707"/>
            <trkpt lat="42.82978" lon="9.31696"/>
            <trkpt lat="42.8299" lon="9.31688"/>
            <trkpt lat="42.83015" lon="9.31664"/>
            <trkpt lat="42.83036" lon="9.31641"/>
            <trkpt lat="42.8304" lon="9.31637"/>
            <trkpt lat="42.83046" lon="9.31629"/>
            <trkpt lat="42.83051" lon="9.31625"/>
            <trkpt lat="42.83073" lon="9.31611"/>
            <trkpt lat="42.83087" lon="9.31596"/>
            <trkpt lat="42.83095" lon="9.31584"/>
            <trkpt lat="42.83102" lon="9.31567"/>
            <trkpt lat="42.83108" lon="9.31538"/>
            <trkpt lat="42.83116" lon="9.31508"/>
            <trkpt lat="42.8312" lon="9.31493"/>
            <trkpt lat="42.83125" lon="9.31483"/>
            <trkpt lat="42.83131" lon="9.31475"/>
            <trkpt lat="42.83149" lon="9.31459"/>
            <trkpt lat="42.83159" lon="9.31456"/>
            <trkpt lat="42.83165" lon="9.31455"/>
            <trkpt lat="42.83176" lon="9.31456"/>
            <trkpt lat="42.83183" lon="9.31454"/>
            <trkpt lat="42.83191" lon="9.31452"/>
            <trkpt lat="42.83199" lon="9.31447"/>
            <trkpt lat="42.83207" lon="9.3144"/>
            <trkpt lat="42.83218" lon="9.31434"/>
            <trkpt lat="42.83226" lon="9.31433"/>
            <trkpt lat="42.83264" lon="9.31436"/>
            <trkpt lat="42.83276" lon="9.31441"/>
            <trkpt lat="42.8329" lon="9.31446"/>
            <trkpt lat="42.83297" lon="9.3145"/>
            <trkpt lat="42.83306" lon="9.31457"/>
            <trkpt lat="42.83343" lon="9.31501"/>
            <trkpt lat="42.83351" lon="9.31508"/>
            <trkpt lat="42.83362" lon="9.31512"/>
            <trkpt lat="42.8341" lon="9.31522"/>
            <trkpt lat="42.83424" lon="9.31527"/>
            <trkpt lat="42.8346" lon="9.31546"/>
            <trkpt lat="42.83479" lon="9.31562"/>
            <trkpt lat="42.83515" lon="9.316"/>
            <trkpt lat="42.83539" lon="9.31623"/>
            <trkpt lat="42.83549" lon="9.31628"/>
            <trkpt lat="42.83576" lon="9.31635"/>
            <trkpt lat="42.83586" lon="9.31641"/>
            <trkpt lat="42.83587" lon="9.31641"/>
            <trkpt lat="42.83596" lon="9.31651"/>
            <trkpt lat="42.8363" lon="9.31693"/>
            <trkpt lat="42.8366" lon="9.31741"/>
            <trkpt lat="42.83676" lon="9.31758"/>
            <trkpt lat="42.83689" lon="9.31767"/>
            <trkpt lat="42.83699" lon="9.31774"/>
            <trkpt lat="42.8371" lon="9.31776"/>
            <trkpt lat="42.83756" lon="9.3178"/>
            <trkpt lat="42.83764" lon="9.31783"/>
            <trkpt lat="42.83788" lon="9.31798"/>
            <trkpt lat="42.83799" lon="9.318"/>
            <trkpt lat="42.83805" lon="9.31798"/>
            <trkpt lat="42.83816" lon="9.3179"/>
            <trkpt lat="42.83824" lon="9.31787"/>
            <trkpt lat="42.83834" lon="9.31791"/>
            <trkpt lat="42.8384" lon="9.31796"/>
            <trkpt lat="42.83847" lon="9.31806"/>
            <trkpt lat="42.83855" lon="9.31808"/>
            <trkpt lat="42.83864" lon="9.31809"/>
            <trkpt lat="42.83875" lon="9.31804"/>
            <trkpt lat="42.83883" lon="9.31796"/>
            <trkpt lat="42.83923" lon="9.31746"/>
            <trkpt lat="42.83929" lon="9.31741"/>
            <trkpt lat="42.83935" lon="9.3174"/>
            <trkpt lat="42.83942" lon="9.31743"/>
            <trkpt lat="42.83985" lon="9.31782"/>
            <trkpt lat="42.84008" lon="9.31809"/>
            <trkpt lat="42.8402" lon="9.31827"/>
            <trkpt lat="42.84031" lon="9.31847"/>
            <trkpt lat="42.84038" lon="9.31863"/>
            <trkpt lat="42.84043" lon="9.31879"/>
            <trkpt lat="42.84049" lon="9.31918"/>
            <trkpt lat="42.84052" lon="9.31957"/>
            <trkpt lat="42.84053" lon="9.31966"/>
            <trkpt lat="42.84055" lon="9.31972"/>
            <trkpt lat="42.84059" lon="9.3198"/>
            <trkpt lat="42.84097" lon="9.32039"/>
            <trkpt lat="42.84103" lon="9.32049"/>
            <trkpt lat="42.84105" lon="9.32054"/>
            <trkpt lat="42.84106" lon="9.32065"/>
            <trkpt lat="42.84104" lon="9.32106"/>
            <trkpt lat="42.84106" lon="9.32112"/>
            <trkpt lat="42.84113" lon="9.32119"/>
            <trkpt lat="42.84123" lon="9.32123"/>
            <trkpt lat="42.84131" lon="9.32124"/>
            <trkpt lat="42.84137" lon="9.32123"/>
            <trkpt lat="42.84145" lon="9.32114"/>
            <trkpt lat="42.84168" lon="9.32079"/>
            <trkpt lat="42.84176" lon="9.32064"/>
            <trkpt lat="42.84193" lon="9.32024"/>
            <trkpt lat="42.84195" lon="9.32019"/>
            <trkpt lat="42.84211" lon="9.3199"/>
            <trkpt lat="42.84214" lon="9.31989"/>
            <trkpt lat="42.84233" lon="9.3199"/>
            <trkpt lat="42.84244" lon="9.31998"/>
            <trkpt lat="42.84259" lon="9.32009"/>
            <trkpt lat="42.84266" lon="9.32017"/>
            <trkpt lat="42.84276" lon="9.32031"/>
            <trkpt lat="42.84301" lon="9.32078"/>
            <trkpt lat="42.84313" lon="9.32096"/>
            <trkpt lat="42.84333" lon="9.32124"/>
            <trkpt lat="42.84353" lon="9.32149"/>
            <trkpt lat="42.84365" lon="9.32172"/>
            <trkpt lat="42.84379" lon="9.32204"/>
            <trkpt lat="42.84391" lon="9.32234"/>
            <trkpt lat="42.84398" lon="9.32245"/>
            <trkpt lat="42.84425" lon="9.32278"/>
            <trkpt lat="42.84427" lon="9.32284"/>
            <trkpt lat="42.84428" lon="9.32292"/>
            <trkpt lat="42.84425" lon="9.32334"/>
            <trkpt lat="42.84426" lon="9.32342"/>
            <trkpt lat="42.8443" lon="9.32349"/>
            <trkpt lat="42.84437" lon="9.32354"/>
            <trkpt lat="42.84458" lon="9.32359"/>
            <trkpt lat="42.84467" lon="9.32362"/>
            <trkpt lat="42.84473" lon="9.32366"/>
            <trkpt lat="42.84528" lon="9.32432"/>
            <trkpt lat="42.84535" lon="9.32447"/>
            <trkpt lat="42.84538" lon="9.32454"/>
            <trkpt lat="42.84543" lon="9.32462"/>
            <trkpt lat="42.84566" lon="9.32488"/>
            <trkpt lat="42.84591" lon="9.32522"/>
            <trkpt lat="42.84621" lon="9.32557"/>
            <trkpt lat="42.84634" lon="9.32567"/>
            <trkpt lat="42.84639" lon="9.32568"/>
            <trkpt lat="42.84645" lon="9.32569"/>
            <trkpt lat="42.84657" lon="9.32568"/>
            <trkpt lat="42.84664" lon="9.32565"/>
            <trkpt lat="42.84668" lon="9.32563"/>
            <trkpt lat="42.84669" lon="9.32562"/>
            <trkpt lat="42.84683" lon="9.32558"/>
            <trkpt lat="42.84698" lon="9.32555"/>
            <trkpt lat="42.84712" lon="9.32555"/>
            <trkpt lat="42.84731" lon="9.3256"/>
            <trkpt lat="42.84734" lon="9.32561"/>
            <trkpt lat="42.84747" lon="9.32567"/>
            <trkpt lat="42.84758" lon="9.32574"/>
            <trkpt lat="42.84773" lon="9.32587"/>
            <trkpt lat="42.84779" lon="9.32594"/>
            <trkpt lat="42.84803" lon="9.32617"/>
            <trkpt lat="42.84857" lon="9.3265"/>
            <trkpt lat="42.84873" lon="9.32663"/>
            <trkpt lat="42.84882" lon="9.32674"/>
            <trkpt lat="42.84887" lon="9.32682"/>
            <trkpt lat="42.84891" lon="9.32698"/>
            <trkpt lat="42.84898" lon="9.32719"/>
            <trkpt lat="42.84901" lon="9.32725"/>
            <trkpt lat="42.84905" lon="9.32731"/>
            <trkpt lat="42.84931" lon="9.32759"/>
            <trkpt lat="42.84971" lon="9.32795"/>
            <trkpt lat="42.84989" lon="9.3281"/>
            <trkpt lat="42.85028" lon="9.32835"/>
            <trkpt lat="42.85047" lon="9.32847"/>
            <trkpt lat="42.8507" lon="9.32868"/>
            <trkpt lat="42.85092" lon="9.32897"/>
            <trkpt lat="42.85095" lon="9.32908"/>
            <trkpt lat="42.85096" lon="9.3292"/>
            <trkpt lat="42.85094" lon="9.32938"/>
            <trkpt lat="42.85093" lon="9.32951"/>
            <trkpt lat="42.85092" lon="9.3296"/>
            <trkpt lat="42.85093" lon="9.32964"/>
            <trkpt lat="42.85118" lon="9.32985"/>
            <trkpt lat="42.85123" lon="9.32992"/>
            <trkpt lat="42.85134" lon="9.33021"/>
            <trkpt lat="42.85149" lon="9.33054"/>
            <trkpt lat="42.85161" lon="9.33068"/>
            <trkpt lat="42.85189" lon="9.33088"/>
            <trkpt lat="42.8525" lon="9.33149"/>
            <trkpt lat="42.85262" lon="9.33163"/>
            <trkpt lat="42.85284" lon="9.33193"/>
            <trkpt lat="42.85307" lon="9.3322"/>
            <trkpt lat="42.85317" lon="9.33228"/>
            <trkpt lat="42.85331" lon="9.33237"/>
            <trkpt lat="42.85343" lon="9.33241"/>
            <trkpt lat="42.85397" lon="9.33256"/>
            <trkpt lat="42.8541" lon="9.33263"/>
            <trkpt lat="42.85424" lon="9.33272"/>
            <trkpt lat="42.85455" lon="9.33289"/>
            <trkpt lat="42.85464" lon="9.33292"/>
            <trkpt lat="42.85477" lon="9.33294"/>
            <trkpt lat="42.85487" lon="9.33293"/>
            <trkpt lat="42.85504" lon="9.33289"/>
            <trkpt lat="42.85554" lon="9.33268"/>
            <trkpt lat="42.85592" lon="9.3326"/>
            <trkpt lat="42.856" lon="9.3326"/>
            <trkpt lat="42.8561" lon="9.33262"/>
            <trkpt lat="42.85616" lon="9.33265"/>
            <trkpt lat="42.85638" lon="9.33279"/>
            <trkpt lat="42.85713" lon="9.33342"/>
            <trkpt lat="42.85719" lon="9.3335"/>
            <trkpt lat="42.85723" lon="9.3336"/>
            <trkpt lat="42.85726" lon="9.3337"/>
            <trkpt lat="42.85727" lon="9.33378"/>
            <trkpt lat="42.85721" lon="9.33426"/>
            <trkpt lat="42.85718" lon="9.3344"/>
            <trkpt lat="42.85717" lon="9.3345"/>
            <trkpt lat="42.85719" lon="9.33458"/>
            <trkpt lat="42.85726" lon="9.3347"/>
            <trkpt lat="42.85759" lon="9.33499"/>
            <trkpt lat="42.85773" lon="9.33508"/>
            <trkpt lat="42.85784" lon="9.33512"/>
            <trkpt lat="42.85802" lon="9.33512"/>
            <trkpt lat="42.85822" lon="9.33505"/>
            <trkpt lat="42.85838" lon="9.33501"/>
            <trkpt lat="42.85856" lon="9.33493"/>
            <trkpt lat="42.85874" lon="9.33481"/>
            <trkpt lat="42.85894" lon="9.3347"/>
            <trkpt lat="42.85901" lon="9.33472"/>
            <trkpt lat="42.85908" lon="9.33478"/>
            <trkpt lat="42.8594" lon="9.33514"/>
            <trkpt lat="42.8596" lon="9.33532"/>
            <trkpt lat="42.85973" lon="9.33551"/>
            <trkpt lat="42.85988" lon="9.3357"/>
            <trkpt lat="42.85994" lon="9.33575"/>
            <trkpt lat="42.86028" lon="9.33596"/>
            <trkpt lat="42.86048" lon="9.33615"/>
            <trkpt lat="42.86055" lon="9.33626"/>
            <trkpt lat="42.86078" lon="9.33674"/>
            <trkpt lat="42.86082" lon="9.33677"/>
            <trkpt lat="42.86087" lon="9.33679"/>
            <trkpt lat="42.86091" lon="9.33677"/>
            <trkpt lat="42.86095" lon="9.33674"/>
            <trkpt lat="42.86116" lon="9.33645"/>
            <trkpt lat="42.86132" lon="9.33614"/>
            <trkpt lat="42.86148" lon="9.33578"/>
            <trkpt lat="42.86153" lon="9.33562"/>
            <trkpt lat="42.86157" lon="9.33551"/>
            <trkpt lat="42.86161" lon="9.33542"/>
            <trkpt lat="42.86164" lon="9.33538"/>
            <trkpt lat="42.86169" lon="9.33533"/>
            <trkpt lat="42.86172" lon="9.33532"/>
            <trkpt lat="42.86187" lon="9.33528"/>
            <trkpt lat="42.86201" lon="9.33522"/>
            <trkpt lat="42.86216" lon="9.33504"/>
            <trkpt lat="42.86222" lon="9.33496"/>
            <trkpt lat="42.86228" lon="9.33488"/>
            <trkpt lat="42.86233" lon="9.33484"/>
            <trkpt lat="42.86239" lon="9.3348"/>
            <trkpt lat="42.86243" lon="9.3348"/>
            <trkpt lat="42.86247" lon="9.33481"/>
            <trkpt lat="42.8626" lon="9.33491"/>
            <trkpt lat="42.86268" lon="9.33501"/>
            <trkpt lat="42.86275" lon="9.3351"/>
            <trkpt lat="42.86284" lon="9.3352"/>
            <trkpt lat="42.86305" lon="9.33535"/>
            <trkpt lat="42.86314" lon="9.33546"/>
            <trkpt lat="42.8632" lon="9.33553"/>
            <trkpt lat="42.86328" lon="9.33565"/>
            <trkpt lat="42.86331" lon="9.3357"/>
            <trkpt lat="42.86337" lon="9.33584"/>
            <trkpt lat="42.8634" lon="9.33598"/>
            <trkpt lat="42.86346" lon="9.33635"/>
            <trkpt lat="42.86348" lon="9.33642"/>
            <trkpt lat="42.86359" lon="9.33667"/>
            <trkpt lat="42.86362" lon="9.33677"/>
            <trkpt lat="42.86363" lon="9.3369"/>
            <trkpt lat="42.86363" lon="9.33705"/>
            <trkpt lat="42.86359" lon="9.33723"/>
            <trkpt lat="42.86343" lon="9.33764"/>
            <trkpt lat="42.86342" lon="9.33771"/>
            <trkpt lat="42.8634" lon="9.33803"/>
            <trkpt lat="42.8634" lon="9.33822"/>
            <trkpt lat="42.86341" lon="9.33837"/>
            <trkpt lat="42.86342" lon="9.33838"/>
            <trkpt lat="42.86344" lon="9.33844"/>
            <trkpt lat="42.86346" lon="9.33849"/>
            <trkpt lat="42.86354" lon="9.33858"/>
            <trkpt lat="42.86361" lon="9.3386"/>
            <trkpt lat="42.86367" lon="9.33858"/>
            <trkpt lat="42.86371" lon="9.33855"/>
            <trkpt lat="42.86376" lon="9.33848"/>
            <trkpt lat="42.86389" lon="9.33841"/>
            <trkpt lat="42.86399" lon="9.33839"/>
            <trkpt lat="42.86411" lon="9.33838"/>
            <trkpt lat="42.86418" lon="9.3384"/>
            <trkpt lat="42.86424" lon="9.33843"/>
            <trkpt lat="42.8643" lon="9.33847"/>
            <trkpt lat="42.86438" lon="9.33858"/>
            <trkpt lat="42.86441" lon="9.33867"/>
            <trkpt lat="42.86439" lon="9.33935"/>
            <trkpt lat="42.86439" lon="9.33943"/>
            <trkpt lat="42.8644" lon="9.33952"/>
            <trkpt lat="42.86447" lon="9.33988"/>
            <trkpt lat="42.86448" lon="9.34002"/>
            <trkpt lat="42.86447" lon="9.34011"/>
            <trkpt lat="42.86443" lon="9.34024"/>
            <trkpt lat="42.8644" lon="9.34039"/>
            <trkpt lat="42.86437" lon="9.34053"/>
            <trkpt lat="42.86436" lon="9.34074"/>
            <trkpt lat="42.86437" lon="9.34099"/>
            <trkpt lat="42.86436" lon="9.34109"/>
            <trkpt lat="42.86434" lon="9.3412"/>
            <trkpt lat="42.8643" lon="9.34127"/>
            <trkpt lat="42.86423" lon="9.34134"/>
            <trkpt lat="42.86389" lon="9.34157"/>
            <trkpt lat="42.86379" lon="9.34168"/>
            <trkpt lat="42.86378" lon="9.34173"/>
            <trkpt lat="42.86377" lon="9.34175"/>
            <trkpt lat="42.86376" lon="9.3419"/>
            <trkpt lat="42.86378" lon="9.34198"/>
            <trkpt lat="42.86381" lon="9.34205"/>
            <trkpt lat="42.86384" lon="9.34208"/>
            <trkpt lat="42.86404" lon="9.3425"/>
            <trkpt lat="42.86406" lon="9.34257"/>
            <trkpt lat="42.86407" lon="9.34262"/>
            <trkpt lat="42.86407" lon="9.34278"/>
            <trkpt lat="42.86404" lon="9.34289"/>
            <trkpt lat="42.86404" lon="9.34291"/>
            <trkpt lat="42.86405" lon="9.343"/>
            <trkpt lat="42.86406" lon="9.34303"/>
            <trkpt lat="42.86409" lon="9.34308"/>
            <trkpt lat="42.86412" lon="9.34311"/>
            <trkpt lat="42.86417" lon="9.34313"/>
            <trkpt lat="42.86438" lon="9.34315"/>
            <trkpt lat="42.86459" lon="9.34319"/>
            <trkpt lat="42.86464" lon="9.34323"/>
            <trkpt lat="42.86469" lon="9.34329"/>
            <trkpt lat="42.86472" lon="9.34335"/>
            <trkpt lat="42.86473" lon="9.34341"/>
            <trkpt lat="42.86476" lon="9.34361"/>
            <trkpt lat="42.86481" lon="9.34382"/>
            <trkpt lat="42.86483" lon="9.34389"/>
            <trkpt lat="42.86485" lon="9.34397"/>
            <trkpt lat="42.86489" lon="9.34419"/>
            <trkpt lat="42.86492" lon="9.34462"/>
            <trkpt lat="42.86493" lon="9.34509"/>
            <trkpt lat="42.86495" lon="9.3454"/>
            <trkpt lat="42.86503" lon="9.34597"/>
            <trkpt lat="42.86513" lon="9.34641"/>
            <trkpt lat="42.86515" lon="9.34658"/>
            <trkpt lat="42.86517" lon="9.34673"/>
            <trkpt lat="42.86517" lon="9.34683"/>
            <trkpt lat="42.86515" lon="9.34693"/>
            <trkpt lat="42.86513" lon="9.347"/>
            <trkpt lat="42.86503" lon="9.34727"/>
            <trkpt lat="42.86499" lon="9.34746"/>
            <trkpt lat="42.86495" lon="9.34758"/>
            <trkpt lat="42.86488" lon="9.34778"/>
            <trkpt lat="42.86483" lon="9.34792"/>
            <trkpt lat="42.86481" lon="9.34804"/>
            <trkpt lat="42.86481" lon="9.34813"/>
            <trkpt lat="42.86482" lon="9.34817"/>
            <trkpt lat="42.86483" lon="9.34822"/>
            <trkpt lat="42.86486" lon="9.34826"/>
            <trkpt lat="42.86492" lon="9.34831"/>
            <trkpt lat="42.86498" lon="9.34835"/>
            <trkpt lat="42.86505" lon="9.34838"/>
            <trkpt lat="42.86515" lon="9.34839"/>
            <trkpt lat="42.86526" lon="9.34838"/>
            <trkpt lat="42.8656" lon="9.34841"/>
            <trkpt lat="42.86568" lon="9.34839"/>
            <trkpt lat="42.86579" lon="9.34836"/>
            <trkpt lat="42.86586" lon="9.34833"/>
            <trkpt lat="42.86594" lon="9.34829"/>
            <trkpt lat="42.86601" lon="9.34824"/>
            <trkpt lat="42.86622" lon="9.34804"/>
            <trkpt lat="42.86649" lon="9.34769"/>
            <trkpt lat="42.86667" lon="9.34756"/>
            <trkpt lat="42.86675" lon="9.34753"/>
            <trkpt lat="42.86683" lon="9.34753"/>
            <trkpt lat="42.8669" lon="9.34755"/>
            <trkpt lat="42.86718" lon="9.34768"/>
            <trkpt lat="42.86726" lon="9.34777"/>
            <trkpt lat="42.86741" lon="9.34802"/>
            <trkpt lat="42.86745" lon="9.34813"/>
            <trkpt lat="42.86747" lon="9.34824"/>
            <trkpt lat="42.86747" lon="9.34832"/>
            <trkpt lat="42.86746" lon="9.34839"/>
            <trkpt lat="42.86734" lon="9.34863"/>
            <trkpt lat="42.86729" lon="9.34877"/>
            <trkpt lat="42.86725" lon="9.34891"/>
            <trkpt lat="42.86724" lon="9.34909"/>
            <trkpt lat="42.86727" lon="9.34933"/>
            <trkpt lat="42.86728" lon="9.34977"/>
            <trkpt lat="42.86729" lon="9.34993"/>
            <trkpt lat="42.86731" lon="9.35008"/>
            <trkpt lat="42.86734" lon="9.35016"/>
            <trkpt lat="42.86736" lon="9.3502"/>
            <trkpt lat="42.86744" lon="9.35026"/>
            <trkpt lat="42.86751" lon="9.35027"/>
            <trkpt lat="42.86755" lon="9.35028"/>
            <trkpt lat="42.86758" lon="9.35027"/>
            <trkpt lat="42.86762" lon="9.35026"/>
            <trkpt lat="42.86765" lon="9.35025"/>
            <trkpt lat="42.86767" lon="9.35024"/>
            <trkpt lat="42.8677" lon="9.35021"/>
            <trkpt lat="42.86772" lon="9.35019"/>
            <trkpt lat="42.86774" lon="9.35014"/>
            <trkpt lat="42.86776" lon="9.35006"/>
            <trkpt lat="42.86778" lon="9.34978"/>
            <trkpt lat="42.86778" lon="9.34936"/>
            <trkpt lat="42.8678" lon="9.34916"/>
            <trkpt lat="42.86787" lon="9.349"/>
            <trkpt lat="42.86788" lon="9.34898"/>
            <trkpt lat="42.86798" lon="9.34887"/>
            <trkpt lat="42.86808" lon="9.34881"/>
            <trkpt lat="42.8682" lon="9.34876"/>
            <trkpt lat="42.86838" lon="9.34872"/>
            <trkpt lat="42.8685" lon="9.34865"/>
            <trkpt lat="42.86865" lon="9.34853"/>
            <trkpt lat="42.86867" lon="9.34852"/>
            <trkpt lat="42.86876" lon="9.34843"/>
            <trkpt lat="42.86898" lon="9.34818"/>
            <trkpt lat="42.86907" lon="9.34812"/>
            <trkpt lat="42.86914" lon="9.3481"/>
            <trkpt lat="42.8692" lon="9.3481"/>
            <trkpt lat="42.86925" lon="9.34811"/>
            <trkpt lat="42.86941" lon="9.34817"/>
            <trkpt lat="42.86951" lon="9.34818"/>
            <trkpt lat="42.86954" lon="9.34817"/>
            <trkpt lat="42.86958" lon="9.34815"/>
            <trkpt lat="42.8696" lon="9.34813"/>
            <trkpt lat="42.86961" lon="9.3481"/>
            <trkpt lat="42.86963" lon="9.34805"/>
            <trkpt lat="42.86963" lon="9.34801"/>
            <trkpt lat="42.86963" lon="9.34791"/>
            <trkpt lat="42.8696" lon="9.34782"/>
            <trkpt lat="42.86943" lon="9.34757"/>
            <trkpt lat="42.86938" lon="9.34751"/>
            <trkpt lat="42.86928" lon="9.34746"/>
            <trkpt lat="42.86903" lon="9.34737"/>
            <trkpt lat="42.86897" lon="9.34733"/>
            <trkpt lat="42.86894" lon="9.34729"/>
            <trkpt lat="42.86892" lon="9.34724"/>
            <trkpt lat="42.8689" lon="9.34718"/>
            <trkpt lat="42.8689" lon="9.34712"/>
            <trkpt lat="42.86894" lon="9.34703"/>
            <trkpt lat="42.86898" lon="9.34699"/>
            <trkpt lat="42.86933" lon="9.34683"/>
            <trkpt lat="42.8694" lon="9.34674"/>
            <trkpt lat="42.86951" lon="9.34655"/>
            <trkpt lat="42.86954" lon="9.34641"/>
            <trkpt lat="42.86969" lon="9.34601"/>
            <trkpt lat="42.86971" lon="9.34592"/>
            <trkpt lat="42.86969" lon="9.34581"/>
            <trkpt lat="42.86955" lon="9.3456"/>
            <trkpt lat="42.86949" lon="9.34546"/>
            <trkpt lat="42.8694" lon="9.34492"/>
            <trkpt lat="42.8694" lon="9.3448"/>
            <trkpt lat="42.86942" lon="9.34472"/>
            <trkpt lat="42.86946" lon="9.34465"/>
            <trkpt lat="42.8695" lon="9.3446"/>
            <trkpt lat="42.86955" lon="9.34459"/>
            <trkpt lat="42.86984" lon="9.34467"/>
            <trkpt lat="42.86988" lon="9.34467"/>
            <trkpt lat="42.8699" lon="9.34466"/>
            <trkpt lat="42.86992" lon="9.34465"/>
            <trkpt lat="42.86995" lon="9.3446"/>
            <trkpt lat="42.86996" lon="9.34459"/>
            <trkpt lat="42.86998" lon="9.3445"/>
            <trkpt lat="42.86998" lon="9.34441"/>
            <trkpt lat="42.86985" lon="9.3439"/>
            <trkpt lat="42.86971" lon="9.34324"/>
            <trkpt lat="42.86968" lon="9.343"/>
            <trkpt lat="42.86968" lon="9.34288"/>
            <trkpt lat="42.86973" lon="9.34275"/>
            <trkpt lat="42.86981" lon="9.34258"/>
            <trkpt lat="42.8699" lon="9.34247"/>
            <trkpt lat="42.87" lon="9.3424"/>
            <trkpt lat="42.87036" lon="9.3423"/>
            <trkpt lat="42.87043" lon="9.34224"/>
            <trkpt lat="42.87046" lon="9.34211"/>
            <trkpt lat="42.87046" lon="9.34201"/>
            <trkpt lat="42.87043" lon="9.3419"/>
            <trkpt lat="42.8704" lon="9.34169"/>
            <trkpt lat="42.87041" lon="9.34145"/>
            <trkpt lat="42.87049" lon="9.34118"/>
            <trkpt lat="42.87052" lon="9.34088"/>
            <trkpt lat="42.87051" lon="9.34073"/>
            <trkpt lat="42.87046" lon="9.34057"/>
            <trkpt lat="42.87041" lon="9.34043"/>
            <trkpt lat="42.87039" lon="9.34026"/>
            <trkpt lat="42.87041" lon="9.34011"/>
            <trkpt lat="42.87047" lon="9.33999"/>
            <trkpt lat="42.87048" lon="9.33986"/>
            <trkpt lat="42.87047" lon="9.33977"/>
            <trkpt lat="42.87031" lon="9.33951"/>
            <trkpt lat="42.87028" lon="9.33938"/>
            <trkpt lat="42.87028" lon="9.33926"/>
            <trkpt lat="42.8703" lon="9.33899"/>
            <trkpt lat="42.87043" lon="9.33838"/>
            <trkpt lat="42.87046" lon="9.33823"/>
            <trkpt lat="42.8705" lon="9.33812"/>
            <trkpt lat="42.87073" lon="9.33782"/>
            <trkpt lat="42.87084" lon="9.33771"/>
            <trkpt lat="42.87121" lon="9.33741"/>
            <trkpt lat="42.87138" lon="9.33718"/>
            <trkpt lat="42.87147" lon="9.33706"/>
            <trkpt lat="42.87178" lon="9.337"/>
            <trkpt lat="42.87187" lon="9.33694"/>
            <trkpt lat="42.8719" lon="9.3369"/>
            <trkpt lat="42.87195" lon="9.3368"/>
            <trkpt lat="42.87203" lon="9.33648"/>
            <trkpt lat="42.87205" lon="9.33641"/>
            <trkpt lat="42.87213" lon="9.33624"/>
            <trkpt lat="42.87223" lon="9.33611"/>
            <trkpt lat="42.87226" lon="9.33603"/>
            <trkpt lat="42.87228" lon="9.33594"/>
            <trkpt lat="42.87228" lon="9.33588"/>
            <trkpt lat="42.87225" lon="9.33575"/>
            <trkpt lat="42.87219" lon="9.33562"/>
            <trkpt lat="42.87217" lon="9.3355"/>
            <trkpt lat="42.87216" lon="9.33527"/>
            <trkpt lat="42.87219" lon="9.33489"/>
            <trkpt lat="42.87217" lon="9.33454"/>
            <trkpt lat="42.87212" lon="9.3341"/>
            <trkpt lat="42.87209" lon="9.33375"/>
            <trkpt lat="42.87212" lon="9.33355"/>
            <trkpt lat="42.87216" lon="9.33344"/>
            <trkpt lat="42.87221" lon="9.33339"/>
            <trkpt lat="42.87228" lon="9.33337"/>
            <trkpt lat="42.87244" lon="9.33335"/>
            <trkpt lat="42.87263" lon="9.33336"/>
            <trkpt lat="42.87272" lon="9.33341"/>
            <trkpt lat="42.87281" lon="9.3335"/>
            <trkpt lat="42.87289" lon="9.33356"/>
            <trkpt lat="42.87296" lon="9.33356"/>
            <trkpt lat="42.87303" lon="9.33353"/>
            <trkpt lat="42.87308" lon="9.33349"/>
            <trkpt lat="42.87312" lon="9.33339"/>
            <trkpt lat="42.87315" lon="9.33329"/>
            <trkpt lat="42.87317" lon="9.33314"/>
            <trkpt lat="42.87317" lon="9.33289"/>
            <trkpt lat="42.8732" lon="9.3327"/>
            <trkpt lat="42.87324" lon="9.33259"/>
            <trkpt lat="42.8733" lon="9.33251"/>
            <trkpt lat="42.87362" lon="9.33229"/>
            <trkpt lat="42.87379" lon="9.33206"/>
            <trkpt lat="42.87387" lon="9.33201"/>
            <trkpt lat="42.87396" lon="9.33201"/>
            <trkpt lat="42.87426" lon="9.33215"/>
            <trkpt lat="42.87443" lon="9.33231"/>
            <trkpt lat="42.87455" lon="9.3325"/>
            <trkpt lat="42.87467" lon="9.33264"/>
            <trkpt lat="42.87473" lon="9.33273"/>
            <trkpt lat="42.87475" lon="9.33281"/>
            <trkpt lat="42.8748" lon="9.33304"/>
            <trkpt lat="42.87482" lon="9.33308"/>
            <trkpt lat="42.87484" lon="9.33311"/>
            <trkpt lat="42.87487" lon="9.33313"/>
            <trkpt lat="42.8749" lon="9.33314"/>
            <trkpt lat="42.87494" lon="9.33315"/>
            <trkpt lat="42.875" lon="9.33314"/>
            <trkpt lat="42.87504" lon="9.33312"/>
            <trkpt lat="42.87508" lon="9.33308"/>
            <trkpt lat="42.87525" lon="9.3328"/>
            <trkpt lat="42.8753" lon="9.33275"/>
            <trkpt lat="42.87539" lon="9.33269"/>
            <trkpt lat="42.87558" lon="9.33261"/>
            <trkpt lat="42.87564" lon="9.33258"/>
            <trkpt lat="42.87573" lon="9.33248"/>
            <trkpt lat="42.87585" lon="9.3323"/>
            <trkpt lat="42.87595" lon="9.33224"/>
            <trkpt lat="42.87618" lon="9.33222"/>
            <trkpt lat="42.87626" lon="9.33217"/>
            <trkpt lat="42.87633" lon="9.33209"/>
            <trkpt lat="42.87644" lon="9.33189"/>
            <trkpt lat="42.87658" lon="9.33152"/>
            <trkpt lat="42.87671" lon="9.33122"/>
            <trkpt lat="42.87688" lon="9.33089"/>
            <trkpt lat="42.87696" lon="9.33079"/>
            <trkpt lat="42.87702" lon="9.33075"/>
            <trkpt lat="42.87709" lon="9.33073"/>
            <trkpt lat="42.87722" lon="9.33072"/>
            <trkpt lat="42.8775" lon="9.33077"/>
            <trkpt lat="42.87758" lon="9.33074"/>
            <trkpt lat="42.87781" lon="9.33053"/>
            <trkpt lat="42.87788" lon="9.33051"/>
            <trkpt lat="42.87799" lon="9.33053"/>
            <trkpt lat="42.87811" lon="9.33058"/>
            <trkpt lat="42.8782" lon="9.33063"/>
            <trkpt lat="42.87835" lon="9.33059"/>
            <trkpt lat="42.87843" lon="9.33054"/>
            <trkpt lat="42.8785" lon="9.33052"/>
            <trkpt lat="42.87858" lon="9.33056"/>
            <trkpt lat="42.87885" lon="9.3306"/>
            <trkpt lat="42.87895" lon="9.33055"/>
            <trkpt lat="42.87907" lon="9.33053"/>
            <trkpt lat="42.87932" lon="9.33056"/>
            <trkpt lat="42.87948" lon="9.33055"/>
            <trkpt lat="42.87956" lon="9.33058"/>
            <trkpt lat="42.87975" lon="9.33077"/>
            <trkpt lat="42.87984" lon="9.3308"/>
            <trkpt lat="42.88" lon="9.33081"/>
            <trkpt lat="42.88019" lon="9.33064"/>
            <trkpt lat="42.88026" lon="9.3306"/>
            <trkpt lat="42.88035" lon="9.33059"/>
            <trkpt lat="42.88043" lon="9.3306"/>
            <trkpt lat="42.88048" lon="9.33063"/>
            <trkpt lat="42.88067" lon="9.33083"/>
            <trkpt lat="42.88077" lon="9.33101"/>
            <trkpt lat="42.88084" lon="9.33118"/>
            <trkpt lat="42.88092" lon="9.33131"/>
            <trkpt lat="42.881" lon="9.33137"/>
            <trkpt lat="42.88108" lon="9.3314"/>
            <trkpt lat="42.88121" lon="9.33141"/>
            <trkpt lat="42.88133" lon="9.33143"/>
            <trkpt lat="42.88143" lon="9.33148"/>
            <trkpt lat="42.88155" lon="9.33159"/>
            <trkpt lat="42.88164" lon="9.33169"/>
            <trkpt lat="42.8817" lon="9.33175"/>
            <trkpt lat="42.88185" lon="9.33177"/>
            <trkpt lat="42.88208" lon="9.33175"/>
            <trkpt lat="42.88222" lon="9.33177"/>
            <trkpt lat="42.88229" lon="9.3318"/>
            <trkpt lat="42.88237" lon="9.3319"/>
            <trkpt lat="42.88245" lon="9.33205"/>
            <trkpt lat="42.88268" lon="9.33246"/>
            <trkpt lat="42.88296" lon="9.33278"/>
            <trkpt lat="42.88311" lon="9.3329"/>
            <trkpt lat="42.88324" lon="9.33304"/>
            <trkpt lat="42.88331" lon="9.33314"/>
            <trkpt lat="42.88336" lon="9.33329"/>
            <trkpt lat="42.88338" lon="9.33381"/>
            <trkpt lat="42.88337" lon="9.33426"/>
            <trkpt lat="42.88339" lon="9.33446"/>
            <trkpt lat="42.88343" lon="9.33456"/>
            <trkpt lat="42.88348" lon="9.33463"/>
            <trkpt lat="42.88351" lon="9.33467"/>
            <trkpt lat="42.88365" lon="9.33467"/>
            <trkpt lat="42.8837" lon="9.33466"/>
            <trkpt lat="42.88383" lon="9.33461"/>
            <trkpt lat="42.88399" lon="9.33445"/>
            <trkpt lat="42.88413" lon="9.33434"/>
            <trkpt lat="42.88429" lon="9.33417"/>
            <trkpt lat="42.88455" lon="9.33384"/>
            <trkpt lat="42.88462" lon="9.33369"/>
            <trkpt lat="42.88477" lon="9.33329"/>
            <trkpt lat="42.88483" lon="9.3332"/>
            <trkpt lat="42.88489" lon="9.33318"/>
            <trkpt lat="42.88497" lon="9.3332"/>
            <trkpt lat="42.88502" lon="9.33322"/>
            <trkpt lat="42.88508" lon="9.33329"/>
            <trkpt lat="42.88521" lon="9.3335"/>
            <trkpt lat="42.88534" lon="9.33366"/>
            <trkpt lat="42.88547" lon="9.33374"/>
            <trkpt lat="42.88552" lon="9.33379"/>
            <trkpt lat="42.88566" lon="9.33406"/>
            <trkpt lat="42.88575" lon="9.33416"/>
            <trkpt lat="42.88583" lon="9.33419"/>
            <trkpt lat="42.88602" lon="9.33435"/>
            <trkpt lat="42.88618" lon="9.33466"/>
            <trkpt lat="42.88634" lon="9.33486"/>
            <trkpt lat="42.88643" lon="9.33493"/>
            <trkpt lat="42.88649" lon="9.33499"/>
            <trkpt lat="42.88655" lon="9.33512"/>
            <trkpt lat="42.88659" lon="9.33528"/>
            <trkpt lat="42.88665" lon="9.33541"/>
            <trkpt lat="42.88672" lon="9.33545"/>
            <trkpt lat="42.88679" lon="9.33545"/>
            <trkpt lat="42.88684" lon="9.33545"/>
            <trkpt lat="42.88687" lon="9.33545"/>
            <trkpt lat="42.88696" lon="9.33542"/>
            <trkpt lat="42.887" lon="9.3354"/>
            <trkpt lat="42.88704" lon="9.33537"/>
            <trkpt lat="42.88715" lon="9.33523"/>
            <trkpt lat="42.88723" lon="9.33506"/>
            <trkpt lat="42.88743" lon="9.33472"/>
            <trkpt lat="42.8876" lon="9.33451"/>
            <trkpt lat="42.88774" lon="9.33439"/>
            <trkpt lat="42.88785" lon="9.33434"/>
            <trkpt lat="42.88795" lon="9.33432"/>
            <trkpt lat="42.88809" lon="9.33433"/>
            <trkpt lat="42.88814" lon="9.33435"/>
            <trkpt lat="42.88825" lon="9.33439"/>
            <trkpt lat="42.88826" lon="9.33439"/>
            <trkpt lat="42.88842" lon="9.33447"/>
            <trkpt lat="42.88854" lon="9.33453"/>
            <trkpt lat="42.88866" lon="9.33466"/>
            <trkpt lat="42.88872" lon="9.3347"/>
            <trkpt lat="42.88879" lon="9.33471"/>
            <trkpt lat="42.88887" lon="9.3347"/>
            <trkpt lat="42.88898" lon="9.33466"/>
            <trkpt lat="42.8891" lon="9.33459"/>
            <trkpt lat="42.88938" lon="9.33434"/>
            <trkpt lat="42.88946" lon="9.33453"/>
            <trkpt lat="42.88956" lon="9.33456"/>
            <trkpt lat="42.88993" lon="9.33451"/>
            <trkpt lat="42.89002" lon="9.3345"/>
            <trkpt lat="42.89009" lon="9.33452"/>
            <trkpt lat="42.89011" lon="9.33457"/>
            <trkpt lat="42.8901" lon="9.33462"/>
            <trkpt lat="42.89008" lon="9.33467"/>
            <trkpt lat="42.89" lon="9.33472"/>
            <trkpt lat="42.88966" lon="9.33484"/>
            <trkpt lat="42.88921" lon="9.33492"/>
            <trkpt lat="42.88908" lon="9.335"/>
            <trkpt lat="42.88877" lon="9.3353"/>
            <trkpt lat="42.88873" lon="9.33532"/>
            <trkpt lat="42.8887" lon="9.33533"/>
            <trkpt lat="42.88863" lon="9.33532"/>
            <trkpt lat="42.88841" lon="9.33523"/>
            <trkpt lat="42.88834" lon="9.33519"/>
            <trkpt lat="42.88821" lon="9.33515"/>
            <trkpt lat="42.88816" lon="9.33515"/>
            <trkpt lat="42.888" lon="9.33518"/>
            <trkpt lat="42.88795" lon="9.33519"/>
            <trkpt lat="42.8879" lon="9.33518"/>
            <trkpt lat="42.88779" lon="9.33518"/>
            <trkpt lat="42.88777" lon="9.3352"/>
            <trkpt lat="42.88777" lon="9.33524"/>
            <trkpt lat="42.88778" lon="9.33527"/>
            <trkpt lat="42.8878" lon="9.33528"/>
            <trkpt lat="42.88782" lon="9.33529"/>
            <trkpt lat="42.88792" lon="9.3353"/>
            <trkpt lat="42.88798" lon="9.33533"/>
            <trkpt lat="42.88807" lon="9.33539"/>
            <trkpt lat="42.88847" lon="9.33576"/>
            <trkpt lat="42.88858" lon="9.33582"/>
            <trkpt lat="42.88864" lon="9.33581"/>
            <trkpt lat="42.88875" lon="9.33577"/>
            <trkpt lat="42.88881" lon="9.33576"/>
            <trkpt lat="42.88885" lon="9.33576"/>
            <trkpt lat="42.88887" lon="9.33579"/>
            <trkpt lat="42.88888" lon="9.33584"/>
            <trkpt lat="42.88885" lon="9.33591"/>
            <trkpt lat="42.88869" lon="9.33611"/>
            <trkpt lat="42.88863" lon="9.33613"/>
            <trkpt lat="42.88851" lon="9.33612"/>
            <trkpt lat="42.88843" lon="9.33608"/>
            <trkpt lat="42.88809" lon="9.33585"/>
            <trkpt lat="42.88781" lon="9.33583"/>
            <trkpt lat="42.88768" lon="9.33585"/>
            <trkpt lat="42.88756" lon="9.33595"/>
            <trkpt lat="42.88731" lon="9.33631"/>
            <trkpt lat="42.88727" lon="9.3364"/>
            <trkpt lat="42.88725" lon="9.33648"/>
            <trkpt lat="42.88725" lon="9.33655"/>
            <trkpt lat="42.88731" lon="9.33645"/>
            <trkpt lat="42.88743" lon="9.33627"/>
            <trkpt lat="42.88748" lon="9.33621"/>
            <trkpt lat="42.8876" lon="9.33614"/>
            <trkpt lat="42.88776" lon="9.33611"/>
            <trkpt lat="42.88782" lon="9.33611"/>
            <trkpt lat="42.88791" lon="9.33612"/>
            <trkpt lat="42.88809" lon="9.33618"/>
            <trkpt lat="42.88826" lon="9.33628"/>
            <trkpt lat="42.88833" lon="9.33635"/>
            <trkpt lat="42.88844" lon="9.33649"/>
            <trkpt lat="42.88849" lon="9.33653"/>
            <trkpt lat="42.88852" lon="9.33654"/>
            <trkpt lat="42.88855" lon="9.33655"/>
            <trkpt lat="42.88859" lon="9.33654"/>
            <trkpt lat="42.88861" lon="9.33653"/>
            <trkpt lat="42.88865" lon="9.33651"/>
            <trkpt lat="42.88875" lon="9.33641"/>
            <trkpt lat="42.88887" lon="9.33633"/>
            <trkpt lat="42.88892" lon="9.33631"/>
            <trkpt lat="42.88897" lon="9.33629"/>
            <trkpt lat="42.88902" lon="9.33628"/>
            <trkpt lat="42.88919" lon="9.33629"/>
            <trkpt lat="42.89005" lon="9.33643"/>
            <trkpt lat="42.89013" lon="9.33643"/>
            <trkpt lat="42.89019" lon="9.33642"/>
            <trkpt lat="42.89033" lon="9.33635"/>
            <trkpt lat="42.89036" lon="9.33635"/>
            <trkpt lat="42.8904" lon="9.33635"/>
            <trkpt lat="42.89045" lon="9.33636"/>
            <trkpt lat="42.89048" lon="9.33638"/>
            <trkpt lat="42.89061" lon="9.33647"/>
            <trkpt lat="42.89063" lon="9.33648"/>
            <trkpt lat="42.89064" lon="9.3365"/>
            <trkpt lat="42.89067" lon="9.3365"/>
            <trkpt lat="42.89069" lon="9.3365"/>
            <trkpt lat="42.89071" lon="9.33649"/>
            <trkpt lat="42.89075" lon="9.33646"/>
            <trkpt lat="42.89078" lon="9.33642"/>
            <trkpt lat="42.89082" lon="9.33636"/>
            <trkpt lat="42.89095" lon="9.33607"/>
            <trkpt lat="42.89102" lon="9.33584"/>
            <trkpt lat="42.89106" lon="9.33558"/>
            <trkpt lat="42.89108" lon="9.33541"/>
            <trkpt lat="42.89111" lon="9.33537"/>
            <trkpt lat="42.89124" lon="9.33536"/>
            <trkpt lat="42.8914" lon="9.3354"/>
            <trkpt lat="42.89156" lon="9.33546"/>
            <trkpt lat="42.89172" lon="9.33546"/>
            <trkpt lat="42.89182" lon="9.33544"/>
            <trkpt lat="42.89194" lon="9.33537"/>
            <trkpt lat="42.89261" lon="9.33525"/>
            <trkpt lat="42.89269" lon="9.33516"/>
            <trkpt lat="42.89275" lon="9.33507"/>
            <trkpt lat="42.8928" lon="9.33495"/>
            <trkpt lat="42.89292" lon="9.33455"/>
            <trkpt lat="42.89298" lon="9.33443"/>
            <trkpt lat="42.89313" lon="9.33425"/>
            <trkpt lat="42.89323" lon="9.33421"/>
            <trkpt lat="42.89347" lon="9.33419"/>
            <trkpt lat="42.89395" lon="9.33428"/>
            <trkpt lat="42.89412" lon="9.33434"/>
            <trkpt lat="42.89424" lon="9.3344"/>
            <trkpt lat="42.89432" lon="9.33447"/>
            <trkpt lat="42.89444" lon="9.33471"/>
            <trkpt lat="42.89445" lon="9.33482"/>
            <trkpt lat="42.89446" lon="9.33498"/>
            <trkpt lat="42.89447" lon="9.33502"/>
            <trkpt lat="42.89448" lon="9.33504"/>
            <trkpt lat="42.89452" lon="9.33511"/>
            <trkpt lat="42.89455" lon="9.33511"/>
            <trkpt lat="42.89464" lon="9.33511"/>
            <trkpt lat="42.89476" lon="9.33504"/>
            <trkpt lat="42.89481" lon="9.33496"/>
            <trkpt lat="42.8951" lon="9.33448"/>
            <trkpt lat="42.89518" lon="9.3343"/>
            <trkpt lat="42.89522" lon="9.33411"/>
            <trkpt lat="42.89522" lon="9.33389"/>
            <trkpt lat="42.89524" lon="9.33381"/>
            <trkpt lat="42.89527" lon="9.33373"/>
            <trkpt lat="42.89543" lon="9.33353"/>
            <trkpt lat="42.89553" lon="9.33347"/>
            <trkpt lat="42.89586" lon="9.33339"/>
            <trkpt lat="42.89607" lon="9.33342"/>
            <trkpt lat="42.89616" lon="9.33343"/>
            <trkpt lat="42.89665" lon="9.33369"/>
            <trkpt lat="42.89721" lon="9.33404"/>
            <trkpt lat="42.89737" lon="9.3342"/>
            <trkpt lat="42.89746" lon="9.33434"/>
            <trkpt lat="42.89751" lon="9.33438"/>
            <trkpt lat="42.89755" lon="9.33441"/>
            <trkpt lat="42.8976" lon="9.33443"/>
            <trkpt lat="42.89772" lon="9.33441"/>
            <trkpt lat="42.89776" lon="9.33439"/>
            <trkpt lat="42.89792" lon="9.33419"/>
            <trkpt lat="42.89811" lon="9.33387"/>
            <trkpt lat="42.89822" lon="9.3338"/>
            <trkpt lat="42.89833" lon="9.33376"/>
            <trkpt lat="42.89866" lon="9.33377"/>
            <trkpt lat="42.89878" lon="9.33381"/>
            <trkpt lat="42.89918" lon="9.33406"/>
            <trkpt lat="42.89938" lon="9.33421"/>
            <trkpt lat="42.89958" lon="9.33434"/>
            <trkpt lat="42.89972" lon="9.33437"/>
            <trkpt lat="42.90005" lon="9.33437"/>
            <trkpt lat="42.90036" lon="9.33438"/>
            <trkpt lat="42.90041" lon="9.33444"/>
            <trkpt lat="42.90044" lon="9.33461"/>
            <trkpt lat="42.90047" lon="9.33474"/>
            <trkpt lat="42.90056" lon="9.33485"/>
            <trkpt lat="42.90081" lon="9.33518"/>
            <trkpt lat="42.90089" lon="9.33535"/>
            <trkpt lat="42.90094" lon="9.33549"/>
            <trkpt lat="42.90099" lon="9.33567"/>
            <trkpt lat="42.9011" lon="9.336"/>
            <trkpt lat="42.90131" lon="9.33647"/>
            <trkpt lat="42.90137" lon="9.33665"/>
            <trkpt lat="42.9014" lon="9.33681"/>
            <trkpt lat="42.90141" lon="9.33692"/>
            <trkpt lat="42.9014" lon="9.33707"/>
            <trkpt lat="42.90135" lon="9.3373"/>
            <trkpt lat="42.90131" lon="9.33797"/>
            <trkpt lat="42.90131" lon="9.33836"/>
            <trkpt lat="42.90132" lon="9.33838"/>
            <trkpt lat="42.90136" lon="9.33856"/>
            <trkpt lat="42.90142" lon="9.33875"/>
            <trkpt lat="42.90157" lon="9.33917"/>
            <trkpt lat="42.9016" lon="9.33931"/>
            <trkpt lat="42.90159" lon="9.33977"/>
            <trkpt lat="42.90156" lon="9.33989"/>
            <trkpt lat="42.90154" lon="9.33996"/>
            <trkpt lat="42.9015" lon="9.34003"/>
            <trkpt lat="42.90134" lon="9.34016"/>
            <trkpt lat="42.9013" lon="9.34022"/>
            <trkpt lat="42.90128" lon="9.34031"/>
            <trkpt lat="42.90128" lon="9.34063"/>
            <trkpt lat="42.90127" lon="9.34073"/>
            <trkpt lat="42.90113" lon="9.34104"/>
            <trkpt lat="42.90111" lon="9.34115"/>
            <trkpt lat="42.9011" lon="9.34126"/>
            <trkpt lat="42.90111" lon="9.34135"/>
            <trkpt lat="42.90114" lon="9.34145"/>
            <trkpt lat="42.90133" lon="9.34179"/>
            <trkpt lat="42.9014" lon="9.34192"/>
            <trkpt lat="42.90144" lon="9.34203"/>
            <trkpt lat="42.90146" lon="9.34222"/>
            <trkpt lat="42.90145" lon="9.34263"/>
            <trkpt lat="42.90145" lon="9.34273"/>
            <trkpt lat="42.90154" lon="9.34287"/>
            <trkpt lat="42.90166" lon="9.34297"/>
            <trkpt lat="42.90173" lon="9.34298"/>
            <trkpt lat="42.90182" lon="9.34301"/>
            <trkpt lat="42.90183" lon="9.34301"/>
            <trkpt lat="42.90206" lon="9.34305"/>
            <trkpt lat="42.90214" lon="9.3431"/>
            <trkpt lat="42.90223" lon="9.34317"/>
            <trkpt lat="42.90232" lon="9.34331"/>
            <trkpt lat="42.90243" lon="9.34356"/>
            <trkpt lat="42.90252" lon="9.34368"/>
            <trkpt lat="42.90261" lon="9.34376"/>
            <trkpt lat="42.9027" lon="9.34378"/>
            <trkpt lat="42.90278" lon="9.34377"/>
            <trkpt lat="42.90295" lon="9.34369"/>
            <trkpt lat="42.90308" lon="9.34364"/>
            <trkpt lat="42.90322" lon="9.34365"/>
            <trkpt lat="42.90345" lon="9.3437"/>
            <trkpt lat="42.90361" lon="9.34354"/>
            <trkpt lat="42.90368" lon="9.34351"/>
            <trkpt lat="42.90376" lon="9.34352"/>
            <trkpt lat="42.90381" lon="9.34361"/>
            <trkpt lat="42.90399" lon="9.34434"/>
            <trkpt lat="42.90425" lon="9.34499"/>
            <trkpt lat="42.90444" lon="9.34534"/>
            <trkpt lat="42.90458" lon="9.34554"/>
            <trkpt lat="42.9047" lon="9.34566"/>
            <trkpt lat="42.90483" lon="9.34582"/>
            <trkpt lat="42.90484" lon="9.34597"/>
            <trkpt lat="42.90483" lon="9.3461"/>
            <trkpt lat="42.9047" lon="9.34668"/>
            <trkpt lat="42.90466" lon="9.34686"/>
            <trkpt lat="42.90464" lon="9.34713"/>
            <trkpt lat="42.90463" lon="9.34743"/>
            <trkpt lat="42.90458" lon="9.34781"/>
            <trkpt lat="42.90451" lon="9.34815"/>
            <trkpt lat="42.90445" lon="9.34824"/>
            <trkpt lat="42.90438" lon="9.34831"/>
            <trkpt lat="42.90425" lon="9.34839"/>
            <trkpt lat="42.90407" lon="9.34857"/>
            <trkpt lat="42.90385" lon="9.34868"/>
            <trkpt lat="42.9037" lon="9.3488"/>
            <trkpt lat="42.90368" lon="9.34883"/>
            <trkpt lat="42.90363" lon="9.34891"/>
            <trkpt lat="42.90362" lon="9.34899"/>
            <trkpt lat="42.90361" lon="9.34905"/>
            <trkpt lat="42.90361" lon="9.34918"/>
            <trkpt lat="42.90366" lon="9.34924"/>
            <trkpt lat="42.90389" lon="9.34937"/>
            <trkpt lat="42.9043" lon="9.34947"/>
            <trkpt lat="42.90463" lon="9.34963"/>
            <trkpt lat="42.90495" lon="9.3498"/>
            <trkpt lat="42.90516" lon="9.34988"/>
            <trkpt lat="42.90537" lon="9.34994"/>
            <trkpt lat="42.90561" lon="9.35005"/>
            <trkpt lat="42.90575" lon="9.35008"/>
            <trkpt lat="42.90581" lon="9.35009"/>
            <trkpt lat="42.90591" lon="9.35012"/>
            <trkpt lat="42.90593" lon="9.35015"/>
            <trkpt lat="42.90595" lon="9.35019"/>
            <trkpt lat="42.90595" lon="9.3503"/>
            <trkpt lat="42.90592" lon="9.35046"/>
            <trkpt lat="42.90592" lon="9.35054"/>
            <trkpt lat="42.90595" lon="9.35065"/>
            <trkpt lat="42.906" lon="9.35073"/>
            <trkpt lat="42.90621" lon="9.35089"/>
            <trkpt lat="42.90628" lon="9.35097"/>
            <trkpt lat="42.90631" lon="9.35103"/>
            <trkpt lat="42.90633" lon="9.3511"/>
            <trkpt lat="42.90639" lon="9.3514"/>
            <trkpt lat="42.90644" lon="9.3515"/>
            <trkpt lat="42.90673" lon="9.35192"/>
            <trkpt lat="42.90687" lon="9.3521"/>
            <trkpt lat="42.90698" lon="9.3522"/>
            <trkpt lat="42.90726" lon="9.35238"/>
            <trkpt lat="42.90731" lon="9.35241"/>
            <trkpt lat="42.90739" lon="9.35249"/>
            <trkpt lat="42.90744" lon="9.35255"/>
            <trkpt lat="42.90747" lon="9.35261"/>
            <trkpt lat="42.90748" lon="9.35266"/>
            <trkpt lat="42.90747" lon="9.35272"/>
            <trkpt lat="42.90746" lon="9.35277"/>
            <trkpt lat="42.90742" lon="9.35284"/>
            <trkpt lat="42.9072" lon="9.35317"/>
            <trkpt lat="42.9071" lon="9.35328"/>
            <trkpt lat="42.9068" lon="9.35364"/>
            <trkpt lat="42.90663" lon="9.3538"/>
            <trkpt lat="42.90659" lon="9.35391"/>
            <trkpt lat="42.90659" lon="9.35393"/>
            <trkpt lat="42.90659" lon="9.35397"/>
            <trkpt lat="42.90658" lon="9.35401"/>
            <trkpt lat="42.90661" lon="9.35416"/>
            <trkpt lat="42.90664" lon="9.35419"/>
            <trkpt lat="42.90672" lon="9.35421"/>
            <trkpt lat="42.90709" lon="9.35416"/>
            <trkpt lat="42.90706" lon="9.35419"/>
            <trkpt lat="42.90705" lon="9.35421"/>
            <trkpt lat="42.90705" lon="9.35424"/>
            <trkpt lat="42.90706" lon="9.35427"/>
            <trkpt lat="42.90707" lon="9.3543"/>
            <trkpt lat="42.90712" lon="9.35433"/>
            <trkpt lat="42.90724" lon="9.35434"/>
            <trkpt lat="42.90728" lon="9.35433"/>
            <trkpt lat="42.90736" lon="9.35434"/>
            <trkpt lat="42.90743" lon="9.35437"/>
            <trkpt lat="42.90775" lon="9.35465"/>
            <trkpt lat="42.90781" lon="9.35467"/>
            <trkpt lat="42.90791" lon="9.35465"/>
            <trkpt lat="42.90844" lon="9.3544"/>
            <trkpt lat="42.90857" lon="9.35439"/>
            <trkpt lat="42.90865" lon="9.35439"/>
            <trkpt lat="42.90871" lon="9.35446"/>
            <trkpt lat="42.90882" lon="9.3547"/>
            <trkpt lat="42.90889" lon="9.35484"/>
            <trkpt lat="42.90898" lon="9.35499"/>
            <trkpt lat="42.90921" lon="9.35533"/>
            <trkpt lat="42.90938" lon="9.35549"/>
            <trkpt lat="42.90948" lon="9.35551"/>
            <trkpt lat="42.9096" lon="9.35549"/>
            <trkpt lat="42.90985" lon="9.35537"/>
            <trkpt lat="42.90996" lon="9.3553"/>
            <trkpt lat="42.91011" lon="9.35509"/>
            <trkpt lat="42.91024" lon="9.35496"/>
            <trkpt lat="42.9103" lon="9.35495"/>
            <trkpt lat="42.91034" lon="9.35496"/>
            <trkpt lat="42.9104" lon="9.35502"/>
            <trkpt lat="42.91049" lon="9.3552"/>
            <trkpt lat="42.91052" lon="9.35529"/>
            <trkpt lat="42.91074" lon="9.35578"/>
            <trkpt lat="42.91095" lon="9.35607"/>
            <trkpt lat="42.91113" lon="9.35619"/>
            <trkpt lat="42.91121" lon="9.35628"/>
            <trkpt lat="42.91125" lon="9.3564"/>
            <trkpt lat="42.91126" lon="9.35652"/>
            <trkpt lat="42.91124" lon="9.35718"/>
            <trkpt lat="42.91122" lon="9.3574"/>
            <trkpt lat="42.91118" lon="9.35761"/>
            <trkpt lat="42.91111" lon="9.3578"/>
            <trkpt lat="42.91096" lon="9.3581"/>
            <trkpt lat="42.91055" lon="9.35879"/>
            <trkpt lat="42.91035" lon="9.3592"/>
            <trkpt lat="42.91028" lon="9.35938"/>
            <trkpt lat="42.91017" lon="9.35972"/>
            <trkpt lat="42.91012" lon="9.35995"/>
            <trkpt lat="42.91003" lon="9.36035"/>
            <trkpt lat="42.90997" lon="9.36058"/>
            <trkpt lat="42.90989" lon="9.36088"/>
            <trkpt lat="42.90984" lon="9.36108"/>
            <trkpt lat="42.90982" lon="9.36125"/>
            <trkpt lat="42.90983" lon="9.36142"/>
            <trkpt lat="42.90986" lon="9.36155"/>
            <trkpt lat="42.90994" lon="9.36167"/>
            <trkpt lat="42.91011" lon="9.36189"/>
            <trkpt lat="42.9102" lon="9.36205"/>
            <trkpt lat="42.91025" lon="9.36222"/>
            <trkpt lat="42.91024" lon="9.3624"/>
            <trkpt lat="42.9101" lon="9.36395"/>
            <trkpt lat="42.91007" lon="9.36408"/>
            <trkpt lat="42.91003" lon="9.36417"/>
            <trkpt lat="42.90996" lon="9.36425"/>
            <trkpt lat="42.90976" lon="9.36432"/>
            <trkpt lat="42.90962" lon="9.3644"/>
            <trkpt lat="42.90946" lon="9.36452"/>
            <trkpt lat="42.90933" lon="9.36468"/>
            <trkpt lat="42.90928" lon="9.36477"/>
            <trkpt lat="42.90926" lon="9.36486"/>
            <trkpt lat="42.90926" lon="9.36488"/>
            <trkpt lat="42.90927" lon="9.36494"/>
            <trkpt lat="42.90929" lon="9.36498"/>
            <trkpt lat="42.90937" lon="9.36501"/>
            <trkpt lat="42.90986" lon="9.36501"/>
            <trkpt lat="42.90995" lon="9.36503"/>
            <trkpt lat="42.9103" lon="9.36538"/>
            <trkpt lat="42.91037" lon="9.36543"/>
            <trkpt lat="42.91045" lon="9.36546"/>
            <trkpt lat="42.91054" lon="9.36554"/>
            <trkpt lat="42.91062" lon="9.36564"/>
            <trkpt lat="42.91067" lon="9.36575"/>
            <trkpt lat="42.91069" lon="9.36588"/>
            <trkpt lat="42.91067" lon="9.36666"/>
            <trkpt lat="42.91064" lon="9.36678"/>
            <trkpt lat="42.91064" lon="9.36699"/>
            <trkpt lat="42.91069" lon="9.36803"/>
            <trkpt lat="42.91073" lon="9.36841"/>
            <trkpt lat="42.91073" lon="9.36841"/>
            <trkpt lat="42.91076" lon="9.36848"/>
            <trkpt lat="42.91086" lon="9.36858"/>
            <trkpt lat="42.91096" lon="9.36859"/>
            <trkpt lat="42.91135" lon="9.36855"/>
            <trkpt lat="42.91147" lon="9.36857"/>
            <trkpt lat="42.91152" lon="9.36861"/>
            <trkpt lat="42.91158" lon="9.3687"/>
            <trkpt lat="42.91166" lon="9.36891"/>
            <trkpt lat="42.9117" lon="9.36897"/>
            <trkpt lat="42.91176" lon="9.36898"/>
            <trkpt lat="42.91185" lon="9.36896"/>
            <trkpt lat="42.9119" lon="9.36891"/>
            <trkpt lat="42.91239" lon="9.36833"/>
            <trkpt lat="42.9126" lon="9.36815"/>
            <trkpt lat="42.91262" lon="9.36813"/>
            <trkpt lat="42.91271" lon="9.36809"/>
            <trkpt lat="42.91279" lon="9.36808"/>
            <trkpt lat="42.91287" lon="9.36808"/>
            <trkpt lat="42.91291" lon="9.36809"/>
            <trkpt lat="42.91295" lon="9.36814"/>
            <trkpt lat="42.91293" lon="9.36982"/>
            <trkpt lat="42.91293" lon="9.36998"/>
            <trkpt lat="42.91296" lon="9.3701"/>
            <trkpt lat="42.91301" lon="9.37019"/>
            <trkpt lat="42.91307" lon="9.37024"/>
            <trkpt lat="42.91314" lon="9.37027"/>
            <trkpt lat="42.91324" lon="9.37025"/>
            <trkpt lat="42.91332" lon="9.37016"/>
            <trkpt lat="42.9134" lon="9.37014"/>
            <trkpt lat="42.91361" lon="9.37019"/>
            <trkpt lat="42.91365" lon="9.37018"/>
            <trkpt lat="42.91367" lon="9.37013"/>
            <trkpt lat="42.91374" lon="9.36987"/>
            <trkpt lat="42.9138" lon="9.36976"/>
            <trkpt lat="42.91387" lon="9.36966"/>
            <trkpt lat="42.91401" lon="9.36961"/>
            <trkpt lat="42.91407" lon="9.3696"/>
            <trkpt lat="42.91444" lon="9.3696"/>
            <trkpt lat="42.91448" lon="9.36956"/>
            <trkpt lat="42.91454" lon="9.36946"/>
            <trkpt lat="42.91471" lon="9.36926"/>
            <trkpt lat="42.91479" lon="9.3692"/>
            <trkpt lat="42.91487" lon="9.36917"/>
            <trkpt lat="42.91497" lon="9.36918"/>
            <trkpt lat="42.91504" lon="9.36921"/>
            <trkpt lat="42.91519" lon="9.36934"/>
            <trkpt lat="42.91562" lon="9.36981"/>
            <trkpt lat="42.91573" lon="9.36988"/>
            <trkpt lat="42.91581" lon="9.36992"/>
            <trkpt lat="42.91588" lon="9.36992"/>
            <trkpt lat="42.91595" lon="9.36989"/>
            <trkpt lat="42.91601" lon="9.3698"/>
            <trkpt lat="42.91605" lon="9.36972"/>
            <trkpt lat="42.91606" lon="9.3697"/>
            <trkpt lat="42.91607" lon="9.36967"/>
            <trkpt lat="42.91609" lon="9.36952"/>
            <trkpt lat="42.9161" lon="9.3695"/>
            <trkpt lat="42.91611" lon="9.36949"/>
            <trkpt lat="42.91613" lon="9.36947"/>
            <trkpt lat="42.91614" lon="9.36947"/>
            <trkpt lat="42.91616" lon="9.36947"/>
            <trkpt lat="42.91618" lon="9.36947"/>
            <trkpt lat="42.91619" lon="9.36948"/>
            <trkpt lat="42.91621" lon="9.36949"/>
            <trkpt lat="42.91622" lon="9.36952"/>
            <trkpt lat="42.91623" lon="9.36966"/>
            <trkpt lat="42.91623" lon="9.36991"/>
            <trkpt lat="42.91621" lon="9.37003"/>
            <trkpt lat="42.91615" lon="9.37013"/>
            <trkpt lat="42.91595" lon="9.37033"/>
            <trkpt lat="42.91588" lon="9.37033"/>
            <trkpt lat="42.91577" lon="9.37029"/>
            <trkpt lat="42.91557" lon="9.37017"/>
            <trkpt lat="42.91542" lon="9.37005"/>
            <trkpt lat="42.91531" lon="9.36997"/>
            <trkpt lat="42.91523" lon="9.36994"/>
            <trkpt lat="42.91502" lon="9.36992"/>
            <trkpt lat="42.91492" lon="9.36995"/>
            <trkpt lat="42.91462" lon="9.37017"/>
            <trkpt lat="42.91446" lon="9.37026"/>
            <trkpt lat="42.91428" lon="9.3704"/>
            <trkpt lat="42.91419" lon="9.37053"/>
            <trkpt lat="42.91399" lon="9.37086"/>
            <trkpt lat="42.91392" lon="9.37101"/>
            <trkpt lat="42.91382" lon="9.37116"/>
            <trkpt lat="42.91376" lon="9.37121"/>
            <trkpt lat="42.91365" lon="9.37124"/>
            <trkpt lat="42.91357" lon="9.37128"/>
            <trkpt lat="42.91348" lon="9.37138"/>
            <trkpt lat="42.91341" lon="9.37154"/>
            <trkpt lat="42.91336" lon="9.37169"/>
            <trkpt lat="42.91331" lon="9.37176"/>
            <trkpt lat="42.91327" lon="9.37179"/>
            <trkpt lat="42.91311" lon="9.37173"/>
            <trkpt lat="42.913" lon="9.37167"/>
            <trkpt lat="42.9126" lon="9.37133"/>
            <trkpt lat="42.91233" lon="9.37109"/>
            <trkpt lat="42.91216" lon="9.37098"/>
            <trkpt lat="42.91205" lon="9.37095"/>
            <trkpt lat="42.91197" lon="9.37096"/>
            <trkpt lat="42.91189" lon="9.371"/>
            <trkpt lat="42.91162" lon="9.37132"/>
            <trkpt lat="42.91151" lon="9.37136"/>
            <trkpt lat="42.91143" lon="9.37133"/>
            <trkpt lat="42.91122" lon="9.37109"/>
            <trkpt lat="42.91116" lon="9.37105"/>
            <trkpt lat="42.91109" lon="9.37104"/>
            <trkpt lat="42.911" lon="9.37107"/>
            <trkpt lat="42.91094" lon="9.3711"/>
            <trkpt lat="42.91086" lon="9.37119"/>
            <trkpt lat="42.91058" lon="9.37162"/>
            <trkpt lat="42.9104" lon="9.37189"/>
            <trkpt lat="42.91021" lon="9.37219"/>
            <trkpt lat="42.90969" lon="9.37315"/>
            <trkpt lat="42.90903" lon="9.37418"/>
            <trkpt lat="42.90879" lon="9.37448"/>
            <trkpt lat="42.90876" lon="9.3747"/>
            <trkpt lat="42.90872" lon="9.37482"/>
            <trkpt lat="42.9087" lon="9.37489"/>
            <trkpt lat="42.90863" lon="9.37506"/>
            <trkpt lat="42.90846" lon="9.37526"/>
            <trkpt lat="42.90832" lon="9.37536"/>
            <trkpt lat="42.90817" lon="9.37544"/>
            <trkpt lat="42.90776" lon="9.37552"/>
            <trkpt lat="42.90681" lon="9.3757"/>
            <trkpt lat="42.90674" lon="9.37572"/>
            <trkpt lat="42.90669" lon="9.37573"/>
            <trkpt lat="42.90668" lon="9.37575"/>
            <trkpt lat="42.90668" lon="9.37576"/>
            <trkpt lat="42.90667" lon="9.3758"/>
            <trkpt lat="42.90667" lon="9.37587"/>
            <trkpt lat="42.90668" lon="9.3759"/>
            <trkpt lat="42.90669" lon="9.37592"/>
            <trkpt lat="42.9067" lon="9.37593"/>
            <trkpt lat="42.90673" lon="9.37594"/>
            <trkpt lat="42.90691" lon="9.37594"/>
            <trkpt lat="42.90726" lon="9.37587"/>
            <trkpt lat="42.90744" lon="9.37583"/>
            <trkpt lat="42.90759" lon="9.37582"/>
            <trkpt lat="42.90773" lon="9.37586"/>
            <trkpt lat="42.90783" lon="9.37592"/>
            <trkpt lat="42.90792" lon="9.37602"/>
            <trkpt lat="42.90798" lon="9.37618"/>
            <trkpt lat="42.90805" lon="9.3764"/>
            <trkpt lat="42.9081" lon="9.37665"/>
            <trkpt lat="42.90816" lon="9.3771"/>
            <trkpt lat="42.90817" lon="9.37732"/>
            <trkpt lat="42.90816" lon="9.37788"/>
            <trkpt lat="42.90816" lon="9.37796"/>
            <trkpt lat="42.90817" lon="9.37801"/>
            <trkpt lat="42.9082" lon="9.37806"/>
            <trkpt lat="42.90823" lon="9.37808"/>
            <trkpt lat="42.90826" lon="9.37809"/>
            <trkpt lat="42.90831" lon="9.37808"/>
            <trkpt lat="42.90836" lon="9.37805"/>
            <trkpt lat="42.90846" lon="9.37797"/>
            <trkpt lat="42.90871" lon="9.37786"/>
            <trkpt lat="42.90876" lon="9.37787"/>
            <trkpt lat="42.90882" lon="9.37792"/>
            <trkpt lat="42.90887" lon="9.37804"/>
            <trkpt lat="42.90892" lon="9.37879"/>
            <trkpt lat="42.90898" lon="9.37925"/>
            <trkpt lat="42.90898" lon="9.37927"/>
            <trkpt lat="42.909" lon="9.37941"/>
            <trkpt lat="42.909" lon="9.37946"/>
            <trkpt lat="42.90898" lon="9.3795"/>
            <trkpt lat="42.90896" lon="9.37952"/>
            <trkpt lat="42.90892" lon="9.37953"/>
            <trkpt lat="42.90883" lon="9.37954"/>
            <trkpt lat="42.90879" lon="9.37952"/>
            <trkpt lat="42.90877" lon="9.37951"/>
            <trkpt lat="42.90876" lon="9.37949"/>
            <trkpt lat="42.90875" lon="9.37948"/>
            <trkpt lat="42.90874" lon="9.37942"/>
            <trkpt lat="42.90873" lon="9.37925"/>
            <trkpt lat="42.90874" lon="9.37861"/>
            <trkpt lat="42.90871" lon="9.37849"/>
            <trkpt lat="42.90868" lon="9.37842"/>
            <trkpt lat="42.90864" lon="9.37837"/>
            <trkpt lat="42.9086" lon="9.37835"/>
            <trkpt lat="42.9085" lon="9.37836"/>
            <trkpt lat="42.90844" lon="9.37839"/>
            <trkpt lat="42.9083" lon="9.37857"/>
            <trkpt lat="42.90812" lon="9.37887"/>
            <trkpt lat="42.90802" lon="9.37899"/>
            <trkpt lat="42.90791" lon="9.37905"/>
            <trkpt lat="42.90784" lon="9.37906"/>
            <trkpt lat="42.90775" lon="9.37904"/>
            <trkpt lat="42.90768" lon="9.37898"/>
            <trkpt lat="42.90764" lon="9.37881"/>
            <trkpt lat="42.90762" lon="9.37853"/>
            <trkpt lat="42.90762" lon="9.37734"/>
            <trkpt lat="42.90759" lon="9.37724"/>
            <trkpt lat="42.90749" lon="9.37714"/>
            <trkpt lat="42.90743" lon="9.37709"/>
            <trkpt lat="42.90722" lon="9.37711"/>
            <trkpt lat="42.90709" lon="9.37717"/>
            <trkpt lat="42.90671" lon="9.37741"/>
            <trkpt lat="42.90623" lon="9.37759"/>
            <trkpt lat="42.90598" lon="9.37772"/>
            <trkpt lat="42.90586" lon="9.37784"/>
            <trkpt lat="42.9058" lon="9.37793"/>
            <trkpt lat="42.90567" lon="9.37822"/>
            <trkpt lat="42.90561" lon="9.37829"/>
            <trkpt lat="42.90497" lon="9.3788"/>
            <trkpt lat="42.90486" lon="9.37892"/>
            <trkpt lat="42.90459" lon="9.37934"/>
            <trkpt lat="42.90453" lon="9.37945"/>
            <trkpt lat="42.90443" lon="9.37966"/>
            <trkpt lat="42.90441" lon="9.37969"/>
            <trkpt lat="42.90433" lon="9.37975"/>
            <trkpt lat="42.90403" lon="9.37986"/>
            <trkpt lat="42.90367" lon="9.37987"/>
            <trkpt lat="42.90355" lon="9.37983"/>
            <trkpt lat="42.90336" lon="9.37971"/>
            <trkpt lat="42.90329" lon="9.37963"/>
            <trkpt lat="42.9032" lon="9.37948"/>
            <trkpt lat="42.90312" lon="9.37925"/>
            <trkpt lat="42.90305" lon="9.3789"/>
            <trkpt lat="42.90301" lon="9.37876"/>
            <trkpt lat="42.90277" lon="9.37832"/>
            <trkpt lat="42.90261" lon="9.37795"/>
            <trkpt lat="42.90256" lon="9.37778"/>
            <trkpt lat="42.90254" lon="9.37767"/>
            <trkpt lat="42.90252" lon="9.3776"/>
            <trkpt lat="42.90246" lon="9.37754"/>
            <trkpt lat="42.90236" lon="9.3775"/>
            <trkpt lat="42.90229" lon="9.37752"/>
            <trkpt lat="42.90222" lon="9.37755"/>
            <trkpt lat="42.90221" lon="9.37756"/>
            <trkpt lat="42.90215" lon="9.3776"/>
            <trkpt lat="42.90209" lon="9.37766"/>
            <trkpt lat="42.90205" lon="9.37778"/>
            <trkpt lat="42.90203" lon="9.37867"/>
            <trkpt lat="42.902" lon="9.379"/>
            <trkpt lat="42.90189" lon="9.37951"/>
            <trkpt lat="42.90175" lon="9.38017"/>
            <trkpt lat="42.90166" lon="9.38092"/>
            <trkpt lat="42.90165" lon="9.3812"/>
            <trkpt lat="42.90179" lon="9.38186"/>
            <trkpt lat="42.90188" lon="9.38215"/>
            <trkpt lat="42.90193" lon="9.38232"/>
            <trkpt lat="42.90201" lon="9.3826"/>
            <trkpt lat="42.90205" lon="9.38285"/>
            <trkpt lat="42.90209" lon="9.38301"/>
            <trkpt lat="42.90211" lon="9.38321"/>
            <trkpt lat="42.90209" lon="9.38348"/>
            <trkpt lat="42.90205" lon="9.38369"/>
            <trkpt lat="42.90198" lon="9.38394"/>
            <trkpt lat="42.90188" lon="9.38423"/>
            <trkpt lat="42.90174" lon="9.38455"/>
            <trkpt lat="42.9016" lon="9.38486"/>
            <trkpt lat="42.90123" lon="9.3855"/>
            <trkpt lat="42.90106" lon="9.38576"/>
            <trkpt lat="42.90087" lon="9.38624"/>
            <trkpt lat="42.90083" lon="9.38641"/>
            <trkpt lat="42.90086" lon="9.3876"/>
            <trkpt lat="42.90086" lon="9.38767"/>
            <trkpt lat="42.90082" lon="9.38807"/>
            <trkpt lat="42.90075" lon="9.38831"/>
            <trkpt lat="42.90068" lon="9.38846"/>
            <trkpt lat="42.90059" lon="9.38862"/>
            <trkpt lat="42.90044" lon="9.38884"/>
            <trkpt lat="42.90014" lon="9.38909"/>
            <trkpt lat="42.90009" lon="9.38913"/>
            <trkpt lat="42.89989" lon="9.38926"/>
            <trkpt lat="42.89978" lon="9.38939"/>
            <trkpt lat="42.89975" lon="9.38947"/>
            <trkpt lat="42.89973" lon="9.3896"/>
            <trkpt lat="42.89973" lon="9.38973"/>
            <trkpt lat="42.89976" lon="9.3899"/>
            <trkpt lat="42.89979" lon="9.39028"/>
            <trkpt lat="42.90003" lon="9.39099"/>
            <trkpt lat="42.90026" lon="9.39181"/>
            <trkpt lat="42.90061" lon="9.39323"/>
            <trkpt lat="42.90079" lon="9.39371"/>
            <trkpt lat="42.90091" lon="9.39383"/>
            <trkpt lat="42.90102" lon="9.3939"/>
            <trkpt lat="42.90112" lon="9.39391"/>
            <trkpt lat="42.90118" lon="9.39387"/>
            <trkpt lat="42.90125" lon="9.39378"/>
            <trkpt lat="42.90135" lon="9.39373"/>
            <trkpt lat="42.9015" lon="9.39376"/>
            <trkpt lat="42.90158" lon="9.39386"/>
            <trkpt lat="42.90161" lon="9.39409"/>
            <trkpt lat="42.9016" lon="9.3959"/>
            <trkpt lat="42.90152" lon="9.3962"/>
            <trkpt lat="42.9014" lon="9.39655"/>
            <trkpt lat="42.90114" lon="9.39703"/>
            <trkpt lat="42.90105" lon="9.39715"/>
            <trkpt lat="42.9009" lon="9.39732"/>
            <trkpt lat="42.90083" lon="9.39734"/>
            <trkpt lat="42.90075" lon="9.39734"/>
            <trkpt lat="42.90063" lon="9.39726"/>
            <trkpt lat="42.90053" lon="9.39713"/>
            <trkpt lat="42.90029" lon="9.39672"/>
            <trkpt lat="42.90009" lon="9.39618"/>
            <trkpt lat="42.89991" lon="9.3958"/>
            <trkpt lat="42.89984" lon="9.39574"/>
            <trkpt lat="42.89979" lon="9.39573"/>
            <trkpt lat="42.89973" lon="9.39574"/>
            <trkpt lat="42.89967" lon="9.39576"/>
            <trkpt lat="42.89962" lon="9.39581"/>
            <trkpt lat="42.89951" lon="9.39598"/>
            <trkpt lat="42.89922" lon="9.3966"/>
            <trkpt lat="42.89894" lon="9.39684"/>
            <trkpt lat="42.8989" lon="9.39699"/>
            <trkpt lat="42.89895" lon="9.39761"/>
            <trkpt lat="42.8989" lon="9.39829"/>
            <trkpt lat="42.89887" lon="9.3986"/>
            <trkpt lat="42.8988" lon="9.39907"/>
            <trkpt lat="42.89833" lon="9.401"/>
            <trkpt lat="42.8983" lon="9.40113"/>
            <trkpt lat="42.89825" lon="9.40125"/>
            <trkpt lat="42.89823" lon="9.4013"/>
            <trkpt lat="42.8982" lon="9.40134"/>
            <trkpt lat="42.89817" lon="9.40137"/>
            <trkpt lat="42.89814" lon="9.40138"/>
            <trkpt lat="42.89811" lon="9.40139"/>
            <trkpt lat="42.89804" lon="9.40138"/>
            <trkpt lat="42.898" lon="9.40137"/>
            <trkpt lat="42.89797" lon="9.40135"/>
            <trkpt lat="42.89792" lon="9.4013"/>
            <trkpt lat="42.89782" lon="9.40115"/>
            <trkpt lat="42.89752" lon="9.40062"/>
            <trkpt lat="42.89751" lon="9.40059"/>
            <trkpt lat="42.89745" lon="9.40045"/>
            <trkpt lat="42.89734" lon="9.40017"/>
            <trkpt lat="42.89705" lon="9.39926"/>
            <trkpt lat="42.89696" lon="9.39907"/>
            <trkpt lat="42.89652" lon="9.39835"/>
            <trkpt lat="42.89651" lon="9.39833"/>
            <trkpt lat="42.89629" lon="9.39786"/>
            <trkpt lat="42.89626" lon="9.39782"/>
            <trkpt lat="42.89617" lon="9.39776"/>
            <trkpt lat="42.89608" lon="9.39774"/>
            <trkpt lat="42.89604" lon="9.39774"/>
            <trkpt lat="42.896" lon="9.39776"/>
            <trkpt lat="42.89595" lon="9.39782"/>
            <trkpt lat="42.89591" lon="9.39788"/>
            <trkpt lat="42.8959" lon="9.39791"/>
            <trkpt lat="42.89587" lon="9.39799"/>
            <trkpt lat="42.89581" lon="9.3982"/>
            <trkpt lat="42.89563" lon="9.39878"/>
            <trkpt lat="42.89557" lon="9.39893"/>
            <trkpt lat="42.89546" lon="9.39908"/>
            <trkpt lat="42.89543" lon="9.39914"/>
            <trkpt lat="42.8954" lon="9.39928"/>
            <trkpt lat="42.89542" lon="9.39954"/>
            <trkpt lat="42.89546" lon="9.39966"/>
            <trkpt lat="42.89639" lon="9.40181"/>
            <trkpt lat="42.89695" lon="9.40309"/>
            <trkpt lat="42.89705" lon="9.40342"/>
            <trkpt lat="42.89709" lon="9.40363"/>
            <trkpt lat="42.89712" lon="9.40385"/>
            <trkpt lat="42.89713" lon="9.40391"/>
            <trkpt lat="42.89713" lon="9.40404"/>
            <trkpt lat="42.89714" lon="9.4043"/>
            <trkpt lat="42.89715" lon="9.40472"/>
            <trkpt lat="42.89715" lon="9.40512"/>
            <trkpt lat="42.89721" lon="9.40638"/>
            <trkpt lat="42.89722" lon="9.40656"/>
            <trkpt lat="42.89724" lon="9.40699"/>
            <trkpt lat="42.8973" lon="9.4088"/>
            <trkpt lat="42.8973" lon="9.40904"/>
            <trkpt lat="42.89733" lon="9.40986"/>
            <trkpt lat="42.89735" lon="9.41043"/>
            <trkpt lat="42.89737" lon="9.41065"/>
            <trkpt lat="42.89738" lon="9.41092"/>
            <trkpt lat="42.89739" lon="9.41169"/>
            <trkpt lat="42.89737" lon="9.41253"/>
            <trkpt lat="42.89735" lon="9.41269"/>
            <trkpt lat="42.89732" lon="9.41322"/>
            <trkpt lat="42.8973" lon="9.41347"/>
            <trkpt lat="42.89724" lon="9.41416"/>
            <trkpt lat="42.89722" lon="9.41461"/>
            <trkpt lat="42.89717" lon="9.41528"/>
            <trkpt lat="42.89715" lon="9.41577"/>
            <trkpt lat="42.8971" lon="9.41661"/>
            <trkpt lat="42.89703" lon="9.4176"/>
            <trkpt lat="42.897" lon="9.41831"/>
            <trkpt lat="42.897" lon="9.41833"/>
            <trkpt lat="42.89691" lon="9.41935"/>
            <trkpt lat="42.89688" lon="9.41988"/>
            <trkpt lat="42.89687" lon="9.41992"/>
            <trkpt lat="42.89688" lon="9.42011"/>
            <trkpt lat="42.8969" lon="9.42019"/>
            <trkpt lat="42.89701" lon="9.42044"/>
            <trkpt lat="42.89722" lon="9.42106"/>
            <trkpt lat="42.89728" lon="9.42132"/>
            <trkpt lat="42.8973" lon="9.42161"/>
            <trkpt lat="42.8973" lon="9.42182"/>
            <trkpt lat="42.89731" lon="9.42192"/>
            <trkpt lat="42.89731" lon="9.42195"/>
            <trkpt lat="42.89731" lon="9.42218"/>
            <trkpt lat="42.89726" lon="9.42359"/>
            <trkpt lat="42.89724" lon="9.42439"/>
            <trkpt lat="42.89722" lon="9.42467"/>
            <trkpt lat="42.89722" lon="9.4249"/>
            <trkpt lat="42.89716" lon="9.42627"/>
            <trkpt lat="42.89716" lon="9.4264"/>
            <trkpt lat="42.89715" lon="9.42685"/>
            <trkpt lat="42.89712" lon="9.42741"/>
            <trkpt lat="42.89709" lon="9.42777"/>
            <trkpt lat="42.89703" lon="9.42828"/>
            <trkpt lat="42.89688" lon="9.42938"/>
            <trkpt lat="42.89679" lon="9.42994"/>
            <trkpt lat="42.89659" lon="9.43144"/>
            <trkpt lat="42.89634" lon="9.43319"/>
            <trkpt lat="42.89629" lon="9.4336"/>
            <trkpt lat="42.89616" lon="9.43451"/>
            <trkpt lat="42.8961" lon="9.43515"/>
            <trkpt lat="42.89604" lon="9.43554"/>
            <trkpt lat="42.89594" lon="9.43597"/>
            <trkpt lat="42.89585" lon="9.43629"/>
            <trkpt lat="42.89571" lon="9.4367"/>
            <trkpt lat="42.89555" lon="9.43708"/>
            <trkpt lat="42.89526" lon="9.43767"/>
            <trkpt lat="42.89518" lon="9.43786"/>
            <trkpt lat="42.8949" lon="9.43844"/>
            <trkpt lat="42.89481" lon="9.43867"/>
            <trkpt lat="42.89471" lon="9.43896"/>
            <trkpt lat="42.89464" lon="9.43922"/>
            <trkpt lat="42.89459" lon="9.43947"/>
            <trkpt lat="42.89455" lon="9.43969"/>
            <trkpt lat="42.8944" lon="9.4408"/>
            <trkpt lat="42.89421" lon="9.44231"/>
            <trkpt lat="42.8942" lon="9.4427"/>
            <trkpt lat="42.8942" lon="9.44376"/>
            <trkpt lat="42.89417" lon="9.44417"/>
            <trkpt lat="42.89398" lon="9.44552"/>
            <trkpt lat="42.89388" lon="9.44603"/>
            <trkpt lat="42.89386" lon="9.44612"/>
            <trkpt lat="42.8938" lon="9.44626"/>
            <trkpt lat="42.89373" lon="9.44639"/>
            <trkpt lat="42.8935" lon="9.44669"/>
            <trkpt lat="42.89346" lon="9.44673"/>
            <trkpt lat="42.89335" lon="9.44689"/>
            <trkpt lat="42.89301" lon="9.44748"/>
            <trkpt lat="42.89284" lon="9.44781"/>
            <trkpt lat="42.89266" lon="9.44824"/>
            <trkpt lat="42.8926" lon="9.44838"/>
            <trkpt lat="42.89239" lon="9.44892"/>
            <trkpt lat="42.89232" lon="9.44919"/>
            <trkpt lat="42.89227" lon="9.44948"/>
            <trkpt lat="42.89225" lon="9.44998"/>
            <trkpt lat="42.89227" lon="9.4512"/>
            <trkpt lat="42.89224" lon="9.45162"/>
            <trkpt lat="42.89215" lon="9.45206"/>
            <trkpt lat="42.89186" lon="9.45325"/>
            <trkpt lat="42.89176" lon="9.45365"/>
            <trkpt lat="42.89134" lon="9.45544"/>
            <trkpt lat="42.89117" lon="9.4561"/>
            <trkpt lat="42.89087" lon="9.45738"/>
            <trkpt lat="42.89069" lon="9.45805"/>
            <trkpt lat="42.89063" lon="9.45842"/>
            <trkpt lat="42.89063" lon="9.45843"/>
            <trkpt lat="42.89052" lon="9.45902"/>
            <trkpt lat="42.89033" lon="9.46017"/>
            <trkpt lat="42.88937" lon="9.46613"/>
            <trkpt lat="42.88916" lon="9.46745"/>
            <trkpt lat="42.88897" lon="9.46876"/>
            <trkpt lat="42.88892" lon="9.46911"/>
            <trkpt lat="42.8889" lon="9.46924"/>
            <trkpt lat="42.88887" lon="9.46941"/>
            <trkpt lat="42.88885" lon="9.46955"/>
            <trkpt lat="42.88876" lon="9.47021"/>
            <trkpt lat="42.88868" lon="9.47073"/>
            <trkpt lat="42.88859" lon="9.47133"/>
            <trkpt lat="42.88857" lon="9.4715"/>
            <trkpt lat="42.88853" lon="9.47177"/>
            <trkpt lat="42.88833" lon="9.47327"/>
            <trkpt lat="42.88782" lon="9.47321"/>
            <trkpt lat="42.88773" lon="9.47319"/>
            <trkpt lat="42.88753" lon="9.47317"/>
            <trkpt lat="42.88743" lon="9.47316"/>
            <trkpt lat="42.88697" lon="9.4731"/>
            <trkpt lat="42.88665" lon="9.47312"/>
            <trkpt lat="42.88577" lon="9.47331"/>
            <trkpt lat="42.88558" lon="9.47336"/>
            <trkpt lat="42.88549" lon="9.47341"/>
            <trkpt lat="42.88544" lon="9.47345"/>
            <trkpt lat="42.88537" lon="9.47355"/>
            <trkpt lat="42.88526" lon="9.47376"/>
            <trkpt lat="42.8852" lon="9.47402"/>
            <trkpt lat="42.88511" lon="9.4743"/>
            <trkpt lat="42.88506" lon="9.47441"/>
            <trkpt lat="42.88498" lon="9.47451"/>
            <trkpt lat="42.88487" lon="9.47462"/>
            <trkpt lat="42.88467" lon="9.47479"/>
            <trkpt lat="42.88439" lon="9.47503"/>
            <trkpt lat="42.88414" lon="9.47536"/>
            <trkpt lat="42.88384" lon="9.47574"/>
            <trkpt lat="42.88369" lon="9.47585"/>
            <trkpt lat="42.88353" lon="9.47594"/>
            <trkpt lat="42.88339" lon="9.47601"/>
            <trkpt lat="42.88306" lon="9.47619"/>
            <trkpt lat="42.88289" lon="9.4763"/>
            <trkpt lat="42.88262" lon="9.47652"/>
            <trkpt lat="42.88237" lon="9.47672"/>
            <trkpt lat="42.88223" lon="9.47685"/>
            <trkpt lat="42.88219" lon="9.47689"/>
            <trkpt lat="42.88194" lon="9.47708"/>
            <trkpt lat="42.88185" lon="9.47714"/>
            <trkpt lat="42.88177" lon="9.47718"/>
            <trkpt lat="42.88144" lon="9.47729"/>
            <trkpt lat="42.8809" lon="9.47751"/>
            <trkpt lat="42.88079" lon="9.47751"/>
            <trkpt lat="42.88065" lon="9.4775"/>
            <trkpt lat="42.88049" lon="9.47745"/>
            <trkpt lat="42.88024" lon="9.47743"/>
            <trkpt lat="42.87993" lon="9.47751"/>
            <trkpt lat="42.87967" lon="9.4776"/>
            <trkpt lat="42.87948" lon="9.47764"/>
            <trkpt lat="42.87937" lon="9.47766"/>
            <trkpt lat="42.87928" lon="9.47764"/>
            <trkpt lat="42.87922" lon="9.4776"/>
            <trkpt lat="42.87919" lon="9.47757"/>
            <trkpt lat="42.87904" lon="9.47736"/>
            <trkpt lat="42.8787" lon="9.47703"/>
            <trkpt lat="42.8786" lon="9.47684"/>
            <trkpt lat="42.87857" lon="9.47673"/>
            <trkpt lat="42.87845" lon="9.47617"/>
            <trkpt lat="42.87834" lon="9.47598"/>
            <trkpt lat="42.87828" lon="9.4759"/>
            <trkpt lat="42.87818" lon="9.47579"/>
            <trkpt lat="42.8781" lon="9.47566"/>
            <trkpt lat="42.87804" lon="9.47552"/>
            <trkpt lat="42.87802" lon="9.47539"/>
            <trkpt lat="42.87802" lon="9.47522"/>
            <trkpt lat="42.87802" lon="9.47521"/>
            <trkpt lat="42.87804" lon="9.47503"/>
            <trkpt lat="42.87811" lon="9.47467"/>
            <trkpt lat="42.87834" lon="9.47377"/>
            <trkpt lat="42.87835" lon="9.47356"/>
            <trkpt lat="42.87834" lon="9.47348"/>
            <trkpt lat="42.87829" lon="9.47332"/>
            <trkpt lat="42.87824" lon="9.47323"/>
            <trkpt lat="42.8782" lon="9.47317"/>
            <trkpt lat="42.87814" lon="9.47313"/>
            <trkpt lat="42.87812" lon="9.4731"/>
            <trkpt lat="42.87803" lon="9.47306"/>
            <trkpt lat="42.8773" lon="9.47273"/>
            <trkpt lat="42.87647" lon="9.47241"/>
            <trkpt lat="42.87571" lon="9.47208"/>
            <trkpt lat="42.87519" lon="9.47187"/>
            <trkpt lat="42.87501" lon="9.47183"/>
            <trkpt lat="42.87491" lon="9.47184"/>
            <trkpt lat="42.87485" lon="9.47187"/>
            <trkpt lat="42.87472" lon="9.47197"/>
            <trkpt lat="42.87464" lon="9.47222"/>
            <trkpt lat="42.87459" lon="9.47243"/>
            <trkpt lat="42.87455" lon="9.47254"/>
            <trkpt lat="42.87449" lon="9.47263"/>
            <trkpt lat="42.87445" lon="9.47269"/>
            <trkpt lat="42.87435" lon="9.47276"/>
            <trkpt lat="42.87419" lon="9.47283"/>
            <trkpt lat="42.87411" lon="9.47288"/>
            <trkpt lat="42.87407" lon="9.47293"/>
            <trkpt lat="42.87393" lon="9.47314"/>
            <trkpt lat="42.87375" lon="9.47336"/>
            <trkpt lat="42.87358" lon="9.47352"/>
            <trkpt lat="42.87356" lon="9.47356"/>
            <trkpt lat="42.87351" lon="9.47369"/>
            <trkpt lat="42.87341" lon="9.47387"/>
            <trkpt lat="42.87295" lon="9.47459"/>
            <trkpt lat="42.87265" lon="9.47519"/>
            <trkpt lat="42.87254" lon="9.47551"/>
            <trkpt lat="42.87243" lon="9.47585"/>
            <trkpt lat="42.87235" lon="9.47619"/>
            <trkpt lat="42.87226" lon="9.47654"/>
            <trkpt lat="42.87202" lon="9.47719"/>
            <trkpt lat="42.87192" lon="9.47741"/>
            <trkpt lat="42.87188" lon="9.47748"/>
            <trkpt lat="42.8717" lon="9.47776"/>
            <trkpt lat="42.87165" lon="9.47777"/>
            <trkpt lat="42.87162" lon="9.47778"/>
            <trkpt lat="42.87158" lon="9.47778"/>
            <trkpt lat="42.87148" lon="9.47777"/>
            <trkpt lat="42.87134" lon="9.4777"/>
            <trkpt lat="42.87105" lon="9.47747"/>
            <trkpt lat="42.87082" lon="9.4772"/>
            <trkpt lat="42.87076" lon="9.47708"/>
            <trkpt lat="42.8707" lon="9.47693"/>
            <trkpt lat="42.87064" lon="9.47663"/>
            <trkpt lat="42.87061" lon="9.47653"/>
            <trkpt lat="42.87058" lon="9.4765"/>
            <trkpt lat="42.87054" lon="9.47649"/>
            <trkpt lat="42.87048" lon="9.47649"/>
            <trkpt lat="42.87044" lon="9.47652"/>
            <trkpt lat="42.87041" lon="9.47656"/>
            <trkpt lat="42.87036" lon="9.47664"/>
            <trkpt lat="42.8703" lon="9.47702"/>
            <trkpt lat="42.87029" lon="9.47731"/>
            <trkpt lat="42.87029" lon="9.47742"/>
            <trkpt lat="42.8703" lon="9.47753"/>
            <trkpt lat="42.87029" lon="9.47763"/>
            <trkpt lat="42.87027" lon="9.47773"/>
            <trkpt lat="42.87021" lon="9.4778"/>
            <trkpt lat="42.87016" lon="9.47785"/>
            <trkpt lat="42.8701" lon="9.47787"/>
            <trkpt lat="42.86985" lon="9.47789"/>
            <trkpt lat="42.8697" lon="9.47789"/>
            <trkpt lat="42.8696" lon="9.47791"/>
            <trkpt lat="42.86957" lon="9.47792"/>
            <trkpt lat="42.86952" lon="9.47796"/>
            <trkpt lat="42.86948" lon="9.478"/>
            <trkpt lat="42.86929" lon="9.47847"/>
            <trkpt lat="42.86909" lon="9.4789"/>
            <trkpt lat="42.86888" lon="9.47925"/>
            <trkpt lat="42.86881" lon="9.47936"/>
            <trkpt lat="42.86873" lon="9.47953"/>
            <trkpt lat="42.86865" lon="9.47967"/>
            <trkpt lat="42.8685" lon="9.47993"/>
            <trkpt lat="42.86841" lon="9.48004"/>
            <trkpt lat="42.8681" lon="9.48032"/>
            <trkpt lat="42.86791" lon="9.48048"/>
            <trkpt lat="42.86743" lon="9.48095"/>
            <trkpt lat="42.8673" lon="9.48099"/>
            <trkpt lat="42.8672" lon="9.481"/>
            <trkpt lat="42.86706" lon="9.48098"/>
            <trkpt lat="42.8668" lon="9.48091"/>
            <trkpt lat="42.86658" lon="9.48082"/>
            <trkpt lat="42.86612" lon="9.48068"/>
            <trkpt lat="42.86598" lon="9.48068"/>
            <trkpt lat="42.8659" lon="9.4807"/>
            <trkpt lat="42.86557" lon="9.48093"/>
            <trkpt lat="42.86547" lon="9.48097"/>
            <trkpt lat="42.86515" lon="9.48105"/>
            <trkpt lat="42.86504" lon="9.4811"/>
            <trkpt lat="42.86495" lon="9.48116"/>
            <trkpt lat="42.86486" lon="9.48126"/>
            <trkpt lat="42.86459" lon="9.48161"/>
            <trkpt lat="42.86451" lon="9.48169"/>
            <trkpt lat="42.86445" lon="9.48174"/>
            <trkpt lat="42.86437" lon="9.48177"/>
            <trkpt lat="42.86429" lon="9.48178"/>
            <trkpt lat="42.86418" lon="9.48177"/>
            <trkpt lat="42.8641" lon="9.48174"/>
            <trkpt lat="42.864" lon="9.4817"/>
            <trkpt lat="42.86396" lon="9.48163"/>
            <trkpt lat="42.86377" lon="9.48142"/>
            <trkpt lat="42.86369" lon="9.48136"/>
            <trkpt lat="42.86362" lon="9.48132"/>
            <trkpt lat="42.86351" lon="9.48131"/>
            <trkpt lat="42.86327" lon="9.48132"/>
            <trkpt lat="42.86268" lon="9.48138"/>
            <trkpt lat="42.86258" lon="9.48136"/>
            <trkpt lat="42.8623" lon="9.48123"/>
            <trkpt lat="42.86218" lon="9.48119"/>
            <trkpt lat="42.86179" lon="9.48114"/>
            <trkpt lat="42.86178" lon="9.48114"/>
            <trkpt lat="42.86158" lon="9.48115"/>
            <trkpt lat="42.86135" lon="9.48113"/>
            <trkpt lat="42.86121" lon="9.4811"/>
            <trkpt lat="42.8611" lon="9.48106"/>
            <trkpt lat="42.86101" lon="9.48099"/>
            <trkpt lat="42.86091" lon="9.48084"/>
            <trkpt lat="42.8608" lon="9.48056"/>
            <trkpt lat="42.86077" lon="9.4804"/>
            <trkpt lat="42.86071" lon="9.47977"/>
            <trkpt lat="42.86069" lon="9.47965"/>
            <trkpt lat="42.86065" lon="9.47955"/>
            <trkpt lat="42.86059" lon="9.47946"/>
            <trkpt lat="42.86053" lon="9.4794"/>
            <trkpt lat="42.86047" lon="9.47935"/>
            <trkpt lat="42.8604" lon="9.47932"/>
            <trkpt lat="42.86032" lon="9.47929"/>
            <trkpt lat="42.86024" lon="9.47928"/>
            <trkpt lat="42.86011" lon="9.47932"/>
            <trkpt lat="42.85994" lon="9.47946"/>
            <trkpt lat="42.8597" lon="9.47973"/>
            <trkpt lat="42.85931" lon="9.48022"/>
            <trkpt lat="42.85916" lon="9.48047"/>
            <trkpt lat="42.85892" lon="9.48094"/>
            <trkpt lat="42.85885" lon="9.48103"/>
            <trkpt lat="42.85875" lon="9.4811"/>
            <trkpt lat="42.85863" lon="9.48116"/>
            <trkpt lat="42.85822" lon="9.48128"/>
            <trkpt lat="42.85775" lon="9.48135"/>
            <trkpt lat="42.85754" lon="9.48142"/>
            <trkpt lat="42.85747" lon="9.48146"/>
            <trkpt lat="42.85741" lon="9.48154"/>
            <trkpt lat="42.85735" lon="9.4816"/>
            <trkpt lat="42.85719" lon="9.48179"/>
            <trkpt lat="42.85711" lon="9.48185"/>
            <trkpt lat="42.85689" lon="9.48197"/>
            <trkpt lat="42.8568" lon="9.48203"/>
            <trkpt lat="42.8567" lon="9.48213"/>
            <trkpt lat="42.85661" lon="9.48224"/>
            <trkpt lat="42.85637" lon="9.48248"/>
            <trkpt lat="42.8562" lon="9.48261"/>
            <trkpt lat="42.85611" lon="9.48265"/>
            <trkpt lat="42.85605" lon="9.48266"/>
            <trkpt lat="42.85535" lon="9.48271"/>
            <trkpt lat="42.85528" lon="9.48269"/>
            <trkpt lat="42.85523" lon="9.48266"/>
            <trkpt lat="42.85495" lon="9.48245"/>
            <trkpt lat="42.8549" lon="9.48242"/>
            <trkpt lat="42.85484" lon="9.4824"/>
            <trkpt lat="42.85477" lon="9.48238"/>
            <trkpt lat="42.85471" lon="9.48239"/>
            <trkpt lat="42.85465" lon="9.48241"/>
            <trkpt lat="42.85461" lon="9.48244"/>
            <trkpt lat="42.85457" lon="9.48247"/>
            <trkpt lat="42.85451" lon="9.48255"/>
            <trkpt lat="42.85432" lon="9.4829"/>
            <trkpt lat="42.8542" lon="9.48306"/>
            <trkpt lat="42.85408" lon="9.48315"/>
            <trkpt lat="42.854" lon="9.48318"/>
            <trkpt lat="42.85388" lon="9.48319"/>
            <trkpt lat="42.85347" lon="9.48314"/>
            <trkpt lat="42.85336" lon="9.48314"/>
            <trkpt lat="42.85328" lon="9.48317"/>
            <trkpt lat="42.85322" lon="9.48323"/>
            <trkpt lat="42.85315" lon="9.48334"/>
            <trkpt lat="42.85307" lon="9.48354"/>
            <trkpt lat="42.85303" lon="9.4837"/>
            <trkpt lat="42.85297" lon="9.48379"/>
            <trkpt lat="42.85285" lon="9.48389"/>
            <trkpt lat="42.8527" lon="9.48396"/>
            <trkpt lat="42.85257" lon="9.48405"/>
            <trkpt lat="42.85253" lon="9.4841"/>
            <trkpt lat="42.85236" lon="9.48441"/>
            <trkpt lat="42.8522" lon="9.48476"/>
            <trkpt lat="42.85214" lon="9.48485"/>
            <trkpt lat="42.85205" lon="9.48495"/>
            <trkpt lat="42.85185" lon="9.48504"/>
            <trkpt lat="42.85173" lon="9.48506"/>
            <trkpt lat="42.8516" lon="9.48506"/>
            <trkpt lat="42.8514" lon="9.48499"/>
            <trkpt lat="42.85132" lon="9.48494"/>
            <trkpt lat="42.85115" lon="9.48467"/>
            <trkpt lat="42.85086" lon="9.48393"/>
            <trkpt lat="42.85083" lon="9.48366"/>
            <trkpt lat="42.85083" lon="9.48327"/>
            <trkpt lat="42.85081" lon="9.48318"/>
            <trkpt lat="42.85079" lon="9.48312"/>
            <trkpt lat="42.85073" lon="9.48303"/>
            <trkpt lat="42.85071" lon="9.483"/>
            <trkpt lat="42.85065" lon="9.48296"/>
            <trkpt lat="42.85046" lon="9.48293"/>
            <trkpt lat="42.85012" lon="9.48296"/>
            <trkpt lat="42.84994" lon="9.48294"/>
            <trkpt lat="42.84974" lon="9.48286"/>
            <trkpt lat="42.84952" lon="9.48265"/>
            <trkpt lat="42.84938" lon="9.48246"/>
            <trkpt lat="42.84915" lon="9.48222"/>
            <trkpt lat="42.84906" lon="9.48215"/>
            <trkpt lat="42.84899" lon="9.48212"/>
            <trkpt lat="42.84894" lon="9.48209"/>
            <trkpt lat="42.84881" lon="9.48208"/>
            <trkpt lat="42.8487" lon="9.48209"/>
            <trkpt lat="42.8485" lon="9.48205"/>
            <trkpt lat="42.84813" lon="9.48185"/>
            <trkpt lat="42.84792" lon="9.48181"/>
            <trkpt lat="42.84769" lon="9.48182"/>
            <trkpt lat="42.84744" lon="9.48184"/>
            <trkpt lat="42.8473" lon="9.48187"/>
            <trkpt lat="42.84722" lon="9.48192"/>
            <trkpt lat="42.84714" lon="9.48199"/>
            <trkpt lat="42.84708" lon="9.48207"/>
            <trkpt lat="42.8469" lon="9.48242"/>
            <trkpt lat="42.84681" lon="9.48254"/>
            <trkpt lat="42.84668" lon="9.48262"/>
            <trkpt lat="42.84668" lon="9.48262"/>
            <trkpt lat="42.84637" lon="9.48267"/>
            <trkpt lat="42.84613" lon="9.48271"/>
            <trkpt lat="42.84601" lon="9.48275"/>
            <trkpt lat="42.84588" lon="9.48286"/>
            <trkpt lat="42.84579" lon="9.48295"/>
            <trkpt lat="42.84568" lon="9.48305"/>
            <trkpt lat="42.84559" lon="9.48309"/>
            <trkpt lat="42.84553" lon="9.48311"/>
            <trkpt lat="42.84544" lon="9.48312"/>
            <trkpt lat="42.84531" lon="9.48306"/>
            <trkpt lat="42.84482" lon="9.48273"/>
            <trkpt lat="42.84457" lon="9.48254"/>
        </trkseg>
    </trk>
</gpx>
