<?xml version="1.0" encoding="UTF-8" standalone="yes"?>
<gpx xmlns="http://www.topografix.com/GPX/1/1" xmlns:tt="TT" version="1.1" creator="TomTom MyDrive">
    <wpt lat="42.7078" lon="9.4383">
        <type>TT_HARD</type>
    </wpt>
    <wpt lat="42.633846" lon="8.940296">
        <type>TT_HARD</type>
    </wpt>
    <rte>
        <name>27 - luglio</name>
        <rtept lat="42.7078" lon="9.4383">
            <type>TT_HARD</type>
        </rtept>
        <rtept lat="42.633846" lon="8.940296">
            <type>TT_HARD</type>
        </rtept>
    </rte>
    <trk>
        <name>27 - luglio</name>
        <trkseg>
            <trkpt lat="42.70795" lon="9.4383"/>
            <trkpt lat="42.70795" lon="9.43811"/>
            <trkpt lat="42.70791" lon="9.43811"/>
            <trkpt lat="42.7078" lon="9.43807"/>
            <trkpt lat="42.70757" lon="9.43805"/>
            <trkpt lat="42.70752" lon="9.43862"/>
            <trkpt lat="42.7075" lon="9.43887"/>
            <trkpt lat="42.7075" lon="9.4391"/>
            <trkpt lat="42.70753" lon="9.43926"/>
            <trkpt lat="42.70759" lon="9.43941"/>
            <trkpt lat="42.70764" lon="9.43948"/>
            <trkpt lat="42.70784" lon="9.43966"/>
            <trkpt lat="42.70786" lon="9.43969"/>
            <trkpt lat="42.7079" lon="9.43975"/>
            <trkpt lat="42.70792" lon="9.43981"/>
            <trkpt lat="42.70794" lon="9.43988"/>
            <trkpt lat="42.70793" lon="9.44015"/>
            <trkpt lat="42.70794" lon="9.44026"/>
            <trkpt lat="42.70793" lon="9.44049"/>
            <trkpt lat="42.70792" lon="9.44055"/>
            <trkpt lat="42.7079" lon="9.44065"/>
            <trkpt lat="42.70788" lon="9.44072"/>
            <trkpt lat="42.70773" lon="9.44096"/>
            <trkpt lat="42.70768" lon="9.44108"/>
            <trkpt lat="42.70764" lon="9.44115"/>
            <trkpt lat="42.70762" lon="9.44131"/>
            <trkpt lat="42.70764" lon="9.44141"/>
            <trkpt lat="42.70767" lon="9.44147"/>
            <trkpt lat="42.70774" lon="9.44157"/>
            <trkpt lat="42.70785" lon="9.44171"/>
            <trkpt lat="42.70789" lon="9.44178"/>
            <trkpt lat="42.70791" lon="9.44188"/>
            <trkpt lat="42.70793" lon="9.442"/>
            <trkpt lat="42.70793" lon="9.44216"/>
            <trkpt lat="42.7079" lon="9.44231"/>
            <trkpt lat="42.70785" lon="9.44254"/>
            <trkpt lat="42.70777" lon="9.44282"/>
            <trkpt lat="42.70768" lon="9.44309"/>
            <trkpt lat="42.7076" lon="9.44334"/>
            <trkpt lat="42.70756" lon="9.44325"/>
            <trkpt lat="42.70753" lon="9.44305"/>
            <trkpt lat="42.70752" lon="9.44299"/>
            <trkpt lat="42.70748" lon="9.44261"/>
            <trkpt lat="42.70746" lon="9.4425"/>
            <trkpt lat="42.7074" lon="9.44233"/>
            <trkpt lat="42.70734" lon="9.44224"/>
            <trkpt lat="42.7073" lon="9.44218"/>
            <trkpt lat="42.70712" lon="9.44211"/>
            <trkpt lat="42.70707" lon="9.44208"/>
            <trkpt lat="42.70705" lon="9.44204"/>
            <trkpt lat="42.70703" lon="9.44199"/>
            <trkpt lat="42.70699" lon="9.4417"/>
            <trkpt lat="42.70696" lon="9.44161"/>
            <trkpt lat="42.7069" lon="9.44158"/>
            <trkpt lat="42.70684" lon="9.44156"/>
            <trkpt lat="42.70672" lon="9.44155"/>
            <trkpt lat="42.70663" lon="9.44204"/>
            <trkpt lat="42.70661" lon="9.44213"/>
            <trkpt lat="42.70655" lon="9.44239"/>
            <trkpt lat="42.70651" lon="9.44251"/>
            <trkpt lat="42.70648" lon="9.4426"/>
            <trkpt lat="42.70646" lon="9.44263"/>
            <trkpt lat="42.7064" lon="9.4427"/>
            <trkpt lat="42.70638" lon="9.44267"/>
            <trkpt lat="42.70637" lon="9.44266"/>
            <trkpt lat="42.70633" lon="9.44265"/>
            <trkpt lat="42.7063" lon="9.44265"/>
            <trkpt lat="42.70628" lon="9.44267"/>
            <trkpt lat="42.70619" lon="9.44235"/>
            <trkpt lat="42.70609" lon="9.44202"/>
            <trkpt lat="42.70608" lon="9.44196"/>
            <trkpt lat="42.70606" lon="9.4419"/>
            <trkpt lat="42.706" lon="9.4418"/>
            <trkpt lat="42.70596" lon="9.44174"/>
            <trkpt lat="42.70585" lon="9.44161"/>
            <trkpt lat="42.70582" lon="9.44158"/>
            <trkpt lat="42.7055" lon="9.44132"/>
            <trkpt lat="42.70532" lon="9.44123"/>
            <trkpt lat="42.70523" lon="9.4412"/>
            <trkpt lat="42.70514" lon="9.44118"/>
            <trkpt lat="42.70506" lon="9.44119"/>
            <trkpt lat="42.705" lon="9.44122"/>
            <trkpt lat="42.70493" lon="9.44127"/>
            <trkpt lat="42.70488" lon="9.44131"/>
            <trkpt lat="42.70455" lon="9.44161"/>
            <trkpt lat="42.70446" lon="9.44167"/>
            <trkpt lat="42.70438" lon="9.44169"/>
            <trkpt lat="42.70429" lon="9.44169"/>
            <trkpt lat="42.70415" lon="9.44167"/>
            <trkpt lat="42.70403" lon="9.44164"/>
            <trkpt lat="42.704" lon="9.44164"/>
            <trkpt lat="42.70397" lon="9.44164"/>
            <trkpt lat="42.7039" lon="9.44168"/>
            <trkpt lat="42.70341" lon="9.44211"/>
            <trkpt lat="42.70339" lon="9.44208"/>
            <trkpt lat="42.70336" lon="9.44206"/>
            <trkpt lat="42.70335" lon="9.44205"/>
            <trkpt lat="42.70332" lon="9.44205"/>
            <trkpt lat="42.70329" lon="9.44206"/>
            <trkpt lat="42.70324" lon="9.44197"/>
            <trkpt lat="42.70303" lon="9.44152"/>
            <trkpt lat="42.7029" lon="9.44128"/>
            <trkpt lat="42.70283" lon="9.4412"/>
            <trkpt lat="42.70276" lon="9.44115"/>
            <trkpt lat="42.70258" lon="9.44105"/>
            <trkpt lat="42.70258" lon="9.44101"/>
            <trkpt lat="42.70258" lon="9.44097"/>
            <trkpt lat="42.70256" lon="9.44092"/>
            <trkpt lat="42.70254" lon="9.4409"/>
            <trkpt lat="42.7025" lon="9.44087"/>
            <trkpt lat="42.70247" lon="9.44086"/>
            <trkpt lat="42.70244" lon="9.44086"/>
            <trkpt lat="42.70241" lon="9.44088"/>
            <trkpt lat="42.70239" lon="9.4409"/>
            <trkpt lat="42.70237" lon="9.44093"/>
            <trkpt lat="42.70236" lon="9.44096"/>
            <trkpt lat="42.70235" lon="9.44101"/>
            <trkpt lat="42.70221" lon="9.44104"/>
            <trkpt lat="42.70197" lon="9.44112"/>
            <trkpt lat="42.7015" lon="9.44131"/>
            <trkpt lat="42.70131" lon="9.44143"/>
            <trkpt lat="42.70118" lon="9.44155"/>
            <trkpt lat="42.70096" lon="9.44183"/>
            <trkpt lat="42.70075" lon="9.44214"/>
            <trkpt lat="42.69994" lon="9.44335"/>
            <trkpt lat="42.69978" lon="9.44363"/>
            <trkpt lat="42.6997" lon="9.44379"/>
            <trkpt lat="42.69965" lon="9.44391"/>
            <trkpt lat="42.69962" lon="9.44403"/>
            <trkpt lat="42.69959" lon="9.44422"/>
            <trkpt lat="42.69956" lon="9.44442"/>
            <trkpt lat="42.69955" lon="9.44459"/>
            <trkpt lat="42.69952" lon="9.44464"/>
            <trkpt lat="42.69952" lon="9.44494"/>
            <trkpt lat="42.69951" lon="9.44501"/>
            <trkpt lat="42.69951" lon="9.44518"/>
            <trkpt lat="42.6995" lon="9.44519"/>
            <trkpt lat="42.6995" lon="9.44521"/>
            <trkpt lat="42.69949" lon="9.44524"/>
            <trkpt lat="42.69949" lon="9.44527"/>
            <trkpt lat="42.6995" lon="9.4453"/>
            <trkpt lat="42.69943" lon="9.44535"/>
            <trkpt lat="42.69936" lon="9.44542"/>
            <trkpt lat="42.69927" lon="9.44551"/>
            <trkpt lat="42.69921" lon="9.44556"/>
            <trkpt lat="42.69913" lon="9.44557"/>
            <trkpt lat="42.69889" lon="9.44554"/>
            <trkpt lat="42.6987" lon="9.44553"/>
            <trkpt lat="42.69808" lon="9.44547"/>
            <trkpt lat="42.69789" lon="9.44542"/>
            <trkpt lat="42.69783" lon="9.44538"/>
            <trkpt lat="42.69772" lon="9.44521"/>
            <trkpt lat="42.69754" lon="9.44484"/>
            <trkpt lat="42.69749" lon="9.44474"/>
            <trkpt lat="42.69743" lon="9.44463"/>
            <trkpt lat="42.69722" lon="9.44419"/>
            <trkpt lat="42.69697" lon="9.44367"/>
            <trkpt lat="42.69682" lon="9.44342"/>
            <trkpt lat="42.69678" lon="9.44341"/>
            <trkpt lat="42.6967" lon="9.44332"/>
            <trkpt lat="42.69664" lon="9.44328"/>
            <trkpt lat="42.69648" lon="9.44326"/>
            <trkpt lat="42.6964" lon="9.44327"/>
            <trkpt lat="42.69585" lon="9.44332"/>
            <trkpt lat="42.69578" lon="9.4433"/>
            <trkpt lat="42.69568" lon="9.44325"/>
            <trkpt lat="42.69564" lon="9.44318"/>
            <trkpt lat="42.6956" lon="9.44309"/>
            <trkpt lat="42.69559" lon="9.44301"/>
            <trkpt lat="42.6956" lon="9.44287"/>
            <trkpt lat="42.69566" lon="9.44245"/>
            <trkpt lat="42.69575" lon="9.44196"/>
            <trkpt lat="42.69577" lon="9.44189"/>
            <trkpt lat="42.69578" lon="9.44174"/>
            <trkpt lat="42.69583" lon="9.44139"/>
            <trkpt lat="42.69597" lon="9.44065"/>
            <trkpt lat="42.69597" lon="9.44056"/>
            <trkpt lat="42.69595" lon="9.44049"/>
            <trkpt lat="42.69592" lon="9.44043"/>
            <trkpt lat="42.69587" lon="9.44039"/>
            <trkpt lat="42.69582" lon="9.44038"/>
            <trkpt lat="42.6958" lon="9.44038"/>
            <trkpt lat="42.69577" lon="9.44043"/>
            <trkpt lat="42.6957" lon="9.44055"/>
            <trkpt lat="42.69565" lon="9.44062"/>
            <trkpt lat="42.6956" lon="9.44067"/>
            <trkpt lat="42.69554" lon="9.44072"/>
            <trkpt lat="42.69542" lon="9.44076"/>
            <trkpt lat="42.69523" lon="9.44079"/>
            <trkpt lat="42.69502" lon="9.44075"/>
            <trkpt lat="42.69491" lon="9.44075"/>
            <trkpt lat="42.69478" lon="9.44082"/>
            <trkpt lat="42.69468" lon="9.44089"/>
            <trkpt lat="42.69462" lon="9.44095"/>
            <trkpt lat="42.69442" lon="9.44147"/>
            <trkpt lat="42.69437" lon="9.44155"/>
            <trkpt lat="42.69433" lon="9.44159"/>
            <trkpt lat="42.69427" lon="9.44161"/>
            <trkpt lat="42.69418" lon="9.4416"/>
            <trkpt lat="42.69407" lon="9.44155"/>
            <trkpt lat="42.69403" lon="9.4415"/>
            <trkpt lat="42.694" lon="9.44146"/>
            <trkpt lat="42.69395" lon="9.44129"/>
            <trkpt lat="42.6939" lon="9.44101"/>
            <trkpt lat="42.69385" lon="9.44089"/>
            <trkpt lat="42.6938" lon="9.44082"/>
            <trkpt lat="42.69376" lon="9.44078"/>
            <trkpt lat="42.69373" lon="9.44077"/>
            <trkpt lat="42.69371" lon="9.44077"/>
            <trkpt lat="42.69368" lon="9.44077"/>
            <trkpt lat="42.69362" lon="9.44079"/>
            <trkpt lat="42.69352" lon="9.44084"/>
            <trkpt lat="42.69339" lon="9.44089"/>
            <trkpt lat="42.6933" lon="9.44089"/>
            <trkpt lat="42.69323" lon="9.44086"/>
            <trkpt lat="42.69318" lon="9.44083"/>
            <trkpt lat="42.69315" lon="9.4408"/>
            <trkpt lat="42.69312" lon="9.44075"/>
            <trkpt lat="42.69306" lon="9.44062"/>
            <trkpt lat="42.69303" lon="9.44054"/>
            <trkpt lat="42.69297" lon="9.44026"/>
            <trkpt lat="42.6929" lon="9.43994"/>
            <trkpt lat="42.69287" lon="9.43985"/>
            <trkpt lat="42.69274" lon="9.43948"/>
            <trkpt lat="42.69269" lon="9.43932"/>
            <trkpt lat="42.69267" lon="9.43927"/>
            <trkpt lat="42.69259" lon="9.43889"/>
            <trkpt lat="42.69255" lon="9.43864"/>
            <trkpt lat="42.69254" lon="9.4384"/>
            <trkpt lat="42.69255" lon="9.43828"/>
            <trkpt lat="42.69259" lon="9.43817"/>
            <trkpt lat="42.69268" lon="9.43799"/>
            <trkpt lat="42.69276" lon="9.43781"/>
            <trkpt lat="42.69279" lon="9.43773"/>
            <trkpt lat="42.69277" lon="9.43758"/>
            <trkpt lat="42.69271" lon="9.43732"/>
            <trkpt lat="42.69271" lon="9.43724"/>
            <trkpt lat="42.69276" lon="9.437"/>
            <trkpt lat="42.69287" lon="9.43649"/>
            <trkpt lat="42.69288" lon="9.43643"/>
            <trkpt lat="42.69294" lon="9.43605"/>
            <trkpt lat="42.69294" lon="9.43591"/>
            <trkpt lat="42.69293" lon="9.43576"/>
            <trkpt lat="42.6929" lon="9.4356"/>
            <trkpt lat="42.69287" lon="9.43555"/>
            <trkpt lat="42.69277" lon="9.43535"/>
            <trkpt lat="42.6927" lon="9.43523"/>
            <trkpt lat="42.69265" lon="9.43517"/>
            <trkpt lat="42.69261" lon="9.43515"/>
            <trkpt lat="42.69251" lon="9.43513"/>
            <trkpt lat="42.69246" lon="9.43514"/>
            <trkpt lat="42.6924" lon="9.43524"/>
            <trkpt lat="42.69237" lon="9.43534"/>
            <trkpt lat="42.69235" lon="9.43545"/>
            <trkpt lat="42.6923" lon="9.43559"/>
            <trkpt lat="42.69225" lon="9.43564"/>
            <trkpt lat="42.69215" lon="9.43567"/>
            <trkpt lat="42.69208" lon="9.43565"/>
            <trkpt lat="42.69193" lon="9.43559"/>
            <trkpt lat="42.69175" lon="9.43556"/>
            <trkpt lat="42.69167" lon="9.43554"/>
            <trkpt lat="42.69154" lon="9.43544"/>
            <trkpt lat="42.69147" lon="9.43536"/>
            <trkpt lat="42.6914" lon="9.4352"/>
            <trkpt lat="42.69137" lon="9.43512"/>
            <trkpt lat="42.69133" lon="9.43496"/>
            <trkpt lat="42.6913" lon="9.43485"/>
            <trkpt lat="42.69125" lon="9.43474"/>
            <trkpt lat="42.69118" lon="9.43464"/>
            <trkpt lat="42.6911" lon="9.43458"/>
            <trkpt lat="42.69102" lon="9.43454"/>
            <trkpt lat="42.69068" lon="9.4344"/>
            <trkpt lat="42.69018" lon="9.43418"/>
            <trkpt lat="42.6899" lon="9.43397"/>
            <trkpt lat="42.68979" lon="9.43385"/>
            <trkpt lat="42.68978" lon="9.43384"/>
            <trkpt lat="42.68975" lon="9.43383"/>
            <trkpt lat="42.68966" lon="9.4338"/>
            <trkpt lat="42.68948" lon="9.43377"/>
            <trkpt lat="42.68921" lon="9.43386"/>
            <trkpt lat="42.68912" lon="9.43387"/>
            <trkpt lat="42.68904" lon="9.43385"/>
            <trkpt lat="42.689" lon="9.43383"/>
            <trkpt lat="42.68897" lon="9.43375"/>
            <trkpt lat="42.68896" lon="9.43369"/>
            <trkpt lat="42.68897" lon="9.43358"/>
            <trkpt lat="42.68897" lon="9.43343"/>
            <trkpt lat="42.68894" lon="9.43327"/>
            <trkpt lat="42.68891" lon="9.43315"/>
            <trkpt lat="42.68888" lon="9.43296"/>
            <trkpt lat="42.6889" lon="9.4327"/>
            <trkpt lat="42.68894" lon="9.43247"/>
            <trkpt lat="42.68892" lon="9.43236"/>
            <trkpt lat="42.68888" lon="9.4323"/>
            <trkpt lat="42.68881" lon="9.43223"/>
            <trkpt lat="42.68872" lon="9.43221"/>
            <trkpt lat="42.68859" lon="9.43221"/>
            <trkpt lat="42.68852" lon="9.43219"/>
            <trkpt lat="42.68838" lon="9.43204"/>
            <trkpt lat="42.68834" lon="9.43199"/>
            <trkpt lat="42.68831" lon="9.43194"/>
            <trkpt lat="42.68822" lon="9.43178"/>
            <trkpt lat="42.68809" lon="9.43162"/>
            <trkpt lat="42.68795" lon="9.43149"/>
            <trkpt lat="42.6877" lon="9.43117"/>
            <trkpt lat="42.68762" lon="9.43102"/>
            <trkpt lat="42.68754" lon="9.43075"/>
            <trkpt lat="42.68747" lon="9.43047"/>
            <trkpt lat="42.68745" lon="9.43038"/>
            <trkpt lat="42.68741" lon="9.43029"/>
            <trkpt lat="42.68713" lon="9.4299"/>
            <trkpt lat="42.68704" lon="9.42979"/>
            <trkpt lat="42.68701" lon="9.42971"/>
            <trkpt lat="42.68699" lon="9.42965"/>
            <trkpt lat="42.68701" lon="9.42956"/>
            <trkpt lat="42.68709" lon="9.42931"/>
            <trkpt lat="42.68716" lon="9.42921"/>
            <trkpt lat="42.68736" lon="9.42897"/>
            <trkpt lat="42.68746" lon="9.42887"/>
            <trkpt lat="42.68755" lon="9.4288"/>
            <trkpt lat="42.68756" lon="9.42877"/>
            <trkpt lat="42.68758" lon="9.42874"/>
            <trkpt lat="42.68759" lon="9.42869"/>
            <trkpt lat="42.68759" lon="9.42865"/>
            <trkpt lat="42.68759" lon="9.42859"/>
            <trkpt lat="42.68758" lon="9.42855"/>
            <trkpt lat="42.68757" lon="9.42849"/>
            <trkpt lat="42.68754" lon="9.42844"/>
            <trkpt lat="42.68752" lon="9.4284"/>
            <trkpt lat="42.68744" lon="9.42835"/>
            <trkpt lat="42.68742" lon="9.4283"/>
            <trkpt lat="42.68729" lon="9.42821"/>
            <trkpt lat="42.68699" lon="9.42799"/>
            <trkpt lat="42.68696" lon="9.42806"/>
            <trkpt lat="42.68693" lon="9.42813"/>
            <trkpt lat="42.68691" lon="9.42816"/>
            <trkpt lat="42.68689" lon="9.42817"/>
            <trkpt lat="42.68686" lon="9.42818"/>
            <trkpt lat="42.68684" lon="9.42818"/>
            <trkpt lat="42.6868" lon="9.42817"/>
            <trkpt lat="42.68677" lon="9.42815"/>
            <trkpt lat="42.68669" lon="9.42808"/>
            <trkpt lat="42.68661" lon="9.42802"/>
            <trkpt lat="42.68657" lon="9.42799"/>
            <trkpt lat="42.68653" lon="9.42797"/>
            <trkpt lat="42.68646" lon="9.42795"/>
            <trkpt lat="42.68628" lon="9.42795"/>
            <trkpt lat="42.68622" lon="9.42794"/>
            <trkpt lat="42.68612" lon="9.42791"/>
            <trkpt lat="42.68608" lon="9.42788"/>
            <trkpt lat="42.68603" lon="9.42783"/>
            <trkpt lat="42.6859" lon="9.42766"/>
            <trkpt lat="42.68584" lon="9.42755"/>
            <trkpt lat="42.68579" lon="9.42737"/>
            <trkpt lat="42.68579" lon="9.4273"/>
            <trkpt lat="42.68579" lon="9.42722"/>
            <trkpt lat="42.68581" lon="9.42711"/>
            <trkpt lat="42.68584" lon="9.42701"/>
            <trkpt lat="42.68587" lon="9.42692"/>
            <trkpt lat="42.68595" lon="9.42676"/>
            <trkpt lat="42.68606" lon="9.42666"/>
            <trkpt lat="42.68629" lon="9.42652"/>
            <trkpt lat="42.68636" lon="9.42647"/>
            <trkpt lat="42.68639" lon="9.42643"/>
            <trkpt lat="42.68641" lon="9.4264"/>
            <trkpt lat="42.68643" lon="9.42635"/>
            <trkpt lat="42.68646" lon="9.42628"/>
            <trkpt lat="42.68646" lon="9.42627"/>
            <trkpt lat="42.68647" lon="9.42621"/>
            <trkpt lat="42.68648" lon="9.42612"/>
            <trkpt lat="42.68646" lon="9.42602"/>
            <trkpt lat="42.68644" lon="9.42592"/>
            <trkpt lat="42.68637" lon="9.42577"/>
            <trkpt lat="42.68601" lon="9.42499"/>
            <trkpt lat="42.68599" lon="9.42493"/>
            <trkpt lat="42.68597" lon="9.42486"/>
            <trkpt lat="42.68596" lon="9.4248"/>
            <trkpt lat="42.68596" lon="9.42471"/>
            <trkpt lat="42.68598" lon="9.42462"/>
            <trkpt lat="42.686" lon="9.42455"/>
            <trkpt lat="42.68604" lon="9.42446"/>
            <trkpt lat="42.68607" lon="9.42441"/>
            <trkpt lat="42.6861" lon="9.42438"/>
            <trkpt lat="42.68614" lon="9.42435"/>
            <trkpt lat="42.6862" lon="9.42431"/>
            <trkpt lat="42.68637" lon="9.4242"/>
            <trkpt lat="42.68642" lon="9.42417"/>
            <trkpt lat="42.68646" lon="9.42408"/>
            <trkpt lat="42.68649" lon="9.424"/>
            <trkpt lat="42.6865" lon="9.4239"/>
            <trkpt lat="42.68649" lon="9.42385"/>
            <trkpt lat="42.68647" lon="9.42379"/>
            <trkpt lat="42.68644" lon="9.42372"/>
            <trkpt lat="42.6864" lon="9.42367"/>
            <trkpt lat="42.68633" lon="9.42363"/>
            <trkpt lat="42.68606" lon="9.42358"/>
            <trkpt lat="42.686" lon="9.42354"/>
            <trkpt lat="42.68596" lon="9.42351"/>
            <trkpt lat="42.68592" lon="9.42345"/>
            <trkpt lat="42.68589" lon="9.4234"/>
            <trkpt lat="42.68583" lon="9.4233"/>
            <trkpt lat="42.68572" lon="9.42311"/>
            <trkpt lat="42.68563" lon="9.42298"/>
            <trkpt lat="42.68555" lon="9.4229"/>
            <trkpt lat="42.68546" lon="9.42283"/>
            <trkpt lat="42.68517" lon="9.42264"/>
            <trkpt lat="42.68506" lon="9.42254"/>
            <trkpt lat="42.68497" lon="9.42241"/>
            <trkpt lat="42.68489" lon="9.42226"/>
            <trkpt lat="42.68487" lon="9.42218"/>
            <trkpt lat="42.68484" lon="9.42199"/>
            <trkpt lat="42.68483" lon="9.42186"/>
            <trkpt lat="42.68485" lon="9.42158"/>
            <trkpt lat="42.68485" lon="9.42139"/>
            <trkpt lat="42.68482" lon="9.42129"/>
            <trkpt lat="42.68479" lon="9.42122"/>
            <trkpt lat="42.68475" lon="9.42116"/>
            <trkpt lat="42.68471" lon="9.42113"/>
            <trkpt lat="42.68459" lon="9.42104"/>
            <trkpt lat="42.68448" lon="9.421"/>
            <trkpt lat="42.68445" lon="9.421"/>
            <trkpt lat="42.68439" lon="9.42099"/>
            <trkpt lat="42.68436" lon="9.421"/>
            <trkpt lat="42.68431" lon="9.42103"/>
            <trkpt lat="42.68426" lon="9.42108"/>
            <trkpt lat="42.68416" lon="9.4212"/>
            <trkpt lat="42.68411" lon="9.42126"/>
            <trkpt lat="42.68396" lon="9.42141"/>
            <trkpt lat="42.68389" lon="9.42145"/>
            <trkpt lat="42.6838" lon="9.42149"/>
            <trkpt lat="42.68371" lon="9.42151"/>
            <trkpt lat="42.68332" lon="9.42163"/>
            <trkpt lat="42.68321" lon="9.42169"/>
            <trkpt lat="42.68287" lon="9.42194"/>
            <trkpt lat="42.68282" lon="9.4219"/>
            <trkpt lat="42.6828" lon="9.42189"/>
            <trkpt lat="42.68278" lon="9.42184"/>
            <trkpt lat="42.68276" lon="9.42182"/>
            <trkpt lat="42.68275" lon="9.42178"/>
            <trkpt lat="42.68282" lon="9.42155"/>
            <trkpt lat="42.68284" lon="9.42144"/>
            <trkpt lat="42.68292" lon="9.42126"/>
            <trkpt lat="42.68296" lon="9.42113"/>
            <trkpt lat="42.68302" lon="9.42103"/>
            <trkpt lat="42.68319" lon="9.42073"/>
            <trkpt lat="42.68323" lon="9.42067"/>
            <trkpt lat="42.68331" lon="9.42063"/>
            <trkpt lat="42.68335" lon="9.42061"/>
            <trkpt lat="42.6834" lon="9.4206"/>
            <trkpt lat="42.68356" lon="9.4206"/>
            <trkpt lat="42.68374" lon="9.42062"/>
            <trkpt lat="42.68384" lon="9.42057"/>
            <trkpt lat="42.68388" lon="9.42054"/>
            <trkpt lat="42.68394" lon="9.42047"/>
            <trkpt lat="42.68414" lon="9.42013"/>
            <trkpt lat="42.68429" lon="9.41977"/>
            <trkpt lat="42.68439" lon="9.41944"/>
            <trkpt lat="42.68467" lon="9.41857"/>
            <trkpt lat="42.68515" lon="9.41685"/>
            <trkpt lat="42.6852" lon="9.41668"/>
            <trkpt lat="42.68521" lon="9.41655"/>
            <trkpt lat="42.68519" lon="9.41648"/>
            <trkpt lat="42.68514" lon="9.41643"/>
            <trkpt lat="42.68513" lon="9.41644"/>
            <trkpt lat="42.68508" lon="9.41644"/>
            <trkpt lat="42.68502" lon="9.41647"/>
            <trkpt lat="42.68478" lon="9.41665"/>
            <trkpt lat="42.68474" lon="9.41666"/>
            <trkpt lat="42.68471" lon="9.41666"/>
            <trkpt lat="42.68467" lon="9.41666"/>
            <trkpt lat="42.68423" lon="9.41652"/>
            <trkpt lat="42.68412" lon="9.41648"/>
            <trkpt lat="42.68383" lon="9.41644"/>
            <trkpt lat="42.68352" lon="9.41646"/>
            <trkpt lat="42.68317" lon="9.41646"/>
            <trkpt lat="42.683" lon="9.41641"/>
            <trkpt lat="42.68279" lon="9.41639"/>
            <trkpt lat="42.68259" lon="9.41645"/>
            <trkpt lat="42.68244" lon="9.41653"/>
            <trkpt lat="42.68222" lon="9.41659"/>
            <trkpt lat="42.6814" lon="9.41674"/>
            <trkpt lat="42.68122" lon="9.41677"/>
            <trkpt lat="42.68102" lon="9.41677"/>
            <trkpt lat="42.68095" lon="9.41675"/>
            <trkpt lat="42.68085" lon="9.41668"/>
            <trkpt lat="42.68079" lon="9.41664"/>
            <trkpt lat="42.68072" lon="9.41655"/>
            <trkpt lat="42.68066" lon="9.41641"/>
            <trkpt lat="42.68063" lon="9.41634"/>
            <trkpt lat="42.68061" lon="9.41625"/>
            <trkpt lat="42.6806" lon="9.41615"/>
            <trkpt lat="42.68059" lon="9.41601"/>
            <trkpt lat="42.68059" lon="9.41544"/>
            <trkpt lat="42.68059" lon="9.41538"/>
            <trkpt lat="42.68057" lon="9.41528"/>
            <trkpt lat="42.68051" lon="9.41508"/>
            <trkpt lat="42.68051" lon="9.41506"/>
            <trkpt lat="42.68049" lon="9.41501"/>
            <trkpt lat="42.68043" lon="9.41492"/>
            <trkpt lat="42.68037" lon="9.41486"/>
            <trkpt lat="42.68031" lon="9.41482"/>
            <trkpt lat="42.68019" lon="9.41475"/>
            <trkpt lat="42.68012" lon="9.41472"/>
            <trkpt lat="42.68008" lon="9.41468"/>
            <trkpt lat="42.68006" lon="9.41466"/>
            <trkpt lat="42.68" lon="9.41459"/>
            <trkpt lat="42.67999" lon="9.41457"/>
            <trkpt lat="42.67991" lon="9.41445"/>
            <trkpt lat="42.67987" lon="9.41438"/>
            <trkpt lat="42.67983" lon="9.41429"/>
            <trkpt lat="42.67977" lon="9.41409"/>
            <trkpt lat="42.67977" lon="9.41405"/>
            <trkpt lat="42.67972" lon="9.41387"/>
            <trkpt lat="42.67965" lon="9.4137"/>
            <trkpt lat="42.67944" lon="9.41333"/>
            <trkpt lat="42.67935" lon="9.4132"/>
            <trkpt lat="42.67929" lon="9.41313"/>
            <trkpt lat="42.67884" lon="9.41279"/>
            <trkpt lat="42.67881" lon="9.41279"/>
            <trkpt lat="42.67877" lon="9.41274"/>
            <trkpt lat="42.67873" lon="9.41268"/>
            <trkpt lat="42.6787" lon="9.41257"/>
            <trkpt lat="42.67868" lon="9.41249"/>
            <trkpt lat="42.67867" lon="9.41237"/>
            <trkpt lat="42.67868" lon="9.41228"/>
            <trkpt lat="42.67873" lon="9.41194"/>
            <trkpt lat="42.67882" lon="9.41165"/>
            <trkpt lat="42.67884" lon="9.41156"/>
            <trkpt lat="42.67884" lon="9.41149"/>
            <trkpt lat="42.67884" lon="9.4114"/>
            <trkpt lat="42.67882" lon="9.41133"/>
            <trkpt lat="42.67876" lon="9.41111"/>
            <trkpt lat="42.67875" lon="9.41105"/>
            <trkpt lat="42.67874" lon="9.41094"/>
            <trkpt lat="42.67876" lon="9.41065"/>
            <trkpt lat="42.67883" lon="9.41016"/>
            <trkpt lat="42.67888" lon="9.40996"/>
            <trkpt lat="42.6791" lon="9.40941"/>
            <trkpt lat="42.67917" lon="9.40929"/>
            <trkpt lat="42.67949" lon="9.40885"/>
            <trkpt lat="42.67951" lon="9.4088"/>
            <trkpt lat="42.67952" lon="9.40872"/>
            <trkpt lat="42.67957" lon="9.40823"/>
            <trkpt lat="42.67956" lon="9.40816"/>
            <trkpt lat="42.67955" lon="9.40812"/>
            <trkpt lat="42.67945" lon="9.408"/>
            <trkpt lat="42.67938" lon="9.40792"/>
            <trkpt lat="42.67917" lon="9.40776"/>
            <trkpt lat="42.67875" lon="9.40756"/>
            <trkpt lat="42.67749" lon="9.40697"/>
            <trkpt lat="42.67742" lon="9.40692"/>
            <trkpt lat="42.67735" lon="9.40685"/>
            <trkpt lat="42.67732" lon="9.40681"/>
            <trkpt lat="42.67723" lon="9.40666"/>
            <trkpt lat="42.67721" lon="9.40658"/>
            <trkpt lat="42.67705" lon="9.40575"/>
            <trkpt lat="42.67701" lon="9.40547"/>
            <trkpt lat="42.67697" lon="9.40504"/>
            <trkpt lat="42.67697" lon="9.40493"/>
            <trkpt lat="42.67698" lon="9.4048"/>
            <trkpt lat="42.67699" lon="9.4047"/>
            <trkpt lat="42.67703" lon="9.40454"/>
            <trkpt lat="42.67706" lon="9.40447"/>
            <trkpt lat="42.67716" lon="9.4043"/>
            <trkpt lat="42.67758" lon="9.40359"/>
            <trkpt lat="42.67776" lon="9.40336"/>
            <trkpt lat="42.6779" lon="9.40324"/>
            <trkpt lat="42.67816" lon="9.40308"/>
            <trkpt lat="42.67826" lon="9.40299"/>
            <trkpt lat="42.67862" lon="9.40256"/>
            <trkpt lat="42.67871" lon="9.40248"/>
            <trkpt lat="42.67879" lon="9.40241"/>
            <trkpt lat="42.67919" lon="9.40215"/>
            <trkpt lat="42.67928" lon="9.40212"/>
            <trkpt lat="42.67933" lon="9.40211"/>
            <trkpt lat="42.6794" lon="9.40211"/>
            <trkpt lat="42.67963" lon="9.40217"/>
            <trkpt lat="42.67979" lon="9.40218"/>
            <trkpt lat="42.68022" lon="9.40211"/>
            <trkpt lat="42.68038" lon="9.40205"/>
            <trkpt lat="42.68048" lon="9.40197"/>
            <trkpt lat="42.68071" lon="9.40163"/>
            <trkpt lat="42.68101" lon="9.40121"/>
            <trkpt lat="42.68103" lon="9.40116"/>
            <trkpt lat="42.68104" lon="9.4011"/>
            <trkpt lat="42.68105" lon="9.40104"/>
            <trkpt lat="42.68104" lon="9.40096"/>
            <trkpt lat="42.68098" lon="9.4008"/>
            <trkpt lat="42.68076" lon="9.40039"/>
            <trkpt lat="42.68068" lon="9.40028"/>
            <trkpt lat="42.68048" lon="9.40009"/>
            <trkpt lat="42.6801" lon="9.3997"/>
            <trkpt lat="42.67992" lon="9.39947"/>
            <trkpt lat="42.67965" lon="9.39903"/>
            <trkpt lat="42.67962" lon="9.39894"/>
            <trkpt lat="42.6796" lon="9.39885"/>
            <trkpt lat="42.6796" lon="9.39872"/>
            <trkpt lat="42.67966" lon="9.39809"/>
            <trkpt lat="42.67965" lon="9.39786"/>
            <trkpt lat="42.67962" lon="9.39767"/>
            <trkpt lat="42.67959" lon="9.39755"/>
            <trkpt lat="42.67952" lon="9.39738"/>
            <trkpt lat="42.67911" lon="9.39661"/>
            <trkpt lat="42.67895" lon="9.39628"/>
            <trkpt lat="42.67889" lon="9.39607"/>
            <trkpt lat="42.67889" lon="9.39592"/>
            <trkpt lat="42.679" lon="9.39494"/>
            <trkpt lat="42.67901" lon="9.39486"/>
            <trkpt lat="42.67904" lon="9.39478"/>
            <trkpt lat="42.67938" lon="9.39392"/>
            <trkpt lat="42.67952" lon="9.39355"/>
            <trkpt lat="42.67962" lon="9.39321"/>
            <trkpt lat="42.67992" lon="9.39211"/>
            <trkpt lat="42.67994" lon="9.39202"/>
            <trkpt lat="42.67994" lon="9.39194"/>
            <trkpt lat="42.67993" lon="9.39186"/>
            <trkpt lat="42.67992" lon="9.39178"/>
            <trkpt lat="42.67988" lon="9.39166"/>
            <trkpt lat="42.67983" lon="9.39153"/>
            <trkpt lat="42.67976" lon="9.39141"/>
            <trkpt lat="42.67957" lon="9.39118"/>
            <trkpt lat="42.67918" lon="9.39076"/>
            <trkpt lat="42.67904" lon="9.39066"/>
            <trkpt lat="42.67894" lon="9.39061"/>
            <trkpt lat="42.67868" lon="9.39057"/>
            <trkpt lat="42.67841" lon="9.39047"/>
            <trkpt lat="42.67824" lon="9.39044"/>
            <trkpt lat="42.67773" lon="9.39051"/>
            <trkpt lat="42.6775" lon="9.39058"/>
            <trkpt lat="42.67714" lon="9.39072"/>
            <trkpt lat="42.67695" lon="9.39079"/>
            <trkpt lat="42.6769" lon="9.39079"/>
            <trkpt lat="42.67682" lon="9.39079"/>
            <trkpt lat="42.67674" lon="9.39076"/>
            <trkpt lat="42.67657" lon="9.39065"/>
            <trkpt lat="42.67643" lon="9.39053"/>
            <trkpt lat="42.67635" lon="9.39042"/>
            <trkpt lat="42.67628" lon="9.39031"/>
            <trkpt lat="42.67623" lon="9.3902"/>
            <trkpt lat="42.67619" lon="9.39004"/>
            <trkpt lat="42.67616" lon="9.3894"/>
            <trkpt lat="42.67613" lon="9.38909"/>
            <trkpt lat="42.67612" lon="9.38864"/>
            <trkpt lat="42.67613" lon="9.38853"/>
            <trkpt lat="42.67615" lon="9.38845"/>
            <trkpt lat="42.67618" lon="9.38837"/>
            <trkpt lat="42.6765" lon="9.38789"/>
            <trkpt lat="42.67685" lon="9.38726"/>
            <trkpt lat="42.67687" lon="9.38721"/>
            <trkpt lat="42.67705" lon="9.38681"/>
            <trkpt lat="42.6772" lon="9.38639"/>
            <trkpt lat="42.67721" lon="9.38625"/>
            <trkpt lat="42.6772" lon="9.38582"/>
            <trkpt lat="42.67723" lon="9.38558"/>
            <trkpt lat="42.67726" lon="9.38548"/>
            <trkpt lat="42.6775" lon="9.38494"/>
            <trkpt lat="42.67761" lon="9.38466"/>
            <trkpt lat="42.6777" lon="9.38435"/>
            <trkpt lat="42.67772" lon="9.38425"/>
            <trkpt lat="42.67772" lon="9.38412"/>
            <trkpt lat="42.6777" lon="9.384"/>
            <trkpt lat="42.67767" lon="9.3839"/>
            <trkpt lat="42.67763" lon="9.38379"/>
            <trkpt lat="42.6775" lon="9.38355"/>
            <trkpt lat="42.6774" lon="9.38345"/>
            <trkpt lat="42.67726" lon="9.38334"/>
            <trkpt lat="42.67702" lon="9.3832"/>
            <trkpt lat="42.67696" lon="9.38313"/>
            <trkpt lat="42.67694" lon="9.38309"/>
            <trkpt lat="42.67692" lon="9.38301"/>
            <trkpt lat="42.67693" lon="9.38293"/>
            <trkpt lat="42.67694" lon="9.3829"/>
            <trkpt lat="42.67694" lon="9.38288"/>
            <trkpt lat="42.67695" lon="9.38284"/>
            <trkpt lat="42.67697" lon="9.3828"/>
            <trkpt lat="42.677" lon="9.38278"/>
            <trkpt lat="42.67708" lon="9.38275"/>
            <trkpt lat="42.67709" lon="9.38275"/>
            <trkpt lat="42.67713" lon="9.38275"/>
            <trkpt lat="42.67717" lon="9.38276"/>
            <trkpt lat="42.6773" lon="9.38286"/>
            <trkpt lat="42.67768" lon="9.38324"/>
            <trkpt lat="42.6778" lon="9.38334"/>
            <trkpt lat="42.67787" lon="9.38338"/>
            <trkpt lat="42.67804" lon="9.38349"/>
            <trkpt lat="42.67819" lon="9.38361"/>
            <trkpt lat="42.6784" lon="9.38383"/>
            <trkpt lat="42.6785" lon="9.3839"/>
            <trkpt lat="42.67874" lon="9.38393"/>
            <trkpt lat="42.67897" lon="9.38392"/>
            <trkpt lat="42.67917" lon="9.38393"/>
            <trkpt lat="42.6795" lon="9.38401"/>
            <trkpt lat="42.67971" lon="9.38409"/>
            <trkpt lat="42.67999" lon="9.38418"/>
            <trkpt lat="42.68021" lon="9.38421"/>
            <trkpt lat="42.68042" lon="9.38427"/>
            <trkpt lat="42.68051" lon="9.38432"/>
            <trkpt lat="42.6806" lon="9.38439"/>
            <trkpt lat="42.68068" lon="9.38448"/>
            <trkpt lat="42.68075" lon="9.38458"/>
            <trkpt lat="42.68082" lon="9.3847"/>
            <trkpt lat="42.68099" lon="9.38505"/>
            <trkpt lat="42.68124" lon="9.3855"/>
            <trkpt lat="42.68136" lon="9.38573"/>
            <trkpt lat="42.68156" lon="9.38605"/>
            <trkpt lat="42.68207" lon="9.38674"/>
            <trkpt lat="42.68223" lon="9.38692"/>
            <trkpt lat="42.68232" lon="9.38698"/>
            <trkpt lat="42.68243" lon="9.38696"/>
            <trkpt lat="42.68247" lon="9.38693"/>
            <trkpt lat="42.68249" lon="9.38688"/>
            <trkpt lat="42.6825" lon="9.38683"/>
            <trkpt lat="42.6825" lon="9.38676"/>
            <trkpt lat="42.6825" lon="9.3867"/>
            <trkpt lat="42.68245" lon="9.38661"/>
            <trkpt lat="42.68223" lon="9.38625"/>
            <trkpt lat="42.68195" lon="9.38574"/>
            <trkpt lat="42.68175" lon="9.38527"/>
            <trkpt lat="42.68169" lon="9.38508"/>
            <trkpt lat="42.68168" lon="9.38497"/>
            <trkpt lat="42.68133" lon="9.3839"/>
            <trkpt lat="42.68125" lon="9.3837"/>
            <trkpt lat="42.68101" lon="9.38304"/>
            <trkpt lat="42.68093" lon="9.38287"/>
            <trkpt lat="42.68084" lon="9.38276"/>
            <trkpt lat="42.68078" lon="9.38273"/>
            <trkpt lat="42.68072" lon="9.38271"/>
            <trkpt lat="42.68052" lon="9.38271"/>
            <trkpt lat="42.68043" lon="9.38268"/>
            <trkpt lat="42.68034" lon="9.38263"/>
            <trkpt lat="42.6803" lon="9.38257"/>
            <trkpt lat="42.68022" lon="9.38232"/>
            <trkpt lat="42.68017" lon="9.38222"/>
            <trkpt lat="42.68012" lon="9.38216"/>
            <trkpt lat="42.68006" lon="9.3821"/>
            <trkpt lat="42.67975" lon="9.38192"/>
            <trkpt lat="42.67955" lon="9.38175"/>
            <trkpt lat="42.67946" lon="9.38165"/>
            <trkpt lat="42.6794" lon="9.38157"/>
            <trkpt lat="42.67938" lon="9.38151"/>
            <trkpt lat="42.67936" lon="9.38144"/>
            <trkpt lat="42.67933" lon="9.38117"/>
            <trkpt lat="42.67924" lon="9.38079"/>
            <trkpt lat="42.67923" lon="9.38066"/>
            <trkpt lat="42.67923" lon="9.38056"/>
            <trkpt lat="42.67925" lon="9.38046"/>
            <trkpt lat="42.67929" lon="9.38034"/>
            <trkpt lat="42.6796" lon="9.37955"/>
            <trkpt lat="42.6797" lon="9.37911"/>
            <trkpt lat="42.67972" lon="9.37904"/>
            <trkpt lat="42.67977" lon="9.37897"/>
            <trkpt lat="42.67981" lon="9.37895"/>
            <trkpt lat="42.67986" lon="9.37897"/>
            <trkpt lat="42.67989" lon="9.37903"/>
            <trkpt lat="42.67991" lon="9.3791"/>
            <trkpt lat="42.6799" lon="9.37918"/>
            <trkpt lat="42.67989" lon="9.37928"/>
            <trkpt lat="42.67968" lon="9.38002"/>
            <trkpt lat="42.67965" lon="9.38017"/>
            <trkpt lat="42.67964" lon="9.3803"/>
            <trkpt lat="42.67966" lon="9.38039"/>
            <trkpt lat="42.6797" lon="9.38047"/>
            <trkpt lat="42.67981" lon="9.38062"/>
            <trkpt lat="42.67987" lon="9.38068"/>
            <trkpt lat="42.68" lon="9.38075"/>
            <trkpt lat="42.68015" lon="9.3808"/>
            <trkpt lat="42.68037" lon="9.38084"/>
            <trkpt lat="42.6806" lon="9.38085"/>
            <trkpt lat="42.68069" lon="9.38082"/>
            <trkpt lat="42.68081" lon="9.38074"/>
            <trkpt lat="42.68119" lon="9.38042"/>
            <trkpt lat="42.68146" lon="9.38025"/>
            <trkpt lat="42.68154" lon="9.38023"/>
            <trkpt lat="42.68161" lon="9.38024"/>
            <trkpt lat="42.68169" lon="9.38027"/>
            <trkpt lat="42.68175" lon="9.38033"/>
            <trkpt lat="42.68182" lon="9.38041"/>
            <trkpt lat="42.68184" lon="9.38049"/>
            <trkpt lat="42.68187" lon="9.3806"/>
            <trkpt lat="42.68192" lon="9.38078"/>
            <trkpt lat="42.68197" lon="9.38088"/>
            <trkpt lat="42.68202" lon="9.38095"/>
            <trkpt lat="42.68217" lon="9.38112"/>
            <trkpt lat="42.6825" lon="9.38134"/>
            <trkpt lat="42.68261" lon="9.38139"/>
            <trkpt lat="42.68279" lon="9.38143"/>
            <trkpt lat="42.68322" lon="9.38151"/>
            <trkpt lat="42.68341" lon="9.38152"/>
            <trkpt lat="42.68386" lon="9.3815"/>
            <trkpt lat="42.68399" lon="9.38152"/>
            <trkpt lat="42.68411" lon="9.38157"/>
            <trkpt lat="42.68418" lon="9.38163"/>
            <trkpt lat="42.68425" lon="9.38171"/>
            <trkpt lat="42.68431" lon="9.38177"/>
            <trkpt lat="42.68442" lon="9.38183"/>
            <trkpt lat="42.68452" lon="9.38185"/>
            <trkpt lat="42.68466" lon="9.38185"/>
            <trkpt lat="42.68487" lon="9.38182"/>
            <trkpt lat="42.6851" lon="9.38176"/>
            <trkpt lat="42.68562" lon="9.3816"/>
            <trkpt lat="42.68594" lon="9.38151"/>
            <trkpt lat="42.68624" lon="9.38148"/>
            <trkpt lat="42.6867" lon="9.38147"/>
            <trkpt lat="42.68698" lon="9.38149"/>
            <trkpt lat="42.68705" lon="9.3815"/>
            <trkpt lat="42.68713" lon="9.38153"/>
            <trkpt lat="42.6873" lon="9.38166"/>
            <trkpt lat="42.68742" lon="9.38184"/>
            <trkpt lat="42.68745" lon="9.3819"/>
            <trkpt lat="42.68753" lon="9.3821"/>
            <trkpt lat="42.68758" lon="9.38232"/>
            <trkpt lat="42.68759" lon="9.38236"/>
            <trkpt lat="42.68762" lon="9.38244"/>
            <trkpt lat="42.68766" lon="9.38249"/>
            <trkpt lat="42.68772" lon="9.3825"/>
            <trkpt lat="42.68783" lon="9.38249"/>
            <trkpt lat="42.6879" lon="9.38246"/>
            <trkpt lat="42.68795" lon="9.3824"/>
            <trkpt lat="42.68799" lon="9.38232"/>
            <trkpt lat="42.68802" lon="9.38228"/>
            <trkpt lat="42.68803" lon="9.38222"/>
            <trkpt lat="42.68804" lon="9.38209"/>
            <trkpt lat="42.68804" lon="9.38196"/>
            <trkpt lat="42.68801" lon="9.38183"/>
            <trkpt lat="42.68801" lon="9.38172"/>
            <trkpt lat="42.68803" lon="9.38163"/>
            <trkpt lat="42.68808" lon="9.38146"/>
            <trkpt lat="42.68826" lon="9.38104"/>
            <trkpt lat="42.68832" lon="9.38089"/>
            <trkpt lat="42.68838" lon="9.3807"/>
            <trkpt lat="42.68841" lon="9.38056"/>
            <trkpt lat="42.68842" lon="9.38043"/>
            <trkpt lat="42.68841" lon="9.37973"/>
            <trkpt lat="42.68842" lon="9.37966"/>
            <trkpt lat="42.68844" lon="9.37959"/>
            <trkpt lat="42.6885" lon="9.37949"/>
            <trkpt lat="42.68851" lon="9.37949"/>
            <trkpt lat="42.68857" lon="9.3794"/>
            <trkpt lat="42.68872" lon="9.37925"/>
            <trkpt lat="42.68877" lon="9.37919"/>
            <trkpt lat="42.68881" lon="9.37916"/>
            <trkpt lat="42.68894" lon="9.37904"/>
            <trkpt lat="42.68897" lon="9.37899"/>
            <trkpt lat="42.68899" lon="9.37896"/>
            <trkpt lat="42.68923" lon="9.37856"/>
            <trkpt lat="42.68928" lon="9.37844"/>
            <trkpt lat="42.68931" lon="9.37828"/>
            <trkpt lat="42.68932" lon="9.37798"/>
            <trkpt lat="42.68929" lon="9.37757"/>
            <trkpt lat="42.68938" lon="9.37739"/>
            <trkpt lat="42.68946" lon="9.3773"/>
            <trkpt lat="42.68956" lon="9.37723"/>
            <trkpt lat="42.68973" lon="9.37721"/>
            <trkpt lat="42.68988" lon="9.37725"/>
            <trkpt lat="42.68995" lon="9.3773"/>
            <trkpt lat="42.69011" lon="9.37747"/>
            <trkpt lat="42.69021" lon="9.37757"/>
            <trkpt lat="42.69027" lon="9.37762"/>
            <trkpt lat="42.69035" lon="9.37765"/>
            <trkpt lat="42.69042" lon="9.37766"/>
            <trkpt lat="42.69046" lon="9.37765"/>
            <trkpt lat="42.6905" lon="9.37765"/>
            <trkpt lat="42.69051" lon="9.37765"/>
            <trkpt lat="42.69063" lon="9.3776"/>
            <trkpt lat="42.69069" lon="9.37756"/>
            <trkpt lat="42.69075" lon="9.37749"/>
            <trkpt lat="42.69079" lon="9.37742"/>
            <trkpt lat="42.69082" lon="9.37735"/>
            <trkpt lat="42.69087" lon="9.3772"/>
            <trkpt lat="42.69102" lon="9.37658"/>
            <trkpt lat="42.69111" lon="9.37629"/>
            <trkpt lat="42.69123" lon="9.37607"/>
            <trkpt lat="42.69144" lon="9.37581"/>
            <trkpt lat="42.69151" lon="9.37573"/>
            <trkpt lat="42.69163" lon="9.37554"/>
            <trkpt lat="42.69166" lon="9.37545"/>
            <trkpt lat="42.69168" lon="9.37535"/>
            <trkpt lat="42.69169" lon="9.37514"/>
            <trkpt lat="42.69169" lon="9.37496"/>
            <trkpt lat="42.69168" lon="9.3749"/>
            <trkpt lat="42.69163" lon="9.3743"/>
            <trkpt lat="42.69163" lon="9.37379"/>
            <trkpt lat="42.69165" lon="9.37365"/>
            <trkpt lat="42.69167" lon="9.37357"/>
            <trkpt lat="42.69171" lon="9.37347"/>
            <trkpt lat="42.69177" lon="9.3734"/>
            <trkpt lat="42.69187" lon="9.37328"/>
            <trkpt lat="42.692" lon="9.37316"/>
            <trkpt lat="42.69212" lon="9.37309"/>
            <trkpt lat="42.69215" lon="9.37306"/>
            <trkpt lat="42.69228" lon="9.37303"/>
            <trkpt lat="42.69235" lon="9.37304"/>
            <trkpt lat="42.69242" lon="9.37308"/>
            <trkpt lat="42.69247" lon="9.37314"/>
            <trkpt lat="42.69253" lon="9.37324"/>
            <trkpt lat="42.69262" lon="9.37344"/>
            <trkpt lat="42.69282" lon="9.3741"/>
            <trkpt lat="42.69287" lon="9.37424"/>
            <trkpt lat="42.69298" lon="9.37454"/>
            <trkpt lat="42.69315" lon="9.37483"/>
            <trkpt lat="42.69322" lon="9.37491"/>
            <trkpt lat="42.69326" lon="9.37495"/>
            <trkpt lat="42.69331" lon="9.37496"/>
            <trkpt lat="42.69341" lon="9.37497"/>
            <trkpt lat="42.69346" lon="9.37496"/>
            <trkpt lat="42.6935" lon="9.37493"/>
            <trkpt lat="42.69354" lon="9.37489"/>
            <trkpt lat="42.69358" lon="9.37482"/>
            <trkpt lat="42.6936" lon="9.37477"/>
            <trkpt lat="42.69361" lon="9.3747"/>
            <trkpt lat="42.69362" lon="9.37448"/>
            <trkpt lat="42.69365" lon="9.3743"/>
            <trkpt lat="42.69369" lon="9.37422"/>
            <trkpt lat="42.69385" lon="9.37389"/>
            <trkpt lat="42.69402" lon="9.37362"/>
            <trkpt lat="42.69412" lon="9.37346"/>
            <trkpt lat="42.69416" lon="9.37342"/>
            <trkpt lat="42.69418" lon="9.37339"/>
            <trkpt lat="42.69423" lon="9.37336"/>
            <trkpt lat="42.69424" lon="9.37335"/>
            <trkpt lat="42.69448" lon="9.37328"/>
            <trkpt lat="42.69454" lon="9.37325"/>
            <trkpt lat="42.6946" lon="9.37319"/>
            <trkpt lat="42.69466" lon="9.37312"/>
            <trkpt lat="42.69468" lon="9.37307"/>
            <trkpt lat="42.69469" lon="9.373"/>
            <trkpt lat="42.69468" lon="9.37293"/>
            <trkpt lat="42.69467" lon="9.37285"/>
            <trkpt lat="42.69463" lon="9.3727"/>
            <trkpt lat="42.69462" lon="9.37263"/>
            <trkpt lat="42.69461" lon="9.37249"/>
            <trkpt lat="42.69464" lon="9.37236"/>
            <trkpt lat="42.69467" lon="9.37227"/>
            <trkpt lat="42.69486" lon="9.37193"/>
            <trkpt lat="42.69495" lon="9.37174"/>
            <trkpt lat="42.69498" lon="9.37167"/>
            <trkpt lat="42.69501" lon="9.37153"/>
            <trkpt lat="42.69502" lon="9.37139"/>
            <trkpt lat="42.69503" lon="9.37109"/>
            <trkpt lat="42.69501" lon="9.37098"/>
            <trkpt lat="42.69491" lon="9.37068"/>
            <trkpt lat="42.69472" lon="9.37016"/>
            <trkpt lat="42.6947" lon="9.37008"/>
            <trkpt lat="42.69469" lon="9.36998"/>
            <trkpt lat="42.69469" lon="9.36979"/>
            <trkpt lat="42.6947" lon="9.36969"/>
            <trkpt lat="42.69472" lon="9.36961"/>
            <trkpt lat="42.69474" lon="9.36953"/>
            <trkpt lat="42.69482" lon="9.36936"/>
            <trkpt lat="42.69528" lon="9.36876"/>
            <trkpt lat="42.69547" lon="9.36858"/>
            <trkpt lat="42.69556" lon="9.36852"/>
            <trkpt lat="42.69563" lon="9.36849"/>
            <trkpt lat="42.69574" lon="9.36849"/>
            <trkpt lat="42.69583" lon="9.36853"/>
            <trkpt lat="42.69593" lon="9.36863"/>
            <trkpt lat="42.69605" lon="9.36879"/>
            <trkpt lat="42.69618" lon="9.36911"/>
            <trkpt lat="42.69625" lon="9.36924"/>
            <trkpt lat="42.69631" lon="9.36932"/>
            <trkpt lat="42.69637" lon="9.36936"/>
            <trkpt lat="42.69645" lon="9.36938"/>
            <trkpt lat="42.69654" lon="9.36936"/>
            <trkpt lat="42.6967" lon="9.36931"/>
            <trkpt lat="42.69677" lon="9.36928"/>
            <trkpt lat="42.69687" lon="9.36927"/>
            <trkpt lat="42.69702" lon="9.36935"/>
            <trkpt lat="42.69709" lon="9.36936"/>
            <trkpt lat="42.69717" lon="9.36934"/>
            <trkpt lat="42.69723" lon="9.36928"/>
            <trkpt lat="42.69726" lon="9.3692"/>
            <trkpt lat="42.69727" lon="9.36909"/>
            <trkpt lat="42.69726" lon="9.3689"/>
            <trkpt lat="42.69721" lon="9.36836"/>
            <trkpt lat="42.69721" lon="9.36779"/>
            <trkpt lat="42.69721" lon="9.3674"/>
            <trkpt lat="42.69723" lon="9.36723"/>
            <trkpt lat="42.69726" lon="9.36713"/>
            <trkpt lat="42.69731" lon="9.36705"/>
            <trkpt lat="42.69738" lon="9.36699"/>
            <trkpt lat="42.69745" lon="9.36697"/>
            <trkpt lat="42.69752" lon="9.36699"/>
            <trkpt lat="42.69761" lon="9.36702"/>
            <trkpt lat="42.69771" lon="9.36709"/>
            <trkpt lat="42.6978" lon="9.36712"/>
            <trkpt lat="42.69788" lon="9.36712"/>
            <trkpt lat="42.698" lon="9.36711"/>
            <trkpt lat="42.69806" lon="9.36713"/>
            <trkpt lat="42.69827" lon="9.36728"/>
            <trkpt lat="42.69829" lon="9.3673"/>
            <trkpt lat="42.69837" lon="9.36733"/>
            <trkpt lat="42.69844" lon="9.36733"/>
            <trkpt lat="42.69851" lon="9.3673"/>
            <trkpt lat="42.69856" lon="9.36723"/>
            <trkpt lat="42.6986" lon="9.36715"/>
            <trkpt lat="42.69868" lon="9.36683"/>
            <trkpt lat="42.69872" lon="9.36673"/>
            <trkpt lat="42.69876" lon="9.36665"/>
            <trkpt lat="42.69892" lon="9.36644"/>
            <trkpt lat="42.69897" lon="9.36636"/>
            <trkpt lat="42.69899" lon="9.3663"/>
            <trkpt lat="42.699" lon="9.36621"/>
            <trkpt lat="42.699" lon="9.36613"/>
            <trkpt lat="42.69898" lon="9.36594"/>
            <trkpt lat="42.69898" lon="9.36575"/>
            <trkpt lat="42.69902" lon="9.36557"/>
            <trkpt lat="42.69906" lon="9.36547"/>
            <trkpt lat="42.69912" lon="9.3654"/>
            <trkpt lat="42.69917" lon="9.36537"/>
            <trkpt lat="42.69919" lon="9.36536"/>
            <trkpt lat="42.69925" lon="9.36535"/>
            <trkpt lat="42.69932" lon="9.36535"/>
            <trkpt lat="42.69943" lon="9.36538"/>
            <trkpt lat="42.6997" lon="9.36555"/>
            <trkpt lat="42.69978" lon="9.36557"/>
            <trkpt lat="42.69986" lon="9.36557"/>
            <trkpt lat="42.69993" lon="9.36555"/>
            <trkpt lat="42.69998" lon="9.36551"/>
            <trkpt lat="42.70014" lon="9.36531"/>
            <trkpt lat="42.70019" lon="9.36524"/>
            <trkpt lat="42.70028" lon="9.36518"/>
            <trkpt lat="42.70039" lon="9.36513"/>
            <trkpt lat="42.70051" lon="9.36511"/>
            <trkpt lat="42.70053" lon="9.36511"/>
            <trkpt lat="42.70063" lon="9.36512"/>
            <trkpt lat="42.70071" lon="9.36514"/>
            <trkpt lat="42.70072" lon="9.36515"/>
            <trkpt lat="42.70078" lon="9.36518"/>
            <trkpt lat="42.70084" lon="9.36523"/>
            <trkpt lat="42.70088" lon="9.36525"/>
            <trkpt lat="42.70093" lon="9.36527"/>
            <trkpt lat="42.701" lon="9.36528"/>
            <trkpt lat="42.70133" lon="9.36524"/>
            <trkpt lat="42.70146" lon="9.36518"/>
            <trkpt lat="42.70165" lon="9.36508"/>
            <trkpt lat="42.70171" lon="9.36505"/>
            <trkpt lat="42.70189" lon="9.36497"/>
            <trkpt lat="42.70207" lon="9.36492"/>
            <trkpt lat="42.70244" lon="9.36486"/>
            <trkpt lat="42.70248" lon="9.36485"/>
            <trkpt lat="42.70256" lon="9.3648"/>
            <trkpt lat="42.70262" lon="9.36474"/>
            <trkpt lat="42.70266" lon="9.36465"/>
            <trkpt lat="42.70267" lon="9.36454"/>
            <trkpt lat="42.70264" lon="9.36444"/>
            <trkpt lat="42.70259" lon="9.36437"/>
            <trkpt lat="42.70248" lon="9.36431"/>
            <trkpt lat="42.70235" lon="9.36426"/>
            <trkpt lat="42.70195" lon="9.36425"/>
            <trkpt lat="42.70188" lon="9.36426"/>
            <trkpt lat="42.70163" lon="9.36438"/>
            <trkpt lat="42.7016" lon="9.36439"/>
            <trkpt lat="42.70155" lon="9.36441"/>
            <trkpt lat="42.70128" lon="9.3644"/>
            <trkpt lat="42.70117" lon="9.36436"/>
            <trkpt lat="42.7011" lon="9.36431"/>
            <trkpt lat="42.70098" lon="9.36415"/>
            <trkpt lat="42.70094" lon="9.36408"/>
            <trkpt lat="42.70082" lon="9.36389"/>
            <trkpt lat="42.70076" lon="9.36379"/>
            <trkpt lat="42.70067" lon="9.36372"/>
            <trkpt lat="42.7006" lon="9.36369"/>
            <trkpt lat="42.70047" lon="9.36369"/>
            <trkpt lat="42.70034" lon="9.36371"/>
            <trkpt lat="42.70027" lon="9.36373"/>
            <trkpt lat="42.70019" lon="9.36379"/>
            <trkpt lat="42.7" lon="9.36394"/>
            <trkpt lat="42.69992" lon="9.36397"/>
            <trkpt lat="42.69982" lon="9.36398"/>
            <trkpt lat="42.69974" lon="9.36398"/>
            <trkpt lat="42.69962" lon="9.36394"/>
            <trkpt lat="42.69956" lon="9.36387"/>
            <trkpt lat="42.69936" lon="9.36354"/>
            <trkpt lat="42.69929" lon="9.36345"/>
            <trkpt lat="42.69919" lon="9.36337"/>
            <trkpt lat="42.69911" lon="9.36334"/>
            <trkpt lat="42.69894" lon="9.36332"/>
            <trkpt lat="42.69881" lon="9.36333"/>
            <trkpt lat="42.69874" lon="9.36335"/>
            <trkpt lat="42.69864" lon="9.36342"/>
            <trkpt lat="42.69854" lon="9.36349"/>
            <trkpt lat="42.69836" lon="9.36356"/>
            <trkpt lat="42.69818" lon="9.36359"/>
            <trkpt lat="42.69811" lon="9.36359"/>
            <trkpt lat="42.69797" lon="9.36357"/>
            <trkpt lat="42.6978" lon="9.36352"/>
            <trkpt lat="42.69763" lon="9.36346"/>
            <trkpt lat="42.69753" lon="9.36343"/>
            <trkpt lat="42.69748" lon="9.36336"/>
            <trkpt lat="42.69675" lon="9.3631"/>
            <trkpt lat="42.69669" lon="9.36312"/>
            <trkpt lat="42.69647" lon="9.36302"/>
            <trkpt lat="42.69633" lon="9.36293"/>
            <trkpt lat="42.69624" lon="9.36283"/>
            <trkpt lat="42.69605" lon="9.36255"/>
            <trkpt lat="42.69602" lon="9.36247"/>
            <trkpt lat="42.69601" lon="9.36237"/>
            <trkpt lat="42.69601" lon="9.36229"/>
            <trkpt lat="42.69603" lon="9.36219"/>
            <trkpt lat="42.69606" lon="9.36212"/>
            <trkpt lat="42.69614" lon="9.36204"/>
            <trkpt lat="42.69632" lon="9.36193"/>
            <trkpt lat="42.69633" lon="9.36192"/>
            <trkpt lat="42.69636" lon="9.36193"/>
            <trkpt lat="42.69645" lon="9.36194"/>
            <trkpt lat="42.69654" lon="9.36194"/>
            <trkpt lat="42.69661" lon="9.36193"/>
            <trkpt lat="42.69667" lon="9.36189"/>
            <trkpt lat="42.69668" lon="9.36188"/>
            <trkpt lat="42.69679" lon="9.36175"/>
            <trkpt lat="42.69685" lon="9.36153"/>
            <trkpt lat="42.6969" lon="9.36147"/>
            <trkpt lat="42.69699" lon="9.36118"/>
            <trkpt lat="42.69698" lon="9.36112"/>
            <trkpt lat="42.69711" lon="9.36074"/>
            <trkpt lat="42.69718" lon="9.36053"/>
            <trkpt lat="42.69724" lon="9.36035"/>
            <trkpt lat="42.69735" lon="9.36007"/>
            <trkpt lat="42.69747" lon="9.35974"/>
            <trkpt lat="42.69758" lon="9.35951"/>
            <trkpt lat="42.69776" lon="9.35917"/>
            <trkpt lat="42.69788" lon="9.35892"/>
            <trkpt lat="42.69806" lon="9.35847"/>
            <trkpt lat="42.69813" lon="9.3582"/>
            <trkpt lat="42.69822" lon="9.35779"/>
            <trkpt lat="42.69869" lon="9.35604"/>
            <trkpt lat="42.69869" lon="9.35603"/>
            <trkpt lat="42.6987" lon="9.35592"/>
            <trkpt lat="42.6987" lon="9.35579"/>
            <trkpt lat="42.6987" lon="9.35572"/>
            <trkpt lat="42.69867" lon="9.35535"/>
            <trkpt lat="42.6986" lon="9.35502"/>
            <trkpt lat="42.69844" lon="9.35446"/>
            <trkpt lat="42.69795" lon="9.35277"/>
            <trkpt lat="42.69788" lon="9.35252"/>
            <trkpt lat="42.69784" lon="9.35232"/>
            <trkpt lat="42.69759" lon="9.35125"/>
            <trkpt lat="42.69763" lon="9.35124"/>
            <trkpt lat="42.69767" lon="9.35122"/>
            <trkpt lat="42.69771" lon="9.35116"/>
            <trkpt lat="42.69772" lon="9.35111"/>
            <trkpt lat="42.69773" lon="9.35104"/>
            <trkpt lat="42.69771" lon="9.35098"/>
            <trkpt lat="42.69767" lon="9.35093"/>
            <trkpt lat="42.69763" lon="9.3509"/>
            <trkpt lat="42.69758" lon="9.35089"/>
            <trkpt lat="42.69754" lon="9.35091"/>
            <trkpt lat="42.6975" lon="9.35095"/>
            <trkpt lat="42.69747" lon="9.351"/>
            <trkpt lat="42.69734" lon="9.35086"/>
            <trkpt lat="42.69721" lon="9.3507"/>
            <trkpt lat="42.69631" lon="9.35019"/>
            <trkpt lat="42.69615" lon="9.35008"/>
            <trkpt lat="42.69609" lon="9.35002"/>
            <trkpt lat="42.69592" lon="9.34974"/>
            <trkpt lat="42.69564" lon="9.34912"/>
            <trkpt lat="42.69545" lon="9.34861"/>
            <trkpt lat="42.6954" lon="9.34849"/>
            <trkpt lat="42.69507" lon="9.3477"/>
            <trkpt lat="42.69493" lon="9.34724"/>
            <trkpt lat="42.6949" lon="9.34698"/>
            <trkpt lat="42.69486" lon="9.34661"/>
            <trkpt lat="42.69474" lon="9.34418"/>
            <trkpt lat="42.69452" lon="9.34017"/>
            <trkpt lat="42.69448" lon="9.33896"/>
            <trkpt lat="42.69447" lon="9.33838"/>
            <trkpt lat="42.69445" lon="9.33613"/>
            <trkpt lat="42.69446" lon="9.33557"/>
            <trkpt lat="42.6945" lon="9.33518"/>
            <trkpt lat="42.69454" lon="9.335"/>
            <trkpt lat="42.69464" lon="9.33468"/>
            <trkpt lat="42.69483" lon="9.3343"/>
            <trkpt lat="42.69508" lon="9.33392"/>
            <trkpt lat="42.69543" lon="9.33344"/>
            <trkpt lat="42.69554" lon="9.33327"/>
            <trkpt lat="42.69556" lon="9.33322"/>
            <trkpt lat="42.69559" lon="9.33314"/>
            <trkpt lat="42.69561" lon="9.33309"/>
            <trkpt lat="42.69563" lon="9.333"/>
            <trkpt lat="42.69564" lon="9.33293"/>
            <trkpt lat="42.69564" lon="9.33279"/>
            <trkpt lat="42.69563" lon="9.33264"/>
            <trkpt lat="42.6956" lon="9.33251"/>
            <trkpt lat="42.69557" lon="9.33241"/>
            <trkpt lat="42.69544" lon="9.33214"/>
            <trkpt lat="42.69529" lon="9.33194"/>
            <trkpt lat="42.69518" lon="9.33176"/>
            <trkpt lat="42.6949" lon="9.33136"/>
            <trkpt lat="42.6946" lon="9.3309"/>
            <trkpt lat="42.69451" lon="9.33073"/>
            <trkpt lat="42.69426" lon="9.33013"/>
            <trkpt lat="42.69408" lon="9.32965"/>
            <trkpt lat="42.69404" lon="9.32959"/>
            <trkpt lat="42.69399" lon="9.32947"/>
            <trkpt lat="42.69386" lon="9.32927"/>
            <trkpt lat="42.69364" lon="9.32904"/>
            <trkpt lat="42.69351" lon="9.32895"/>
            <trkpt lat="42.69346" lon="9.32892"/>
            <trkpt lat="42.69337" lon="9.32883"/>
            <trkpt lat="42.69329" lon="9.32876"/>
            <trkpt lat="42.69319" lon="9.32863"/>
            <trkpt lat="42.69314" lon="9.32854"/>
            <trkpt lat="42.6931" lon="9.32839"/>
            <trkpt lat="42.69309" lon="9.32823"/>
            <trkpt lat="42.69309" lon="9.3282"/>
            <trkpt lat="42.69309" lon="9.32807"/>
            <trkpt lat="42.69316" lon="9.3276"/>
            <trkpt lat="42.69319" lon="9.32733"/>
            <trkpt lat="42.6932" lon="9.32695"/>
            <trkpt lat="42.69312" lon="9.32613"/>
            <trkpt lat="42.69311" lon="9.32591"/>
            <trkpt lat="42.69312" lon="9.32582"/>
            <trkpt lat="42.69314" lon="9.32579"/>
            <trkpt lat="42.69324" lon="9.32508"/>
            <trkpt lat="42.69327" lon="9.32484"/>
            <trkpt lat="42.69327" lon="9.32477"/>
            <trkpt lat="42.69327" lon="9.32462"/>
            <trkpt lat="42.69327" lon="9.32453"/>
            <trkpt lat="42.69325" lon="9.32436"/>
            <trkpt lat="42.69322" lon="9.3242"/>
            <trkpt lat="42.69308" lon="9.32372"/>
            <trkpt lat="42.693" lon="9.3235"/>
            <trkpt lat="42.69287" lon="9.32321"/>
            <trkpt lat="42.69275" lon="9.32293"/>
            <trkpt lat="42.69266" lon="9.32271"/>
            <trkpt lat="42.69233" lon="9.32197"/>
            <trkpt lat="42.69234" lon="9.32194"/>
            <trkpt lat="42.69234" lon="9.3219"/>
            <trkpt lat="42.69233" lon="9.32186"/>
            <trkpt lat="42.69231" lon="9.32183"/>
            <trkpt lat="42.69228" lon="9.3218"/>
            <trkpt lat="42.69225" lon="9.3218"/>
            <trkpt lat="42.69222" lon="9.3218"/>
            <trkpt lat="42.6922" lon="9.32182"/>
            <trkpt lat="42.69213" lon="9.32166"/>
            <trkpt lat="42.69176" lon="9.32098"/>
            <trkpt lat="42.69123" lon="9.3199"/>
            <trkpt lat="42.69045" lon="9.31826"/>
            <trkpt lat="42.69037" lon="9.31809"/>
            <trkpt lat="42.69025" lon="9.31783"/>
            <trkpt lat="42.69017" lon="9.31764"/>
            <trkpt lat="42.68998" lon="9.31728"/>
            <trkpt lat="42.68956" lon="9.31641"/>
            <trkpt lat="42.68902" lon="9.31527"/>
            <trkpt lat="42.68844" lon="9.31411"/>
            <trkpt lat="42.6879" lon="9.313"/>
            <trkpt lat="42.68652" lon="9.31015"/>
            <trkpt lat="42.68613" lon="9.30927"/>
            <trkpt lat="42.6858" lon="9.30859"/>
            <trkpt lat="42.68569" lon="9.30838"/>
            <trkpt lat="42.68564" lon="9.30826"/>
            <trkpt lat="42.68563" lon="9.30823"/>
            <trkpt lat="42.68551" lon="9.30801"/>
            <trkpt lat="42.68516" lon="9.30738"/>
            <trkpt lat="42.68501" lon="9.30716"/>
            <trkpt lat="42.68446" lon="9.30646"/>
            <trkpt lat="42.684" lon="9.30586"/>
            <trkpt lat="42.68383" lon="9.30565"/>
            <trkpt lat="42.68367" lon="9.3055"/>
            <trkpt lat="42.68357" lon="9.30545"/>
            <trkpt lat="42.68348" lon="9.30541"/>
            <trkpt lat="42.68293" lon="9.3053"/>
            <trkpt lat="42.68258" lon="9.30518"/>
            <trkpt lat="42.68251" lon="9.30513"/>
            <trkpt lat="42.68242" lon="9.30506"/>
            <trkpt lat="42.68239" lon="9.30503"/>
            <trkpt lat="42.68229" lon="9.30489"/>
            <trkpt lat="42.68209" lon="9.30459"/>
            <trkpt lat="42.68198" lon="9.30444"/>
            <trkpt lat="42.68166" lon="9.30394"/>
            <trkpt lat="42.68152" lon="9.3038"/>
            <trkpt lat="42.68137" lon="9.30353"/>
            <trkpt lat="42.68119" lon="9.30324"/>
            <trkpt lat="42.68095" lon="9.30298"/>
            <trkpt lat="42.6808" lon="9.30285"/>
            <trkpt lat="42.68067" lon="9.3027"/>
            <trkpt lat="42.6806" lon="9.30255"/>
            <trkpt lat="42.68052" lon="9.30242"/>
            <trkpt lat="42.6804" lon="9.30225"/>
            <trkpt lat="42.68036" lon="9.3022"/>
            <trkpt lat="42.68031" lon="9.30217"/>
            <trkpt lat="42.68024" lon="9.30215"/>
            <trkpt lat="42.68016" lon="9.30214"/>
            <trkpt lat="42.68005" lon="9.30216"/>
            <trkpt lat="42.6798" lon="9.30224"/>
            <trkpt lat="42.67964" lon="9.30231"/>
            <trkpt lat="42.67955" lon="9.30236"/>
            <trkpt lat="42.67945" lon="9.30238"/>
            <trkpt lat="42.67899" lon="9.3025"/>
            <trkpt lat="42.67869" lon="9.30257"/>
            <trkpt lat="42.67851" lon="9.3026"/>
            <trkpt lat="42.67704" lon="9.30286"/>
            <trkpt lat="42.6765" lon="9.30294"/>
            <trkpt lat="42.67595" lon="9.30301"/>
            <trkpt lat="42.67576" lon="9.303"/>
            <trkpt lat="42.67566" lon="9.30298"/>
            <trkpt lat="42.67547" lon="9.30293"/>
            <trkpt lat="42.67495" lon="9.30269"/>
            <trkpt lat="42.67452" lon="9.30246"/>
            <trkpt lat="42.67333" lon="9.30188"/>
            <trkpt lat="42.67305" lon="9.30174"/>
            <trkpt lat="42.67283" lon="9.30162"/>
            <trkpt lat="42.67257" lon="9.3015"/>
            <trkpt lat="42.67236" lon="9.3014"/>
            <trkpt lat="42.67231" lon="9.30138"/>
            <trkpt lat="42.67222" lon="9.30135"/>
            <trkpt lat="42.67209" lon="9.30134"/>
            <trkpt lat="42.67198" lon="9.30135"/>
            <trkpt lat="42.67197" lon="9.3013"/>
            <trkpt lat="42.67197" lon="9.30127"/>
            <trkpt lat="42.67196" lon="9.30124"/>
            <trkpt lat="42.67194" lon="9.30122"/>
            <trkpt lat="42.67192" lon="9.3012"/>
            <trkpt lat="42.67191" lon="9.30119"/>
            <trkpt lat="42.67188" lon="9.30118"/>
            <trkpt lat="42.67187" lon="9.30117"/>
            <trkpt lat="42.67185" lon="9.30117"/>
            <trkpt lat="42.67182" lon="9.30118"/>
            <trkpt lat="42.67179" lon="9.30094"/>
            <trkpt lat="42.67171" lon="9.30029"/>
            <trkpt lat="42.67171" lon="9.30009"/>
            <trkpt lat="42.67174" lon="9.29995"/>
            <trkpt lat="42.67183" lon="9.29976"/>
            <trkpt lat="42.67198" lon="9.29955"/>
            <trkpt lat="42.67208" lon="9.29934"/>
            <trkpt lat="42.67224" lon="9.29884"/>
            <trkpt lat="42.67235" lon="9.29822"/>
            <trkpt lat="42.67241" lon="9.29764"/>
            <trkpt lat="42.67241" lon="9.29737"/>
            <trkpt lat="42.67237" lon="9.29697"/>
            <trkpt lat="42.67233" lon="9.29639"/>
            <trkpt lat="42.67226" lon="9.29581"/>
            <trkpt lat="42.6722" lon="9.29552"/>
            <trkpt lat="42.67216" lon="9.29512"/>
            <trkpt lat="42.67218" lon="9.29506"/>
            <trkpt lat="42.67219" lon="9.29503"/>
            <trkpt lat="42.67221" lon="9.29498"/>
            <trkpt lat="42.67227" lon="9.29486"/>
            <trkpt lat="42.67231" lon="9.29483"/>
            <trkpt lat="42.67244" lon="9.29477"/>
            <trkpt lat="42.67246" lon="9.29476"/>
            <trkpt lat="42.67253" lon="9.29475"/>
            <trkpt lat="42.67286" lon="9.29472"/>
            <trkpt lat="42.67291" lon="9.29471"/>
            <trkpt lat="42.67295" lon="9.29468"/>
            <trkpt lat="42.673" lon="9.29462"/>
            <trkpt lat="42.67304" lon="9.29456"/>
            <trkpt lat="42.67307" lon="9.29447"/>
            <trkpt lat="42.67307" lon="9.29443"/>
            <trkpt lat="42.67308" lon="9.29439"/>
            <trkpt lat="42.67308" lon="9.29411"/>
            <trkpt lat="42.67305" lon="9.29381"/>
            <trkpt lat="42.67299" lon="9.29344"/>
            <trkpt lat="42.67292" lon="9.29323"/>
            <trkpt lat="42.67282" lon="9.29311"/>
            <trkpt lat="42.67268" lon="9.29293"/>
            <trkpt lat="42.67261" lon="9.29286"/>
            <trkpt lat="42.67241" lon="9.29261"/>
            <trkpt lat="42.67224" lon="9.29231"/>
            <trkpt lat="42.6719" lon="9.29161"/>
            <trkpt lat="42.67183" lon="9.29139"/>
            <trkpt lat="42.67179" lon="9.29124"/>
            <trkpt lat="42.67171" lon="9.29069"/>
            <trkpt lat="42.67154" lon="9.29004"/>
            <trkpt lat="42.67136" lon="9.2895"/>
            <trkpt lat="42.67127" lon="9.2893"/>
            <trkpt lat="42.67115" lon="9.28918"/>
            <trkpt lat="42.67109" lon="9.28913"/>
            <trkpt lat="42.67097" lon="9.28906"/>
            <trkpt lat="42.6709" lon="9.28901"/>
            <trkpt lat="42.6708" lon="9.28895"/>
            <trkpt lat="42.67065" lon="9.2888"/>
            <trkpt lat="42.67045" lon="9.28856"/>
            <trkpt lat="42.6704" lon="9.28849"/>
            <trkpt lat="42.67033" lon="9.28842"/>
            <trkpt lat="42.67004" lon="9.28807"/>
            <trkpt lat="42.66983" lon="9.28792"/>
            <trkpt lat="42.66924" lon="9.28754"/>
            <trkpt lat="42.66915" lon="9.28747"/>
            <trkpt lat="42.6691" lon="9.28742"/>
            <trkpt lat="42.66905" lon="9.28736"/>
            <trkpt lat="42.6688" lon="9.28692"/>
            <trkpt lat="42.66864" lon="9.28675"/>
            <trkpt lat="42.66836" lon="9.28655"/>
            <trkpt lat="42.66813" lon="9.2864"/>
            <trkpt lat="42.66765" lon="9.28608"/>
            <trkpt lat="42.66732" lon="9.28568"/>
            <trkpt lat="42.66711" lon="9.28538"/>
            <trkpt lat="42.66704" lon="9.28533"/>
            <trkpt lat="42.66698" lon="9.2853"/>
            <trkpt lat="42.66682" lon="9.28524"/>
            <trkpt lat="42.6667" lon="9.28517"/>
            <trkpt lat="42.66662" lon="9.28511"/>
            <trkpt lat="42.66653" lon="9.285"/>
            <trkpt lat="42.66638" lon="9.28477"/>
            <trkpt lat="42.66613" lon="9.28418"/>
            <trkpt lat="42.66609" lon="9.28411"/>
            <trkpt lat="42.66603" lon="9.28405"/>
            <trkpt lat="42.66599" lon="9.28401"/>
            <trkpt lat="42.66591" lon="9.28396"/>
            <trkpt lat="42.66583" lon="9.28392"/>
            <trkpt lat="42.66552" lon="9.28384"/>
            <trkpt lat="42.66541" lon="9.28377"/>
            <trkpt lat="42.66532" lon="9.28369"/>
            <trkpt lat="42.66524" lon="9.28358"/>
            <trkpt lat="42.66509" lon="9.28328"/>
            <trkpt lat="42.66483" lon="9.28267"/>
            <trkpt lat="42.66478" lon="9.28259"/>
            <trkpt lat="42.66471" lon="9.28251"/>
            <trkpt lat="42.66406" lon="9.28188"/>
            <trkpt lat="42.66397" lon="9.28177"/>
            <trkpt lat="42.66393" lon="9.28171"/>
            <trkpt lat="42.66391" lon="9.28167"/>
            <trkpt lat="42.66391" lon="9.28156"/>
            <trkpt lat="42.66381" lon="9.28109"/>
            <trkpt lat="42.66379" lon="9.28101"/>
            <trkpt lat="42.66373" lon="9.28091"/>
            <trkpt lat="42.66368" lon="9.28086"/>
            <trkpt lat="42.6635" lon="9.28074"/>
            <trkpt lat="42.66335" lon="9.2806"/>
            <trkpt lat="42.66306" lon="9.28029"/>
            <trkpt lat="42.66302" lon="9.28024"/>
            <trkpt lat="42.66295" lon="9.28008"/>
            <trkpt lat="42.66268" lon="9.27938"/>
            <trkpt lat="42.66266" lon="9.27929"/>
            <trkpt lat="42.66265" lon="9.27919"/>
            <trkpt lat="42.66265" lon="9.27909"/>
            <trkpt lat="42.66269" lon="9.2789"/>
            <trkpt lat="42.66281" lon="9.27855"/>
            <trkpt lat="42.66283" lon="9.27844"/>
            <trkpt lat="42.66283" lon="9.27832"/>
            <trkpt lat="42.66282" lon="9.2782"/>
            <trkpt lat="42.66272" lon="9.27782"/>
            <trkpt lat="42.66205" lon="9.27617"/>
            <trkpt lat="42.66193" lon="9.27587"/>
            <trkpt lat="42.66186" lon="9.27576"/>
            <trkpt lat="42.66181" lon="9.27572"/>
            <trkpt lat="42.66174" lon="9.27571"/>
            <trkpt lat="42.66168" lon="9.27572"/>
            <trkpt lat="42.66149" lon="9.27581"/>
            <trkpt lat="42.66135" lon="9.27593"/>
            <trkpt lat="42.66127" lon="9.27599"/>
            <trkpt lat="42.66115" lon="9.276"/>
            <trkpt lat="42.66104" lon="9.27597"/>
            <trkpt lat="42.66096" lon="9.27593"/>
            <trkpt lat="42.66089" lon="9.27587"/>
            <trkpt lat="42.66075" lon="9.27568"/>
            <trkpt lat="42.66055" lon="9.2752"/>
            <trkpt lat="42.66048" lon="9.275"/>
            <trkpt lat="42.66039" lon="9.27459"/>
            <trkpt lat="42.66038" lon="9.27435"/>
            <trkpt lat="42.66039" lon="9.2742"/>
            <trkpt lat="42.66044" lon="9.27404"/>
            <trkpt lat="42.66053" lon="9.27381"/>
            <trkpt lat="42.66056" lon="9.27365"/>
            <trkpt lat="42.66057" lon="9.27351"/>
            <trkpt lat="42.66055" lon="9.27337"/>
            <trkpt lat="42.66051" lon="9.2733"/>
            <trkpt lat="42.66045" lon="9.27327"/>
            <trkpt lat="42.66018" lon="9.27325"/>
            <trkpt lat="42.65957" lon="9.27325"/>
            <trkpt lat="42.65945" lon="9.27324"/>
            <trkpt lat="42.65936" lon="9.2732"/>
            <trkpt lat="42.6591" lon="9.27293"/>
            <trkpt lat="42.65904" lon="9.27287"/>
            <trkpt lat="42.65898" lon="9.27285"/>
            <trkpt lat="42.65875" lon="9.27277"/>
            <trkpt lat="42.65866" lon="9.27272"/>
            <trkpt lat="42.6586" lon="9.27263"/>
            <trkpt lat="42.65856" lon="9.27255"/>
            <trkpt lat="42.65855" lon="9.27246"/>
            <trkpt lat="42.65854" lon="9.27242"/>
            <trkpt lat="42.65854" lon="9.27211"/>
            <trkpt lat="42.65851" lon="9.27202"/>
            <trkpt lat="42.65848" lon="9.27197"/>
            <trkpt lat="42.65841" lon="9.27193"/>
            <trkpt lat="42.65832" lon="9.2719"/>
            <trkpt lat="42.65824" lon="9.2719"/>
            <trkpt lat="42.65818" lon="9.27193"/>
            <trkpt lat="42.6581" lon="9.27204"/>
            <trkpt lat="42.6579" lon="9.27246"/>
            <trkpt lat="42.65788" lon="9.2725"/>
            <trkpt lat="42.65781" lon="9.27257"/>
            <trkpt lat="42.65772" lon="9.27261"/>
            <trkpt lat="42.65765" lon="9.27262"/>
            <trkpt lat="42.65757" lon="9.27261"/>
            <trkpt lat="42.65751" lon="9.27258"/>
            <trkpt lat="42.65739" lon="9.27246"/>
            <trkpt lat="42.65719" lon="9.27227"/>
            <trkpt lat="42.65714" lon="9.27225"/>
            <trkpt lat="42.65708" lon="9.27227"/>
            <trkpt lat="42.65702" lon="9.27231"/>
            <trkpt lat="42.65689" lon="9.27246"/>
            <trkpt lat="42.65686" lon="9.2725"/>
            <trkpt lat="42.65673" lon="9.27258"/>
            <trkpt lat="42.65661" lon="9.27258"/>
            <trkpt lat="42.65648" lon="9.27255"/>
            <trkpt lat="42.65642" lon="9.27252"/>
            <trkpt lat="42.65638" lon="9.27246"/>
            <trkpt lat="42.65615" lon="9.27216"/>
            <trkpt lat="42.65596" lon="9.27188"/>
            <trkpt lat="42.65582" lon="9.2717"/>
            <trkpt lat="42.65565" lon="9.27151"/>
            <trkpt lat="42.65549" lon="9.27129"/>
            <trkpt lat="42.65528" lon="9.2708"/>
            <trkpt lat="42.65511" lon="9.27006"/>
            <trkpt lat="42.65504" lon="9.26962"/>
            <trkpt lat="42.65494" lon="9.26918"/>
            <trkpt lat="42.65493" lon="9.26905"/>
            <trkpt lat="42.65493" lon="9.26893"/>
            <trkpt lat="42.65503" lon="9.26859"/>
            <trkpt lat="42.65503" lon="9.26806"/>
            <trkpt lat="42.655" lon="9.26768"/>
            <trkpt lat="42.65497" lon="9.26756"/>
            <trkpt lat="42.65493" lon="9.26747"/>
            <trkpt lat="42.65487" lon="9.26743"/>
            <trkpt lat="42.65482" lon="9.26742"/>
            <trkpt lat="42.65474" lon="9.26742"/>
            <trkpt lat="42.65421" lon="9.26753"/>
            <trkpt lat="42.65404" lon="9.26753"/>
            <trkpt lat="42.65371" lon="9.26749"/>
            <trkpt lat="42.65359" lon="9.26747"/>
            <trkpt lat="42.65336" lon="9.26747"/>
            <trkpt lat="42.65291" lon="9.26755"/>
            <trkpt lat="42.65285" lon="9.26756"/>
            <trkpt lat="42.65269" lon="9.26755"/>
            <trkpt lat="42.65198" lon="9.26738"/>
            <trkpt lat="42.65176" lon="9.26736"/>
            <trkpt lat="42.65142" lon="9.26737"/>
            <trkpt lat="42.65133" lon="9.26736"/>
            <trkpt lat="42.65128" lon="9.26734"/>
            <trkpt lat="42.65123" lon="9.26732"/>
            <trkpt lat="42.65114" lon="9.26726"/>
            <trkpt lat="42.65078" lon="9.26694"/>
            <trkpt lat="42.65062" lon="9.26683"/>
            <trkpt lat="42.6506" lon="9.26682"/>
            <trkpt lat="42.65045" lon="9.26677"/>
            <trkpt lat="42.65013" lon="9.26673"/>
            <trkpt lat="42.65008" lon="9.26672"/>
            <trkpt lat="42.65003" lon="9.26669"/>
            <trkpt lat="42.64998" lon="9.26665"/>
            <trkpt lat="42.64996" lon="9.26662"/>
            <trkpt lat="42.64993" lon="9.26658"/>
            <trkpt lat="42.64991" lon="9.26651"/>
            <trkpt lat="42.6499" lon="9.26643"/>
            <trkpt lat="42.64989" lon="9.26632"/>
            <trkpt lat="42.64993" lon="9.26592"/>
            <trkpt lat="42.64997" lon="9.26565"/>
            <trkpt lat="42.65007" lon="9.26521"/>
            <trkpt lat="42.65016" lon="9.26491"/>
            <trkpt lat="42.65025" lon="9.26455"/>
            <trkpt lat="42.65025" lon="9.2644"/>
            <trkpt lat="42.65016" lon="9.2639"/>
            <trkpt lat="42.65017" lon="9.26376"/>
            <trkpt lat="42.65021" lon="9.26367"/>
            <trkpt lat="42.65024" lon="9.26361"/>
            <trkpt lat="42.65038" lon="9.26345"/>
            <trkpt lat="42.65044" lon="9.26337"/>
            <trkpt lat="42.65051" lon="9.26317"/>
            <trkpt lat="42.65055" lon="9.26296"/>
            <trkpt lat="42.65061" lon="9.26278"/>
            <trkpt lat="42.65067" lon="9.26263"/>
            <trkpt lat="42.65078" lon="9.26246"/>
            <trkpt lat="42.651" lon="9.26219"/>
            <trkpt lat="42.65155" lon="9.26173"/>
            <trkpt lat="42.6518" lon="9.26153"/>
            <trkpt lat="42.65184" lon="9.26149"/>
            <trkpt lat="42.65191" lon="9.26142"/>
            <trkpt lat="42.65206" lon="9.26124"/>
            <trkpt lat="42.65228" lon="9.26089"/>
            <trkpt lat="42.65243" lon="9.26059"/>
            <trkpt lat="42.65255" lon="9.26039"/>
            <trkpt lat="42.6527" lon="9.26018"/>
            <trkpt lat="42.65463" lon="9.25775"/>
            <trkpt lat="42.65486" lon="9.25741"/>
            <trkpt lat="42.65492" lon="9.25728"/>
            <trkpt lat="42.65495" lon="9.25717"/>
            <trkpt lat="42.65497" lon="9.25705"/>
            <trkpt lat="42.65497" lon="9.25679"/>
            <trkpt lat="42.65494" lon="9.25658"/>
            <trkpt lat="42.65482" lon="9.25597"/>
            <trkpt lat="42.6548" lon="9.25582"/>
            <trkpt lat="42.65482" lon="9.25569"/>
            <trkpt lat="42.65488" lon="9.25549"/>
            <trkpt lat="42.65514" lon="9.25493"/>
            <trkpt lat="42.65538" lon="9.25447"/>
            <trkpt lat="42.65554" lon="9.2542"/>
            <trkpt lat="42.6562" lon="9.25332"/>
            <trkpt lat="42.65658" lon="9.25265"/>
            <trkpt lat="42.65665" lon="9.25252"/>
            <trkpt lat="42.65669" lon="9.25237"/>
            <trkpt lat="42.6567" lon="9.25227"/>
            <trkpt lat="42.65669" lon="9.25179"/>
            <trkpt lat="42.65671" lon="9.25167"/>
            <trkpt lat="42.65683" lon="9.25136"/>
            <trkpt lat="42.65687" lon="9.25124"/>
            <trkpt lat="42.65688" lon="9.2511"/>
            <trkpt lat="42.65686" lon="9.2509"/>
            <trkpt lat="42.65671" lon="9.25049"/>
            <trkpt lat="42.6567" lon="9.25049"/>
            <trkpt lat="42.65668" lon="9.25037"/>
            <trkpt lat="42.65668" lon="9.25006"/>
            <trkpt lat="42.65666" lon="9.24973"/>
            <trkpt lat="42.65662" lon="9.24925"/>
            <trkpt lat="42.65663" lon="9.24895"/>
            <trkpt lat="42.65665" lon="9.24879"/>
            <trkpt lat="42.65677" lon="9.24837"/>
            <trkpt lat="42.65678" lon="9.24821"/>
            <trkpt lat="42.65679" lon="9.24798"/>
            <trkpt lat="42.65673" lon="9.24774"/>
            <trkpt lat="42.65669" lon="9.24751"/>
            <trkpt lat="42.6566" lon="9.24718"/>
            <trkpt lat="42.65648" lon="9.24688"/>
            <trkpt lat="42.65628" lon="9.24653"/>
            <trkpt lat="42.65624" lon="9.24641"/>
            <trkpt lat="42.65625" lon="9.24628"/>
            <trkpt lat="42.65628" lon="9.2462"/>
            <trkpt lat="42.65632" lon="9.24615"/>
            <trkpt lat="42.6564" lon="9.2461"/>
            <trkpt lat="42.65652" lon="9.2461"/>
            <trkpt lat="42.65661" lon="9.24611"/>
            <trkpt lat="42.65681" lon="9.2461"/>
            <trkpt lat="42.65729" lon="9.24591"/>
            <trkpt lat="42.65747" lon="9.24583"/>
            <trkpt lat="42.65755" lon="9.24574"/>
            <trkpt lat="42.65776" lon="9.24547"/>
            <trkpt lat="42.65799" lon="9.2451"/>
            <trkpt lat="42.6582" lon="9.24483"/>
            <trkpt lat="42.65832" lon="9.2447"/>
            <trkpt lat="42.65843" lon="9.24464"/>
            <trkpt lat="42.65851" lon="9.2446"/>
            <trkpt lat="42.65881" lon="9.24457"/>
            <trkpt lat="42.65888" lon="9.24456"/>
            <trkpt lat="42.65895" lon="9.24451"/>
            <trkpt lat="42.65899" lon="9.24442"/>
            <trkpt lat="42.65905" lon="9.24424"/>
            <trkpt lat="42.65909" lon="9.24408"/>
            <trkpt lat="42.65918" lon="9.24372"/>
            <trkpt lat="42.65923" lon="9.24345"/>
            <trkpt lat="42.65925" lon="9.24335"/>
            <trkpt lat="42.65928" lon="9.24327"/>
            <trkpt lat="42.65932" lon="9.24321"/>
            <trkpt lat="42.65938" lon="9.24312"/>
            <trkpt lat="42.65969" lon="9.24287"/>
            <trkpt lat="42.6599" lon="9.24273"/>
            <trkpt lat="42.65999" lon="9.24268"/>
            <trkpt lat="42.66006" lon="9.24265"/>
            <trkpt lat="42.66027" lon="9.24264"/>
            <trkpt lat="42.66046" lon="9.24262"/>
            <trkpt lat="42.66056" lon="9.24259"/>
            <trkpt lat="42.66064" lon="9.24252"/>
            <trkpt lat="42.66073" lon="9.24243"/>
            <trkpt lat="42.66078" lon="9.24231"/>
            <trkpt lat="42.66086" lon="9.24208"/>
            <trkpt lat="42.6609" lon="9.24185"/>
            <trkpt lat="42.6609" lon="9.24166"/>
            <trkpt lat="42.66081" lon="9.24117"/>
            <trkpt lat="42.6608" lon="9.24094"/>
            <trkpt lat="42.66082" lon="9.24062"/>
            <trkpt lat="42.66084" lon="9.24023"/>
            <trkpt lat="42.66083" lon="9.24015"/>
            <trkpt lat="42.66081" lon="9.24005"/>
            <trkpt lat="42.66076" lon="9.23997"/>
            <trkpt lat="42.66062" lon="9.23982"/>
            <trkpt lat="42.66051" lon="9.23974"/>
            <trkpt lat="42.66045" lon="9.23962"/>
            <trkpt lat="42.66042" lon="9.23951"/>
            <trkpt lat="42.66042" lon="9.23944"/>
            <trkpt lat="42.66048" lon="9.2393"/>
            <trkpt lat="42.66055" lon="9.23919"/>
            <trkpt lat="42.6606" lon="9.23913"/>
            <trkpt lat="42.66069" lon="9.23904"/>
            <trkpt lat="42.66086" lon="9.23889"/>
            <trkpt lat="42.66109" lon="9.23872"/>
            <trkpt lat="42.66147" lon="9.23861"/>
            <trkpt lat="42.66158" lon="9.23854"/>
            <trkpt lat="42.66165" lon="9.23845"/>
            <trkpt lat="42.66169" lon="9.23835"/>
            <trkpt lat="42.66178" lon="9.23788"/>
            <trkpt lat="42.66181" lon="9.23755"/>
            <trkpt lat="42.66182" lon="9.2375"/>
            <trkpt lat="42.66181" lon="9.23726"/>
            <trkpt lat="42.66179" lon="9.23721"/>
            <trkpt lat="42.66176" lon="9.23713"/>
            <trkpt lat="42.6617" lon="9.23704"/>
            <trkpt lat="42.66162" lon="9.23697"/>
            <trkpt lat="42.66135" lon="9.23673"/>
            <trkpt lat="42.6609" lon="9.2364"/>
            <trkpt lat="42.66056" lon="9.23619"/>
            <trkpt lat="42.66046" lon="9.2361"/>
            <trkpt lat="42.66035" lon="9.23591"/>
            <trkpt lat="42.66029" lon="9.23578"/>
            <trkpt lat="42.65991" lon="9.23519"/>
            <trkpt lat="42.65953" lon="9.23475"/>
            <trkpt lat="42.65921" lon="9.23429"/>
            <trkpt lat="42.65906" lon="9.23406"/>
            <trkpt lat="42.65898" lon="9.23393"/>
            <trkpt lat="42.65894" lon="9.23385"/>
            <trkpt lat="42.65885" lon="9.23367"/>
            <trkpt lat="42.65876" lon="9.23343"/>
            <trkpt lat="42.65872" lon="9.23328"/>
            <trkpt lat="42.65867" lon="9.23305"/>
            <trkpt lat="42.65863" lon="9.23285"/>
            <trkpt lat="42.65862" lon="9.23271"/>
            <trkpt lat="42.65863" lon="9.23262"/>
            <trkpt lat="42.65865" lon="9.23245"/>
            <trkpt lat="42.65871" lon="9.2323"/>
            <trkpt lat="42.6588" lon="9.23216"/>
            <trkpt lat="42.65893" lon="9.23201"/>
            <trkpt lat="42.65916" lon="9.23187"/>
            <trkpt lat="42.65932" lon="9.23183"/>
            <trkpt lat="42.6595" lon="9.23181"/>
            <trkpt lat="42.65975" lon="9.23181"/>
            <trkpt lat="42.66002" lon="9.23184"/>
            <trkpt lat="42.66017" lon="9.23183"/>
            <trkpt lat="42.66027" lon="9.23181"/>
            <trkpt lat="42.66034" lon="9.23175"/>
            <trkpt lat="42.66041" lon="9.23166"/>
            <trkpt lat="42.66048" lon="9.23154"/>
            <trkpt lat="42.66051" lon="9.23142"/>
            <trkpt lat="42.66055" lon="9.23124"/>
            <trkpt lat="42.6606" lon="9.23091"/>
            <trkpt lat="42.66063" lon="9.23053"/>
            <trkpt lat="42.66065" lon="9.23035"/>
            <trkpt lat="42.66067" lon="9.23028"/>
            <trkpt lat="42.66071" lon="9.23008"/>
            <trkpt lat="42.66076" lon="9.2299"/>
            <trkpt lat="42.66082" lon="9.22978"/>
            <trkpt lat="42.66088" lon="9.2297"/>
            <trkpt lat="42.66093" lon="9.22967"/>
            <trkpt lat="42.66103" lon="9.22964"/>
            <trkpt lat="42.66111" lon="9.22964"/>
            <trkpt lat="42.66116" lon="9.22967"/>
            <trkpt lat="42.66118" lon="9.22969"/>
            <trkpt lat="42.66125" lon="9.22979"/>
            <trkpt lat="42.66142" lon="9.23008"/>
            <trkpt lat="42.66148" lon="9.23015"/>
            <trkpt lat="42.66158" lon="9.2302"/>
            <trkpt lat="42.66174" lon="9.23026"/>
            <trkpt lat="42.66189" lon="9.23033"/>
            <trkpt lat="42.66203" lon="9.23037"/>
            <trkpt lat="42.66217" lon="9.23037"/>
            <trkpt lat="42.66241" lon="9.23033"/>
            <trkpt lat="42.66265" lon="9.23033"/>
            <trkpt lat="42.66292" lon="9.23038"/>
            <trkpt lat="42.66304" lon="9.23039"/>
            <trkpt lat="42.66313" lon="9.23037"/>
            <trkpt lat="42.66332" lon="9.23025"/>
            <trkpt lat="42.66348" lon="9.23015"/>
            <trkpt lat="42.66365" lon="9.23001"/>
            <trkpt lat="42.66386" lon="9.22978"/>
            <trkpt lat="42.66406" lon="9.22948"/>
            <trkpt lat="42.66429" lon="9.22901"/>
            <trkpt lat="42.66439" lon="9.22877"/>
            <trkpt lat="42.66448" lon="9.22852"/>
            <trkpt lat="42.6646" lon="9.22819"/>
            <trkpt lat="42.66473" lon="9.22774"/>
            <trkpt lat="42.66483" lon="9.22738"/>
            <trkpt lat="42.66486" lon="9.22719"/>
            <trkpt lat="42.66492" lon="9.22642"/>
            <trkpt lat="42.66493" lon="9.22616"/>
            <trkpt lat="42.66491" lon="9.22606"/>
            <trkpt lat="42.66488" lon="9.22592"/>
            <trkpt lat="42.66473" lon="9.22553"/>
            <trkpt lat="42.66465" lon="9.22536"/>
            <trkpt lat="42.66419" lon="9.22461"/>
            <trkpt lat="42.66405" lon="9.22434"/>
            <trkpt lat="42.66398" lon="9.22418"/>
            <trkpt lat="42.66393" lon="9.22402"/>
            <trkpt lat="42.66369" lon="9.22342"/>
            <trkpt lat="42.6635" lon="9.22289"/>
            <trkpt lat="42.66274" lon="9.22111"/>
            <trkpt lat="42.66266" lon="9.2208"/>
            <trkpt lat="42.66259" lon="9.22066"/>
            <trkpt lat="42.66241" lon="9.22037"/>
            <trkpt lat="42.66236" lon="9.22027"/>
            <trkpt lat="42.66234" lon="9.22017"/>
            <trkpt lat="42.66234" lon="9.22013"/>
            <trkpt lat="42.66234" lon="9.22005"/>
            <trkpt lat="42.66235" lon="9.21995"/>
            <trkpt lat="42.66236" lon="9.21993"/>
            <trkpt lat="42.66238" lon="9.21987"/>
            <trkpt lat="42.66242" lon="9.21982"/>
            <trkpt lat="42.66249" lon="9.21978"/>
            <trkpt lat="42.66255" lon="9.21976"/>
            <trkpt lat="42.66267" lon="9.21976"/>
            <trkpt lat="42.66319" lon="9.21975"/>
            <trkpt lat="42.66347" lon="9.2197"/>
            <trkpt lat="42.66365" lon="9.21963"/>
            <trkpt lat="42.66414" lon="9.21939"/>
            <trkpt lat="42.66431" lon="9.21929"/>
            <trkpt lat="42.66444" lon="9.21918"/>
            <trkpt lat="42.66449" lon="9.21911"/>
            <trkpt lat="42.66454" lon="9.21903"/>
            <trkpt lat="42.6646" lon="9.21889"/>
            <trkpt lat="42.66461" lon="9.21883"/>
            <trkpt lat="42.66463" lon="9.21876"/>
            <trkpt lat="42.66465" lon="9.2186"/>
            <trkpt lat="42.66465" lon="9.21859"/>
            <trkpt lat="42.66467" lon="9.2185"/>
            <trkpt lat="42.66477" lon="9.21828"/>
            <trkpt lat="42.66479" lon="9.21819"/>
            <trkpt lat="42.6648" lon="9.21808"/>
            <trkpt lat="42.66479" lon="9.21796"/>
            <trkpt lat="42.66477" lon="9.21774"/>
            <trkpt lat="42.66478" lon="9.21763"/>
            <trkpt lat="42.6648" lon="9.21753"/>
            <trkpt lat="42.66486" lon="9.21744"/>
            <trkpt lat="42.66488" lon="9.21741"/>
            <trkpt lat="42.66495" lon="9.21733"/>
            <trkpt lat="42.66521" lon="9.21715"/>
            <trkpt lat="42.66536" lon="9.21708"/>
            <trkpt lat="42.66552" lon="9.21697"/>
            <trkpt lat="42.66559" lon="9.21687"/>
            <trkpt lat="42.66562" lon="9.21683"/>
            <trkpt lat="42.66579" lon="9.21624"/>
            <trkpt lat="42.66584" lon="9.21596"/>
            <trkpt lat="42.66583" lon="9.21582"/>
            <trkpt lat="42.66577" lon="9.21567"/>
            <trkpt lat="42.66566" lon="9.21551"/>
            <trkpt lat="42.66547" lon="9.21532"/>
            <trkpt lat="42.66531" lon="9.2152"/>
            <trkpt lat="42.66505" lon="9.21504"/>
            <trkpt lat="42.66445" lon="9.21476"/>
            <trkpt lat="42.66428" lon="9.21465"/>
            <trkpt lat="42.66419" lon="9.21457"/>
            <trkpt lat="42.66412" lon="9.21447"/>
            <trkpt lat="42.6641" lon="9.21441"/>
            <trkpt lat="42.66406" lon="9.21414"/>
            <trkpt lat="42.66407" lon="9.21391"/>
            <trkpt lat="42.6641" lon="9.21374"/>
            <trkpt lat="42.66415" lon="9.21355"/>
            <trkpt lat="42.66419" lon="9.21332"/>
            <trkpt lat="42.66419" lon="9.21322"/>
            <trkpt lat="42.66422" lon="9.21289"/>
            <trkpt lat="42.66438" lon="9.21216"/>
            <trkpt lat="42.66452" lon="9.21159"/>
            <trkpt lat="42.66456" lon="9.21136"/>
            <trkpt lat="42.66458" lon="9.21122"/>
            <trkpt lat="42.6646" lon="9.21093"/>
            <trkpt lat="42.66459" lon="9.21069"/>
            <trkpt lat="42.6646" lon="9.21046"/>
            <trkpt lat="42.66458" lon="9.20999"/>
            <trkpt lat="42.66457" lon="9.20982"/>
            <trkpt lat="42.6645" lon="9.20962"/>
            <trkpt lat="42.66443" lon="9.2095"/>
            <trkpt lat="42.66436" lon="9.20938"/>
            <trkpt lat="42.6642" lon="9.20923"/>
            <trkpt lat="42.66395" lon="9.20908"/>
            <trkpt lat="42.66382" lon="9.20904"/>
            <trkpt lat="42.66368" lon="9.20897"/>
            <trkpt lat="42.66351" lon="9.20888"/>
            <trkpt lat="42.66333" lon="9.20872"/>
            <trkpt lat="42.66317" lon="9.20859"/>
            <trkpt lat="42.66301" lon="9.2085"/>
            <trkpt lat="42.66265" lon="9.20831"/>
            <trkpt lat="42.66251" lon="9.20826"/>
            <trkpt lat="42.66231" lon="9.20822"/>
            <trkpt lat="42.66215" lon="9.20816"/>
            <trkpt lat="42.66158" lon="9.20778"/>
            <trkpt lat="42.66148" lon="9.20775"/>
            <trkpt lat="42.66144" lon="9.20775"/>
            <trkpt lat="42.66128" lon="9.20772"/>
            <trkpt lat="42.66116" lon="9.20767"/>
            <trkpt lat="42.66109" lon="9.20762"/>
            <trkpt lat="42.66104" lon="9.20756"/>
            <trkpt lat="42.66099" lon="9.20745"/>
            <trkpt lat="42.6609" lon="9.20709"/>
            <trkpt lat="42.66084" lon="9.20695"/>
            <trkpt lat="42.66076" lon="9.20682"/>
            <trkpt lat="42.66063" lon="9.20669"/>
            <trkpt lat="42.66043" lon="9.20658"/>
            <trkpt lat="42.66028" lon="9.20663"/>
            <trkpt lat="42.66009" lon="9.20675"/>
            <trkpt lat="42.65999" lon="9.20679"/>
            <trkpt lat="42.65995" lon="9.2068"/>
            <trkpt lat="42.65982" lon="9.20684"/>
            <trkpt lat="42.6597" lon="9.20685"/>
            <trkpt lat="42.65952" lon="9.20682"/>
            <trkpt lat="42.6595" lon="9.20681"/>
            <trkpt lat="42.65941" lon="9.2068"/>
            <trkpt lat="42.65932" lon="9.20675"/>
            <trkpt lat="42.65924" lon="9.20663"/>
            <trkpt lat="42.6592" lon="9.20654"/>
            <trkpt lat="42.6592" lon="9.20653"/>
            <trkpt lat="42.65914" lon="9.20637"/>
            <trkpt lat="42.65912" lon="9.20625"/>
            <trkpt lat="42.65915" lon="9.20606"/>
            <trkpt lat="42.65922" lon="9.20578"/>
            <trkpt lat="42.65925" lon="9.20566"/>
            <trkpt lat="42.65927" lon="9.20547"/>
            <trkpt lat="42.65929" lon="9.20515"/>
            <trkpt lat="42.65931" lon="9.20504"/>
            <trkpt lat="42.65941" lon="9.20471"/>
            <trkpt lat="42.65943" lon="9.20464"/>
            <trkpt lat="42.65942" lon="9.20456"/>
            <trkpt lat="42.65939" lon="9.20449"/>
            <trkpt lat="42.65935" lon="9.20442"/>
            <trkpt lat="42.6593" lon="9.20435"/>
            <trkpt lat="42.65921" lon="9.20427"/>
            <trkpt lat="42.65914" lon="9.20422"/>
            <trkpt lat="42.6588" lon="9.20408"/>
            <trkpt lat="42.65834" lon="9.20384"/>
            <trkpt lat="42.65811" lon="9.20372"/>
            <trkpt lat="42.6578" lon="9.20352"/>
            <trkpt lat="42.65768" lon="9.2034"/>
            <trkpt lat="42.65758" lon="9.20332"/>
            <trkpt lat="42.65747" lon="9.20329"/>
            <trkpt lat="42.65734" lon="9.20329"/>
            <trkpt lat="42.65706" lon="9.20336"/>
            <trkpt lat="42.65677" lon="9.20345"/>
            <trkpt lat="42.65644" lon="9.20353"/>
            <trkpt lat="42.65629" lon="9.20353"/>
            <trkpt lat="42.65622" lon="9.20352"/>
            <trkpt lat="42.65615" lon="9.20348"/>
            <trkpt lat="42.65586" lon="9.20323"/>
            <trkpt lat="42.65559" lon="9.20306"/>
            <trkpt lat="42.65508" lon="9.20284"/>
            <trkpt lat="42.65493" lon="9.2028"/>
            <trkpt lat="42.65483" lon="9.20279"/>
            <trkpt lat="42.65475" lon="9.2028"/>
            <trkpt lat="42.6547" lon="9.20284"/>
            <trkpt lat="42.65464" lon="9.20289"/>
            <trkpt lat="42.6546" lon="9.20292"/>
            <trkpt lat="42.65456" lon="9.20298"/>
            <trkpt lat="42.65438" lon="9.2032"/>
            <trkpt lat="42.65426" lon="9.20334"/>
            <trkpt lat="42.65417" lon="9.20338"/>
            <trkpt lat="42.65409" lon="9.20337"/>
            <trkpt lat="42.65401" lon="9.20334"/>
            <trkpt lat="42.65393" lon="9.20324"/>
            <trkpt lat="42.65334" lon="9.20234"/>
            <trkpt lat="42.65327" lon="9.20227"/>
            <trkpt lat="42.6532" lon="9.20223"/>
            <trkpt lat="42.65312" lon="9.20222"/>
            <trkpt lat="42.65306" lon="9.20225"/>
            <trkpt lat="42.65285" lon="9.20242"/>
            <trkpt lat="42.65275" lon="9.20248"/>
            <trkpt lat="42.65267" lon="9.20249"/>
            <trkpt lat="42.65257" lon="9.20247"/>
            <trkpt lat="42.65247" lon="9.20237"/>
            <trkpt lat="42.65238" lon="9.20223"/>
            <trkpt lat="42.65232" lon="9.20208"/>
            <trkpt lat="42.65229" lon="9.20193"/>
            <trkpt lat="42.65227" lon="9.20181"/>
            <trkpt lat="42.6523" lon="9.20159"/>
            <trkpt lat="42.65233" lon="9.20149"/>
            <trkpt lat="42.6524" lon="9.20138"/>
            <trkpt lat="42.65244" lon="9.20133"/>
            <trkpt lat="42.65261" lon="9.20121"/>
            <trkpt lat="42.65271" lon="9.20109"/>
            <trkpt lat="42.6528" lon="9.20094"/>
            <trkpt lat="42.65295" lon="9.20061"/>
            <trkpt lat="42.65307" lon="9.20045"/>
            <trkpt lat="42.65333" lon="9.19992"/>
            <trkpt lat="42.65369" lon="9.19909"/>
            <trkpt lat="42.65387" lon="9.19859"/>
            <trkpt lat="42.65389" lon="9.1984"/>
            <trkpt lat="42.65388" lon="9.19826"/>
            <trkpt lat="42.65381" lon="9.19783"/>
            <trkpt lat="42.65378" lon="9.19753"/>
            <trkpt lat="42.6538" lon="9.19731"/>
            <trkpt lat="42.65382" lon="9.19721"/>
            <trkpt lat="42.65388" lon="9.19702"/>
            <trkpt lat="42.65411" lon="9.19605"/>
            <trkpt lat="42.65412" lon="9.19594"/>
            <trkpt lat="42.6541" lon="9.19583"/>
            <trkpt lat="42.65407" lon="9.19577"/>
            <trkpt lat="42.65375" lon="9.19533"/>
            <trkpt lat="42.65373" lon="9.19527"/>
            <trkpt lat="42.65372" lon="9.19518"/>
            <trkpt lat="42.65373" lon="9.19511"/>
            <trkpt lat="42.65377" lon="9.19504"/>
            <trkpt lat="42.65413" lon="9.1947"/>
            <trkpt lat="42.65435" lon="9.19446"/>
            <trkpt lat="42.65446" lon="9.19436"/>
            <trkpt lat="42.65456" lon="9.19428"/>
            <trkpt lat="42.65474" lon="9.19413"/>
            <trkpt lat="42.65486" lon="9.19395"/>
            <trkpt lat="42.6549" lon="9.19378"/>
            <trkpt lat="42.65508" lon="9.19297"/>
            <trkpt lat="42.65509" lon="9.19273"/>
            <trkpt lat="42.65505" lon="9.19222"/>
            <trkpt lat="42.65502" lon="9.19161"/>
            <trkpt lat="42.65497" lon="9.19118"/>
            <trkpt lat="42.65491" lon="9.19076"/>
            <trkpt lat="42.6549" lon="9.19066"/>
            <trkpt lat="42.65491" lon="9.1905"/>
            <trkpt lat="42.65496" lon="9.19038"/>
            <trkpt lat="42.65505" lon="9.19029"/>
            <trkpt lat="42.65509" lon="9.19028"/>
            <trkpt lat="42.65515" lon="9.19027"/>
            <trkpt lat="42.65526" lon="9.19034"/>
            <trkpt lat="42.65533" lon="9.19044"/>
            <trkpt lat="42.65539" lon="9.19059"/>
            <trkpt lat="42.65569" lon="9.19178"/>
            <trkpt lat="42.65583" lon="9.19218"/>
            <trkpt lat="42.6559" lon="9.19225"/>
            <trkpt lat="42.65596" lon="9.19228"/>
            <trkpt lat="42.65607" lon="9.19226"/>
            <trkpt lat="42.65637" lon="9.19217"/>
            <trkpt lat="42.65653" lon="9.19221"/>
            <trkpt lat="42.65671" lon="9.1923"/>
            <trkpt lat="42.657" lon="9.19248"/>
            <trkpt lat="42.6571" lon="9.19258"/>
            <trkpt lat="42.65715" lon="9.19272"/>
            <trkpt lat="42.65716" lon="9.19289"/>
            <trkpt lat="42.65713" lon="9.19326"/>
            <trkpt lat="42.65719" lon="9.19343"/>
            <trkpt lat="42.65731" lon="9.19363"/>
            <trkpt lat="42.65751" lon="9.19381"/>
            <trkpt lat="42.65768" lon="9.19387"/>
            <trkpt lat="42.65783" lon="9.19388"/>
            <trkpt lat="42.65792" lon="9.19384"/>
            <trkpt lat="42.65798" lon="9.1938"/>
            <trkpt lat="42.65814" lon="9.19365"/>
            <trkpt lat="42.65821" lon="9.19354"/>
            <trkpt lat="42.65849" lon="9.19317"/>
            <trkpt lat="42.65872" lon="9.19292"/>
            <trkpt lat="42.65897" lon="9.19254"/>
            <trkpt lat="42.65929" lon="9.19195"/>
            <trkpt lat="42.65932" lon="9.19175"/>
            <trkpt lat="42.65931" lon="9.19146"/>
            <trkpt lat="42.65938" lon="9.19088"/>
            <trkpt lat="42.6594" lon="9.19035"/>
            <trkpt lat="42.65946" lon="9.19019"/>
            <trkpt lat="42.65968" lon="9.18988"/>
            <trkpt lat="42.65974" lon="9.18973"/>
            <trkpt lat="42.65975" lon="9.18961"/>
            <trkpt lat="42.65969" lon="9.18926"/>
            <trkpt lat="42.65963" lon="9.18906"/>
            <trkpt lat="42.65961" lon="9.18894"/>
            <trkpt lat="42.6596" lon="9.1886"/>
            <trkpt lat="42.65949" lon="9.18814"/>
            <trkpt lat="42.65949" lon="9.18802"/>
            <trkpt lat="42.65952" lon="9.18796"/>
            <trkpt lat="42.65958" lon="9.18789"/>
            <trkpt lat="42.65964" lon="9.18786"/>
            <trkpt lat="42.66028" lon="9.18782"/>
            <trkpt lat="42.66038" lon="9.18777"/>
            <trkpt lat="42.66042" lon="9.18771"/>
            <trkpt lat="42.66046" lon="9.1876"/>
            <trkpt lat="42.6605" lon="9.1874"/>
            <trkpt lat="42.66052" lon="9.18725"/>
            <trkpt lat="42.66056" lon="9.18709"/>
            <trkpt lat="42.66072" lon="9.18662"/>
            <trkpt lat="42.66077" lon="9.18635"/>
            <trkpt lat="42.66078" lon="9.18623"/>
            <trkpt lat="42.66077" lon="9.1861"/>
            <trkpt lat="42.66061" lon="9.18576"/>
            <trkpt lat="42.66053" lon="9.18551"/>
            <trkpt lat="42.66059" lon="9.18468"/>
            <trkpt lat="42.66056" lon="9.18457"/>
            <trkpt lat="42.66055" lon="9.18455"/>
            <trkpt lat="42.66047" lon="9.18446"/>
            <trkpt lat="42.6603" lon="9.18432"/>
            <trkpt lat="42.66016" lon="9.18424"/>
            <trkpt lat="42.65988" lon="9.18415"/>
            <trkpt lat="42.6598" lon="9.18408"/>
            <trkpt lat="42.65963" lon="9.18391"/>
            <trkpt lat="42.65956" lon="9.18385"/>
            <trkpt lat="42.65949" lon="9.18382"/>
            <trkpt lat="42.6594" lon="9.1838"/>
            <trkpt lat="42.65916" lon="9.18384"/>
            <trkpt lat="42.659" lon="9.18389"/>
            <trkpt lat="42.65887" lon="9.18393"/>
            <trkpt lat="42.65876" lon="9.18393"/>
            <trkpt lat="42.65867" lon="9.1839"/>
            <trkpt lat="42.6586" lon="9.18384"/>
            <trkpt lat="42.65854" lon="9.18378"/>
            <trkpt lat="42.65851" lon="9.18369"/>
            <trkpt lat="42.65849" lon="9.18357"/>
            <trkpt lat="42.65852" lon="9.18337"/>
            <trkpt lat="42.65862" lon="9.18311"/>
            <trkpt lat="42.65866" lon="9.183"/>
            <trkpt lat="42.65868" lon="9.18287"/>
            <trkpt lat="42.65867" lon="9.18266"/>
            <trkpt lat="42.65863" lon="9.18244"/>
            <trkpt lat="42.65854" lon="9.18214"/>
            <trkpt lat="42.65838" lon="9.18175"/>
            <trkpt lat="42.65828" lon="9.18141"/>
            <trkpt lat="42.65818" lon="9.18118"/>
            <trkpt lat="42.65811" lon="9.18106"/>
            <trkpt lat="42.65799" lon="9.18097"/>
            <trkpt lat="42.65787" lon="9.18091"/>
            <trkpt lat="42.65754" lon="9.18088"/>
            <trkpt lat="42.65742" lon="9.18081"/>
            <trkpt lat="42.65733" lon="9.18072"/>
            <trkpt lat="42.65712" lon="9.18045"/>
            <trkpt lat="42.657" lon="9.18022"/>
            <trkpt lat="42.65692" lon="9.17995"/>
            <trkpt lat="42.65682" lon="9.17976"/>
            <trkpt lat="42.65673" lon="9.17966"/>
            <trkpt lat="42.65659" lon="9.17958"/>
            <trkpt lat="42.65649" lon="9.17957"/>
            <trkpt lat="42.65636" lon="9.17961"/>
            <trkpt lat="42.65618" lon="9.17975"/>
            <trkpt lat="42.65602" lon="9.17982"/>
            <trkpt lat="42.65558" lon="9.17994"/>
            <trkpt lat="42.65547" lon="9.17999"/>
            <trkpt lat="42.65531" lon="9.18016"/>
            <trkpt lat="42.6551" lon="9.18047"/>
            <trkpt lat="42.655" lon="9.18054"/>
            <trkpt lat="42.65489" lon="9.18056"/>
            <trkpt lat="42.6547" lon="9.18053"/>
            <trkpt lat="42.65437" lon="9.18041"/>
            <trkpt lat="42.65431" lon="9.18035"/>
            <trkpt lat="42.65428" lon="9.18027"/>
            <trkpt lat="42.65426" lon="9.18019"/>
            <trkpt lat="42.65426" lon="9.18011"/>
            <trkpt lat="42.65426" lon="9.17999"/>
            <trkpt lat="42.65442" lon="9.1794"/>
            <trkpt lat="42.65457" lon="9.17908"/>
            <trkpt lat="42.65478" lon="9.17878"/>
            <trkpt lat="42.65488" lon="9.17862"/>
            <trkpt lat="42.65503" lon="9.17826"/>
            <trkpt lat="42.65514" lon="9.17789"/>
            <trkpt lat="42.65519" lon="9.17755"/>
            <trkpt lat="42.65522" lon="9.17718"/>
            <trkpt lat="42.65525" lon="9.17698"/>
            <trkpt lat="42.65537" lon="9.17671"/>
            <trkpt lat="42.65569" lon="9.17584"/>
            <trkpt lat="42.6559" lon="9.17538"/>
            <trkpt lat="42.65592" lon="9.1752"/>
            <trkpt lat="42.65591" lon="9.17507"/>
            <trkpt lat="42.65582" lon="9.17477"/>
            <trkpt lat="42.65573" lon="9.17451"/>
            <trkpt lat="42.65566" lon="9.17414"/>
            <trkpt lat="42.65564" lon="9.17406"/>
            <trkpt lat="42.65549" lon="9.17362"/>
            <trkpt lat="42.65544" lon="9.17338"/>
            <trkpt lat="42.65537" lon="9.17312"/>
            <trkpt lat="42.6553" lon="9.17296"/>
            <trkpt lat="42.65521" lon="9.17288"/>
            <trkpt lat="42.65504" lon="9.17279"/>
            <trkpt lat="42.65488" lon="9.17273"/>
            <trkpt lat="42.65472" lon="9.17263"/>
            <trkpt lat="42.65463" lon="9.17249"/>
            <trkpt lat="42.65463" lon="9.17234"/>
            <trkpt lat="42.65464" lon="9.17223"/>
            <trkpt lat="42.65469" lon="9.1721"/>
            <trkpt lat="42.65478" lon="9.172"/>
            <trkpt lat="42.65487" lon="9.17194"/>
            <trkpt lat="42.65501" lon="9.17182"/>
            <trkpt lat="42.65516" lon="9.17165"/>
            <trkpt lat="42.65527" lon="9.17141"/>
            <trkpt lat="42.6553" lon="9.17127"/>
            <trkpt lat="42.65529" lon="9.17107"/>
            <trkpt lat="42.65526" lon="9.17092"/>
            <trkpt lat="42.65524" lon="9.17076"/>
            <trkpt lat="42.65516" lon="9.17048"/>
            <trkpt lat="42.65509" lon="9.17033"/>
            <trkpt lat="42.65502" lon="9.1702"/>
            <trkpt lat="42.65485" lon="9.17002"/>
            <trkpt lat="42.65481" lon="9.16993"/>
            <trkpt lat="42.65475" lon="9.16974"/>
            <trkpt lat="42.65471" lon="9.16956"/>
            <trkpt lat="42.65456" lon="9.16917"/>
            <trkpt lat="42.65435" lon="9.16847"/>
            <trkpt lat="42.65432" lon="9.1683"/>
            <trkpt lat="42.65432" lon="9.1682"/>
            <trkpt lat="42.65434" lon="9.16808"/>
            <trkpt lat="42.65436" lon="9.16802"/>
            <trkpt lat="42.65439" lon="9.16786"/>
            <trkpt lat="42.65438" lon="9.16774"/>
            <trkpt lat="42.65436" lon="9.16761"/>
            <trkpt lat="42.65426" lon="9.16741"/>
            <trkpt lat="42.65419" lon="9.16734"/>
            <trkpt lat="42.65373" lon="9.16705"/>
            <trkpt lat="42.65368" lon="9.16697"/>
            <trkpt lat="42.65366" lon="9.16685"/>
            <trkpt lat="42.65373" lon="9.16634"/>
            <trkpt lat="42.65381" lon="9.16591"/>
            <trkpt lat="42.65385" lon="9.1656"/>
            <trkpt lat="42.65384" lon="9.1654"/>
            <trkpt lat="42.65382" lon="9.16522"/>
            <trkpt lat="42.65379" lon="9.16515"/>
            <trkpt lat="42.65354" lon="9.16486"/>
            <trkpt lat="42.65342" lon="9.16465"/>
            <trkpt lat="42.65339" lon="9.16453"/>
            <trkpt lat="42.65338" lon="9.16432"/>
            <trkpt lat="42.65338" lon="9.16411"/>
            <trkpt lat="42.65347" lon="9.16379"/>
            <trkpt lat="42.6535" lon="9.16358"/>
            <trkpt lat="42.65347" lon="9.16313"/>
            <trkpt lat="42.65348" lon="9.16273"/>
            <trkpt lat="42.65345" lon="9.1626"/>
            <trkpt lat="42.65345" lon="9.16258"/>
            <trkpt lat="42.65337" lon="9.16236"/>
            <trkpt lat="42.65336" lon="9.16222"/>
            <trkpt lat="42.65338" lon="9.1621"/>
            <trkpt lat="42.65343" lon="9.16196"/>
            <trkpt lat="42.65349" lon="9.16182"/>
            <trkpt lat="42.65355" lon="9.16176"/>
            <trkpt lat="42.65365" lon="9.16173"/>
            <trkpt lat="42.65376" lon="9.16174"/>
            <trkpt lat="42.65382" lon="9.16176"/>
            <trkpt lat="42.65391" lon="9.16185"/>
            <trkpt lat="42.65404" lon="9.16207"/>
            <trkpt lat="42.65428" lon="9.1625"/>
            <trkpt lat="42.65435" lon="9.1626"/>
            <trkpt lat="42.65471" lon="9.16308"/>
            <trkpt lat="42.65486" lon="9.16325"/>
            <trkpt lat="42.65494" lon="9.16331"/>
            <trkpt lat="42.65504" lon="9.16334"/>
            <trkpt lat="42.65522" lon="9.16334"/>
            <trkpt lat="42.65534" lon="9.16332"/>
            <trkpt lat="42.65559" lon="9.16319"/>
            <trkpt lat="42.65572" lon="9.16308"/>
            <trkpt lat="42.65616" lon="9.16264"/>
            <trkpt lat="42.65619" lon="9.1626"/>
            <trkpt lat="42.65642" lon="9.16227"/>
            <trkpt lat="42.65659" lon="9.16191"/>
            <trkpt lat="42.65662" lon="9.1618"/>
            <trkpt lat="42.65664" lon="9.1615"/>
            <trkpt lat="42.65664" lon="9.16128"/>
            <trkpt lat="42.6566" lon="9.16102"/>
            <trkpt lat="42.65661" lon="9.16098"/>
            <trkpt lat="42.65662" lon="9.16095"/>
            <trkpt lat="42.65665" lon="9.16093"/>
            <trkpt lat="42.6568" lon="9.16082"/>
            <trkpt lat="42.65682" lon="9.16082"/>
            <trkpt lat="42.65688" lon="9.16082"/>
            <trkpt lat="42.65689" lon="9.16082"/>
            <trkpt lat="42.65691" lon="9.16083"/>
            <trkpt lat="42.65696" lon="9.16087"/>
            <trkpt lat="42.65704" lon="9.16095"/>
            <trkpt lat="42.65716" lon="9.161"/>
            <trkpt lat="42.65723" lon="9.16101"/>
            <trkpt lat="42.65733" lon="9.16097"/>
            <trkpt lat="42.65742" lon="9.1609"/>
            <trkpt lat="42.65766" lon="9.16056"/>
            <trkpt lat="42.65777" lon="9.16034"/>
            <trkpt lat="42.65796" lon="9.15981"/>
            <trkpt lat="42.658" lon="9.15957"/>
            <trkpt lat="42.65804" lon="9.15936"/>
            <trkpt lat="42.65811" lon="9.15921"/>
            <trkpt lat="42.65818" lon="9.1591"/>
            <trkpt lat="42.65826" lon="9.15902"/>
            <trkpt lat="42.6585" lon="9.15891"/>
            <trkpt lat="42.65882" lon="9.1588"/>
            <trkpt lat="42.65891" lon="9.15871"/>
            <trkpt lat="42.65909" lon="9.15845"/>
            <trkpt lat="42.65924" lon="9.15814"/>
            <trkpt lat="42.6593" lon="9.15802"/>
            <trkpt lat="42.65936" lon="9.15773"/>
            <trkpt lat="42.65937" lon="9.15758"/>
            <trkpt lat="42.65939" lon="9.15744"/>
            <trkpt lat="42.65948" lon="9.15715"/>
            <trkpt lat="42.6596" lon="9.15686"/>
            <trkpt lat="42.65972" lon="9.15664"/>
            <trkpt lat="42.65976" lon="9.1566"/>
            <trkpt lat="42.65979" lon="9.15658"/>
            <trkpt lat="42.65984" lon="9.15658"/>
            <trkpt lat="42.6599" lon="9.15658"/>
            <trkpt lat="42.65994" lon="9.1566"/>
            <trkpt lat="42.66006" lon="9.15667"/>
            <trkpt lat="42.66011" lon="9.1567"/>
            <trkpt lat="42.66015" lon="9.15671"/>
            <trkpt lat="42.66021" lon="9.15672"/>
            <trkpt lat="42.66027" lon="9.15672"/>
            <trkpt lat="42.66049" lon="9.15672"/>
            <trkpt lat="42.66053" lon="9.15673"/>
            <trkpt lat="42.66065" lon="9.15678"/>
            <trkpt lat="42.6611" lon="9.15692"/>
            <trkpt lat="42.66114" lon="9.15695"/>
            <trkpt lat="42.6612" lon="9.15702"/>
            <trkpt lat="42.66131" lon="9.15717"/>
            <trkpt lat="42.6614" lon="9.15727"/>
            <trkpt lat="42.66144" lon="9.15731"/>
            <trkpt lat="42.66149" lon="9.15734"/>
            <trkpt lat="42.66155" lon="9.15734"/>
            <trkpt lat="42.66166" lon="9.15733"/>
            <trkpt lat="42.66172" lon="9.15731"/>
            <trkpt lat="42.66179" lon="9.15727"/>
            <trkpt lat="42.66183" lon="9.15722"/>
            <trkpt lat="42.66186" lon="9.15716"/>
            <trkpt lat="42.6619" lon="9.15706"/>
            <trkpt lat="42.66193" lon="9.15699"/>
            <trkpt lat="42.66194" lon="9.15688"/>
            <trkpt lat="42.66196" lon="9.1566"/>
            <trkpt lat="42.66201" lon="9.15642"/>
            <trkpt lat="42.66206" lon="9.15631"/>
            <trkpt lat="42.66211" lon="9.15627"/>
            <trkpt lat="42.66218" lon="9.15622"/>
            <trkpt lat="42.66223" lon="9.1562"/>
            <trkpt lat="42.66231" lon="9.15619"/>
            <trkpt lat="42.66239" lon="9.15618"/>
            <trkpt lat="42.66258" lon="9.15614"/>
            <trkpt lat="42.66276" lon="9.15605"/>
            <trkpt lat="42.66312" lon="9.15567"/>
            <trkpt lat="42.66319" lon="9.15555"/>
            <trkpt lat="42.66331" lon="9.15528"/>
            <trkpt lat="42.66336" lon="9.15522"/>
            <trkpt lat="42.66341" lon="9.15521"/>
            <trkpt lat="42.66368" lon="9.15521"/>
            <trkpt lat="42.66376" lon="9.15519"/>
            <trkpt lat="42.66434" lon="9.15486"/>
            <trkpt lat="42.66439" lon="9.15479"/>
            <trkpt lat="42.66448" lon="9.15459"/>
            <trkpt lat="42.66454" lon="9.15453"/>
            <trkpt lat="42.6647" lon="9.15444"/>
            <trkpt lat="42.66538" lon="9.15398"/>
            <trkpt lat="42.66572" lon="9.15363"/>
            <trkpt lat="42.66596" lon="9.15329"/>
            <trkpt lat="42.66608" lon="9.15306"/>
            <trkpt lat="42.66615" lon="9.15283"/>
            <trkpt lat="42.66618" lon="9.15273"/>
            <trkpt lat="42.66618" lon="9.15217"/>
            <trkpt lat="42.6662" lon="9.15207"/>
            <trkpt lat="42.66633" lon="9.15177"/>
            <trkpt lat="42.66633" lon="9.15169"/>
            <trkpt lat="42.66629" lon="9.15141"/>
            <trkpt lat="42.66623" lon="9.15114"/>
            <trkpt lat="42.66619" lon="9.1511"/>
            <trkpt lat="42.66586" lon="9.15087"/>
            <trkpt lat="42.66573" lon="9.15072"/>
            <trkpt lat="42.6657" lon="9.15065"/>
            <trkpt lat="42.66568" lon="9.15052"/>
            <trkpt lat="42.6657" lon="9.15033"/>
            <trkpt lat="42.66576" lon="9.14992"/>
            <trkpt lat="42.66581" lon="9.14977"/>
            <trkpt lat="42.66585" lon="9.14972"/>
            <trkpt lat="42.66635" lon="9.14943"/>
            <trkpt lat="42.66657" lon="9.14927"/>
            <trkpt lat="42.66677" lon="9.14916"/>
            <trkpt lat="42.66689" lon="9.14908"/>
            <trkpt lat="42.66711" lon="9.14878"/>
            <trkpt lat="42.6672" lon="9.14863"/>
            <trkpt lat="42.66722" lon="9.14852"/>
            <trkpt lat="42.66721" lon="9.1484"/>
            <trkpt lat="42.66718" lon="9.1483"/>
            <trkpt lat="42.66699" lon="9.14783"/>
            <trkpt lat="42.66694" lon="9.14768"/>
            <trkpt lat="42.66682" lon="9.14713"/>
            <trkpt lat="42.66675" lon="9.14691"/>
            <trkpt lat="42.66647" lon="9.14654"/>
            <trkpt lat="42.66638" lon="9.14634"/>
            <trkpt lat="42.66635" lon="9.14624"/>
            <trkpt lat="42.66635" lon="9.14615"/>
            <trkpt lat="42.66636" lon="9.14608"/>
            <trkpt lat="42.66654" lon="9.14579"/>
            <trkpt lat="42.66661" lon="9.14565"/>
            <trkpt lat="42.66663" lon="9.14557"/>
            <trkpt lat="42.66657" lon="9.14468"/>
            <trkpt lat="42.66658" lon="9.14457"/>
            <trkpt lat="42.66675" lon="9.14406"/>
            <trkpt lat="42.66676" lon="9.14388"/>
            <trkpt lat="42.66676" lon="9.14376"/>
            <trkpt lat="42.66673" lon="9.14367"/>
            <trkpt lat="42.66628" lon="9.14287"/>
            <trkpt lat="42.66626" lon="9.14282"/>
            <trkpt lat="42.66624" lon="9.14273"/>
            <trkpt lat="42.66622" lon="9.14189"/>
            <trkpt lat="42.66617" lon="9.14161"/>
            <trkpt lat="42.66612" lon="9.14142"/>
            <trkpt lat="42.66602" lon="9.14113"/>
            <trkpt lat="42.66581" lon="9.14068"/>
            <trkpt lat="42.66578" lon="9.14063"/>
            <trkpt lat="42.66564" lon="9.14039"/>
            <trkpt lat="42.6655" lon="9.14009"/>
            <trkpt lat="42.6654" lon="9.13978"/>
            <trkpt lat="42.66534" lon="9.1395"/>
            <trkpt lat="42.66532" lon="9.13924"/>
            <trkpt lat="42.6653" lon="9.13888"/>
            <trkpt lat="42.66524" lon="9.13869"/>
            <trkpt lat="42.66516" lon="9.13859"/>
            <trkpt lat="42.66468" lon="9.13815"/>
            <trkpt lat="42.66461" lon="9.13803"/>
            <trkpt lat="42.66447" lon="9.13766"/>
            <trkpt lat="42.66431" lon="9.13712"/>
            <trkpt lat="42.66416" lon="9.13683"/>
            <trkpt lat="42.66405" lon="9.13667"/>
            <trkpt lat="42.66391" lon="9.13655"/>
            <trkpt lat="42.66329" lon="9.13626"/>
            <trkpt lat="42.66314" lon="9.13613"/>
            <trkpt lat="42.66308" lon="9.13602"/>
            <trkpt lat="42.66305" lon="9.1359"/>
            <trkpt lat="42.66306" lon="9.13557"/>
            <trkpt lat="42.66302" lon="9.1353"/>
            <trkpt lat="42.66296" lon="9.13513"/>
            <trkpt lat="42.66282" lon="9.1349"/>
            <trkpt lat="42.66275" lon="9.1348"/>
            <trkpt lat="42.66222" lon="9.13434"/>
            <trkpt lat="42.66218" lon="9.13423"/>
            <trkpt lat="42.66217" lon="9.13414"/>
            <trkpt lat="42.6623" lon="9.13374"/>
            <trkpt lat="42.66233" lon="9.13364"/>
            <trkpt lat="42.66232" lon="9.13351"/>
            <trkpt lat="42.66228" lon="9.1334"/>
            <trkpt lat="42.66219" lon="9.13322"/>
            <trkpt lat="42.66166" lon="9.13244"/>
            <trkpt lat="42.6615" lon="9.13228"/>
            <trkpt lat="42.66116" lon="9.13202"/>
            <trkpt lat="42.66107" lon="9.13191"/>
            <trkpt lat="42.66105" lon="9.13181"/>
            <trkpt lat="42.66107" lon="9.13169"/>
            <trkpt lat="42.66112" lon="9.13156"/>
            <trkpt lat="42.6612" lon="9.13139"/>
            <trkpt lat="42.66128" lon="9.13126"/>
            <trkpt lat="42.66138" lon="9.13104"/>
            <trkpt lat="42.66148" lon="9.13079"/>
            <trkpt lat="42.66152" lon="9.13063"/>
            <trkpt lat="42.66161" lon="9.13026"/>
            <trkpt lat="42.66164" lon="9.12986"/>
            <trkpt lat="42.6616" lon="9.12952"/>
            <trkpt lat="42.6615" lon="9.12924"/>
            <trkpt lat="42.66143" lon="9.12912"/>
            <trkpt lat="42.66133" lon="9.129"/>
            <trkpt lat="42.66105" lon="9.12878"/>
            <trkpt lat="42.66087" lon="9.12865"/>
            <trkpt lat="42.66081" lon="9.12852"/>
            <trkpt lat="42.66081" lon="9.12838"/>
            <trkpt lat="42.66085" lon="9.12823"/>
            <trkpt lat="42.66091" lon="9.12812"/>
            <trkpt lat="42.66114" lon="9.1278"/>
            <trkpt lat="42.66123" lon="9.12763"/>
            <trkpt lat="42.6613" lon="9.12746"/>
            <trkpt lat="42.66132" lon="9.12714"/>
            <trkpt lat="42.66128" lon="9.12688"/>
            <trkpt lat="42.66114" lon="9.12653"/>
            <trkpt lat="42.66094" lon="9.12625"/>
            <trkpt lat="42.66066" lon="9.12594"/>
            <trkpt lat="42.66052" lon="9.12574"/>
            <trkpt lat="42.66045" lon="9.12558"/>
            <trkpt lat="42.66039" lon="9.12538"/>
            <trkpt lat="42.66033" lon="9.12509"/>
            <trkpt lat="42.65996" lon="9.12311"/>
            <trkpt lat="42.65988" lon="9.1229"/>
            <trkpt lat="42.65979" lon="9.12278"/>
            <trkpt lat="42.65952" lon="9.12253"/>
            <trkpt lat="42.6594" lon="9.12235"/>
            <trkpt lat="42.65935" lon="9.12216"/>
            <trkpt lat="42.65935" lon="9.12196"/>
            <trkpt lat="42.6593" lon="9.12184"/>
            <trkpt lat="42.65925" lon="9.12177"/>
            <trkpt lat="42.6592" lon="9.12174"/>
            <trkpt lat="42.65909" lon="9.12173"/>
            <trkpt lat="42.65893" lon="9.12173"/>
            <trkpt lat="42.65858" lon="9.1218"/>
            <trkpt lat="42.65843" lon="9.1218"/>
            <trkpt lat="42.65833" lon="9.12179"/>
            <trkpt lat="42.65826" lon="9.12173"/>
            <trkpt lat="42.65821" lon="9.12164"/>
            <trkpt lat="42.65818" lon="9.12151"/>
            <trkpt lat="42.65818" lon="9.12107"/>
            <trkpt lat="42.65814" lon="9.12083"/>
            <trkpt lat="42.6579" lon="9.12004"/>
            <trkpt lat="42.65784" lon="9.11974"/>
            <trkpt lat="42.65782" lon="9.11948"/>
            <trkpt lat="42.65782" lon="9.11904"/>
            <trkpt lat="42.65784" lon="9.11882"/>
            <trkpt lat="42.65787" lon="9.11872"/>
            <trkpt lat="42.65789" lon="9.11865"/>
            <trkpt lat="42.65792" lon="9.11857"/>
            <trkpt lat="42.65823" lon="9.118"/>
            <trkpt lat="42.65827" lon="9.11787"/>
            <trkpt lat="42.65828" lon="9.11773"/>
            <trkpt lat="42.65824" lon="9.11759"/>
            <trkpt lat="42.65802" lon="9.11725"/>
            <trkpt lat="42.65769" lon="9.1168"/>
            <trkpt lat="42.65765" lon="9.11668"/>
            <trkpt lat="42.65762" lon="9.11651"/>
            <trkpt lat="42.65765" lon="9.11634"/>
            <trkpt lat="42.65772" lon="9.11621"/>
            <trkpt lat="42.65781" lon="9.11609"/>
            <trkpt lat="42.65792" lon="9.11599"/>
            <trkpt lat="42.65832" lon="9.11572"/>
            <trkpt lat="42.6585" lon="9.11554"/>
            <trkpt lat="42.65861" lon="9.1154"/>
            <trkpt lat="42.65864" lon="9.11528"/>
            <trkpt lat="42.65865" lon="9.11512"/>
            <trkpt lat="42.65862" lon="9.11494"/>
            <trkpt lat="42.65853" lon="9.11478"/>
            <trkpt lat="42.65842" lon="9.11464"/>
            <trkpt lat="42.6583" lon="9.11456"/>
            <trkpt lat="42.6582" lon="9.11455"/>
            <trkpt lat="42.65805" lon="9.11458"/>
            <trkpt lat="42.65696" lon="9.11524"/>
            <trkpt lat="42.65684" lon="9.1153"/>
            <trkpt lat="42.65671" lon="9.11533"/>
            <trkpt lat="42.6566" lon="9.11532"/>
            <trkpt lat="42.6565" lon="9.11526"/>
            <trkpt lat="42.65636" lon="9.11517"/>
            <trkpt lat="42.65628" lon="9.11513"/>
            <trkpt lat="42.65619" lon="9.11511"/>
            <trkpt lat="42.65611" lon="9.11514"/>
            <trkpt lat="42.65603" lon="9.11521"/>
            <trkpt lat="42.65589" lon="9.11535"/>
            <trkpt lat="42.65573" lon="9.11555"/>
            <trkpt lat="42.65562" lon="9.11564"/>
            <trkpt lat="42.65551" lon="9.11571"/>
            <trkpt lat="42.65541" lon="9.11573"/>
            <trkpt lat="42.65533" lon="9.1157"/>
            <trkpt lat="42.65525" lon="9.11562"/>
            <trkpt lat="42.6547" lon="9.11481"/>
            <trkpt lat="42.65451" lon="9.11452"/>
            <trkpt lat="42.65435" lon="9.11432"/>
            <trkpt lat="42.65426" lon="9.11425"/>
            <trkpt lat="42.65416" lon="9.1142"/>
            <trkpt lat="42.65377" lon="9.11409"/>
            <trkpt lat="42.65359" lon="9.11399"/>
            <trkpt lat="42.65339" lon="9.11384"/>
            <trkpt lat="42.65319" lon="9.11368"/>
            <trkpt lat="42.65272" lon="9.11329"/>
            <trkpt lat="42.65255" lon="9.11309"/>
            <trkpt lat="42.65248" lon="9.11297"/>
            <trkpt lat="42.65243" lon="9.11279"/>
            <trkpt lat="42.6524" lon="9.11264"/>
            <trkpt lat="42.6524" lon="9.11249"/>
            <trkpt lat="42.65243" lon="9.11233"/>
            <trkpt lat="42.6525" lon="9.11216"/>
            <trkpt lat="42.65273" lon="9.11178"/>
            <trkpt lat="42.65283" lon="9.11155"/>
            <trkpt lat="42.6529" lon="9.1113"/>
            <trkpt lat="42.65294" lon="9.11104"/>
            <trkpt lat="42.65298" lon="9.11087"/>
            <trkpt lat="42.65306" lon="9.11077"/>
            <trkpt lat="42.65314" lon="9.11072"/>
            <trkpt lat="42.65322" lon="9.11069"/>
            <trkpt lat="42.65371" lon="9.11068"/>
            <trkpt lat="42.65382" lon="9.11064"/>
            <trkpt lat="42.65393" lon="9.11058"/>
            <trkpt lat="42.654" lon="9.11048"/>
            <trkpt lat="42.65402" lon="9.11035"/>
            <trkpt lat="42.654" lon="9.11021"/>
            <trkpt lat="42.65383" lon="9.1099"/>
            <trkpt lat="42.65378" lon="9.10973"/>
            <trkpt lat="42.65377" lon="9.10959"/>
            <trkpt lat="42.65381" lon="9.10946"/>
            <trkpt lat="42.65387" lon="9.10933"/>
            <trkpt lat="42.65395" lon="9.10921"/>
            <trkpt lat="42.65403" lon="9.10904"/>
            <trkpt lat="42.65404" lon="9.10887"/>
            <trkpt lat="42.65401" lon="9.10877"/>
            <trkpt lat="42.65394" lon="9.10866"/>
            <trkpt lat="42.65386" lon="9.10863"/>
            <trkpt lat="42.65336" lon="9.10865"/>
            <trkpt lat="42.65318" lon="9.10859"/>
            <trkpt lat="42.65302" lon="9.10848"/>
            <trkpt lat="42.65282" lon="9.10829"/>
            <trkpt lat="42.65274" lon="9.10819"/>
            <trkpt lat="42.65266" lon="9.10796"/>
            <trkpt lat="42.65262" lon="9.10778"/>
            <trkpt lat="42.6526" lon="9.10762"/>
            <trkpt lat="42.65262" lon="9.10742"/>
            <trkpt lat="42.65286" lon="9.10652"/>
            <trkpt lat="42.65288" lon="9.10632"/>
            <trkpt lat="42.65288" lon="9.10614"/>
            <trkpt lat="42.65282" lon="9.10599"/>
            <trkpt lat="42.65274" lon="9.1059"/>
            <trkpt lat="42.65263" lon="9.10589"/>
            <trkpt lat="42.65255" lon="9.10593"/>
            <trkpt lat="42.65247" lon="9.10599"/>
            <trkpt lat="42.65221" lon="9.10652"/>
            <trkpt lat="42.65195" lon="9.10677"/>
            <trkpt lat="42.65167" lon="9.1069"/>
            <trkpt lat="42.65102" lon="9.10715"/>
            <trkpt lat="42.65079" lon="9.10722"/>
            <trkpt lat="42.65068" lon="9.10724"/>
            <trkpt lat="42.65056" lon="9.10722"/>
            <trkpt lat="42.65026" lon="9.10703"/>
            <trkpt lat="42.65019" lon="9.10701"/>
            <trkpt lat="42.65011" lon="9.10703"/>
            <trkpt lat="42.65001" lon="9.1071"/>
            <trkpt lat="42.64954" lon="9.10769"/>
            <trkpt lat="42.64947" lon="9.10776"/>
            <trkpt lat="42.64939" lon="9.10778"/>
            <trkpt lat="42.64932" lon="9.10777"/>
            <trkpt lat="42.64925" lon="9.10772"/>
            <trkpt lat="42.64914" lon="9.10746"/>
            <trkpt lat="42.64906" lon="9.10719"/>
            <trkpt lat="42.64897" lon="9.10707"/>
            <trkpt lat="42.64893" lon="9.10702"/>
            <trkpt lat="42.64883" lon="9.10693"/>
            <trkpt lat="42.64875" lon="9.10686"/>
            <trkpt lat="42.64856" lon="9.10664"/>
            <trkpt lat="42.64848" lon="9.10648"/>
            <trkpt lat="42.64839" lon="9.10622"/>
            <trkpt lat="42.64829" lon="9.10588"/>
            <trkpt lat="42.64825" lon="9.10566"/>
            <trkpt lat="42.64822" lon="9.10539"/>
            <trkpt lat="42.64822" lon="9.10531"/>
            <trkpt lat="42.64825" lon="9.10496"/>
            <trkpt lat="42.64834" lon="9.10463"/>
            <trkpt lat="42.64838" lon="9.10432"/>
            <trkpt lat="42.64834" lon="9.10414"/>
            <trkpt lat="42.64824" lon="9.10407"/>
            <trkpt lat="42.64803" lon="9.10407"/>
            <trkpt lat="42.64741" lon="9.10415"/>
            <trkpt lat="42.64715" lon="9.10416"/>
            <trkpt lat="42.6468" lon="9.10415"/>
            <trkpt lat="42.64667" lon="9.10411"/>
            <trkpt lat="42.64656" lon="9.10406"/>
            <trkpt lat="42.6464" lon="9.10389"/>
            <trkpt lat="42.64636" lon="9.10381"/>
            <trkpt lat="42.64629" lon="9.10359"/>
            <trkpt lat="42.64624" lon="9.10338"/>
            <trkpt lat="42.64613" lon="9.10264"/>
            <trkpt lat="42.64609" lon="9.10227"/>
            <trkpt lat="42.64612" lon="9.10204"/>
            <trkpt lat="42.64615" lon="9.10192"/>
            <trkpt lat="42.64621" lon="9.10176"/>
            <trkpt lat="42.64629" lon="9.10164"/>
            <trkpt lat="42.64639" lon="9.10156"/>
            <trkpt lat="42.6465" lon="9.10152"/>
            <trkpt lat="42.64695" lon="9.10148"/>
            <trkpt lat="42.64701" lon="9.10142"/>
            <trkpt lat="42.64706" lon="9.10128"/>
            <trkpt lat="42.64704" lon="9.10112"/>
            <trkpt lat="42.64696" lon="9.10072"/>
            <trkpt lat="42.64695" lon="9.10053"/>
            <trkpt lat="42.64703" lon="9.10027"/>
            <trkpt lat="42.64713" lon="9.10012"/>
            <trkpt lat="42.64753" lon="9.09969"/>
            <trkpt lat="42.64776" lon="9.09941"/>
            <trkpt lat="42.64787" lon="9.09924"/>
            <trkpt lat="42.64791" lon="9.09909"/>
            <trkpt lat="42.64791" lon="9.09898"/>
            <trkpt lat="42.64791" lon="9.09892"/>
            <trkpt lat="42.64786" lon="9.09877"/>
            <trkpt lat="42.64777" lon="9.09863"/>
            <trkpt lat="42.64754" lon="9.09846"/>
            <trkpt lat="42.64721" lon="9.09825"/>
            <trkpt lat="42.64719" lon="9.09822"/>
            <trkpt lat="42.64682" lon="9.09795"/>
            <trkpt lat="42.64664" lon="9.09778"/>
            <trkpt lat="42.64662" lon="9.09731"/>
            <trkpt lat="42.64659" lon="9.09668"/>
            <trkpt lat="42.64657" lon="9.09612"/>
            <trkpt lat="42.64655" lon="9.09551"/>
            <trkpt lat="42.64652" lon="9.09538"/>
            <trkpt lat="42.64649" lon="9.0942"/>
            <trkpt lat="42.64652" lon="9.09374"/>
            <trkpt lat="42.64654" lon="9.09358"/>
            <trkpt lat="42.64657" lon="9.09344"/>
            <trkpt lat="42.64662" lon="9.09321"/>
            <trkpt lat="42.64677" lon="9.09275"/>
            <trkpt lat="42.64689" lon="9.09247"/>
            <trkpt lat="42.64702" lon="9.09224"/>
            <trkpt lat="42.64715" lon="9.09205"/>
            <trkpt lat="42.64808" lon="9.09085"/>
            <trkpt lat="42.64842" lon="9.09052"/>
            <trkpt lat="42.6486" lon="9.09039"/>
            <trkpt lat="42.64868" lon="9.09034"/>
            <trkpt lat="42.64883" lon="9.09026"/>
            <trkpt lat="42.64893" lon="9.09023"/>
            <trkpt lat="42.64944" lon="9.09003"/>
            <trkpt lat="42.64956" lon="9.08998"/>
            <trkpt lat="42.64971" lon="9.08986"/>
            <trkpt lat="42.6499" lon="9.08967"/>
            <trkpt lat="42.65" lon="9.08951"/>
            <trkpt lat="42.6501" lon="9.08933"/>
            <trkpt lat="42.65018" lon="9.08908"/>
            <trkpt lat="42.65023" lon="9.08878"/>
            <trkpt lat="42.65024" lon="9.08847"/>
            <trkpt lat="42.65023" lon="9.08838"/>
            <trkpt lat="42.65021" lon="9.08814"/>
            <trkpt lat="42.65015" lon="9.08745"/>
            <trkpt lat="42.65015" lon="9.08718"/>
            <trkpt lat="42.65016" lon="9.08691"/>
            <trkpt lat="42.65022" lon="9.08642"/>
            <trkpt lat="42.65077" lon="9.08334"/>
            <trkpt lat="42.65101" lon="9.08186"/>
            <trkpt lat="42.65135" lon="9.07996"/>
            <trkpt lat="42.65152" lon="9.079"/>
            <trkpt lat="42.6516" lon="9.07848"/>
            <trkpt lat="42.65226" lon="9.07471"/>
            <trkpt lat="42.65231" lon="9.07443"/>
            <trkpt lat="42.65244" lon="9.07368"/>
            <trkpt lat="42.65252" lon="9.07327"/>
            <trkpt lat="42.65273" lon="9.07203"/>
            <trkpt lat="42.65281" lon="9.07165"/>
            <trkpt lat="42.65295" lon="9.07082"/>
            <trkpt lat="42.6531" lon="9.06991"/>
            <trkpt lat="42.65313" lon="9.06988"/>
            <trkpt lat="42.65316" lon="9.06966"/>
            <trkpt lat="42.65334" lon="9.06852"/>
            <trkpt lat="42.65336" lon="9.06817"/>
            <trkpt lat="42.65337" lon="9.06787"/>
            <trkpt lat="42.65336" lon="9.06719"/>
            <trkpt lat="42.65336" lon="9.06702"/>
            <trkpt lat="42.65336" lon="9.06624"/>
            <trkpt lat="42.65336" lon="9.06554"/>
            <trkpt lat="42.65333" lon="9.06544"/>
            <trkpt lat="42.65332" lon="9.06442"/>
            <trkpt lat="42.65331" lon="9.06284"/>
            <trkpt lat="42.65328" lon="9.06248"/>
            <trkpt lat="42.6533" lon="9.06186"/>
            <trkpt lat="42.65334" lon="9.06118"/>
            <trkpt lat="42.65343" lon="9.06064"/>
            <trkpt lat="42.65348" lon="9.06041"/>
            <trkpt lat="42.65354" lon="9.06024"/>
            <trkpt lat="42.65375" lon="9.05972"/>
            <trkpt lat="42.65409" lon="9.05908"/>
            <trkpt lat="42.65436" lon="9.0587"/>
            <trkpt lat="42.65501" lon="9.05774"/>
            <trkpt lat="42.65672" lon="9.05514"/>
            <trkpt lat="42.65698" lon="9.0546"/>
            <trkpt lat="42.65702" lon="9.0545"/>
            <trkpt lat="42.65704" lon="9.05439"/>
            <trkpt lat="42.65709" lon="9.05417"/>
            <trkpt lat="42.6571" lon="9.05381"/>
            <trkpt lat="42.6571" lon="9.05368"/>
            <trkpt lat="42.65709" lon="9.05354"/>
            <trkpt lat="42.65707" lon="9.05338"/>
            <trkpt lat="42.65701" lon="9.05316"/>
            <trkpt lat="42.6569" lon="9.05279"/>
            <trkpt lat="42.65688" lon="9.05273"/>
            <trkpt lat="42.65641" lon="9.05136"/>
            <trkpt lat="42.65609" lon="9.05032"/>
            <trkpt lat="42.65597" lon="9.04989"/>
            <trkpt lat="42.65595" lon="9.04981"/>
            <trkpt lat="42.65571" lon="9.04852"/>
            <trkpt lat="42.65564" lon="9.04826"/>
            <trkpt lat="42.65562" lon="9.04819"/>
            <trkpt lat="42.65552" lon="9.04794"/>
            <trkpt lat="42.65543" lon="9.04773"/>
            <trkpt lat="42.6554" lon="9.04768"/>
            <trkpt lat="42.65528" lon="9.04747"/>
            <trkpt lat="42.65521" lon="9.04737"/>
            <trkpt lat="42.65497" lon="9.04705"/>
            <trkpt lat="42.65462" lon="9.04664"/>
            <trkpt lat="42.65434" lon="9.04628"/>
            <trkpt lat="42.65411" lon="9.04591"/>
            <trkpt lat="42.6533" lon="9.04423"/>
            <trkpt lat="42.65316" lon="9.04385"/>
            <trkpt lat="42.65266" lon="9.04234"/>
            <trkpt lat="42.65247" lon="9.04174"/>
            <trkpt lat="42.65242" lon="9.04158"/>
            <trkpt lat="42.65241" lon="9.04151"/>
            <trkpt lat="42.65221" lon="9.04015"/>
            <trkpt lat="42.65216" lon="9.03967"/>
            <trkpt lat="42.65216" lon="9.03952"/>
            <trkpt lat="42.65217" lon="9.03948"/>
            <trkpt lat="42.65219" lon="9.03928"/>
            <trkpt lat="42.65221" lon="9.03918"/>
            <trkpt lat="42.65225" lon="9.03899"/>
            <trkpt lat="42.65233" lon="9.03875"/>
            <trkpt lat="42.65264" lon="9.03803"/>
            <trkpt lat="42.65287" lon="9.03741"/>
            <trkpt lat="42.65293" lon="9.03723"/>
            <trkpt lat="42.65302" lon="9.03693"/>
            <trkpt lat="42.65313" lon="9.03651"/>
            <trkpt lat="42.65316" lon="9.03642"/>
            <trkpt lat="42.65317" lon="9.03641"/>
            <trkpt lat="42.6532" lon="9.03629"/>
            <trkpt lat="42.65327" lon="9.03601"/>
            <trkpt lat="42.65333" lon="9.03561"/>
            <trkpt lat="42.65333" lon="9.03534"/>
            <trkpt lat="42.65331" lon="9.03514"/>
            <trkpt lat="42.6532" lon="9.03478"/>
            <trkpt lat="42.65294" lon="9.03419"/>
            <trkpt lat="42.65268" lon="9.03367"/>
            <trkpt lat="42.65242" lon="9.03308"/>
            <trkpt lat="42.65232" lon="9.03271"/>
            <trkpt lat="42.65226" lon="9.03217"/>
            <trkpt lat="42.65227" lon="9.03179"/>
            <trkpt lat="42.65232" lon="9.0312"/>
            <trkpt lat="42.65235" lon="9.03076"/>
            <trkpt lat="42.65237" lon="9.03042"/>
            <trkpt lat="42.65231" lon="9.02993"/>
            <trkpt lat="42.65221" lon="9.02948"/>
            <trkpt lat="42.65198" lon="9.02895"/>
            <trkpt lat="42.65178" lon="9.02863"/>
            <trkpt lat="42.65155" lon="9.02838"/>
            <trkpt lat="42.65128" lon="9.02814"/>
            <trkpt lat="42.65094" lon="9.02792"/>
            <trkpt lat="42.65067" lon="9.02772"/>
            <trkpt lat="42.65026" lon="9.02737"/>
            <trkpt lat="42.65013" lon="9.02727"/>
            <trkpt lat="42.64993" lon="9.02716"/>
            <trkpt lat="42.6496" lon="9.02703"/>
            <trkpt lat="42.64916" lon="9.02681"/>
            <trkpt lat="42.64893" lon="9.02669"/>
            <trkpt lat="42.64883" lon="9.02664"/>
            <trkpt lat="42.64846" lon="9.02636"/>
            <trkpt lat="42.64746" lon="9.02524"/>
            <trkpt lat="42.64697" lon="9.02473"/>
            <trkpt lat="42.64666" lon="9.02447"/>
            <trkpt lat="42.64635" lon="9.02426"/>
            <trkpt lat="42.64564" lon="9.02394"/>
            <trkpt lat="42.64526" lon="9.02372"/>
            <trkpt lat="42.64498" lon="9.02352"/>
            <trkpt lat="42.64454" lon="9.02327"/>
            <trkpt lat="42.64445" lon="9.02322"/>
            <trkpt lat="42.64405" lon="9.02296"/>
            <trkpt lat="42.64377" lon="9.02279"/>
            <trkpt lat="42.64342" lon="9.02258"/>
            <trkpt lat="42.64322" lon="9.0225"/>
            <trkpt lat="42.64306" lon="9.02248"/>
            <trkpt lat="42.64276" lon="9.02249"/>
            <trkpt lat="42.6426" lon="9.02254"/>
            <trkpt lat="42.64245" lon="9.02261"/>
            <trkpt lat="42.64214" lon="9.0228"/>
            <trkpt lat="42.64169" lon="9.02319"/>
            <trkpt lat="42.64158" lon="9.02324"/>
            <trkpt lat="42.64144" lon="9.02336"/>
            <trkpt lat="42.64117" lon="9.02354"/>
            <trkpt lat="42.64102" lon="9.0236"/>
            <trkpt lat="42.6409" lon="9.02361"/>
            <trkpt lat="42.64083" lon="9.02362"/>
            <trkpt lat="42.64071" lon="9.02362"/>
            <trkpt lat="42.64058" lon="9.02359"/>
            <trkpt lat="42.64053" lon="9.02358"/>
            <trkpt lat="42.64039" lon="9.02351"/>
            <trkpt lat="42.64024" lon="9.02341"/>
            <trkpt lat="42.64015" lon="9.02332"/>
            <trkpt lat="42.64007" lon="9.02322"/>
            <trkpt lat="42.63996" lon="9.02307"/>
            <trkpt lat="42.63978" lon="9.02275"/>
            <trkpt lat="42.6393" lon="9.0218"/>
            <trkpt lat="42.63917" lon="9.02149"/>
            <trkpt lat="42.6391" lon="9.02131"/>
            <trkpt lat="42.63912" lon="9.02121"/>
            <trkpt lat="42.63911" lon="9.02114"/>
            <trkpt lat="42.63909" lon="9.02111"/>
            <trkpt lat="42.63907" lon="9.02109"/>
            <trkpt lat="42.63904" lon="9.02107"/>
            <trkpt lat="42.63902" lon="9.02106"/>
            <trkpt lat="42.63899" lon="9.02105"/>
            <trkpt lat="42.63882" lon="9.02082"/>
            <trkpt lat="42.63869" lon="9.02059"/>
            <trkpt lat="42.63842" lon="9.02013"/>
            <trkpt lat="42.63829" lon="9.01983"/>
            <trkpt lat="42.63822" lon="9.01963"/>
            <trkpt lat="42.63813" lon="9.01935"/>
            <trkpt lat="42.63807" lon="9.0191"/>
            <trkpt lat="42.63801" lon="9.01864"/>
            <trkpt lat="42.638" lon="9.01857"/>
            <trkpt lat="42.638" lon="9.01849"/>
            <trkpt lat="42.63801" lon="9.01818"/>
            <trkpt lat="42.63805" lon="9.01753"/>
            <trkpt lat="42.63813" lon="9.01668"/>
            <trkpt lat="42.63813" lon="9.01645"/>
            <trkpt lat="42.63812" lon="9.01611"/>
            <trkpt lat="42.63808" lon="9.016"/>
            <trkpt lat="42.63804" lon="9.01578"/>
            <trkpt lat="42.63802" lon="9.01575"/>
            <trkpt lat="42.63797" lon="9.01558"/>
            <trkpt lat="42.63794" lon="9.01552"/>
            <trkpt lat="42.63783" lon="9.01527"/>
            <trkpt lat="42.63702" lon="9.01392"/>
            <trkpt lat="42.63694" lon="9.01377"/>
            <trkpt lat="42.63692" lon="9.01367"/>
            <trkpt lat="42.63682" lon="9.01346"/>
            <trkpt lat="42.6367" lon="9.01316"/>
            <trkpt lat="42.63651" lon="9.01253"/>
            <trkpt lat="42.63641" lon="9.01216"/>
            <trkpt lat="42.63627" lon="9.01169"/>
            <trkpt lat="42.6362" lon="9.01154"/>
            <trkpt lat="42.63615" lon="9.01134"/>
            <trkpt lat="42.63549" lon="9.009"/>
            <trkpt lat="42.63546" lon="9.00883"/>
            <trkpt lat="42.63546" lon="9.00879"/>
            <trkpt lat="42.63545" lon="9.00862"/>
            <trkpt lat="42.63546" lon="9.00845"/>
            <trkpt lat="42.6355" lon="9.00826"/>
            <trkpt lat="42.63559" lon="9.00798"/>
            <trkpt lat="42.63588" lon="9.00732"/>
            <trkpt lat="42.63605" lon="9.00699"/>
            <trkpt lat="42.63632" lon="9.00642"/>
            <trkpt lat="42.63669" lon="9.00565"/>
            <trkpt lat="42.63697" lon="9.00508"/>
            <trkpt lat="42.63707" lon="9.00489"/>
            <trkpt lat="42.63714" lon="9.00481"/>
            <trkpt lat="42.63721" lon="9.00472"/>
            <trkpt lat="42.63727" lon="9.00467"/>
            <trkpt lat="42.63734" lon="9.00462"/>
            <trkpt lat="42.63737" lon="9.0046"/>
            <trkpt lat="42.6375" lon="9.00452"/>
            <trkpt lat="42.63772" lon="9.00444"/>
            <trkpt lat="42.63784" lon="9.00442"/>
            <trkpt lat="42.63795" lon="9.00441"/>
            <trkpt lat="42.638" lon="9.00441"/>
            <trkpt lat="42.6384" lon="9.00446"/>
            <trkpt lat="42.6386" lon="9.00447"/>
            <trkpt lat="42.63864" lon="9.00447"/>
            <trkpt lat="42.63881" lon="9.00443"/>
            <trkpt lat="42.63887" lon="9.0044"/>
            <trkpt lat="42.63895" lon="9.00437"/>
            <trkpt lat="42.63908" lon="9.00429"/>
            <trkpt lat="42.64028" lon="9.0035"/>
            <trkpt lat="42.6405" lon="9.00329"/>
            <trkpt lat="42.64053" lon="9.00326"/>
            <trkpt lat="42.64062" lon="9.00313"/>
            <trkpt lat="42.64077" lon="9.00284"/>
            <trkpt lat="42.64081" lon="9.00267"/>
            <trkpt lat="42.64084" lon="9.00251"/>
            <trkpt lat="42.64085" lon="9.00244"/>
            <trkpt lat="42.64086" lon="9.00221"/>
            <trkpt lat="42.64084" lon="9.00192"/>
            <trkpt lat="42.6408" lon="9.00154"/>
            <trkpt lat="42.6407" lon="9.00097"/>
            <trkpt lat="42.64064" lon="9.00067"/>
            <trkpt lat="42.64051" lon="9.00028"/>
            <trkpt lat="42.63978" lon="8.99842"/>
            <trkpt lat="42.63951" lon="8.99764"/>
            <trkpt lat="42.63945" lon="8.99744"/>
            <trkpt lat="42.63931" lon="8.99674"/>
            <trkpt lat="42.63928" lon="8.99644"/>
            <trkpt lat="42.63919" lon="8.99502"/>
            <trkpt lat="42.63914" lon="8.9947"/>
            <trkpt lat="42.63904" lon="8.99427"/>
            <trkpt lat="42.63895" lon="8.9939"/>
            <trkpt lat="42.63864" lon="8.99283"/>
            <trkpt lat="42.63815" lon="8.99108"/>
            <trkpt lat="42.63807" lon="8.99063"/>
            <trkpt lat="42.63805" lon="8.99035"/>
            <trkpt lat="42.63796" lon="8.98739"/>
            <trkpt lat="42.63794" lon="8.98682"/>
            <trkpt lat="42.63787" lon="8.98471"/>
            <trkpt lat="42.63787" lon="8.98441"/>
            <trkpt lat="42.63789" lon="8.98414"/>
            <trkpt lat="42.63792" lon="8.98403"/>
            <trkpt lat="42.63803" lon="8.98368"/>
            <trkpt lat="42.63905" lon="8.9805"/>
            <trkpt lat="42.63907" lon="8.98043"/>
            <trkpt lat="42.6391" lon="8.98022"/>
            <trkpt lat="42.6391" lon="8.97996"/>
            <trkpt lat="42.63904" lon="8.97954"/>
            <trkpt lat="42.63899" lon="8.97932"/>
            <trkpt lat="42.63891" lon="8.97911"/>
            <trkpt lat="42.63884" lon="8.97898"/>
            <trkpt lat="42.63855" lon="8.97864"/>
            <trkpt lat="42.63836" lon="8.97841"/>
            <trkpt lat="42.63763" lon="8.97763"/>
            <trkpt lat="42.63747" lon="8.97747"/>
            <trkpt lat="42.63732" lon="8.97727"/>
            <trkpt lat="42.6372" lon="8.97707"/>
            <trkpt lat="42.63713" lon="8.97688"/>
            <trkpt lat="42.6371" lon="8.9767"/>
            <trkpt lat="42.63709" lon="8.97635"/>
            <trkpt lat="42.63712" lon="8.97619"/>
            <trkpt lat="42.63719" lon="8.97599"/>
            <trkpt lat="42.63723" lon="8.97589"/>
            <trkpt lat="42.63728" lon="8.97581"/>
            <trkpt lat="42.63737" lon="8.97569"/>
            <trkpt lat="42.63757" lon="8.9755"/>
            <trkpt lat="42.63801" lon="8.97519"/>
            <trkpt lat="42.63829" lon="8.97499"/>
            <trkpt lat="42.63844" lon="8.97482"/>
            <trkpt lat="42.63862" lon="8.97455"/>
            <trkpt lat="42.63873" lon="8.97426"/>
            <trkpt lat="42.63879" lon="8.97404"/>
            <trkpt lat="42.63881" lon="8.97379"/>
            <trkpt lat="42.63882" lon="8.97338"/>
            <trkpt lat="42.6388" lon="8.97308"/>
            <trkpt lat="42.63879" lon="8.97295"/>
            <trkpt lat="42.6387" lon="8.97262"/>
            <trkpt lat="42.63864" lon="8.97244"/>
            <trkpt lat="42.63851" lon="8.97214"/>
            <trkpt lat="42.63828" lon="8.97175"/>
            <trkpt lat="42.63809" lon="8.97148"/>
            <trkpt lat="42.63793" lon="8.97132"/>
            <trkpt lat="42.63771" lon="8.97101"/>
            <trkpt lat="42.63756" lon="8.97074"/>
            <trkpt lat="42.63751" lon="8.97063"/>
            <trkpt lat="42.63733" lon="8.97012"/>
            <trkpt lat="42.63726" lon="8.96992"/>
            <trkpt lat="42.63723" lon="8.96985"/>
            <trkpt lat="42.63709" lon="8.96952"/>
            <trkpt lat="42.63693" lon="8.96923"/>
            <trkpt lat="42.63645" lon="8.96851"/>
            <trkpt lat="42.6363" lon="8.96823"/>
            <trkpt lat="42.63623" lon="8.96807"/>
            <trkpt lat="42.6361" lon="8.96774"/>
            <trkpt lat="42.6359" lon="8.96714"/>
            <trkpt lat="42.63585" lon="8.96703"/>
            <trkpt lat="42.63568" lon="8.96679"/>
            <trkpt lat="42.63538" lon="8.96645"/>
            <trkpt lat="42.63496" lon="8.966"/>
            <trkpt lat="42.6349" lon="8.96592"/>
            <trkpt lat="42.63473" lon="8.96563"/>
            <trkpt lat="42.63463" lon="8.96544"/>
            <trkpt lat="42.63436" lon="8.96484"/>
            <trkpt lat="42.63427" lon="8.96465"/>
            <trkpt lat="42.63395" lon="8.96396"/>
            <trkpt lat="42.63375" lon="8.96367"/>
            <trkpt lat="42.63351" lon="8.9634"/>
            <trkpt lat="42.63312" lon="8.96304"/>
            <trkpt lat="42.63302" lon="8.96292"/>
            <trkpt lat="42.63295" lon="8.96284"/>
            <trkpt lat="42.63293" lon="8.96281"/>
            <trkpt lat="42.63279" lon="8.96259"/>
            <trkpt lat="42.63261" lon="8.96227"/>
            <trkpt lat="42.63259" lon="8.96223"/>
            <trkpt lat="42.63244" lon="8.96197"/>
            <trkpt lat="42.63152" lon="8.96028"/>
            <trkpt lat="42.63147" lon="8.96017"/>
            <trkpt lat="42.63139" lon="8.95993"/>
            <trkpt lat="42.63136" lon="8.95979"/>
            <trkpt lat="42.63134" lon="8.95961"/>
            <trkpt lat="42.63133" lon="8.95911"/>
            <trkpt lat="42.63137" lon="8.95806"/>
            <trkpt lat="42.63138" lon="8.95763"/>
            <trkpt lat="42.63138" lon="8.95748"/>
            <trkpt lat="42.63138" lon="8.9574"/>
            <trkpt lat="42.63139" lon="8.95735"/>
            <trkpt lat="42.63139" lon="8.95719"/>
            <trkpt lat="42.63142" lon="8.95598"/>
            <trkpt lat="42.6314" lon="8.95556"/>
            <trkpt lat="42.63133" lon="8.95497"/>
            <trkpt lat="42.63126" lon="8.95437"/>
            <trkpt lat="42.63125" lon="8.95423"/>
            <trkpt lat="42.63113" lon="8.95332"/>
            <trkpt lat="42.63102" lon="8.9523"/>
            <trkpt lat="42.63095" lon="8.95172"/>
            <trkpt lat="42.63093" lon="8.9514"/>
            <trkpt lat="42.63093" lon="8.95128"/>
            <trkpt lat="42.63097" lon="8.95102"/>
            <trkpt lat="42.631" lon="8.95094"/>
            <trkpt lat="42.63105" lon="8.95083"/>
            <trkpt lat="42.63142" lon="8.95031"/>
            <trkpt lat="42.63167" lon="8.94994"/>
            <trkpt lat="42.6317" lon="8.94986"/>
            <trkpt lat="42.63171" lon="8.94982"/>
            <trkpt lat="42.63172" lon="8.94979"/>
            <trkpt lat="42.63172" lon="8.94972"/>
            <trkpt lat="42.63173" lon="8.94957"/>
            <trkpt lat="42.6317" lon="8.94784"/>
            <trkpt lat="42.6317" lon="8.94767"/>
            <trkpt lat="42.63171" lon="8.94721"/>
            <trkpt lat="42.63174" lon="8.94672"/>
            <trkpt lat="42.63197" lon="8.94494"/>
            <trkpt lat="42.63217" lon="8.94345"/>
            <trkpt lat="42.63219" lon="8.94329"/>
            <trkpt lat="42.63223" lon="8.94297"/>
            <trkpt lat="42.63225" lon="8.94287"/>
            <trkpt lat="42.63231" lon="8.94239"/>
            <trkpt lat="42.63242" lon="8.94162"/>
            <trkpt lat="42.6325" lon="8.94099"/>
            <trkpt lat="42.63255" lon="8.94057"/>
            <trkpt lat="42.63258" lon="8.94037"/>
            <trkpt lat="42.63274" lon="8.9391"/>
            <trkpt lat="42.63277" lon="8.9388"/>
            <trkpt lat="42.63279" lon="8.93861"/>
            <trkpt lat="42.6328" lon="8.93849"/>
            <trkpt lat="42.63306" lon="8.93847"/>
            <trkpt lat="42.6332" lon="8.93846"/>
            <trkpt lat="42.63359" lon="8.93843"/>
            <trkpt lat="42.63369" lon="8.93842"/>
            <trkpt lat="42.634" lon="8.93838"/>
            <trkpt lat="42.634" lon="8.93851"/>
            <trkpt lat="42.63401" lon="8.93863"/>
            <trkpt lat="42.63404" lon="8.93916"/>
            <trkpt lat="42.63408" lon="8.93943"/>
            <trkpt lat="42.63407" lon="8.93953"/>
            <trkpt lat="42.63405" lon="8.93959"/>
            <trkpt lat="42.63373" lon="8.94017"/>
        </trkseg>
    </trk>
</gpx>
