<?xml version="1.0" encoding="UTF-8" standalone="yes"?>
<gpx xmlns="http://www.topografix.com/GPX/1/1" xmlns:tt="TT" version="1.1" creator="TomTom MyDrive">
    <wpt lat="41.4937" lon="9.0516">
        <type>TT_HARD</type>
    </wpt>
    <wpt lat="41.5312" lon="9.2738">
        <type>TT_HARD</type>
    </wpt>
    <wpt lat="41.8579" lon="9.4013">
        <type>TT_HARD</type>
    </wpt>
    <rte>
        <name>3 agosto</name>
        <rtept lat="41.4937" lon="9.0516">
            <type>TT_HARD</type>
        </rtept>
        <rtept lat="41.5312" lon="9.2738">
            <type>TT_HARD</type>
        </rtept>
        <rtept lat="41.8579" lon="9.4013">
            <type>TT_HARD</type>
        </rtept>
    </rte>
    <trk>
        <name>3 agosto</name>
        <trkseg>
            <trkpt lat="41.49365" lon="9.05181"/>
            <trkpt lat="41.49332" lon="9.05168"/>
            <trkpt lat="41.49314" lon="9.05158"/>
            <trkpt lat="41.49307" lon="9.05152"/>
            <trkpt lat="41.4929" lon="9.05141"/>
            <trkpt lat="41.49281" lon="9.05137"/>
            <trkpt lat="41.49273" lon="9.05135"/>
            <trkpt lat="41.49267" lon="9.05135"/>
            <trkpt lat="41.49253" lon="9.05137"/>
            <trkpt lat="41.49222" lon="9.05149"/>
            <trkpt lat="41.49213" lon="9.05155"/>
            <trkpt lat="41.49208" lon="9.05159"/>
            <trkpt lat="41.49203" lon="9.05165"/>
            <trkpt lat="41.49197" lon="9.05178"/>
            <trkpt lat="41.49194" lon="9.05193"/>
            <trkpt lat="41.4919" lon="9.05235"/>
            <trkpt lat="41.49187" lon="9.0527"/>
            <trkpt lat="41.49187" lon="9.05273"/>
            <trkpt lat="41.49184" lon="9.05316"/>
            <trkpt lat="41.4918" lon="9.05378"/>
            <trkpt lat="41.49174" lon="9.05453"/>
            <trkpt lat="41.49169" lon="9.05532"/>
            <trkpt lat="41.49169" lon="9.05545"/>
            <trkpt lat="41.49172" lon="9.05575"/>
            <trkpt lat="41.49178" lon="9.05602"/>
            <trkpt lat="41.49205" lon="9.05705"/>
            <trkpt lat="41.49208" lon="9.05728"/>
            <trkpt lat="41.49208" lon="9.05738"/>
            <trkpt lat="41.49206" lon="9.05744"/>
            <trkpt lat="41.49204" lon="9.05751"/>
            <trkpt lat="41.49203" lon="9.05754"/>
            <trkpt lat="41.49197" lon="9.05763"/>
            <trkpt lat="41.4919" lon="9.05769"/>
            <trkpt lat="41.49185" lon="9.05772"/>
            <trkpt lat="41.49177" lon="9.05774"/>
            <trkpt lat="41.49157" lon="9.05779"/>
            <trkpt lat="41.49113" lon="9.05789"/>
            <trkpt lat="41.49088" lon="9.05798"/>
            <trkpt lat="41.49046" lon="9.0582"/>
            <trkpt lat="41.49026" lon="9.05832"/>
            <trkpt lat="41.49017" lon="9.05836"/>
            <trkpt lat="41.48995" lon="9.05852"/>
            <trkpt lat="41.48984" lon="9.05862"/>
            <trkpt lat="41.48975" lon="9.05877"/>
            <trkpt lat="41.4897" lon="9.05885"/>
            <trkpt lat="41.48965" lon="9.05898"/>
            <trkpt lat="41.4894" lon="9.05957"/>
            <trkpt lat="41.48934" lon="9.05973"/>
            <trkpt lat="41.48903" lon="9.06045"/>
            <trkpt lat="41.48895" lon="9.06067"/>
            <trkpt lat="41.48891" lon="9.06083"/>
            <trkpt lat="41.48889" lon="9.06104"/>
            <trkpt lat="41.4889" lon="9.06113"/>
            <trkpt lat="41.48891" lon="9.06123"/>
            <trkpt lat="41.48892" lon="9.06132"/>
            <trkpt lat="41.48895" lon="9.06142"/>
            <trkpt lat="41.48907" lon="9.06183"/>
            <trkpt lat="41.48929" lon="9.06249"/>
            <trkpt lat="41.48959" lon="9.06352"/>
            <trkpt lat="41.4897" lon="9.06405"/>
            <trkpt lat="41.48972" lon="9.06423"/>
            <trkpt lat="41.48973" lon="9.06459"/>
            <trkpt lat="41.48969" lon="9.06507"/>
            <trkpt lat="41.48962" lon="9.06546"/>
            <trkpt lat="41.48944" lon="9.06638"/>
            <trkpt lat="41.48921" lon="9.06748"/>
            <trkpt lat="41.4891" lon="9.06783"/>
            <trkpt lat="41.48902" lon="9.06803"/>
            <trkpt lat="41.48884" lon="9.06843"/>
            <trkpt lat="41.48873" lon="9.06865"/>
            <trkpt lat="41.48869" lon="9.06872"/>
            <trkpt lat="41.4886" lon="9.06886"/>
            <trkpt lat="41.48853" lon="9.06899"/>
            <trkpt lat="41.4873" lon="9.07114"/>
            <trkpt lat="41.4867" lon="9.07218"/>
            <trkpt lat="41.48647" lon="9.07259"/>
            <trkpt lat="41.48526" lon="9.07471"/>
            <trkpt lat="41.48496" lon="9.07522"/>
            <trkpt lat="41.48446" lon="9.07611"/>
            <trkpt lat="41.48438" lon="9.07626"/>
            <trkpt lat="41.4843" lon="9.07639"/>
            <trkpt lat="41.48401" lon="9.0769"/>
            <trkpt lat="41.48395" lon="9.07695"/>
            <trkpt lat="41.48369" lon="9.07735"/>
            <trkpt lat="41.48343" lon="9.07779"/>
            <trkpt lat="41.48304" lon="9.07852"/>
            <trkpt lat="41.48302" lon="9.0786"/>
            <trkpt lat="41.48207" lon="9.08028"/>
            <trkpt lat="41.48155" lon="9.08119"/>
            <trkpt lat="41.4815" lon="9.08128"/>
            <trkpt lat="41.48102" lon="9.0821"/>
            <trkpt lat="41.47883" lon="9.08589"/>
            <trkpt lat="41.47862" lon="9.08621"/>
            <trkpt lat="41.47846" lon="9.0864"/>
            <trkpt lat="41.4778" lon="9.08709"/>
            <trkpt lat="41.47766" lon="9.08721"/>
            <trkpt lat="41.47364" lon="9.09103"/>
            <trkpt lat="41.47321" lon="9.09147"/>
            <trkpt lat="41.47295" lon="9.09178"/>
            <trkpt lat="41.4727" lon="9.09213"/>
            <trkpt lat="41.47236" lon="9.09268"/>
            <trkpt lat="41.47108" lon="9.09495"/>
            <trkpt lat="41.47085" lon="9.09525"/>
            <trkpt lat="41.47065" lon="9.09546"/>
            <trkpt lat="41.47047" lon="9.09566"/>
            <trkpt lat="41.47038" lon="9.09571"/>
            <trkpt lat="41.47008" lon="9.09607"/>
            <trkpt lat="41.46995" lon="9.09623"/>
            <trkpt lat="41.46965" lon="9.09668"/>
            <trkpt lat="41.46963" lon="9.0967"/>
            <trkpt lat="41.46958" lon="9.09677"/>
            <trkpt lat="41.46964" lon="9.09685"/>
            <trkpt lat="41.46972" lon="9.09702"/>
            <trkpt lat="41.46977" lon="9.09708"/>
            <trkpt lat="41.47055" lon="9.0981"/>
            <trkpt lat="41.4706" lon="9.09813"/>
            <trkpt lat="41.47205" lon="9.10006"/>
            <trkpt lat="41.47327" lon="9.10198"/>
            <trkpt lat="41.4735" lon="9.10233"/>
            <trkpt lat="41.47355" lon="9.10242"/>
            <trkpt lat="41.47372" lon="9.10273"/>
            <trkpt lat="41.47399" lon="9.10329"/>
            <trkpt lat="41.47409" lon="9.10356"/>
            <trkpt lat="41.47417" lon="9.10383"/>
            <trkpt lat="41.47421" lon="9.10398"/>
            <trkpt lat="41.47427" lon="9.10449"/>
            <trkpt lat="41.47429" lon="9.10474"/>
            <trkpt lat="41.47427" lon="9.10502"/>
            <trkpt lat="41.47424" lon="9.10537"/>
            <trkpt lat="41.47412" lon="9.10619"/>
            <trkpt lat="41.47406" lon="9.10663"/>
            <trkpt lat="41.47404" lon="9.10701"/>
            <trkpt lat="41.47405" lon="9.10732"/>
            <trkpt lat="41.47408" lon="9.10759"/>
            <trkpt lat="41.47411" lon="9.10774"/>
            <trkpt lat="41.47419" lon="9.10806"/>
            <trkpt lat="41.47425" lon="9.10824"/>
            <trkpt lat="41.47437" lon="9.10849"/>
            <trkpt lat="41.47451" lon="9.10873"/>
            <trkpt lat="41.4759" lon="9.11089"/>
            <trkpt lat="41.47623" lon="9.11135"/>
            <trkpt lat="41.47643" lon="9.11156"/>
            <trkpt lat="41.47677" lon="9.11187"/>
            <trkpt lat="41.47751" lon="9.11241"/>
            <trkpt lat="41.47776" lon="9.11257"/>
            <trkpt lat="41.47822" lon="9.11289"/>
            <trkpt lat="41.47827" lon="9.11292"/>
            <trkpt lat="41.47888" lon="9.11334"/>
            <trkpt lat="41.47922" lon="9.11358"/>
            <trkpt lat="41.47969" lon="9.11392"/>
            <trkpt lat="41.47995" lon="9.11409"/>
            <trkpt lat="41.48055" lon="9.11457"/>
            <trkpt lat="41.48057" lon="9.11458"/>
            <trkpt lat="41.48064" lon="9.11465"/>
            <trkpt lat="41.48073" lon="9.11476"/>
            <trkpt lat="41.48092" lon="9.11506"/>
            <trkpt lat="41.48129" lon="9.11585"/>
            <trkpt lat="41.4814" lon="9.11609"/>
            <trkpt lat="41.48168" lon="9.11664"/>
            <trkpt lat="41.48179" lon="9.11682"/>
            <trkpt lat="41.48199" lon="9.11705"/>
            <trkpt lat="41.48226" lon="9.11728"/>
            <trkpt lat="41.48245" lon="9.11742"/>
            <trkpt lat="41.48263" lon="9.11756"/>
            <trkpt lat="41.48289" lon="9.11778"/>
            <trkpt lat="41.48295" lon="9.11782"/>
            <trkpt lat="41.48308" lon="9.11795"/>
            <trkpt lat="41.4835" lon="9.11843"/>
            <trkpt lat="41.48367" lon="9.11865"/>
            <trkpt lat="41.48393" lon="9.119"/>
            <trkpt lat="41.48438" lon="9.1196"/>
            <trkpt lat="41.48456" lon="9.11985"/>
            <trkpt lat="41.48463" lon="9.11992"/>
            <trkpt lat="41.48474" lon="9.12"/>
            <trkpt lat="41.48483" lon="9.12008"/>
            <trkpt lat="41.48499" lon="9.1203"/>
            <trkpt lat="41.48497" lon="9.12032"/>
            <trkpt lat="41.48495" lon="9.12035"/>
            <trkpt lat="41.48494" lon="9.12039"/>
            <trkpt lat="41.48494" lon="9.12043"/>
            <trkpt lat="41.48494" lon="9.12047"/>
            <trkpt lat="41.48496" lon="9.1205"/>
            <trkpt lat="41.48498" lon="9.12053"/>
            <trkpt lat="41.485" lon="9.12055"/>
            <trkpt lat="41.48503" lon="9.12057"/>
            <trkpt lat="41.48505" lon="9.12057"/>
            <trkpt lat="41.48508" lon="9.12057"/>
            <trkpt lat="41.48511" lon="9.12055"/>
            <trkpt lat="41.48513" lon="9.12053"/>
            <trkpt lat="41.48515" lon="9.1205"/>
            <trkpt lat="41.48517" lon="9.12047"/>
            <trkpt lat="41.48517" lon="9.12043"/>
            <trkpt lat="41.48517" lon="9.12039"/>
            <trkpt lat="41.48516" lon="9.12035"/>
            <trkpt lat="41.48514" lon="9.12032"/>
            <trkpt lat="41.48518" lon="9.12029"/>
            <trkpt lat="41.48521" lon="9.12028"/>
            <trkpt lat="41.48524" lon="9.12028"/>
            <trkpt lat="41.48529" lon="9.12028"/>
            <trkpt lat="41.48535" lon="9.12031"/>
            <trkpt lat="41.48538" lon="9.12033"/>
            <trkpt lat="41.48543" lon="9.12039"/>
            <trkpt lat="41.48547" lon="9.12045"/>
            <trkpt lat="41.48581" lon="9.12114"/>
            <trkpt lat="41.48723" lon="9.12381"/>
            <trkpt lat="41.48771" lon="9.12455"/>
            <trkpt lat="41.48804" lon="9.12496"/>
            <trkpt lat="41.48812" lon="9.12506"/>
            <trkpt lat="41.48816" lon="9.1251"/>
            <trkpt lat="41.48821" lon="9.12513"/>
            <trkpt lat="41.48836" lon="9.12522"/>
            <trkpt lat="41.48848" lon="9.12527"/>
            <trkpt lat="41.48867" lon="9.12526"/>
            <trkpt lat="41.48896" lon="9.12527"/>
            <trkpt lat="41.48908" lon="9.12525"/>
            <trkpt lat="41.48955" lon="9.12517"/>
            <trkpt lat="41.48974" lon="9.125"/>
            <trkpt lat="41.48998" lon="9.12475"/>
            <trkpt lat="41.49028" lon="9.12451"/>
            <trkpt lat="41.49038" lon="9.12447"/>
            <trkpt lat="41.49082" lon="9.12432"/>
            <trkpt lat="41.49106" lon="9.12425"/>
            <trkpt lat="41.49194" lon="9.12417"/>
            <trkpt lat="41.49219" lon="9.12413"/>
            <trkpt lat="41.49233" lon="9.12411"/>
            <trkpt lat="41.49256" lon="9.12406"/>
            <trkpt lat="41.49266" lon="9.12402"/>
            <trkpt lat="41.49283" lon="9.12385"/>
            <trkpt lat="41.49313" lon="9.12354"/>
            <trkpt lat="41.49334" lon="9.12326"/>
            <trkpt lat="41.49359" lon="9.12287"/>
            <trkpt lat="41.4941" lon="9.12207"/>
            <trkpt lat="41.49433" lon="9.12183"/>
            <trkpt lat="41.49445" lon="9.12173"/>
            <trkpt lat="41.49458" lon="9.12168"/>
            <trkpt lat="41.4947" lon="9.12166"/>
            <trkpt lat="41.4947" lon="9.12167"/>
            <trkpt lat="41.4947" lon="9.12172"/>
            <trkpt lat="41.49471" lon="9.12177"/>
            <trkpt lat="41.49473" lon="9.12182"/>
            <trkpt lat="41.49476" lon="9.12186"/>
            <trkpt lat="41.49479" lon="9.12189"/>
            <trkpt lat="41.49482" lon="9.12192"/>
            <trkpt lat="41.49486" lon="9.12193"/>
            <trkpt lat="41.4949" lon="9.12194"/>
            <trkpt lat="41.49503" lon="9.12324"/>
            <trkpt lat="41.49526" lon="9.1249"/>
            <trkpt lat="41.49532" lon="9.12541"/>
            <trkpt lat="41.49535" lon="9.1259"/>
            <trkpt lat="41.49534" lon="9.12654"/>
            <trkpt lat="41.4953" lon="9.12747"/>
            <trkpt lat="41.49534" lon="9.12806"/>
            <trkpt lat="41.49535" lon="9.12814"/>
            <trkpt lat="41.49542" lon="9.12847"/>
            <trkpt lat="41.496" lon="9.13039"/>
            <trkpt lat="41.49606" lon="9.13063"/>
            <trkpt lat="41.49611" lon="9.13097"/>
            <trkpt lat="41.49636" lon="9.13396"/>
            <trkpt lat="41.49632" lon="9.13397"/>
            <trkpt lat="41.49629" lon="9.13398"/>
            <trkpt lat="41.49628" lon="9.13399"/>
            <trkpt lat="41.49626" lon="9.13401"/>
            <trkpt lat="41.49623" lon="9.13404"/>
            <trkpt lat="41.49622" lon="9.13407"/>
            <trkpt lat="41.4962" lon="9.13411"/>
            <trkpt lat="41.49619" lon="9.13414"/>
            <trkpt lat="41.49619" lon="9.1342"/>
            <trkpt lat="41.49619" lon="9.13424"/>
            <trkpt lat="41.4962" lon="9.13427"/>
            <trkpt lat="41.49621" lon="9.13431"/>
            <trkpt lat="41.49622" lon="9.13434"/>
            <trkpt lat="41.49624" lon="9.13436"/>
            <trkpt lat="41.49627" lon="9.13439"/>
            <trkpt lat="41.4963" lon="9.13441"/>
            <trkpt lat="41.49633" lon="9.13442"/>
            <trkpt lat="41.49639" lon="9.13443"/>
            <trkpt lat="41.49642" lon="9.13442"/>
            <trkpt lat="41.49643" lon="9.13442"/>
            <trkpt lat="41.49647" lon="9.13439"/>
            <trkpt lat="41.49649" lon="9.13437"/>
            <trkpt lat="41.4965" lon="9.13434"/>
            <trkpt lat="41.49652" lon="9.13431"/>
            <trkpt lat="41.49722" lon="9.1349"/>
            <trkpt lat="41.49771" lon="9.13538"/>
            <trkpt lat="41.49806" lon="9.13574"/>
            <trkpt lat="41.49851" lon="9.13617"/>
            <trkpt lat="41.4987" lon="9.13632"/>
            <trkpt lat="41.49893" lon="9.13648"/>
            <trkpt lat="41.49911" lon="9.13658"/>
            <trkpt lat="41.49936" lon="9.1367"/>
            <trkpt lat="41.49984" lon="9.13687"/>
            <trkpt lat="41.50051" lon="9.1371"/>
            <trkpt lat="41.50115" lon="9.13733"/>
            <trkpt lat="41.50145" lon="9.13748"/>
            <trkpt lat="41.50216" lon="9.13788"/>
            <trkpt lat="41.50236" lon="9.13803"/>
            <trkpt lat="41.50264" lon="9.13826"/>
            <trkpt lat="41.50287" lon="9.13848"/>
            <trkpt lat="41.50313" lon="9.13881"/>
            <trkpt lat="41.50365" lon="9.13958"/>
            <trkpt lat="41.50424" lon="9.14049"/>
            <trkpt lat="41.50432" lon="9.14063"/>
            <trkpt lat="41.5045" lon="9.14093"/>
            <trkpt lat="41.50456" lon="9.14106"/>
            <trkpt lat="41.50464" lon="9.14123"/>
            <trkpt lat="41.50568" lon="9.14355"/>
            <trkpt lat="41.50572" lon="9.14366"/>
            <trkpt lat="41.50593" lon="9.14412"/>
            <trkpt lat="41.50628" lon="9.14492"/>
            <trkpt lat="41.50635" lon="9.14508"/>
            <trkpt lat="41.50641" lon="9.14522"/>
            <trkpt lat="41.50658" lon="9.1456"/>
            <trkpt lat="41.50683" lon="9.14612"/>
            <trkpt lat="41.50708" lon="9.14657"/>
            <trkpt lat="41.50715" lon="9.14668"/>
            <trkpt lat="41.50747" lon="9.14715"/>
            <trkpt lat="41.50778" lon="9.14756"/>
            <trkpt lat="41.50804" lon="9.14787"/>
            <trkpt lat="41.50834" lon="9.14817"/>
            <trkpt lat="41.50869" lon="9.14849"/>
            <trkpt lat="41.5095" lon="9.14918"/>
            <trkpt lat="41.51065" lon="9.15013"/>
            <trkpt lat="41.51249" lon="9.15166"/>
            <trkpt lat="41.51496" lon="9.15374"/>
            <trkpt lat="41.51549" lon="9.15417"/>
            <trkpt lat="41.51676" lon="9.15521"/>
            <trkpt lat="41.51696" lon="9.15543"/>
            <trkpt lat="41.51755" lon="9.15596"/>
            <trkpt lat="41.51824" lon="9.15653"/>
            <trkpt lat="41.51862" lon="9.15686"/>
            <trkpt lat="41.51907" lon="9.15722"/>
            <trkpt lat="41.51915" lon="9.15728"/>
            <trkpt lat="41.51953" lon="9.15752"/>
            <trkpt lat="41.5198" lon="9.15763"/>
            <trkpt lat="41.52048" lon="9.15786"/>
            <trkpt lat="41.52073" lon="9.1579"/>
            <trkpt lat="41.52108" lon="9.15793"/>
            <trkpt lat="41.52175" lon="9.15789"/>
            <trkpt lat="41.5221" lon="9.15786"/>
            <trkpt lat="41.52254" lon="9.15779"/>
            <trkpt lat="41.52295" lon="9.1578"/>
            <trkpt lat="41.52314" lon="9.15783"/>
            <trkpt lat="41.52328" lon="9.15788"/>
            <trkpt lat="41.52359" lon="9.15803"/>
            <trkpt lat="41.52393" lon="9.15827"/>
            <trkpt lat="41.52425" lon="9.15849"/>
            <trkpt lat="41.5245" lon="9.1587"/>
            <trkpt lat="41.52492" lon="9.15902"/>
            <trkpt lat="41.52602" lon="9.15993"/>
            <trkpt lat="41.52716" lon="9.16083"/>
            <trkpt lat="41.52723" lon="9.16089"/>
            <trkpt lat="41.52772" lon="9.1613"/>
            <trkpt lat="41.52832" lon="9.16186"/>
            <trkpt lat="41.52833" lon="9.16187"/>
            <trkpt lat="41.52908" lon="9.1626"/>
            <trkpt lat="41.52996" lon="9.16344"/>
            <trkpt lat="41.53101" lon="9.16443"/>
            <trkpt lat="41.53147" lon="9.16487"/>
            <trkpt lat="41.53164" lon="9.16504"/>
            <trkpt lat="41.53224" lon="9.16564"/>
            <trkpt lat="41.53329" lon="9.16677"/>
            <trkpt lat="41.53402" lon="9.16757"/>
            <trkpt lat="41.53415" lon="9.16774"/>
            <trkpt lat="41.53445" lon="9.16816"/>
            <trkpt lat="41.53472" lon="9.16862"/>
            <trkpt lat="41.53491" lon="9.16901"/>
            <trkpt lat="41.53533" lon="9.17023"/>
            <trkpt lat="41.53546" lon="9.17059"/>
            <trkpt lat="41.53576" lon="9.17138"/>
            <trkpt lat="41.53613" lon="9.17229"/>
            <trkpt lat="41.53613" lon="9.1724"/>
            <trkpt lat="41.53629" lon="9.1728"/>
            <trkpt lat="41.53642" lon="9.17313"/>
            <trkpt lat="41.5365" lon="9.17335"/>
            <trkpt lat="41.53664" lon="9.17374"/>
            <trkpt lat="41.53672" lon="9.17396"/>
            <trkpt lat="41.53678" lon="9.17403"/>
            <trkpt lat="41.5372" lon="9.17506"/>
            <trkpt lat="41.53729" lon="9.17524"/>
            <trkpt lat="41.53749" lon="9.17557"/>
            <trkpt lat="41.53765" lon="9.17577"/>
            <trkpt lat="41.53829" lon="9.17653"/>
            <trkpt lat="41.53838" lon="9.17666"/>
            <trkpt lat="41.53862" lon="9.17707"/>
            <trkpt lat="41.53869" lon="9.17722"/>
            <trkpt lat="41.53875" lon="9.17737"/>
            <trkpt lat="41.5388" lon="9.17753"/>
            <trkpt lat="41.53884" lon="9.1777"/>
            <trkpt lat="41.53887" lon="9.17792"/>
            <trkpt lat="41.53889" lon="9.17813"/>
            <trkpt lat="41.53889" lon="9.17885"/>
            <trkpt lat="41.53883" lon="9.18043"/>
            <trkpt lat="41.53881" lon="9.18065"/>
            <trkpt lat="41.53872" lon="9.18123"/>
            <trkpt lat="41.53863" lon="9.18177"/>
            <trkpt lat="41.5386" lon="9.18208"/>
            <trkpt lat="41.53861" lon="9.18238"/>
            <trkpt lat="41.53862" lon="9.18262"/>
            <trkpt lat="41.53865" lon="9.18282"/>
            <trkpt lat="41.53872" lon="9.18319"/>
            <trkpt lat="41.53885" lon="9.18353"/>
            <trkpt lat="41.53892" lon="9.18368"/>
            <trkpt lat="41.53902" lon="9.18384"/>
            <trkpt lat="41.53919" lon="9.18406"/>
            <trkpt lat="41.53942" lon="9.18428"/>
            <trkpt lat="41.53963" lon="9.18443"/>
            <trkpt lat="41.53987" lon="9.18452"/>
            <trkpt lat="41.54006" lon="9.18457"/>
            <trkpt lat="41.54026" lon="9.18461"/>
            <trkpt lat="41.54055" lon="9.18464"/>
            <trkpt lat="41.54087" lon="9.18462"/>
            <trkpt lat="41.54116" lon="9.18458"/>
            <trkpt lat="41.54135" lon="9.18457"/>
            <trkpt lat="41.54144" lon="9.18456"/>
            <trkpt lat="41.54162" lon="9.18457"/>
            <trkpt lat="41.5418" lon="9.18458"/>
            <trkpt lat="41.54239" lon="9.18467"/>
            <trkpt lat="41.54279" lon="9.18477"/>
            <trkpt lat="41.54289" lon="9.18481"/>
            <trkpt lat="41.54308" lon="9.18492"/>
            <trkpt lat="41.54317" lon="9.185"/>
            <trkpt lat="41.54321" lon="9.18505"/>
            <trkpt lat="41.54342" lon="9.18534"/>
            <trkpt lat="41.54352" lon="9.18553"/>
            <trkpt lat="41.54385" lon="9.18631"/>
            <trkpt lat="41.5439" lon="9.18646"/>
            <trkpt lat="41.54397" lon="9.18675"/>
            <trkpt lat="41.54399" lon="9.18692"/>
            <trkpt lat="41.54399" lon="9.18709"/>
            <trkpt lat="41.54398" lon="9.18726"/>
            <trkpt lat="41.54392" lon="9.18751"/>
            <trkpt lat="41.54385" lon="9.18767"/>
            <trkpt lat="41.54378" lon="9.18779"/>
            <trkpt lat="41.54366" lon="9.18797"/>
            <trkpt lat="41.5436" lon="9.18804"/>
            <trkpt lat="41.54354" lon="9.18809"/>
            <trkpt lat="41.54316" lon="9.18851"/>
            <trkpt lat="41.54311" lon="9.18857"/>
            <trkpt lat="41.54302" lon="9.1887"/>
            <trkpt lat="41.54297" lon="9.18885"/>
            <trkpt lat="41.54296" lon="9.18893"/>
            <trkpt lat="41.54294" lon="9.18904"/>
            <trkpt lat="41.54294" lon="9.18914"/>
            <trkpt lat="41.54295" lon="9.18923"/>
            <trkpt lat="41.54297" lon="9.18935"/>
            <trkpt lat="41.54303" lon="9.18955"/>
            <trkpt lat="41.54309" lon="9.18969"/>
            <trkpt lat="41.54312" lon="9.18973"/>
            <trkpt lat="41.54316" lon="9.18979"/>
            <trkpt lat="41.54321" lon="9.18984"/>
            <trkpt lat="41.54327" lon="9.18989"/>
            <trkpt lat="41.54334" lon="9.18993"/>
            <trkpt lat="41.54348" lon="9.18998"/>
            <trkpt lat="41.54376" lon="9.19002"/>
            <trkpt lat="41.54384" lon="9.19003"/>
            <trkpt lat="41.54394" lon="9.19006"/>
            <trkpt lat="41.544" lon="9.19008"/>
            <trkpt lat="41.54406" lon="9.19012"/>
            <trkpt lat="41.5442" lon="9.19023"/>
            <trkpt lat="41.54434" lon="9.19039"/>
            <trkpt lat="41.54444" lon="9.1905"/>
            <trkpt lat="41.54463" lon="9.19079"/>
            <trkpt lat="41.54492" lon="9.19133"/>
            <trkpt lat="41.54505" lon="9.1917"/>
            <trkpt lat="41.54531" lon="9.19232"/>
            <trkpt lat="41.54539" lon="9.19255"/>
            <trkpt lat="41.54539" lon="9.19272"/>
            <trkpt lat="41.54535" lon="9.19294"/>
            <trkpt lat="41.54533" lon="9.19335"/>
            <trkpt lat="41.54532" lon="9.19361"/>
            <trkpt lat="41.5453" lon="9.19374"/>
            <trkpt lat="41.54516" lon="9.19402"/>
            <trkpt lat="41.54514" lon="9.19411"/>
            <trkpt lat="41.54512" lon="9.19422"/>
            <trkpt lat="41.54514" lon="9.19453"/>
            <trkpt lat="41.54514" lon="9.19469"/>
            <trkpt lat="41.54516" lon="9.19507"/>
            <trkpt lat="41.54516" lon="9.19523"/>
            <trkpt lat="41.54515" lon="9.19532"/>
            <trkpt lat="41.54511" lon="9.19556"/>
            <trkpt lat="41.54506" lon="9.19572"/>
            <trkpt lat="41.54496" lon="9.19592"/>
            <trkpt lat="41.5446" lon="9.19663"/>
            <trkpt lat="41.54426" lon="9.19728"/>
            <trkpt lat="41.54407" lon="9.19763"/>
            <trkpt lat="41.54388" lon="9.19804"/>
            <trkpt lat="41.54379" lon="9.19828"/>
            <trkpt lat="41.54378" lon="9.19838"/>
            <trkpt lat="41.54379" lon="9.19849"/>
            <trkpt lat="41.54381" lon="9.19858"/>
            <trkpt lat="41.54397" lon="9.199"/>
            <trkpt lat="41.54409" lon="9.19922"/>
            <trkpt lat="41.54437" lon="9.19962"/>
            <trkpt lat="41.545" lon="9.20062"/>
            <trkpt lat="41.54514" lon="9.20086"/>
            <trkpt lat="41.54516" lon="9.20091"/>
            <trkpt lat="41.54519" lon="9.20101"/>
            <trkpt lat="41.54525" lon="9.20117"/>
            <trkpt lat="41.5453" lon="9.20145"/>
            <trkpt lat="41.54533" lon="9.2018"/>
            <trkpt lat="41.54534" lon="9.20187"/>
            <trkpt lat="41.54532" lon="9.20191"/>
            <trkpt lat="41.54532" lon="9.20203"/>
            <trkpt lat="41.54533" lon="9.20214"/>
            <trkpt lat="41.54535" lon="9.20232"/>
            <trkpt lat="41.54539" lon="9.20248"/>
            <trkpt lat="41.5454" lon="9.20254"/>
            <trkpt lat="41.54543" lon="9.20257"/>
            <trkpt lat="41.54548" lon="9.20281"/>
            <trkpt lat="41.54568" lon="9.20368"/>
            <trkpt lat="41.54565" lon="9.20371"/>
            <trkpt lat="41.54564" lon="9.20374"/>
            <trkpt lat="41.54564" lon="9.20378"/>
            <trkpt lat="41.54564" lon="9.20382"/>
            <trkpt lat="41.54565" lon="9.20386"/>
            <trkpt lat="41.54567" lon="9.20388"/>
            <trkpt lat="41.54569" lon="9.20391"/>
            <trkpt lat="41.54571" lon="9.20392"/>
            <trkpt lat="41.54573" lon="9.20393"/>
            <trkpt lat="41.54576" lon="9.20392"/>
            <trkpt lat="41.5459" lon="9.20421"/>
            <trkpt lat="41.54621" lon="9.20467"/>
            <trkpt lat="41.54645" lon="9.20517"/>
            <trkpt lat="41.54668" lon="9.20568"/>
            <trkpt lat="41.54707" lon="9.20654"/>
            <trkpt lat="41.5473" lon="9.20704"/>
            <trkpt lat="41.54751" lon="9.20753"/>
            <trkpt lat="41.5483" lon="9.20921"/>
            <trkpt lat="41.54927" lon="9.21119"/>
            <trkpt lat="41.54939" lon="9.2114"/>
            <trkpt lat="41.54958" lon="9.21165"/>
            <trkpt lat="41.54983" lon="9.21188"/>
            <trkpt lat="41.54997" lon="9.21198"/>
            <trkpt lat="41.55019" lon="9.21209"/>
            <trkpt lat="41.55029" lon="9.21213"/>
            <trkpt lat="41.55051" lon="9.21221"/>
            <trkpt lat="41.55065" lon="9.21226"/>
            <trkpt lat="41.551" lon="9.21242"/>
            <trkpt lat="41.55116" lon="9.21252"/>
            <trkpt lat="41.5513" lon="9.21258"/>
            <trkpt lat="41.55129" lon="9.21261"/>
            <trkpt lat="41.55128" lon="9.21266"/>
            <trkpt lat="41.55128" lon="9.2127"/>
            <trkpt lat="41.55129" lon="9.21274"/>
            <trkpt lat="41.5513" lon="9.21277"/>
            <trkpt lat="41.55132" lon="9.2128"/>
            <trkpt lat="41.55135" lon="9.21283"/>
            <trkpt lat="41.55138" lon="9.21284"/>
            <trkpt lat="41.55141" lon="9.21285"/>
            <trkpt lat="41.55145" lon="9.21284"/>
            <trkpt lat="41.55148" lon="9.21283"/>
            <trkpt lat="41.55154" lon="9.21303"/>
            <trkpt lat="41.55167" lon="9.21334"/>
            <trkpt lat="41.55197" lon="9.21412"/>
            <trkpt lat="41.55246" lon="9.2154"/>
            <trkpt lat="41.55315" lon="9.2172"/>
            <trkpt lat="41.55332" lon="9.2177"/>
            <trkpt lat="41.55338" lon="9.21798"/>
            <trkpt lat="41.55343" lon="9.21838"/>
            <trkpt lat="41.55344" lon="9.21841"/>
            <trkpt lat="41.55344" lon="9.21856"/>
            <trkpt lat="41.55345" lon="9.21898"/>
            <trkpt lat="41.55323" lon="9.22258"/>
            <trkpt lat="41.55322" lon="9.22305"/>
            <trkpt lat="41.55325" lon="9.22369"/>
            <trkpt lat="41.55332" lon="9.22407"/>
            <trkpt lat="41.55345" lon="9.22452"/>
            <trkpt lat="41.55364" lon="9.22498"/>
            <trkpt lat="41.55394" lon="9.22553"/>
            <trkpt lat="41.55429" lon="9.2261"/>
            <trkpt lat="41.55489" lon="9.22709"/>
            <trkpt lat="41.55505" lon="9.22735"/>
            <trkpt lat="41.55582" lon="9.22852"/>
            <trkpt lat="41.55594" lon="9.2287"/>
            <trkpt lat="41.55657" lon="9.22959"/>
            <trkpt lat="41.55679" lon="9.22989"/>
            <trkpt lat="41.55687" lon="9.22998"/>
            <trkpt lat="41.55706" lon="9.23017"/>
            <trkpt lat="41.55743" lon="9.23048"/>
            <trkpt lat="41.55814" lon="9.23105"/>
            <trkpt lat="41.55834" lon="9.23122"/>
            <trkpt lat="41.55863" lon="9.23144"/>
            <trkpt lat="41.55903" lon="9.23171"/>
            <trkpt lat="41.5594" lon="9.23198"/>
            <trkpt lat="41.55981" lon="9.23224"/>
            <trkpt lat="41.56036" lon="9.23261"/>
            <trkpt lat="41.56058" lon="9.23277"/>
            <trkpt lat="41.5608" lon="9.23294"/>
            <trkpt lat="41.56108" lon="9.23319"/>
            <trkpt lat="41.56123" lon="9.23338"/>
            <trkpt lat="41.56149" lon="9.23413"/>
            <trkpt lat="41.56157" lon="9.23435"/>
            <trkpt lat="41.56163" lon="9.23459"/>
            <trkpt lat="41.56176" lon="9.23511"/>
            <trkpt lat="41.56177" lon="9.2353"/>
            <trkpt lat="41.56175" lon="9.23549"/>
            <trkpt lat="41.56164" lon="9.23672"/>
            <trkpt lat="41.56164" lon="9.23711"/>
            <trkpt lat="41.56166" lon="9.23786"/>
            <trkpt lat="41.56166" lon="9.23804"/>
            <trkpt lat="41.56165" lon="9.23852"/>
            <trkpt lat="41.56164" lon="9.23879"/>
            <trkpt lat="41.56164" lon="9.2391"/>
            <trkpt lat="41.56166" lon="9.23919"/>
            <trkpt lat="41.56167" lon="9.23927"/>
            <trkpt lat="41.56167" lon="9.23934"/>
            <trkpt lat="41.56174" lon="9.23959"/>
            <trkpt lat="41.56185" lon="9.2398"/>
            <trkpt lat="41.5619" lon="9.23988"/>
            <trkpt lat="41.56209" lon="9.24004"/>
            <trkpt lat="41.56224" lon="9.24015"/>
            <trkpt lat="41.5623" lon="9.24018"/>
            <trkpt lat="41.56255" lon="9.24037"/>
            <trkpt lat="41.56272" lon="9.24054"/>
            <trkpt lat="41.56281" lon="9.24059"/>
            <trkpt lat="41.56288" lon="9.24067"/>
            <trkpt lat="41.56306" lon="9.24087"/>
            <trkpt lat="41.56318" lon="9.24104"/>
            <trkpt lat="41.5634" lon="9.2413"/>
            <trkpt lat="41.56374" lon="9.24171"/>
            <trkpt lat="41.5639" lon="9.2419"/>
            <trkpt lat="41.56409" lon="9.24212"/>
            <trkpt lat="41.5644" lon="9.2425"/>
            <trkpt lat="41.56446" lon="9.24258"/>
            <trkpt lat="41.56449" lon="9.24262"/>
            <trkpt lat="41.56452" lon="9.24266"/>
            <trkpt lat="41.56465" lon="9.24288"/>
            <trkpt lat="41.56472" lon="9.24306"/>
            <trkpt lat="41.56482" lon="9.24339"/>
            <trkpt lat="41.56496" lon="9.24417"/>
            <trkpt lat="41.56502" lon="9.24442"/>
            <trkpt lat="41.56532" lon="9.24548"/>
            <trkpt lat="41.56537" lon="9.24564"/>
            <trkpt lat="41.56542" lon="9.24575"/>
            <trkpt lat="41.56557" lon="9.24597"/>
            <trkpt lat="41.56586" lon="9.24631"/>
            <trkpt lat="41.56598" lon="9.24645"/>
            <trkpt lat="41.56611" lon="9.24664"/>
            <trkpt lat="41.56617" lon="9.24675"/>
            <trkpt lat="41.56622" lon="9.24687"/>
            <trkpt lat="41.56626" lon="9.24698"/>
            <trkpt lat="41.56631" lon="9.24714"/>
            <trkpt lat="41.56639" lon="9.24756"/>
            <trkpt lat="41.56648" lon="9.24802"/>
            <trkpt lat="41.5665" lon="9.24816"/>
            <trkpt lat="41.56659" lon="9.2491"/>
            <trkpt lat="41.56666" lon="9.24982"/>
            <trkpt lat="41.56674" lon="9.25047"/>
            <trkpt lat="41.56674" lon="9.25049"/>
            <trkpt lat="41.56684" lon="9.25186"/>
            <trkpt lat="41.56683" lon="9.25217"/>
            <trkpt lat="41.56674" lon="9.25301"/>
            <trkpt lat="41.56669" lon="9.25335"/>
            <trkpt lat="41.56665" lon="9.2538"/>
            <trkpt lat="41.56667" lon="9.25404"/>
            <trkpt lat="41.56671" lon="9.25422"/>
            <trkpt lat="41.56722" lon="9.25569"/>
            <trkpt lat="41.56727" lon="9.25587"/>
            <trkpt lat="41.56731" lon="9.25605"/>
            <trkpt lat="41.56735" lon="9.25649"/>
            <trkpt lat="41.56739" lon="9.25691"/>
            <trkpt lat="41.56744" lon="9.2574"/>
            <trkpt lat="41.56746" lon="9.25766"/>
            <trkpt lat="41.56748" lon="9.25788"/>
            <trkpt lat="41.56752" lon="9.25828"/>
            <trkpt lat="41.5677" lon="9.25998"/>
            <trkpt lat="41.56778" lon="9.26075"/>
            <trkpt lat="41.56785" lon="9.26135"/>
            <trkpt lat="41.56786" lon="9.26147"/>
            <trkpt lat="41.56792" lon="9.262"/>
            <trkpt lat="41.56803" lon="9.26296"/>
            <trkpt lat="41.56812" lon="9.26388"/>
            <trkpt lat="41.56815" lon="9.26416"/>
            <trkpt lat="41.56816" lon="9.26428"/>
            <trkpt lat="41.56819" lon="9.26446"/>
            <trkpt lat="41.56856" lon="9.26627"/>
            <trkpt lat="41.56899" lon="9.26824"/>
            <trkpt lat="41.5691" lon="9.26873"/>
            <trkpt lat="41.56934" lon="9.26982"/>
            <trkpt lat="41.56942" lon="9.27023"/>
            <trkpt lat="41.56959" lon="9.271"/>
            <trkpt lat="41.5697" lon="9.27137"/>
            <trkpt lat="41.56984" lon="9.27169"/>
            <trkpt lat="41.56995" lon="9.27188"/>
            <trkpt lat="41.57006" lon="9.27203"/>
            <trkpt lat="41.56998" lon="9.27215"/>
            <trkpt lat="41.56995" lon="9.27221"/>
            <trkpt lat="41.56993" lon="9.27226"/>
            <trkpt lat="41.56992" lon="9.27231"/>
            <trkpt lat="41.56991" lon="9.27244"/>
            <trkpt lat="41.56991" lon="9.27246"/>
            <trkpt lat="41.56991" lon="9.27253"/>
            <trkpt lat="41.56996" lon="9.27284"/>
            <trkpt lat="41.57006" lon="9.27336"/>
            <trkpt lat="41.57006" lon="9.27346"/>
            <trkpt lat="41.5701" lon="9.27375"/>
            <trkpt lat="41.5701" lon="9.2738"/>
            <trkpt lat="41.57008" lon="9.27389"/>
            <trkpt lat="41.57007" lon="9.27395"/>
            <trkpt lat="41.57" lon="9.27401"/>
            <trkpt lat="41.56981" lon="9.274"/>
            <trkpt lat="41.56978" lon="9.27402"/>
            <trkpt lat="41.56955" lon="9.27399"/>
            <trkpt lat="41.56859" lon="9.27387"/>
            <trkpt lat="41.56807" lon="9.2738"/>
            <trkpt lat="41.56784" lon="9.27373"/>
            <trkpt lat="41.56769" lon="9.27367"/>
            <trkpt lat="41.56769" lon="9.27366"/>
            <trkpt lat="41.56769" lon="9.27364"/>
            <trkpt lat="41.56768" lon="9.27361"/>
            <trkpt lat="41.56766" lon="9.27359"/>
            <trkpt lat="41.56764" lon="9.27357"/>
            <trkpt lat="41.56761" lon="9.27357"/>
            <trkpt lat="41.56758" lon="9.27357"/>
            <trkpt lat="41.56756" lon="9.27359"/>
            <trkpt lat="41.56754" lon="9.27361"/>
            <trkpt lat="41.56753" lon="9.27363"/>
            <trkpt lat="41.56747" lon="9.27362"/>
            <trkpt lat="41.56722" lon="9.27361"/>
            <trkpt lat="41.567" lon="9.27358"/>
            <trkpt lat="41.56647" lon="9.27352"/>
            <trkpt lat="41.56626" lon="9.2735"/>
            <trkpt lat="41.56559" lon="9.27347"/>
            <trkpt lat="41.56468" lon="9.27336"/>
            <trkpt lat="41.56375" lon="9.27324"/>
            <trkpt lat="41.56331" lon="9.27319"/>
            <trkpt lat="41.56298" lon="9.27314"/>
            <trkpt lat="41.56292" lon="9.27314"/>
            <trkpt lat="41.56285" lon="9.27316"/>
            <trkpt lat="41.56264" lon="9.27318"/>
            <trkpt lat="41.56264" lon="9.27314"/>
            <trkpt lat="41.56262" lon="9.27311"/>
            <trkpt lat="41.5626" lon="9.27308"/>
            <trkpt lat="41.56258" lon="9.27306"/>
            <trkpt lat="41.56256" lon="9.27305"/>
            <trkpt lat="41.56253" lon="9.27305"/>
            <trkpt lat="41.5625" lon="9.27306"/>
            <trkpt lat="41.56248" lon="9.27308"/>
            <trkpt lat="41.56246" lon="9.27311"/>
            <trkpt lat="41.56245" lon="9.27314"/>
            <trkpt lat="41.56221" lon="9.27306"/>
            <trkpt lat="41.56214" lon="9.27305"/>
            <trkpt lat="41.5616" lon="9.27299"/>
            <trkpt lat="41.56079" lon="9.27288"/>
            <trkpt lat="41.56068" lon="9.27287"/>
            <trkpt lat="41.5604" lon="9.27283"/>
            <trkpt lat="41.5603" lon="9.27282"/>
            <trkpt lat="41.55969" lon="9.27273"/>
            <trkpt lat="41.55909" lon="9.27258"/>
            <trkpt lat="41.55902" lon="9.27256"/>
            <trkpt lat="41.55892" lon="9.27254"/>
            <trkpt lat="41.55886" lon="9.27249"/>
            <trkpt lat="41.55875" lon="9.27246"/>
            <trkpt lat="41.55852" lon="9.2724"/>
            <trkpt lat="41.55834" lon="9.27236"/>
            <trkpt lat="41.55828" lon="9.27239"/>
            <trkpt lat="41.55757" lon="9.2722"/>
            <trkpt lat="41.55698" lon="9.27203"/>
            <trkpt lat="41.5555" lon="9.27161"/>
            <trkpt lat="41.55401" lon="9.27117"/>
            <trkpt lat="41.55333" lon="9.27097"/>
            <trkpt lat="41.55238" lon="9.2707"/>
            <trkpt lat="41.55029" lon="9.2701"/>
            <trkpt lat="41.54997" lon="9.27001"/>
            <trkpt lat="41.54982" lon="9.26997"/>
            <trkpt lat="41.54879" lon="9.26967"/>
            <trkpt lat="41.54807" lon="9.26946"/>
            <trkpt lat="41.54766" lon="9.26934"/>
            <trkpt lat="41.54741" lon="9.26927"/>
            <trkpt lat="41.54714" lon="9.26919"/>
            <trkpt lat="41.54709" lon="9.26918"/>
            <trkpt lat="41.54695" lon="9.26911"/>
            <trkpt lat="41.54696" lon="9.26907"/>
            <trkpt lat="41.54695" lon="9.26903"/>
            <trkpt lat="41.54695" lon="9.269"/>
            <trkpt lat="41.54693" lon="9.26897"/>
            <trkpt lat="41.54691" lon="9.26895"/>
            <trkpt lat="41.54688" lon="9.26894"/>
            <trkpt lat="41.54686" lon="9.26894"/>
            <trkpt lat="41.54683" lon="9.26894"/>
            <trkpt lat="41.54681" lon="9.26895"/>
            <trkpt lat="41.54679" lon="9.26896"/>
            <trkpt lat="41.54677" lon="9.26901"/>
            <trkpt lat="41.54676" lon="9.26903"/>
            <trkpt lat="41.54639" lon="9.26898"/>
            <trkpt lat="41.54636" lon="9.26898"/>
            <trkpt lat="41.54603" lon="9.26889"/>
            <trkpt lat="41.5457" lon="9.26879"/>
            <trkpt lat="41.54494" lon="9.26857"/>
            <trkpt lat="41.54487" lon="9.26856"/>
            <trkpt lat="41.54424" lon="9.26837"/>
            <trkpt lat="41.54381" lon="9.26824"/>
            <trkpt lat="41.54334" lon="9.26809"/>
            <trkpt lat="41.54279" lon="9.26789"/>
            <trkpt lat="41.54264" lon="9.26784"/>
            <trkpt lat="41.54176" lon="9.2675"/>
            <trkpt lat="41.54017" lon="9.26689"/>
            <trkpt lat="41.53971" lon="9.26671"/>
            <trkpt lat="41.53962" lon="9.26668"/>
            <trkpt lat="41.53828" lon="9.26617"/>
            <trkpt lat="41.53768" lon="9.26594"/>
            <trkpt lat="41.53683" lon="9.26561"/>
            <trkpt lat="41.53606" lon="9.26532"/>
            <trkpt lat="41.53385" lon="9.26447"/>
            <trkpt lat="41.5337" lon="9.26467"/>
            <trkpt lat="41.53366" lon="9.26474"/>
            <trkpt lat="41.53361" lon="9.2651"/>
            <trkpt lat="41.53365" lon="9.26521"/>
            <trkpt lat="41.53368" lon="9.26535"/>
            <trkpt lat="41.53375" lon="9.26559"/>
            <trkpt lat="41.53382" lon="9.26587"/>
            <trkpt lat="41.53384" lon="9.26604"/>
            <trkpt lat="41.53382" lon="9.26648"/>
            <trkpt lat="41.53383" lon="9.26668"/>
            <trkpt lat="41.53394" lon="9.26757"/>
            <trkpt lat="41.53398" lon="9.26818"/>
            <trkpt lat="41.53396" lon="9.26837"/>
            <trkpt lat="41.53394" lon="9.26868"/>
            <trkpt lat="41.53394" lon="9.26884"/>
            <trkpt lat="41.53394" lon="9.26889"/>
            <trkpt lat="41.53396" lon="9.26894"/>
            <trkpt lat="41.53402" lon="9.26911"/>
            <trkpt lat="41.53411" lon="9.26926"/>
            <trkpt lat="41.53417" lon="9.26945"/>
            <trkpt lat="41.53417" lon="9.26964"/>
            <trkpt lat="41.53413" lon="9.26981"/>
            <trkpt lat="41.53398" lon="9.27008"/>
            <trkpt lat="41.5339" lon="9.27018"/>
            <trkpt lat="41.53369" lon="9.27038"/>
            <trkpt lat="41.53351" lon="9.27061"/>
            <trkpt lat="41.53325" lon="9.271"/>
            <trkpt lat="41.53296" lon="9.27155"/>
            <trkpt lat="41.53281" lon="9.27176"/>
            <trkpt lat="41.5328" lon="9.27175"/>
            <trkpt lat="41.53278" lon="9.27173"/>
            <trkpt lat="41.53276" lon="9.27172"/>
            <trkpt lat="41.53274" lon="9.27172"/>
            <trkpt lat="41.53271" lon="9.27173"/>
            <trkpt lat="41.53269" lon="9.27175"/>
            <trkpt lat="41.53268" lon="9.27177"/>
            <trkpt lat="41.53267" lon="9.27181"/>
            <trkpt lat="41.53267" lon="9.27184"/>
            <trkpt lat="41.53267" lon="9.27187"/>
            <trkpt lat="41.53268" lon="9.2719"/>
            <trkpt lat="41.5327" lon="9.27192"/>
            <trkpt lat="41.53272" lon="9.27194"/>
            <trkpt lat="41.53273" lon="9.27194"/>
            <trkpt lat="41.5327" lon="9.27219"/>
            <trkpt lat="41.53269" lon="9.27227"/>
            <trkpt lat="41.53268" lon="9.27229"/>
            <trkpt lat="41.53267" lon="9.27233"/>
            <trkpt lat="41.53265" lon="9.27237"/>
            <trkpt lat="41.53261" lon="9.2724"/>
            <trkpt lat="41.53251" lon="9.27246"/>
            <trkpt lat="41.53221" lon="9.27264"/>
            <trkpt lat="41.53202" lon="9.27269"/>
            <trkpt lat="41.53173" lon="9.27269"/>
            <trkpt lat="41.53169" lon="9.27303"/>
            <trkpt lat="41.53176" lon="9.27337"/>
            <trkpt lat="41.5318" lon="9.27363"/>
            <trkpt lat="41.5318" lon="9.27363"/>
            <trkpt lat="41.53176" lon="9.27337"/>
            <trkpt lat="41.53169" lon="9.27303"/>
            <trkpt lat="41.53173" lon="9.27269"/>
            <trkpt lat="41.53202" lon="9.27269"/>
            <trkpt lat="41.53221" lon="9.27264"/>
            <trkpt lat="41.53251" lon="9.27246"/>
            <trkpt lat="41.53261" lon="9.2724"/>
            <trkpt lat="41.53265" lon="9.27237"/>
            <trkpt lat="41.53267" lon="9.27233"/>
            <trkpt lat="41.53268" lon="9.27229"/>
            <trkpt lat="41.53269" lon="9.27227"/>
            <trkpt lat="41.5327" lon="9.27219"/>
            <trkpt lat="41.53273" lon="9.27194"/>
            <trkpt lat="41.53278" lon="9.27193"/>
            <trkpt lat="41.5328" lon="9.27191"/>
            <trkpt lat="41.53283" lon="9.27187"/>
            <trkpt lat="41.53283" lon="9.27184"/>
            <trkpt lat="41.53283" lon="9.27181"/>
            <trkpt lat="41.53282" lon="9.27177"/>
            <trkpt lat="41.53281" lon="9.27176"/>
            <trkpt lat="41.53296" lon="9.27155"/>
            <trkpt lat="41.53325" lon="9.271"/>
            <trkpt lat="41.53351" lon="9.27061"/>
            <trkpt lat="41.53369" lon="9.27038"/>
            <trkpt lat="41.5339" lon="9.27018"/>
            <trkpt lat="41.53398" lon="9.27008"/>
            <trkpt lat="41.53413" lon="9.26981"/>
            <trkpt lat="41.53417" lon="9.26964"/>
            <trkpt lat="41.53417" lon="9.26945"/>
            <trkpt lat="41.53411" lon="9.26926"/>
            <trkpt lat="41.53402" lon="9.26911"/>
            <trkpt lat="41.53396" lon="9.26894"/>
            <trkpt lat="41.53394" lon="9.26889"/>
            <trkpt lat="41.53394" lon="9.26884"/>
            <trkpt lat="41.53394" lon="9.26868"/>
            <trkpt lat="41.53396" lon="9.26837"/>
            <trkpt lat="41.53398" lon="9.26818"/>
            <trkpt lat="41.53394" lon="9.26757"/>
            <trkpt lat="41.53383" lon="9.26668"/>
            <trkpt lat="41.53382" lon="9.26648"/>
            <trkpt lat="41.53384" lon="9.26604"/>
            <trkpt lat="41.53382" lon="9.26587"/>
            <trkpt lat="41.53375" lon="9.26559"/>
            <trkpt lat="41.53368" lon="9.26535"/>
            <trkpt lat="41.53365" lon="9.26521"/>
            <trkpt lat="41.53361" lon="9.2651"/>
            <trkpt lat="41.53366" lon="9.26474"/>
            <trkpt lat="41.5337" lon="9.26467"/>
            <trkpt lat="41.53385" lon="9.26447"/>
            <trkpt lat="41.53606" lon="9.26532"/>
            <trkpt lat="41.53683" lon="9.26561"/>
            <trkpt lat="41.53768" lon="9.26594"/>
            <trkpt lat="41.53828" lon="9.26617"/>
            <trkpt lat="41.53962" lon="9.26668"/>
            <trkpt lat="41.53971" lon="9.26671"/>
            <trkpt lat="41.54017" lon="9.26689"/>
            <trkpt lat="41.54176" lon="9.2675"/>
            <trkpt lat="41.54264" lon="9.26784"/>
            <trkpt lat="41.54279" lon="9.26789"/>
            <trkpt lat="41.54334" lon="9.26809"/>
            <trkpt lat="41.54381" lon="9.26824"/>
            <trkpt lat="41.54424" lon="9.26837"/>
            <trkpt lat="41.54487" lon="9.26856"/>
            <trkpt lat="41.54494" lon="9.26857"/>
            <trkpt lat="41.5457" lon="9.26879"/>
            <trkpt lat="41.54603" lon="9.26889"/>
            <trkpt lat="41.54636" lon="9.26898"/>
            <trkpt lat="41.54639" lon="9.26898"/>
            <trkpt lat="41.54676" lon="9.26903"/>
            <trkpt lat="41.54676" lon="9.26907"/>
            <trkpt lat="41.54677" lon="9.26911"/>
            <trkpt lat="41.54678" lon="9.26913"/>
            <trkpt lat="41.5468" lon="9.26915"/>
            <trkpt lat="41.54682" lon="9.26917"/>
            <trkpt lat="41.54684" lon="9.26918"/>
            <trkpt lat="41.54685" lon="9.26918"/>
            <trkpt lat="41.54688" lon="9.26919"/>
            <trkpt lat="41.5469" lon="9.26918"/>
            <trkpt lat="41.54692" lon="9.26917"/>
            <trkpt lat="41.54693" lon="9.26915"/>
            <trkpt lat="41.54695" lon="9.26911"/>
            <trkpt lat="41.54709" lon="9.26918"/>
            <trkpt lat="41.54714" lon="9.26919"/>
            <trkpt lat="41.54741" lon="9.26927"/>
            <trkpt lat="41.54766" lon="9.26934"/>
            <trkpt lat="41.54807" lon="9.26946"/>
            <trkpt lat="41.54879" lon="9.26967"/>
            <trkpt lat="41.54982" lon="9.26997"/>
            <trkpt lat="41.54997" lon="9.27001"/>
            <trkpt lat="41.55029" lon="9.2701"/>
            <trkpt lat="41.55238" lon="9.2707"/>
            <trkpt lat="41.55333" lon="9.27097"/>
            <trkpt lat="41.55401" lon="9.27117"/>
            <trkpt lat="41.5555" lon="9.27161"/>
            <trkpt lat="41.55698" lon="9.27203"/>
            <trkpt lat="41.55757" lon="9.2722"/>
            <trkpt lat="41.55828" lon="9.27239"/>
            <trkpt lat="41.55833" lon="9.27244"/>
            <trkpt lat="41.5584" lon="9.27246"/>
            <trkpt lat="41.55851" lon="9.27249"/>
            <trkpt lat="41.55884" lon="9.27257"/>
            <trkpt lat="41.55892" lon="9.27254"/>
            <trkpt lat="41.55902" lon="9.27256"/>
            <trkpt lat="41.55909" lon="9.27258"/>
            <trkpt lat="41.55969" lon="9.27273"/>
            <trkpt lat="41.5603" lon="9.27282"/>
            <trkpt lat="41.5604" lon="9.27283"/>
            <trkpt lat="41.56068" lon="9.27287"/>
            <trkpt lat="41.56079" lon="9.27288"/>
            <trkpt lat="41.5616" lon="9.27299"/>
            <trkpt lat="41.56214" lon="9.27305"/>
            <trkpt lat="41.56221" lon="9.27306"/>
            <trkpt lat="41.56245" lon="9.27314"/>
            <trkpt lat="41.56244" lon="9.27317"/>
            <trkpt lat="41.56244" lon="9.27321"/>
            <trkpt lat="41.56245" lon="9.27324"/>
            <trkpt lat="41.56247" lon="9.27327"/>
            <trkpt lat="41.56249" lon="9.2733"/>
            <trkpt lat="41.56251" lon="9.27331"/>
            <trkpt lat="41.56252" lon="9.27331"/>
            <trkpt lat="41.56255" lon="9.27332"/>
            <trkpt lat="41.56257" lon="9.27331"/>
            <trkpt lat="41.56259" lon="9.2733"/>
            <trkpt lat="41.56262" lon="9.27327"/>
            <trkpt lat="41.56263" lon="9.27324"/>
            <trkpt lat="41.56264" lon="9.27321"/>
            <trkpt lat="41.56264" lon="9.27318"/>
            <trkpt lat="41.56285" lon="9.27316"/>
            <trkpt lat="41.56292" lon="9.27314"/>
            <trkpt lat="41.56298" lon="9.27314"/>
            <trkpt lat="41.56331" lon="9.27319"/>
            <trkpt lat="41.56375" lon="9.27324"/>
            <trkpt lat="41.56468" lon="9.27336"/>
            <trkpt lat="41.56559" lon="9.27347"/>
            <trkpt lat="41.56626" lon="9.2735"/>
            <trkpt lat="41.56647" lon="9.27352"/>
            <trkpt lat="41.567" lon="9.27358"/>
            <trkpt lat="41.56722" lon="9.27361"/>
            <trkpt lat="41.56747" lon="9.27362"/>
            <trkpt lat="41.56753" lon="9.27363"/>
            <trkpt lat="41.56753" lon="9.27365"/>
            <trkpt lat="41.56753" lon="9.27367"/>
            <trkpt lat="41.56754" lon="9.2737"/>
            <trkpt lat="41.56755" lon="9.27372"/>
            <trkpt lat="41.56757" lon="9.27374"/>
            <trkpt lat="41.56759" lon="9.27375"/>
            <trkpt lat="41.56762" lon="9.27375"/>
            <trkpt lat="41.56764" lon="9.27375"/>
            <trkpt lat="41.56766" lon="9.27373"/>
            <trkpt lat="41.56768" lon="9.27371"/>
            <trkpt lat="41.56769" lon="9.27367"/>
            <trkpt lat="41.56784" lon="9.27373"/>
            <trkpt lat="41.56807" lon="9.2738"/>
            <trkpt lat="41.56859" lon="9.27387"/>
            <trkpt lat="41.56955" lon="9.27399"/>
            <trkpt lat="41.56978" lon="9.27402"/>
            <trkpt lat="41.56982" lon="9.27404"/>
            <trkpt lat="41.57" lon="9.27407"/>
            <trkpt lat="41.57036" lon="9.27411"/>
            <trkpt lat="41.57074" lon="9.27415"/>
            <trkpt lat="41.57127" lon="9.27423"/>
            <trkpt lat="41.5715" lon="9.27427"/>
            <trkpt lat="41.57176" lon="9.27431"/>
            <trkpt lat="41.57178" lon="9.27435"/>
            <trkpt lat="41.57179" lon="9.27437"/>
            <trkpt lat="41.5718" lon="9.27438"/>
            <trkpt lat="41.57184" lon="9.27441"/>
            <trkpt lat="41.5719" lon="9.27442"/>
            <trkpt lat="41.57194" lon="9.27441"/>
            <trkpt lat="41.57197" lon="9.2744"/>
            <trkpt lat="41.57201" lon="9.27438"/>
            <trkpt lat="41.57203" lon="9.27435"/>
            <trkpt lat="41.57221" lon="9.27435"/>
            <trkpt lat="41.57227" lon="9.27436"/>
            <trkpt lat="41.5723" lon="9.27436"/>
            <trkpt lat="41.57243" lon="9.27439"/>
            <trkpt lat="41.57344" lon="9.27452"/>
            <trkpt lat="41.57401" lon="9.27457"/>
            <trkpt lat="41.5744" lon="9.27461"/>
            <trkpt lat="41.57466" lon="9.27464"/>
            <trkpt lat="41.5756" lon="9.27476"/>
            <trkpt lat="41.57586" lon="9.27479"/>
            <trkpt lat="41.57607" lon="9.27481"/>
            <trkpt lat="41.57673" lon="9.27485"/>
            <trkpt lat="41.57682" lon="9.27486"/>
            <trkpt lat="41.57696" lon="9.27489"/>
            <trkpt lat="41.57701" lon="9.27492"/>
            <trkpt lat="41.57713" lon="9.27498"/>
            <trkpt lat="41.57716" lon="9.27504"/>
            <trkpt lat="41.57718" lon="9.27509"/>
            <trkpt lat="41.57722" lon="9.27513"/>
            <trkpt lat="41.57725" lon="9.27516"/>
            <trkpt lat="41.57729" lon="9.27519"/>
            <trkpt lat="41.57735" lon="9.2752"/>
            <trkpt lat="41.57744" lon="9.2752"/>
            <trkpt lat="41.57748" lon="9.2752"/>
            <trkpt lat="41.57752" lon="9.27518"/>
            <trkpt lat="41.57757" lon="9.27515"/>
            <trkpt lat="41.5776" lon="9.27511"/>
            <trkpt lat="41.57763" lon="9.27505"/>
            <trkpt lat="41.57765" lon="9.27499"/>
            <trkpt lat="41.57765" lon="9.27493"/>
            <trkpt lat="41.57766" lon="9.27488"/>
            <trkpt lat="41.57766" lon="9.27482"/>
            <trkpt lat="41.57765" lon="9.27478"/>
            <trkpt lat="41.5776" lon="9.27464"/>
            <trkpt lat="41.57758" lon="9.27461"/>
            <trkpt lat="41.57757" lon="9.27459"/>
            <trkpt lat="41.57754" lon="9.27453"/>
            <trkpt lat="41.57753" lon="9.27444"/>
            <trkpt lat="41.57753" lon="9.27437"/>
            <trkpt lat="41.57754" lon="9.27429"/>
            <trkpt lat="41.57758" lon="9.27415"/>
            <trkpt lat="41.57765" lon="9.27402"/>
            <trkpt lat="41.57772" lon="9.27392"/>
            <trkpt lat="41.57779" lon="9.27383"/>
            <trkpt lat="41.5779" lon="9.27373"/>
            <trkpt lat="41.57797" lon="9.27363"/>
            <trkpt lat="41.57804" lon="9.27358"/>
            <trkpt lat="41.5782" lon="9.27352"/>
            <trkpt lat="41.57834" lon="9.27346"/>
            <trkpt lat="41.57877" lon="9.27329"/>
            <trkpt lat="41.57908" lon="9.27313"/>
            <trkpt lat="41.57937" lon="9.27293"/>
            <trkpt lat="41.5796" lon="9.27273"/>
            <trkpt lat="41.57979" lon="9.27254"/>
            <trkpt lat="41.57985" lon="9.27246"/>
            <trkpt lat="41.57999" lon="9.27228"/>
            <trkpt lat="41.58017" lon="9.272"/>
            <trkpt lat="41.58041" lon="9.27158"/>
            <trkpt lat="41.58066" lon="9.27102"/>
            <trkpt lat="41.58068" lon="9.27103"/>
            <trkpt lat="41.58072" lon="9.27104"/>
            <trkpt lat="41.58075" lon="9.27103"/>
            <trkpt lat="41.58078" lon="9.27102"/>
            <trkpt lat="41.5808" lon="9.271"/>
            <trkpt lat="41.58081" lon="9.27099"/>
            <trkpt lat="41.58084" lon="9.27096"/>
            <trkpt lat="41.58086" lon="9.27092"/>
            <trkpt lat="41.58087" lon="9.27088"/>
            <trkpt lat="41.58088" lon="9.27083"/>
            <trkpt lat="41.58087" lon="9.27079"/>
            <trkpt lat="41.58086" lon="9.27074"/>
            <trkpt lat="41.58085" lon="9.2707"/>
            <trkpt lat="41.58084" lon="9.27068"/>
            <trkpt lat="41.58107" lon="9.2702"/>
            <trkpt lat="41.58194" lon="9.26815"/>
            <trkpt lat="41.58229" lon="9.26738"/>
            <trkpt lat="41.58237" lon="9.2672"/>
            <trkpt lat="41.58248" lon="9.267"/>
            <trkpt lat="41.58265" lon="9.26667"/>
            <trkpt lat="41.58277" lon="9.26642"/>
            <trkpt lat="41.58291" lon="9.26615"/>
            <trkpt lat="41.58293" lon="9.26617"/>
            <trkpt lat="41.58297" lon="9.26618"/>
            <trkpt lat="41.58299" lon="9.2662"/>
            <trkpt lat="41.58303" lon="9.2662"/>
            <trkpt lat="41.58305" lon="9.26619"/>
            <trkpt lat="41.58307" lon="9.26618"/>
            <trkpt lat="41.5831" lon="9.26616"/>
            <trkpt lat="41.58313" lon="9.26613"/>
            <trkpt lat="41.58315" lon="9.2661"/>
            <trkpt lat="41.58316" lon="9.26607"/>
            <trkpt lat="41.58317" lon="9.26603"/>
            <trkpt lat="41.58318" lon="9.26599"/>
            <trkpt lat="41.58318" lon="9.26596"/>
            <trkpt lat="41.58317" lon="9.26591"/>
            <trkpt lat="41.58316" lon="9.26587"/>
            <trkpt lat="41.58314" lon="9.26584"/>
            <trkpt lat="41.58312" lon="9.26581"/>
            <trkpt lat="41.58327" lon="9.26557"/>
            <trkpt lat="41.58348" lon="9.26522"/>
            <trkpt lat="41.58377" lon="9.26481"/>
            <trkpt lat="41.58387" lon="9.26468"/>
            <trkpt lat="41.58422" lon="9.26427"/>
            <trkpt lat="41.58465" lon="9.26387"/>
            <trkpt lat="41.58486" lon="9.26368"/>
            <trkpt lat="41.58513" lon="9.26348"/>
            <trkpt lat="41.58539" lon="9.2633"/>
            <trkpt lat="41.58563" lon="9.26316"/>
            <trkpt lat="41.58601" lon="9.26298"/>
            <trkpt lat="41.58649" lon="9.2628"/>
            <trkpt lat="41.58703" lon="9.26265"/>
            <trkpt lat="41.5874" lon="9.26259"/>
            <trkpt lat="41.58792" lon="9.26256"/>
            <trkpt lat="41.58816" lon="9.26256"/>
            <trkpt lat="41.58865" lon="9.26261"/>
            <trkpt lat="41.58914" lon="9.26271"/>
            <trkpt lat="41.5895" lon="9.26281"/>
            <trkpt lat="41.58973" lon="9.2629"/>
            <trkpt lat="41.59042" lon="9.26322"/>
            <trkpt lat="41.59136" lon="9.26374"/>
            <trkpt lat="41.59185" lon="9.264"/>
            <trkpt lat="41.59201" lon="9.2641"/>
            <trkpt lat="41.59229" lon="9.26425"/>
            <trkpt lat="41.59229" lon="9.26428"/>
            <trkpt lat="41.59227" lon="9.26433"/>
            <trkpt lat="41.59227" lon="9.26438"/>
            <trkpt lat="41.59228" lon="9.26443"/>
            <trkpt lat="41.59229" lon="9.26446"/>
            <trkpt lat="41.5923" lon="9.26448"/>
            <trkpt lat="41.59232" lon="9.26451"/>
            <trkpt lat="41.59234" lon="9.26453"/>
            <trkpt lat="41.59237" lon="9.26455"/>
            <trkpt lat="41.5924" lon="9.26456"/>
            <trkpt lat="41.59244" lon="9.26457"/>
            <trkpt lat="41.59248" lon="9.26456"/>
            <trkpt lat="41.59252" lon="9.26455"/>
            <trkpt lat="41.59255" lon="9.26454"/>
            <trkpt lat="41.59257" lon="9.26451"/>
            <trkpt lat="41.5926" lon="9.26448"/>
            <trkpt lat="41.59262" lon="9.26443"/>
            <trkpt lat="41.5928" lon="9.26452"/>
            <trkpt lat="41.59299" lon="9.26463"/>
            <trkpt lat="41.59352" lon="9.26491"/>
            <trkpt lat="41.59362" lon="9.26497"/>
            <trkpt lat="41.59424" lon="9.26532"/>
            <trkpt lat="41.59485" lon="9.26565"/>
            <trkpt lat="41.59549" lon="9.26595"/>
            <trkpt lat="41.59696" lon="9.26658"/>
            <trkpt lat="41.59719" lon="9.26668"/>
            <trkpt lat="41.59732" lon="9.26674"/>
            <trkpt lat="41.59748" lon="9.26681"/>
            <trkpt lat="41.59767" lon="9.26686"/>
            <trkpt lat="41.59795" lon="9.26689"/>
            <trkpt lat="41.59794" lon="9.26695"/>
            <trkpt lat="41.59794" lon="9.26697"/>
            <trkpt lat="41.59794" lon="9.267"/>
            <trkpt lat="41.59796" lon="9.26705"/>
            <trkpt lat="41.59798" lon="9.26708"/>
            <trkpt lat="41.59801" lon="9.26711"/>
            <trkpt lat="41.59804" lon="9.26713"/>
            <trkpt lat="41.59807" lon="9.26713"/>
            <trkpt lat="41.5981" lon="9.26714"/>
            <trkpt lat="41.59814" lon="9.26714"/>
            <trkpt lat="41.59817" lon="9.26713"/>
            <trkpt lat="41.59821" lon="9.26712"/>
            <trkpt lat="41.59824" lon="9.26709"/>
            <trkpt lat="41.59826" lon="9.26704"/>
            <trkpt lat="41.5983" lon="9.26708"/>
            <trkpt lat="41.59846" lon="9.26719"/>
            <trkpt lat="41.59865" lon="9.26729"/>
            <trkpt lat="41.59874" lon="9.26733"/>
            <trkpt lat="41.59902" lon="9.26745"/>
            <trkpt lat="41.59922" lon="9.26753"/>
            <trkpt lat="41.5995" lon="9.26765"/>
            <trkpt lat="41.59963" lon="9.26774"/>
            <trkpt lat="41.59977" lon="9.26781"/>
            <trkpt lat="41.6003" lon="9.26807"/>
            <trkpt lat="41.60047" lon="9.26815"/>
            <trkpt lat="41.6009" lon="9.26837"/>
            <trkpt lat="41.60151" lon="9.26869"/>
            <trkpt lat="41.60165" lon="9.26881"/>
            <trkpt lat="41.60169" lon="9.26886"/>
            <trkpt lat="41.60179" lon="9.26896"/>
            <trkpt lat="41.60179" lon="9.26897"/>
            <trkpt lat="41.60179" lon="9.26901"/>
            <trkpt lat="41.6018" lon="9.26904"/>
            <trkpt lat="41.6018" lon="9.26907"/>
            <trkpt lat="41.60182" lon="9.2691"/>
            <trkpt lat="41.60184" lon="9.26912"/>
            <trkpt lat="41.60187" lon="9.26914"/>
            <trkpt lat="41.60191" lon="9.26917"/>
            <trkpt lat="41.60195" lon="9.26918"/>
            <trkpt lat="41.60198" lon="9.26918"/>
            <trkpt lat="41.60201" lon="9.26918"/>
            <trkpt lat="41.60215" lon="9.26927"/>
            <trkpt lat="41.6022" lon="9.26931"/>
            <trkpt lat="41.60262" lon="9.26978"/>
            <trkpt lat="41.60292" lon="9.27017"/>
            <trkpt lat="41.6032" lon="9.27059"/>
            <trkpt lat="41.60342" lon="9.27096"/>
            <trkpt lat="41.6035" lon="9.27103"/>
            <trkpt lat="41.60377" lon="9.27164"/>
            <trkpt lat="41.60399" lon="9.27222"/>
            <trkpt lat="41.60405" lon="9.27246"/>
            <trkpt lat="41.60412" lon="9.27273"/>
            <trkpt lat="41.60422" lon="9.27308"/>
            <trkpt lat="41.60458" lon="9.27461"/>
            <trkpt lat="41.60467" lon="9.27492"/>
            <trkpt lat="41.60472" lon="9.27504"/>
            <trkpt lat="41.60484" lon="9.2753"/>
            <trkpt lat="41.60508" lon="9.27573"/>
            <trkpt lat="41.60521" lon="9.27595"/>
            <trkpt lat="41.60531" lon="9.27612"/>
            <trkpt lat="41.60532" lon="9.27623"/>
            <trkpt lat="41.60544" lon="9.27652"/>
            <trkpt lat="41.60547" lon="9.27668"/>
            <trkpt lat="41.60547" lon="9.27673"/>
            <trkpt lat="41.60547" lon="9.2768"/>
            <trkpt lat="41.60544" lon="9.27693"/>
            <trkpt lat="41.60542" lon="9.27695"/>
            <trkpt lat="41.60541" lon="9.27695"/>
            <trkpt lat="41.60538" lon="9.27698"/>
            <trkpt lat="41.60535" lon="9.27703"/>
            <trkpt lat="41.60532" lon="9.2771"/>
            <trkpt lat="41.60531" lon="9.27717"/>
            <trkpt lat="41.60531" lon="9.27731"/>
            <trkpt lat="41.60533" lon="9.27737"/>
            <trkpt lat="41.60535" lon="9.27742"/>
            <trkpt lat="41.60537" lon="9.27746"/>
            <trkpt lat="41.60542" lon="9.27751"/>
            <trkpt lat="41.60546" lon="9.27753"/>
            <trkpt lat="41.6055" lon="9.27754"/>
            <trkpt lat="41.60555" lon="9.27755"/>
            <trkpt lat="41.60564" lon="9.27754"/>
            <trkpt lat="41.60567" lon="9.27752"/>
            <trkpt lat="41.6057" lon="9.2775"/>
            <trkpt lat="41.60573" lon="9.27747"/>
            <trkpt lat="41.60583" lon="9.27745"/>
            <trkpt lat="41.6059" lon="9.27746"/>
            <trkpt lat="41.60594" lon="9.27747"/>
            <trkpt lat="41.60599" lon="9.27748"/>
            <trkpt lat="41.6061" lon="9.27755"/>
            <trkpt lat="41.60619" lon="9.2776"/>
            <trkpt lat="41.60646" lon="9.27773"/>
            <trkpt lat="41.6067" lon="9.27779"/>
            <trkpt lat="41.60691" lon="9.27784"/>
            <trkpt lat="41.60697" lon="9.27786"/>
            <trkpt lat="41.60701" lon="9.27784"/>
            <trkpt lat="41.60708" lon="9.27786"/>
            <trkpt lat="41.60713" lon="9.27787"/>
            <trkpt lat="41.60748" lon="9.27798"/>
            <trkpt lat="41.60759" lon="9.27802"/>
            <trkpt lat="41.60776" lon="9.27806"/>
            <trkpt lat="41.60816" lon="9.27818"/>
            <trkpt lat="41.60827" lon="9.27821"/>
            <trkpt lat="41.60838" lon="9.27824"/>
            <trkpt lat="41.60868" lon="9.27833"/>
            <trkpt lat="41.60909" lon="9.27844"/>
            <trkpt lat="41.60927" lon="9.2785"/>
            <trkpt lat="41.60934" lon="9.27851"/>
            <trkpt lat="41.60969" lon="9.27861"/>
            <trkpt lat="41.60985" lon="9.27865"/>
            <trkpt lat="41.60991" lon="9.27866"/>
            <trkpt lat="41.61035" lon="9.27879"/>
            <trkpt lat="41.61087" lon="9.27893"/>
            <trkpt lat="41.61107" lon="9.27898"/>
            <trkpt lat="41.6117" lon="9.27914"/>
            <trkpt lat="41.6126" lon="9.27939"/>
            <trkpt lat="41.61296" lon="9.27949"/>
            <trkpt lat="41.6131" lon="9.27953"/>
            <trkpt lat="41.61382" lon="9.27973"/>
            <trkpt lat="41.61407" lon="9.2798"/>
            <trkpt lat="41.61442" lon="9.27989"/>
            <trkpt lat="41.61451" lon="9.27991"/>
            <trkpt lat="41.6151" lon="9.28008"/>
            <trkpt lat="41.61551" lon="9.28022"/>
            <trkpt lat="41.61597" lon="9.28051"/>
            <trkpt lat="41.61621" lon="9.28066"/>
            <trkpt lat="41.61623" lon="9.28068"/>
            <trkpt lat="41.61639" lon="9.28078"/>
            <trkpt lat="41.61749" lon="9.28149"/>
            <trkpt lat="41.61774" lon="9.28165"/>
            <trkpt lat="41.61836" lon="9.28204"/>
            <trkpt lat="41.61852" lon="9.28215"/>
            <trkpt lat="41.62035" lon="9.28332"/>
            <trkpt lat="41.62059" lon="9.28348"/>
            <trkpt lat="41.6214" lon="9.284"/>
            <trkpt lat="41.62256" lon="9.28475"/>
            <trkpt lat="41.62275" lon="9.28489"/>
            <trkpt lat="41.62287" lon="9.28501"/>
            <trkpt lat="41.62296" lon="9.28513"/>
            <trkpt lat="41.623" lon="9.2852"/>
            <trkpt lat="41.62304" lon="9.2853"/>
            <trkpt lat="41.62308" lon="9.28541"/>
            <trkpt lat="41.62311" lon="9.28558"/>
            <trkpt lat="41.62312" lon="9.28567"/>
            <trkpt lat="41.62312" lon="9.28586"/>
            <trkpt lat="41.6231" lon="9.286"/>
            <trkpt lat="41.62291" lon="9.28676"/>
            <trkpt lat="41.62288" lon="9.28693"/>
            <trkpt lat="41.62284" lon="9.28717"/>
            <trkpt lat="41.62284" lon="9.28726"/>
            <trkpt lat="41.62284" lon="9.28749"/>
            <trkpt lat="41.62285" lon="9.28756"/>
            <trkpt lat="41.62287" lon="9.28769"/>
            <trkpt lat="41.62291" lon="9.2878"/>
            <trkpt lat="41.62299" lon="9.288"/>
            <trkpt lat="41.62309" lon="9.28815"/>
            <trkpt lat="41.62317" lon="9.28826"/>
            <trkpt lat="41.62355" lon="9.28872"/>
            <trkpt lat="41.62375" lon="9.28893"/>
            <trkpt lat="41.62379" lon="9.28897"/>
            <trkpt lat="41.62392" lon="9.2891"/>
            <trkpt lat="41.62401" lon="9.28924"/>
            <trkpt lat="41.62399" lon="9.28926"/>
            <trkpt lat="41.62398" lon="9.28928"/>
            <trkpt lat="41.62398" lon="9.28931"/>
            <trkpt lat="41.62398" lon="9.28935"/>
            <trkpt lat="41.62398" lon="9.28937"/>
            <trkpt lat="41.62399" lon="9.28939"/>
            <trkpt lat="41.624" lon="9.28941"/>
            <trkpt lat="41.62402" lon="9.28943"/>
            <trkpt lat="41.62404" lon="9.28945"/>
            <trkpt lat="41.62407" lon="9.28946"/>
            <trkpt lat="41.62409" lon="9.28947"/>
            <trkpt lat="41.62413" lon="9.28947"/>
            <trkpt lat="41.62416" lon="9.28946"/>
            <trkpt lat="41.62418" lon="9.28944"/>
            <trkpt lat="41.6242" lon="9.28942"/>
            <trkpt lat="41.62421" lon="9.28939"/>
            <trkpt lat="41.62421" lon="9.28937"/>
            <trkpt lat="41.62434" lon="9.28939"/>
            <trkpt lat="41.62439" lon="9.28941"/>
            <trkpt lat="41.62451" lon="9.28948"/>
            <trkpt lat="41.62466" lon="9.28958"/>
            <trkpt lat="41.62497" lon="9.28978"/>
            <trkpt lat="41.62512" lon="9.28988"/>
            <trkpt lat="41.62537" lon="9.29005"/>
            <trkpt lat="41.62545" lon="9.2901"/>
            <trkpt lat="41.6255" lon="9.29014"/>
            <trkpt lat="41.62566" lon="9.29025"/>
            <trkpt lat="41.62577" lon="9.29032"/>
            <trkpt lat="41.62595" lon="9.29045"/>
            <trkpt lat="41.62618" lon="9.2906"/>
            <trkpt lat="41.62627" lon="9.2907"/>
            <trkpt lat="41.62668" lon="9.29098"/>
            <trkpt lat="41.62695" lon="9.29115"/>
            <trkpt lat="41.62701" lon="9.29117"/>
            <trkpt lat="41.62708" lon="9.2912"/>
            <trkpt lat="41.62732" lon="9.2913"/>
            <trkpt lat="41.62751" lon="9.29135"/>
            <trkpt lat="41.62758" lon="9.29137"/>
            <trkpt lat="41.62765" lon="9.29137"/>
            <trkpt lat="41.62782" lon="9.29137"/>
            <trkpt lat="41.62802" lon="9.29131"/>
            <trkpt lat="41.62843" lon="9.29115"/>
            <trkpt lat="41.62861" lon="9.29108"/>
            <trkpt lat="41.62957" lon="9.29075"/>
            <trkpt lat="41.62968" lon="9.29071"/>
            <trkpt lat="41.62999" lon="9.2906"/>
            <trkpt lat="41.63006" lon="9.29058"/>
            <trkpt lat="41.63018" lon="9.29058"/>
            <trkpt lat="41.63031" lon="9.29059"/>
            <trkpt lat="41.63043" lon="9.29063"/>
            <trkpt lat="41.6306" lon="9.29073"/>
            <trkpt lat="41.63065" lon="9.29078"/>
            <trkpt lat="41.63092" lon="9.29101"/>
            <trkpt lat="41.63192" lon="9.2922"/>
            <trkpt lat="41.63219" lon="9.29253"/>
            <trkpt lat="41.63291" lon="9.29343"/>
            <trkpt lat="41.63331" lon="9.29393"/>
            <trkpt lat="41.63334" lon="9.29402"/>
            <trkpt lat="41.63361" lon="9.29432"/>
            <trkpt lat="41.63369" lon="9.29439"/>
            <trkpt lat="41.63375" lon="9.29443"/>
            <trkpt lat="41.63381" lon="9.29447"/>
            <trkpt lat="41.63386" lon="9.2945"/>
            <trkpt lat="41.63392" lon="9.29452"/>
            <trkpt lat="41.63399" lon="9.29453"/>
            <trkpt lat="41.63409" lon="9.29453"/>
            <trkpt lat="41.63425" lon="9.29451"/>
            <trkpt lat="41.63449" lon="9.29443"/>
            <trkpt lat="41.63453" lon="9.29442"/>
            <trkpt lat="41.6347" lon="9.29437"/>
            <trkpt lat="41.635" lon="9.29427"/>
            <trkpt lat="41.63504" lon="9.29426"/>
            <trkpt lat="41.6357" lon="9.29405"/>
            <trkpt lat="41.6358" lon="9.29399"/>
            <trkpt lat="41.6363" lon="9.29384"/>
            <trkpt lat="41.63638" lon="9.29382"/>
            <trkpt lat="41.63648" lon="9.29381"/>
            <trkpt lat="41.63675" lon="9.2938"/>
            <trkpt lat="41.63698" lon="9.29382"/>
            <trkpt lat="41.63731" lon="9.29389"/>
            <trkpt lat="41.63747" lon="9.29396"/>
            <trkpt lat="41.63752" lon="9.29397"/>
            <trkpt lat="41.63802" lon="9.29412"/>
            <trkpt lat="41.63818" lon="9.29416"/>
            <trkpt lat="41.63824" lon="9.29418"/>
            <trkpt lat="41.63914" lon="9.29443"/>
            <trkpt lat="41.63963" lon="9.29457"/>
            <trkpt lat="41.63999" lon="9.29466"/>
            <trkpt lat="41.64005" lon="9.29468"/>
            <trkpt lat="41.64269" lon="9.2954"/>
            <trkpt lat="41.64376" lon="9.29573"/>
            <trkpt lat="41.64419" lon="9.29585"/>
            <trkpt lat="41.64429" lon="9.29587"/>
            <trkpt lat="41.64433" lon="9.29588"/>
            <trkpt lat="41.64478" lon="9.29602"/>
            <trkpt lat="41.64593" lon="9.29636"/>
            <trkpt lat="41.64614" lon="9.29644"/>
            <trkpt lat="41.64644" lon="9.29659"/>
            <trkpt lat="41.64677" lon="9.29678"/>
            <trkpt lat="41.64723" lon="9.29709"/>
            <trkpt lat="41.65044" lon="9.29912"/>
            <trkpt lat="41.65051" lon="9.29919"/>
            <trkpt lat="41.65103" lon="9.29955"/>
            <trkpt lat="41.65169" lon="9.29993"/>
            <trkpt lat="41.65176" lon="9.29995"/>
            <trkpt lat="41.65269" lon="9.30054"/>
            <trkpt lat="41.65359" lon="9.30111"/>
            <trkpt lat="41.65424" lon="9.30152"/>
            <trkpt lat="41.65662" lon="9.30304"/>
            <trkpt lat="41.65674" lon="9.30315"/>
            <trkpt lat="41.65701" lon="9.30331"/>
            <trkpt lat="41.65755" lon="9.30363"/>
            <trkpt lat="41.65778" lon="9.30377"/>
            <trkpt lat="41.65846" lon="9.3042"/>
            <trkpt lat="41.65873" lon="9.30438"/>
            <trkpt lat="41.6588" lon="9.3044"/>
            <trkpt lat="41.65968" lon="9.30496"/>
            <trkpt lat="41.66016" lon="9.30526"/>
            <trkpt lat="41.66021" lon="9.3053"/>
            <trkpt lat="41.66057" lon="9.30552"/>
            <trkpt lat="41.66073" lon="9.30563"/>
            <trkpt lat="41.66142" lon="9.30606"/>
            <trkpt lat="41.6617" lon="9.30623"/>
            <trkpt lat="41.66184" lon="9.30629"/>
            <trkpt lat="41.66196" lon="9.30633"/>
            <trkpt lat="41.66213" lon="9.30634"/>
            <trkpt lat="41.66236" lon="9.30631"/>
            <trkpt lat="41.66294" lon="9.30615"/>
            <trkpt lat="41.66326" lon="9.30604"/>
            <trkpt lat="41.66345" lon="9.30595"/>
            <trkpt lat="41.66361" lon="9.30582"/>
            <trkpt lat="41.66375" lon="9.30568"/>
            <trkpt lat="41.66377" lon="9.30565"/>
            <trkpt lat="41.66439" lon="9.3048"/>
            <trkpt lat="41.66445" lon="9.30473"/>
            <trkpt lat="41.66449" lon="9.30469"/>
            <trkpt lat="41.66454" lon="9.30467"/>
            <trkpt lat="41.66462" lon="9.30464"/>
            <trkpt lat="41.6647" lon="9.30463"/>
            <trkpt lat="41.66482" lon="9.30465"/>
            <trkpt lat="41.66486" lon="9.30467"/>
            <trkpt lat="41.66495" lon="9.30474"/>
            <trkpt lat="41.66507" lon="9.30489"/>
            <trkpt lat="41.66521" lon="9.30511"/>
            <trkpt lat="41.66556" lon="9.3057"/>
            <trkpt lat="41.6658" lon="9.30608"/>
            <trkpt lat="41.6661" lon="9.30658"/>
            <trkpt lat="41.66622" lon="9.30677"/>
            <trkpt lat="41.66634" lon="9.30701"/>
            <trkpt lat="41.66637" lon="9.30706"/>
            <trkpt lat="41.6664" lon="9.30718"/>
            <trkpt lat="41.6664" lon="9.30723"/>
            <trkpt lat="41.6664" lon="9.3074"/>
            <trkpt lat="41.6664" lon="9.3075"/>
            <trkpt lat="41.66632" lon="9.30795"/>
            <trkpt lat="41.66631" lon="9.30806"/>
            <trkpt lat="41.66629" lon="9.30828"/>
            <trkpt lat="41.66629" lon="9.3083"/>
            <trkpt lat="41.66629" lon="9.30854"/>
            <trkpt lat="41.6663" lon="9.30865"/>
            <trkpt lat="41.66632" lon="9.30875"/>
            <trkpt lat="41.66637" lon="9.30894"/>
            <trkpt lat="41.66645" lon="9.30912"/>
            <trkpt lat="41.66657" lon="9.30929"/>
            <trkpt lat="41.66669" lon="9.30942"/>
            <trkpt lat="41.66687" lon="9.30955"/>
            <trkpt lat="41.66795" lon="9.31023"/>
            <trkpt lat="41.66828" lon="9.31043"/>
            <trkpt lat="41.66838" lon="9.31049"/>
            <trkpt lat="41.66846" lon="9.31053"/>
            <trkpt lat="41.66958" lon="9.31125"/>
            <trkpt lat="41.66963" lon="9.31128"/>
            <trkpt lat="41.66992" lon="9.31146"/>
            <trkpt lat="41.67002" lon="9.31156"/>
            <trkpt lat="41.6704" lon="9.31183"/>
            <trkpt lat="41.67057" lon="9.31195"/>
            <trkpt lat="41.67062" lon="9.31201"/>
            <trkpt lat="41.67062" lon="9.31206"/>
            <trkpt lat="41.67064" lon="9.31211"/>
            <trkpt lat="41.67065" lon="9.31215"/>
            <trkpt lat="41.67067" lon="9.31218"/>
            <trkpt lat="41.67072" lon="9.31223"/>
            <trkpt lat="41.67074" lon="9.31225"/>
            <trkpt lat="41.67077" lon="9.31226"/>
            <trkpt lat="41.67079" lon="9.31226"/>
            <trkpt lat="41.67082" lon="9.31227"/>
            <trkpt lat="41.67084" lon="9.31226"/>
            <trkpt lat="41.6709" lon="9.31224"/>
            <trkpt lat="41.67092" lon="9.31222"/>
            <trkpt lat="41.67108" lon="9.31225"/>
            <trkpt lat="41.67112" lon="9.31226"/>
            <trkpt lat="41.67118" lon="9.3123"/>
            <trkpt lat="41.67168" lon="9.31261"/>
            <trkpt lat="41.67173" lon="9.31259"/>
            <trkpt lat="41.67196" lon="9.31274"/>
            <trkpt lat="41.67252" lon="9.3131"/>
            <trkpt lat="41.67267" lon="9.31319"/>
            <trkpt lat="41.67336" lon="9.31362"/>
            <trkpt lat="41.67378" lon="9.31389"/>
            <trkpt lat="41.67401" lon="9.31403"/>
            <trkpt lat="41.67437" lon="9.31426"/>
            <trkpt lat="41.67557" lon="9.315"/>
            <trkpt lat="41.67569" lon="9.31508"/>
            <trkpt lat="41.67572" lon="9.31515"/>
            <trkpt lat="41.67603" lon="9.31533"/>
            <trkpt lat="41.6762" lon="9.31544"/>
            <trkpt lat="41.67635" lon="9.31553"/>
            <trkpt lat="41.67682" lon="9.3158"/>
            <trkpt lat="41.6772" lon="9.31604"/>
            <trkpt lat="41.67723" lon="9.31606"/>
            <trkpt lat="41.67727" lon="9.31605"/>
            <trkpt lat="41.67731" lon="9.31608"/>
            <trkpt lat="41.67782" lon="9.31641"/>
            <trkpt lat="41.6783" lon="9.3167"/>
            <trkpt lat="41.67914" lon="9.31723"/>
            <trkpt lat="41.67922" lon="9.31728"/>
            <trkpt lat="41.67932" lon="9.31734"/>
            <trkpt lat="41.67937" lon="9.31736"/>
            <trkpt lat="41.67968" lon="9.3175"/>
            <trkpt lat="41.67967" lon="9.31752"/>
            <trkpt lat="41.67967" lon="9.31754"/>
            <trkpt lat="41.67967" lon="9.31757"/>
            <trkpt lat="41.67968" lon="9.31759"/>
            <trkpt lat="41.67969" lon="9.31761"/>
            <trkpt lat="41.6797" lon="9.31763"/>
            <trkpt lat="41.67972" lon="9.31764"/>
            <trkpt lat="41.67973" lon="9.31765"/>
            <trkpt lat="41.67975" lon="9.31765"/>
            <trkpt lat="41.67976" lon="9.31765"/>
            <trkpt lat="41.67978" lon="9.31764"/>
            <trkpt lat="41.6798" lon="9.31763"/>
            <trkpt lat="41.67981" lon="9.31761"/>
            <trkpt lat="41.67982" lon="9.31759"/>
            <trkpt lat="41.68002" lon="9.31775"/>
            <trkpt lat="41.68025" lon="9.31792"/>
            <trkpt lat="41.68058" lon="9.31813"/>
            <trkpt lat="41.68067" lon="9.31818"/>
            <trkpt lat="41.68069" lon="9.31822"/>
            <trkpt lat="41.68074" lon="9.31825"/>
            <trkpt lat="41.68099" lon="9.31841"/>
            <trkpt lat="41.68104" lon="9.31844"/>
            <trkpt lat="41.68143" lon="9.31869"/>
            <trkpt lat="41.68183" lon="9.31895"/>
            <trkpt lat="41.68213" lon="9.31914"/>
            <trkpt lat="41.68245" lon="9.31935"/>
            <trkpt lat="41.68249" lon="9.31937"/>
            <trkpt lat="41.68255" lon="9.31938"/>
            <trkpt lat="41.68317" lon="9.31978"/>
            <trkpt lat="41.68555" lon="9.32128"/>
            <trkpt lat="41.68639" lon="9.32181"/>
            <trkpt lat="41.68653" lon="9.32192"/>
            <trkpt lat="41.68657" lon="9.32196"/>
            <trkpt lat="41.68667" lon="9.32207"/>
            <trkpt lat="41.68671" lon="9.32213"/>
            <trkpt lat="41.68675" lon="9.32219"/>
            <trkpt lat="41.68686" lon="9.3224"/>
            <trkpt lat="41.68762" lon="9.32388"/>
            <trkpt lat="41.68985" lon="9.32824"/>
            <trkpt lat="41.69074" lon="9.32996"/>
            <trkpt lat="41.69183" lon="9.33211"/>
            <trkpt lat="41.69215" lon="9.33274"/>
            <trkpt lat="41.69289" lon="9.33418"/>
            <trkpt lat="41.6934" lon="9.33516"/>
            <trkpt lat="41.69363" lon="9.3356"/>
            <trkpt lat="41.69365" lon="9.33565"/>
            <trkpt lat="41.69397" lon="9.33626"/>
            <trkpt lat="41.69504" lon="9.33838"/>
            <trkpt lat="41.69546" lon="9.33919"/>
            <trkpt lat="41.69656" lon="9.3413"/>
            <trkpt lat="41.69692" lon="9.34199"/>
            <trkpt lat="41.69696" lon="9.34207"/>
            <trkpt lat="41.69699" lon="9.34219"/>
            <trkpt lat="41.69728" lon="9.34278"/>
            <trkpt lat="41.69749" lon="9.34321"/>
            <trkpt lat="41.69756" lon="9.34335"/>
            <trkpt lat="41.69769" lon="9.34362"/>
            <trkpt lat="41.69794" lon="9.3441"/>
            <trkpt lat="41.69816" lon="9.34453"/>
            <trkpt lat="41.69855" lon="9.34524"/>
            <trkpt lat="41.69858" lon="9.34525"/>
            <trkpt lat="41.69862" lon="9.34534"/>
            <trkpt lat="41.69865" lon="9.34539"/>
            <trkpt lat="41.69883" lon="9.34573"/>
            <trkpt lat="41.69886" lon="9.34579"/>
            <trkpt lat="41.699" lon="9.34606"/>
            <trkpt lat="41.69905" lon="9.34616"/>
            <trkpt lat="41.69938" lon="9.3468"/>
            <trkpt lat="41.69946" lon="9.34695"/>
            <trkpt lat="41.69966" lon="9.34732"/>
            <trkpt lat="41.69977" lon="9.34753"/>
            <trkpt lat="41.7" lon="9.34797"/>
            <trkpt lat="41.70008" lon="9.34813"/>
            <trkpt lat="41.70022" lon="9.34843"/>
            <trkpt lat="41.70037" lon="9.34873"/>
            <trkpt lat="41.70101" lon="9.34999"/>
            <trkpt lat="41.70118" lon="9.35026"/>
            <trkpt lat="41.70122" lon="9.3505"/>
            <trkpt lat="41.70127" lon="9.3507"/>
            <trkpt lat="41.70129" lon="9.35075"/>
            <trkpt lat="41.70134" lon="9.35085"/>
            <trkpt lat="41.70173" lon="9.35139"/>
            <trkpt lat="41.70176" lon="9.35144"/>
            <trkpt lat="41.70179" lon="9.35147"/>
            <trkpt lat="41.70188" lon="9.35154"/>
            <trkpt lat="41.70204" lon="9.35165"/>
            <trkpt lat="41.70227" lon="9.35181"/>
            <trkpt lat="41.70235" lon="9.35186"/>
            <trkpt lat="41.70241" lon="9.3519"/>
            <trkpt lat="41.70269" lon="9.3521"/>
            <trkpt lat="41.70274" lon="9.35213"/>
            <trkpt lat="41.70279" lon="9.35218"/>
            <trkpt lat="41.70293" lon="9.35233"/>
            <trkpt lat="41.70302" lon="9.35246"/>
            <trkpt lat="41.70305" lon="9.35251"/>
            <trkpt lat="41.70311" lon="9.35265"/>
            <trkpt lat="41.70313" lon="9.35273"/>
            <trkpt lat="41.70321" lon="9.35321"/>
            <trkpt lat="41.70324" lon="9.35327"/>
            <trkpt lat="41.70327" lon="9.35352"/>
            <trkpt lat="41.70329" lon="9.35365"/>
            <trkpt lat="41.70359" lon="9.35619"/>
            <trkpt lat="41.70387" lon="9.35847"/>
            <trkpt lat="41.70403" lon="9.35982"/>
            <trkpt lat="41.70403" lon="9.35995"/>
            <trkpt lat="41.70408" lon="9.36035"/>
            <trkpt lat="41.7041" lon="9.3605"/>
            <trkpt lat="41.7042" lon="9.36137"/>
            <trkpt lat="41.70427" lon="9.36192"/>
            <trkpt lat="41.70428" lon="9.36206"/>
            <trkpt lat="41.70442" lon="9.3634"/>
            <trkpt lat="41.70521" lon="9.36976"/>
            <trkpt lat="41.70523" lon="9.36996"/>
            <trkpt lat="41.70544" lon="9.37191"/>
            <trkpt lat="41.70546" lon="9.37231"/>
            <trkpt lat="41.70545" lon="9.37278"/>
            <trkpt lat="41.70538" lon="9.37402"/>
            <trkpt lat="41.70534" lon="9.37471"/>
            <trkpt lat="41.70532" lon="9.37524"/>
            <trkpt lat="41.70531" lon="9.37544"/>
            <trkpt lat="41.70531" lon="9.37586"/>
            <trkpt lat="41.70532" lon="9.37607"/>
            <trkpt lat="41.70532" lon="9.3762"/>
            <trkpt lat="41.70536" lon="9.3772"/>
            <trkpt lat="41.70539" lon="9.37772"/>
            <trkpt lat="41.70544" lon="9.37895"/>
            <trkpt lat="41.70549" lon="9.37986"/>
            <trkpt lat="41.70552" lon="9.38011"/>
            <trkpt lat="41.70552" lon="9.38013"/>
            <trkpt lat="41.70563" lon="9.38058"/>
            <trkpt lat="41.7057" lon="9.3808"/>
            <trkpt lat="41.70574" lon="9.38089"/>
            <trkpt lat="41.70583" lon="9.38105"/>
            <trkpt lat="41.70614" lon="9.38146"/>
            <trkpt lat="41.70683" lon="9.38232"/>
            <trkpt lat="41.70744" lon="9.38309"/>
            <trkpt lat="41.70751" lon="9.38319"/>
            <trkpt lat="41.70756" lon="9.38325"/>
            <trkpt lat="41.70835" lon="9.38427"/>
            <trkpt lat="41.7085" lon="9.3845"/>
            <trkpt lat="41.70855" lon="9.38458"/>
            <trkpt lat="41.70867" lon="9.38487"/>
            <trkpt lat="41.70872" lon="9.38503"/>
            <trkpt lat="41.70875" lon="9.38514"/>
            <trkpt lat="41.7088" lon="9.38542"/>
            <trkpt lat="41.70884" lon="9.38576"/>
            <trkpt lat="41.70897" lon="9.38711"/>
            <trkpt lat="41.70913" lon="9.38883"/>
            <trkpt lat="41.70917" lon="9.38915"/>
            <trkpt lat="41.70921" lon="9.38939"/>
            <trkpt lat="41.7093" lon="9.38979"/>
            <trkpt lat="41.70953" lon="9.39057"/>
            <trkpt lat="41.71003" lon="9.39208"/>
            <trkpt lat="41.71022" lon="9.39265"/>
            <trkpt lat="41.71052" lon="9.39357"/>
            <trkpt lat="41.71095" lon="9.39487"/>
            <trkpt lat="41.71112" lon="9.39532"/>
            <trkpt lat="41.71126" lon="9.39566"/>
            <trkpt lat="41.71142" lon="9.39601"/>
            <trkpt lat="41.71163" lon="9.3964"/>
            <trkpt lat="41.71214" lon="9.39741"/>
            <trkpt lat="41.71248" lon="9.39807"/>
            <trkpt lat="41.71257" lon="9.39826"/>
            <trkpt lat="41.71274" lon="9.39862"/>
            <trkpt lat="41.71283" lon="9.39885"/>
            <trkpt lat="41.71288" lon="9.39907"/>
            <trkpt lat="41.7129" lon="9.39918"/>
            <trkpt lat="41.71301" lon="9.40006"/>
            <trkpt lat="41.71307" lon="9.40033"/>
            <trkpt lat="41.71317" lon="9.4006"/>
            <trkpt lat="41.71331" lon="9.40084"/>
            <trkpt lat="41.71349" lon="9.40105"/>
            <trkpt lat="41.7137" lon="9.40123"/>
            <trkpt lat="41.71389" lon="9.40135"/>
            <trkpt lat="41.71475" lon="9.40171"/>
            <trkpt lat="41.71501" lon="9.4018"/>
            <trkpt lat="41.7151" lon="9.40182"/>
            <trkpt lat="41.71521" lon="9.40182"/>
            <trkpt lat="41.71527" lon="9.40182"/>
            <trkpt lat="41.71544" lon="9.4018"/>
            <trkpt lat="41.71556" lon="9.40176"/>
            <trkpt lat="41.71566" lon="9.40171"/>
            <trkpt lat="41.71573" lon="9.40167"/>
            <trkpt lat="41.71584" lon="9.40159"/>
            <trkpt lat="41.71593" lon="9.40151"/>
            <trkpt lat="41.71606" lon="9.40139"/>
            <trkpt lat="41.71614" lon="9.40132"/>
            <trkpt lat="41.71675" lon="9.40074"/>
            <trkpt lat="41.71689" lon="9.40062"/>
            <trkpt lat="41.71695" lon="9.40057"/>
            <trkpt lat="41.71701" lon="9.40055"/>
            <trkpt lat="41.71714" lon="9.4005"/>
            <trkpt lat="41.71721" lon="9.40049"/>
            <trkpt lat="41.71734" lon="9.40049"/>
            <trkpt lat="41.71747" lon="9.4005"/>
            <trkpt lat="41.71753" lon="9.40052"/>
            <trkpt lat="41.71763" lon="9.40056"/>
            <trkpt lat="41.71776" lon="9.40065"/>
            <trkpt lat="41.71782" lon="9.4007"/>
            <trkpt lat="41.71786" lon="9.40073"/>
            <trkpt lat="41.71792" lon="9.40079"/>
            <trkpt lat="41.71797" lon="9.40086"/>
            <trkpt lat="41.71809" lon="9.40104"/>
            <trkpt lat="41.71812" lon="9.4011"/>
            <trkpt lat="41.71837" lon="9.40164"/>
            <trkpt lat="41.71848" lon="9.40183"/>
            <trkpt lat="41.71861" lon="9.40199"/>
            <trkpt lat="41.7187" lon="9.40208"/>
            <trkpt lat="41.71907" lon="9.40233"/>
            <trkpt lat="41.7192" lon="9.40246"/>
            <trkpt lat="41.71944" lon="9.40275"/>
            <trkpt lat="41.7196" lon="9.4029"/>
            <trkpt lat="41.71974" lon="9.40299"/>
            <trkpt lat="41.72013" lon="9.40311"/>
            <trkpt lat="41.72026" lon="9.40318"/>
            <trkpt lat="41.72034" lon="9.40325"/>
            <trkpt lat="41.72047" lon="9.40341"/>
            <trkpt lat="41.721" lon="9.4043"/>
            <trkpt lat="41.72106" lon="9.40439"/>
            <trkpt lat="41.7212" lon="9.40458"/>
            <trkpt lat="41.72132" lon="9.40468"/>
            <trkpt lat="41.7214" lon="9.40472"/>
            <trkpt lat="41.72145" lon="9.40474"/>
            <trkpt lat="41.72155" lon="9.40476"/>
            <trkpt lat="41.72172" lon="9.40475"/>
            <trkpt lat="41.72178" lon="9.40474"/>
            <trkpt lat="41.72188" lon="9.40471"/>
            <trkpt lat="41.72227" lon="9.40455"/>
            <trkpt lat="41.72246" lon="9.40447"/>
            <trkpt lat="41.72277" lon="9.4043"/>
            <trkpt lat="41.72278" lon="9.4043"/>
            <trkpt lat="41.72284" lon="9.40425"/>
            <trkpt lat="41.72328" lon="9.40393"/>
            <trkpt lat="41.7235" lon="9.40381"/>
            <trkpt lat="41.72364" lon="9.40376"/>
            <trkpt lat="41.72388" lon="9.40374"/>
            <trkpt lat="41.72409" lon="9.40377"/>
            <trkpt lat="41.72467" lon="9.40396"/>
            <trkpt lat="41.72496" lon="9.40402"/>
            <trkpt lat="41.72514" lon="9.40401"/>
            <trkpt lat="41.72538" lon="9.40395"/>
            <trkpt lat="41.72585" lon="9.40374"/>
            <trkpt lat="41.72607" lon="9.40363"/>
            <trkpt lat="41.72647" lon="9.40343"/>
            <trkpt lat="41.72661" lon="9.40334"/>
            <trkpt lat="41.72669" lon="9.40328"/>
            <trkpt lat="41.72682" lon="9.40315"/>
            <trkpt lat="41.72694" lon="9.40298"/>
            <trkpt lat="41.72703" lon="9.40283"/>
            <trkpt lat="41.7272" lon="9.40248"/>
            <trkpt lat="41.72741" lon="9.40214"/>
            <trkpt lat="41.72747" lon="9.40207"/>
            <trkpt lat="41.72754" lon="9.40201"/>
            <trkpt lat="41.72775" lon="9.40187"/>
            <trkpt lat="41.7281" lon="9.40175"/>
            <trkpt lat="41.7287" lon="9.4016"/>
            <trkpt lat="41.72902" lon="9.40156"/>
            <trkpt lat="41.73052" lon="9.40157"/>
            <trkpt lat="41.73082" lon="9.40163"/>
            <trkpt lat="41.73119" lon="9.40176"/>
            <trkpt lat="41.73153" lon="9.40193"/>
            <trkpt lat="41.73236" lon="9.40237"/>
            <trkpt lat="41.73269" lon="9.40251"/>
            <trkpt lat="41.73321" lon="9.40262"/>
            <trkpt lat="41.73461" lon="9.40288"/>
            <trkpt lat="41.73492" lon="9.40294"/>
            <trkpt lat="41.73549" lon="9.40305"/>
            <trkpt lat="41.73578" lon="9.40316"/>
            <trkpt lat="41.73608" lon="9.40336"/>
            <trkpt lat="41.73664" lon="9.40379"/>
            <trkpt lat="41.73726" lon="9.40427"/>
            <trkpt lat="41.7373" lon="9.4043"/>
            <trkpt lat="41.73797" lon="9.40481"/>
            <trkpt lat="41.73865" lon="9.40533"/>
            <trkpt lat="41.73899" lon="9.40559"/>
            <trkpt lat="41.73923" lon="9.40571"/>
            <trkpt lat="41.73939" lon="9.40576"/>
            <trkpt lat="41.73956" lon="9.40577"/>
            <trkpt lat="41.73983" lon="9.40576"/>
            <trkpt lat="41.74055" lon="9.40563"/>
            <trkpt lat="41.74092" lon="9.40557"/>
            <trkpt lat="41.74104" lon="9.40556"/>
            <trkpt lat="41.74119" lon="9.40556"/>
            <trkpt lat="41.74142" lon="9.4056"/>
            <trkpt lat="41.74211" lon="9.40583"/>
            <trkpt lat="41.74248" lon="9.40591"/>
            <trkpt lat="41.74286" lon="9.40591"/>
            <trkpt lat="41.74393" lon="9.40587"/>
            <trkpt lat="41.74416" lon="9.40587"/>
            <trkpt lat="41.74423" lon="9.40589"/>
            <trkpt lat="41.74435" lon="9.40589"/>
            <trkpt lat="41.74504" lon="9.40587"/>
            <trkpt lat="41.74513" lon="9.40586"/>
            <trkpt lat="41.74545" lon="9.40578"/>
            <trkpt lat="41.74562" lon="9.4057"/>
            <trkpt lat="41.74568" lon="9.40565"/>
            <trkpt lat="41.746" lon="9.40548"/>
            <trkpt lat="41.74635" lon="9.40528"/>
            <trkpt lat="41.74674" lon="9.40505"/>
            <trkpt lat="41.74682" lon="9.40497"/>
            <trkpt lat="41.74686" lon="9.40493"/>
            <trkpt lat="41.74694" lon="9.40482"/>
            <trkpt lat="41.74698" lon="9.40475"/>
            <trkpt lat="41.74715" lon="9.4043"/>
            <trkpt lat="41.74717" lon="9.40424"/>
            <trkpt lat="41.74724" lon="9.40397"/>
            <trkpt lat="41.74726" lon="9.40382"/>
            <trkpt lat="41.7473" lon="9.40376"/>
            <trkpt lat="41.74738" lon="9.40322"/>
            <trkpt lat="41.7474" lon="9.4031"/>
            <trkpt lat="41.74743" lon="9.40301"/>
            <trkpt lat="41.74745" lon="9.40295"/>
            <trkpt lat="41.74752" lon="9.40285"/>
            <trkpt lat="41.74754" lon="9.40282"/>
            <trkpt lat="41.74756" lon="9.4028"/>
            <trkpt lat="41.74767" lon="9.40274"/>
            <trkpt lat="41.74775" lon="9.4027"/>
            <trkpt lat="41.74779" lon="9.40269"/>
            <trkpt lat="41.74783" lon="9.40268"/>
            <trkpt lat="41.7479" lon="9.4027"/>
            <trkpt lat="41.74798" lon="9.40271"/>
            <trkpt lat="41.74805" lon="9.40271"/>
            <trkpt lat="41.74807" lon="9.40271"/>
            <trkpt lat="41.74825" lon="9.40277"/>
            <trkpt lat="41.74838" lon="9.4028"/>
            <trkpt lat="41.74868" lon="9.40285"/>
            <trkpt lat="41.7495" lon="9.40288"/>
            <trkpt lat="41.74957" lon="9.4029"/>
            <trkpt lat="41.75" lon="9.40293"/>
            <trkpt lat="41.75014" lon="9.40296"/>
            <trkpt lat="41.75027" lon="9.40299"/>
            <trkpt lat="41.75038" lon="9.40303"/>
            <trkpt lat="41.75057" lon="9.40315"/>
            <trkpt lat="41.7507" lon="9.40326"/>
            <trkpt lat="41.75075" lon="9.40331"/>
            <trkpt lat="41.75089" lon="9.40349"/>
            <trkpt lat="41.75103" lon="9.40369"/>
            <trkpt lat="41.75135" lon="9.40415"/>
            <trkpt lat="41.75142" lon="9.4042"/>
            <trkpt lat="41.7515" lon="9.4043"/>
            <trkpt lat="41.75175" lon="9.40461"/>
            <trkpt lat="41.75192" lon="9.40478"/>
            <trkpt lat="41.75206" lon="9.40488"/>
            <trkpt lat="41.75213" lon="9.40491"/>
            <trkpt lat="41.7523" lon="9.40497"/>
            <trkpt lat="41.7525" lon="9.40502"/>
            <trkpt lat="41.7533" lon="9.40511"/>
            <trkpt lat="41.7537" lon="9.40511"/>
            <trkpt lat="41.75404" lon="9.40508"/>
            <trkpt lat="41.75416" lon="9.4051"/>
            <trkpt lat="41.75477" lon="9.40502"/>
            <trkpt lat="41.75519" lon="9.40492"/>
            <trkpt lat="41.75567" lon="9.40485"/>
            <trkpt lat="41.75583" lon="9.40482"/>
            <trkpt lat="41.756" lon="9.40479"/>
            <trkpt lat="41.7562" lon="9.40476"/>
            <trkpt lat="41.75628" lon="9.40472"/>
            <trkpt lat="41.75675" lon="9.40464"/>
            <trkpt lat="41.75876" lon="9.40432"/>
            <trkpt lat="41.75901" lon="9.4043"/>
            <trkpt lat="41.7593" lon="9.40432"/>
            <trkpt lat="41.7596" lon="9.40437"/>
            <trkpt lat="41.7657" lon="9.40628"/>
            <trkpt lat="41.76606" lon="9.40634"/>
            <trkpt lat="41.76641" lon="9.40634"/>
            <trkpt lat="41.76706" lon="9.4063"/>
            <trkpt lat="41.76785" lon="9.40624"/>
            <trkpt lat="41.76812" lon="9.40616"/>
            <trkpt lat="41.76854" lon="9.40591"/>
            <trkpt lat="41.76941" lon="9.4053"/>
            <trkpt lat="41.77002" lon="9.40488"/>
            <trkpt lat="41.77086" lon="9.4043"/>
            <trkpt lat="41.77096" lon="9.40423"/>
            <trkpt lat="41.77121" lon="9.40404"/>
            <trkpt lat="41.77137" lon="9.4039"/>
            <trkpt lat="41.77147" lon="9.40379"/>
            <trkpt lat="41.77155" lon="9.40369"/>
            <trkpt lat="41.77163" lon="9.40355"/>
            <trkpt lat="41.77167" lon="9.40348"/>
            <trkpt lat="41.77175" lon="9.4033"/>
            <trkpt lat="41.77179" lon="9.40318"/>
            <trkpt lat="41.77183" lon="9.40303"/>
            <trkpt lat="41.77187" lon="9.40275"/>
            <trkpt lat="41.77187" lon="9.40247"/>
            <trkpt lat="41.77182" lon="9.40217"/>
            <trkpt lat="41.7718" lon="9.40206"/>
            <trkpt lat="41.77167" lon="9.40175"/>
            <trkpt lat="41.77146" lon="9.40135"/>
            <trkpt lat="41.77133" lon="9.40108"/>
            <trkpt lat="41.77129" lon="9.40095"/>
            <trkpt lat="41.77117" lon="9.40033"/>
            <trkpt lat="41.77114" lon="9.4"/>
            <trkpt lat="41.77115" lon="9.39975"/>
            <trkpt lat="41.77116" lon="9.39963"/>
            <trkpt lat="41.77119" lon="9.39948"/>
            <trkpt lat="41.77122" lon="9.39938"/>
            <trkpt lat="41.77126" lon="9.39932"/>
            <trkpt lat="41.77139" lon="9.39897"/>
            <trkpt lat="41.77158" lon="9.39858"/>
            <trkpt lat="41.77188" lon="9.39797"/>
            <trkpt lat="41.77189" lon="9.39791"/>
            <trkpt lat="41.77211" lon="9.39758"/>
            <trkpt lat="41.77219" lon="9.39746"/>
            <trkpt lat="41.77248" lon="9.39712"/>
            <trkpt lat="41.77256" lon="9.39703"/>
            <trkpt lat="41.77322" lon="9.39638"/>
            <trkpt lat="41.77351" lon="9.39612"/>
            <trkpt lat="41.77364" lon="9.39602"/>
            <trkpt lat="41.77398" lon="9.39572"/>
            <trkpt lat="41.77402" lon="9.39573"/>
            <trkpt lat="41.77409" lon="9.39565"/>
            <trkpt lat="41.77412" lon="9.39561"/>
            <trkpt lat="41.77417" lon="9.39551"/>
            <trkpt lat="41.77421" lon="9.39543"/>
            <trkpt lat="41.77424" lon="9.39532"/>
            <trkpt lat="41.77432" lon="9.39499"/>
            <trkpt lat="41.7744" lon="9.39467"/>
            <trkpt lat="41.77439" lon="9.39461"/>
            <trkpt lat="41.7745" lon="9.39407"/>
            <trkpt lat="41.77464" lon="9.39355"/>
            <trkpt lat="41.77477" lon="9.39313"/>
            <trkpt lat="41.77488" lon="9.39284"/>
            <trkpt lat="41.77494" lon="9.39271"/>
            <trkpt lat="41.77506" lon="9.39253"/>
            <trkpt lat="41.77528" lon="9.39227"/>
            <trkpt lat="41.77546" lon="9.39211"/>
            <trkpt lat="41.77557" lon="9.39204"/>
            <trkpt lat="41.77584" lon="9.39191"/>
            <trkpt lat="41.776" lon="9.39186"/>
            <trkpt lat="41.77634" lon="9.39183"/>
            <trkpt lat="41.77658" lon="9.39186"/>
            <trkpt lat="41.77685" lon="9.39197"/>
            <trkpt lat="41.77695" lon="9.39201"/>
            <trkpt lat="41.77701" lon="9.39205"/>
            <trkpt lat="41.77718" lon="9.39218"/>
            <trkpt lat="41.77723" lon="9.39224"/>
            <trkpt lat="41.77742" lon="9.39245"/>
            <trkpt lat="41.77752" lon="9.39259"/>
            <trkpt lat="41.77766" lon="9.39283"/>
            <trkpt lat="41.77775" lon="9.39304"/>
            <trkpt lat="41.77778" lon="9.39314"/>
            <trkpt lat="41.77788" lon="9.39344"/>
            <trkpt lat="41.77792" lon="9.39375"/>
            <trkpt lat="41.77795" lon="9.39412"/>
            <trkpt lat="41.77796" lon="9.39443"/>
            <trkpt lat="41.77799" lon="9.39463"/>
            <trkpt lat="41.77809" lon="9.39492"/>
            <trkpt lat="41.77873" lon="9.3964"/>
            <trkpt lat="41.77891" lon="9.39676"/>
            <trkpt lat="41.77907" lon="9.397"/>
            <trkpt lat="41.77915" lon="9.3971"/>
            <trkpt lat="41.77934" lon="9.39727"/>
            <trkpt lat="41.77954" lon="9.39742"/>
            <trkpt lat="41.77963" lon="9.39747"/>
            <trkpt lat="41.77991" lon="9.39757"/>
            <trkpt lat="41.78031" lon="9.39764"/>
            <trkpt lat="41.78148" lon="9.39781"/>
            <trkpt lat="41.7817" lon="9.39781"/>
            <trkpt lat="41.78188" lon="9.39778"/>
            <trkpt lat="41.78202" lon="9.39773"/>
            <trkpt lat="41.78218" lon="9.39762"/>
            <trkpt lat="41.78234" lon="9.39747"/>
            <trkpt lat="41.78246" lon="9.39728"/>
            <trkpt lat="41.78253" lon="9.39716"/>
            <trkpt lat="41.78268" lon="9.39691"/>
            <trkpt lat="41.7829" lon="9.39663"/>
            <trkpt lat="41.78299" lon="9.39655"/>
            <trkpt lat="41.78309" lon="9.39647"/>
            <trkpt lat="41.78329" lon="9.39638"/>
            <trkpt lat="41.78342" lon="9.39634"/>
            <trkpt lat="41.78349" lon="9.39633"/>
            <trkpt lat="41.78369" lon="9.39632"/>
            <trkpt lat="41.78434" lon="9.39645"/>
            <trkpt lat="41.78509" lon="9.39663"/>
            <trkpt lat="41.78682" lon="9.39705"/>
            <trkpt lat="41.78697" lon="9.39709"/>
            <trkpt lat="41.78746" lon="9.39719"/>
            <trkpt lat="41.78769" lon="9.39719"/>
            <trkpt lat="41.78799" lon="9.39718"/>
            <trkpt lat="41.78819" lon="9.39714"/>
            <trkpt lat="41.78836" lon="9.39709"/>
            <trkpt lat="41.78874" lon="9.39699"/>
            <trkpt lat="41.78896" lon="9.39692"/>
            <trkpt lat="41.79035" lon="9.39655"/>
            <trkpt lat="41.79199" lon="9.39609"/>
            <trkpt lat="41.79201" lon="9.39609"/>
            <trkpt lat="41.79318" lon="9.39577"/>
            <trkpt lat="41.79401" lon="9.39555"/>
            <trkpt lat="41.79451" lon="9.39541"/>
            <trkpt lat="41.79476" lon="9.39531"/>
            <trkpt lat="41.79493" lon="9.39523"/>
            <trkpt lat="41.79534" lon="9.39498"/>
            <trkpt lat="41.79635" lon="9.39428"/>
            <trkpt lat="41.79678" lon="9.39407"/>
            <trkpt lat="41.79707" lon="9.39398"/>
            <trkpt lat="41.79736" lon="9.39391"/>
            <trkpt lat="41.79802" lon="9.3938"/>
            <trkpt lat="41.79857" lon="9.39371"/>
            <trkpt lat="41.79884" lon="9.3937"/>
            <trkpt lat="41.79922" lon="9.39379"/>
            <trkpt lat="41.79963" lon="9.39392"/>
            <trkpt lat="41.79979" lon="9.39397"/>
            <trkpt lat="41.79993" lon="9.39398"/>
            <trkpt lat="41.8002" lon="9.394"/>
            <trkpt lat="41.80069" lon="9.39403"/>
            <trkpt lat="41.80087" lon="9.39402"/>
            <trkpt lat="41.80104" lon="9.39395"/>
            <trkpt lat="41.80119" lon="9.39388"/>
            <trkpt lat="41.80126" lon="9.39383"/>
            <trkpt lat="41.80134" lon="9.39378"/>
            <trkpt lat="41.80151" lon="9.39365"/>
            <trkpt lat="41.80176" lon="9.39353"/>
            <trkpt lat="41.80191" lon="9.3935"/>
            <trkpt lat="41.8021" lon="9.39351"/>
            <trkpt lat="41.80223" lon="9.39354"/>
            <trkpt lat="41.80228" lon="9.39356"/>
            <trkpt lat="41.80246" lon="9.39365"/>
            <trkpt lat="41.80259" lon="9.39376"/>
            <trkpt lat="41.8027" lon="9.39389"/>
            <trkpt lat="41.80278" lon="9.39399"/>
            <trkpt lat="41.80298" lon="9.39426"/>
            <trkpt lat="41.80323" lon="9.3946"/>
            <trkpt lat="41.80358" lon="9.3951"/>
            <trkpt lat="41.80372" lon="9.39533"/>
            <trkpt lat="41.80401" lon="9.3959"/>
            <trkpt lat="41.80431" lon="9.39655"/>
            <trkpt lat="41.80442" lon="9.39672"/>
            <trkpt lat="41.80463" lon="9.397"/>
            <trkpt lat="41.80485" lon="9.39726"/>
            <trkpt lat="41.80498" lon="9.39739"/>
            <trkpt lat="41.80518" lon="9.39755"/>
            <trkpt lat="41.80534" lon="9.39767"/>
            <trkpt lat="41.80556" lon="9.39781"/>
            <trkpt lat="41.80609" lon="9.39806"/>
            <trkpt lat="41.80674" lon="9.39831"/>
            <trkpt lat="41.80703" lon="9.39844"/>
            <trkpt lat="41.80714" lon="9.39851"/>
            <trkpt lat="41.80735" lon="9.39865"/>
            <trkpt lat="41.80748" lon="9.39876"/>
            <trkpt lat="41.80803" lon="9.39916"/>
            <trkpt lat="41.8083" lon="9.39934"/>
            <trkpt lat="41.80856" lon="9.39948"/>
            <trkpt lat="41.80883" lon="9.39959"/>
            <trkpt lat="41.80911" lon="9.39966"/>
            <trkpt lat="41.80993" lon="9.39981"/>
            <trkpt lat="41.8103" lon="9.39984"/>
            <trkpt lat="41.81052" lon="9.39982"/>
            <trkpt lat="41.81101" lon="9.39969"/>
            <trkpt lat="41.81115" lon="9.39965"/>
            <trkpt lat="41.81148" lon="9.39957"/>
            <trkpt lat="41.81167" lon="9.39956"/>
            <trkpt lat="41.81188" lon="9.39959"/>
            <trkpt lat="41.81202" lon="9.39966"/>
            <trkpt lat="41.81212" lon="9.39975"/>
            <trkpt lat="41.81217" lon="9.3998"/>
            <trkpt lat="41.8123" lon="9.39997"/>
            <trkpt lat="41.81239" lon="9.40014"/>
            <trkpt lat="41.81256" lon="9.40054"/>
            <trkpt lat="41.81268" lon="9.40074"/>
            <trkpt lat="41.81296" lon="9.40109"/>
            <trkpt lat="41.81311" lon="9.40126"/>
            <trkpt lat="41.81355" lon="9.4017"/>
            <trkpt lat="41.81367" lon="9.40181"/>
            <trkpt lat="41.81368" lon="9.40182"/>
            <trkpt lat="41.81395" lon="9.402"/>
            <trkpt lat="41.81396" lon="9.40201"/>
            <trkpt lat="41.81407" lon="9.40204"/>
            <trkpt lat="41.81433" lon="9.40211"/>
            <trkpt lat="41.81449" lon="9.40213"/>
            <trkpt lat="41.81482" lon="9.40219"/>
            <trkpt lat="41.81504" lon="9.40222"/>
            <trkpt lat="41.81539" lon="9.40223"/>
            <trkpt lat="41.81592" lon="9.40222"/>
            <trkpt lat="41.81686" lon="9.40218"/>
            <trkpt lat="41.81755" lon="9.40218"/>
            <trkpt lat="41.8179" lon="9.4022"/>
            <trkpt lat="41.81875" lon="9.40234"/>
            <trkpt lat="41.81892" lon="9.40238"/>
            <trkpt lat="41.81902" lon="9.40242"/>
            <trkpt lat="41.8192" lon="9.4025"/>
            <trkpt lat="41.81956" lon="9.40272"/>
            <trkpt lat="41.82021" lon="9.40313"/>
            <trkpt lat="41.82037" lon="9.4032"/>
            <trkpt lat="41.82057" lon="9.40324"/>
            <trkpt lat="41.82071" lon="9.40326"/>
            <trkpt lat="41.82074" lon="9.40326"/>
            <trkpt lat="41.8209" lon="9.40324"/>
            <trkpt lat="41.82108" lon="9.40316"/>
            <trkpt lat="41.8213" lon="9.40303"/>
            <trkpt lat="41.8214" lon="9.40296"/>
            <trkpt lat="41.82181" lon="9.40263"/>
            <trkpt lat="41.82222" lon="9.40229"/>
            <trkpt lat="41.82236" lon="9.40218"/>
            <trkpt lat="41.82248" lon="9.40214"/>
            <trkpt lat="41.82255" lon="9.40213"/>
            <trkpt lat="41.82261" lon="9.40214"/>
            <trkpt lat="41.82271" lon="9.40216"/>
            <trkpt lat="41.82282" lon="9.40222"/>
            <trkpt lat="41.82289" lon="9.40228"/>
            <trkpt lat="41.82295" lon="9.40233"/>
            <trkpt lat="41.8231" lon="9.40243"/>
            <trkpt lat="41.82314" lon="9.40245"/>
            <trkpt lat="41.82323" lon="9.40249"/>
            <trkpt lat="41.82328" lon="9.4025"/>
            <trkpt lat="41.8234" lon="9.40251"/>
            <trkpt lat="41.82345" lon="9.40249"/>
            <trkpt lat="41.82363" lon="9.40246"/>
            <trkpt lat="41.82373" lon="9.40242"/>
            <trkpt lat="41.82431" lon="9.40216"/>
            <trkpt lat="41.82448" lon="9.40209"/>
            <trkpt lat="41.82482" lon="9.40204"/>
            <trkpt lat="41.82491" lon="9.40204"/>
            <trkpt lat="41.82511" lon="9.40208"/>
            <trkpt lat="41.8254" lon="9.40217"/>
            <trkpt lat="41.82552" lon="9.40219"/>
            <trkpt lat="41.82627" lon="9.4023"/>
            <trkpt lat="41.82646" lon="9.40236"/>
            <trkpt lat="41.82658" lon="9.40241"/>
            <trkpt lat="41.82686" lon="9.40255"/>
            <trkpt lat="41.82712" lon="9.40267"/>
            <trkpt lat="41.82721" lon="9.40269"/>
            <trkpt lat="41.82729" lon="9.4027"/>
            <trkpt lat="41.8276" lon="9.40266"/>
            <trkpt lat="41.82779" lon="9.40263"/>
            <trkpt lat="41.82785" lon="9.40263"/>
            <trkpt lat="41.82804" lon="9.40267"/>
            <trkpt lat="41.82828" lon="9.40278"/>
            <trkpt lat="41.82847" lon="9.4029"/>
            <trkpt lat="41.82861" lon="9.40304"/>
            <trkpt lat="41.82869" lon="9.40313"/>
            <trkpt lat="41.82875" lon="9.40322"/>
            <trkpt lat="41.82895" lon="9.4036"/>
            <trkpt lat="41.82906" lon="9.40376"/>
            <trkpt lat="41.82911" lon="9.40382"/>
            <trkpt lat="41.82929" lon="9.40397"/>
            <trkpt lat="41.82939" lon="9.40403"/>
            <trkpt lat="41.82953" lon="9.40409"/>
            <trkpt lat="41.82974" lon="9.40413"/>
            <trkpt lat="41.83011" lon="9.4041"/>
            <trkpt lat="41.83041" lon="9.40404"/>
            <trkpt lat="41.83204" lon="9.40377"/>
            <trkpt lat="41.83251" lon="9.40369"/>
            <trkpt lat="41.8328" lon="9.40365"/>
            <trkpt lat="41.8333" lon="9.40356"/>
            <trkpt lat="41.83453" lon="9.40333"/>
            <trkpt lat="41.83469" lon="9.40329"/>
            <trkpt lat="41.83496" lon="9.40316"/>
            <trkpt lat="41.83551" lon="9.40279"/>
            <trkpt lat="41.83562" lon="9.40274"/>
            <trkpt lat="41.8357" lon="9.40271"/>
            <trkpt lat="41.83594" lon="9.40265"/>
            <trkpt lat="41.8361" lon="9.40261"/>
            <trkpt lat="41.83694" lon="9.40246"/>
            <trkpt lat="41.83726" lon="9.4024"/>
            <trkpt lat="41.83808" lon="9.40225"/>
            <trkpt lat="41.83906" lon="9.40206"/>
            <trkpt lat="41.84011" lon="9.40184"/>
            <trkpt lat="41.8402" lon="9.40181"/>
            <trkpt lat="41.84094" lon="9.40165"/>
            <trkpt lat="41.8415" lon="9.40153"/>
            <trkpt lat="41.84269" lon="9.40129"/>
            <trkpt lat="41.84458" lon="9.40089"/>
            <trkpt lat="41.84595" lon="9.40062"/>
            <trkpt lat="41.84626" lon="9.40056"/>
            <trkpt lat="41.84648" lon="9.40052"/>
            <trkpt lat="41.84764" lon="9.4003"/>
            <trkpt lat="41.8481" lon="9.4002"/>
            <trkpt lat="41.84933" lon="9.39994"/>
            <trkpt lat="41.84961" lon="9.39987"/>
            <trkpt lat="41.8499" lon="9.3998"/>
            <trkpt lat="41.85059" lon="9.39966"/>
            <trkpt lat="41.85084" lon="9.39966"/>
            <trkpt lat="41.85101" lon="9.39969"/>
            <trkpt lat="41.85201" lon="9.39997"/>
            <trkpt lat="41.85317" lon="9.40028"/>
            <trkpt lat="41.85427" lon="9.40058"/>
            <trkpt lat="41.85444" lon="9.40059"/>
            <trkpt lat="41.85451" lon="9.40058"/>
            <trkpt lat="41.85459" lon="9.40056"/>
            <trkpt lat="41.85513" lon="9.40033"/>
            <trkpt lat="41.85551" lon="9.40014"/>
            <trkpt lat="41.85601" lon="9.39992"/>
            <trkpt lat="41.85669" lon="9.39959"/>
            <trkpt lat="41.85761" lon="9.39917"/>
            <trkpt lat="41.85768" lon="9.3995"/>
            <trkpt lat="41.85776" lon="9.39984"/>
            <trkpt lat="41.8578" lon="9.40005"/>
            <trkpt lat="41.85787" lon="9.40036"/>
            <trkpt lat="41.85791" lon="9.40053"/>
            <trkpt lat="41.85809" lon="9.40135"/>
            <trkpt lat="41.85791" lon="9.40138"/>
            <trkpt lat="41.85791" lon="9.40138"/>
        </trkseg>
    </trk>
</gpx>
