<?xml version="1.0" encoding="UTF-8" standalone="yes"?>
<gpx xmlns="http://www.topografix.com/GPX/1/1" xmlns:tt="TT" version="1.1" creator="TomTom MyDrive">
    <wpt lat="42.6324" lon="8.9408">
        <type>TT_HARD</type>
    </wpt>
    <wpt lat="41.925301" lon="8.71412">
        <type>TT_HARD</type>
    </wpt>
    <rte>
        <name>30 luglio</name>
        <rtept lat="42.6324" lon="8.9408">
            <type>TT_HARD</type>
        </rtept>
        <rtept lat="41.925301" lon="8.71412">
            <type>TT_HARD</type>
        </rtept>
    </rte>
    <trk>
        <name>30 luglio</name>
        <trkseg>
            <trkpt lat="42.63252" lon="8.94083"/>
            <trkpt lat="42.6325" lon="8.94099"/>
            <trkpt lat="42.63242" lon="8.94162"/>
            <trkpt lat="42.63231" lon="8.94239"/>
            <trkpt lat="42.63225" lon="8.94287"/>
            <trkpt lat="42.63223" lon="8.94297"/>
            <trkpt lat="42.63219" lon="8.94329"/>
            <trkpt lat="42.63217" lon="8.94345"/>
            <trkpt lat="42.63197" lon="8.94494"/>
            <trkpt lat="42.63174" lon="8.94672"/>
            <trkpt lat="42.63171" lon="8.94721"/>
            <trkpt lat="42.6317" lon="8.94767"/>
            <trkpt lat="42.6317" lon="8.94784"/>
            <trkpt lat="42.63173" lon="8.94957"/>
            <trkpt lat="42.63172" lon="8.94972"/>
            <trkpt lat="42.63172" lon="8.94979"/>
            <trkpt lat="42.63171" lon="8.94982"/>
            <trkpt lat="42.6317" lon="8.94986"/>
            <trkpt lat="42.63167" lon="8.94994"/>
            <trkpt lat="42.63142" lon="8.95031"/>
            <trkpt lat="42.63105" lon="8.95083"/>
            <trkpt lat="42.631" lon="8.95094"/>
            <trkpt lat="42.63097" lon="8.95102"/>
            <trkpt lat="42.63093" lon="8.95128"/>
            <trkpt lat="42.63093" lon="8.9514"/>
            <trkpt lat="42.63095" lon="8.95172"/>
            <trkpt lat="42.63102" lon="8.9523"/>
            <trkpt lat="42.63113" lon="8.95332"/>
            <trkpt lat="42.63125" lon="8.95423"/>
            <trkpt lat="42.63126" lon="8.95437"/>
            <trkpt lat="42.63133" lon="8.95497"/>
            <trkpt lat="42.6314" lon="8.95556"/>
            <trkpt lat="42.63142" lon="8.95598"/>
            <trkpt lat="42.63139" lon="8.95719"/>
            <trkpt lat="42.63139" lon="8.95735"/>
            <trkpt lat="42.63138" lon="8.9574"/>
            <trkpt lat="42.63138" lon="8.95748"/>
            <trkpt lat="42.63138" lon="8.95763"/>
            <trkpt lat="42.63137" lon="8.95806"/>
            <trkpt lat="42.63133" lon="8.95911"/>
            <trkpt lat="42.63134" lon="8.95961"/>
            <trkpt lat="42.63136" lon="8.95979"/>
            <trkpt lat="42.63139" lon="8.95993"/>
            <trkpt lat="42.63147" lon="8.96017"/>
            <trkpt lat="42.63152" lon="8.96028"/>
            <trkpt lat="42.63244" lon="8.96197"/>
            <trkpt lat="42.63259" lon="8.96223"/>
            <trkpt lat="42.63261" lon="8.96227"/>
            <trkpt lat="42.63279" lon="8.96259"/>
            <trkpt lat="42.63293" lon="8.96281"/>
            <trkpt lat="42.63295" lon="8.96284"/>
            <trkpt lat="42.63302" lon="8.96292"/>
            <trkpt lat="42.63312" lon="8.96304"/>
            <trkpt lat="42.63351" lon="8.9634"/>
            <trkpt lat="42.63375" lon="8.96367"/>
            <trkpt lat="42.63395" lon="8.96396"/>
            <trkpt lat="42.63427" lon="8.96465"/>
            <trkpt lat="42.63436" lon="8.96484"/>
            <trkpt lat="42.63463" lon="8.96544"/>
            <trkpt lat="42.63473" lon="8.96563"/>
            <trkpt lat="42.6349" lon="8.96592"/>
            <trkpt lat="42.63496" lon="8.966"/>
            <trkpt lat="42.63538" lon="8.96645"/>
            <trkpt lat="42.63568" lon="8.96679"/>
            <trkpt lat="42.63585" lon="8.96703"/>
            <trkpt lat="42.6359" lon="8.96714"/>
            <trkpt lat="42.6361" lon="8.96774"/>
            <trkpt lat="42.63623" lon="8.96807"/>
            <trkpt lat="42.6363" lon="8.96823"/>
            <trkpt lat="42.63645" lon="8.96851"/>
            <trkpt lat="42.63693" lon="8.96923"/>
            <trkpt lat="42.63709" lon="8.96952"/>
            <trkpt lat="42.63723" lon="8.96985"/>
            <trkpt lat="42.63726" lon="8.96992"/>
            <trkpt lat="42.63733" lon="8.97012"/>
            <trkpt lat="42.63751" lon="8.97063"/>
            <trkpt lat="42.63756" lon="8.97074"/>
            <trkpt lat="42.63771" lon="8.97101"/>
            <trkpt lat="42.63793" lon="8.97132"/>
            <trkpt lat="42.63809" lon="8.97148"/>
            <trkpt lat="42.63828" lon="8.97175"/>
            <trkpt lat="42.63851" lon="8.97214"/>
            <trkpt lat="42.63864" lon="8.97244"/>
            <trkpt lat="42.6387" lon="8.97262"/>
            <trkpt lat="42.63879" lon="8.97295"/>
            <trkpt lat="42.6388" lon="8.97308"/>
            <trkpt lat="42.63882" lon="8.97338"/>
            <trkpt lat="42.63881" lon="8.97379"/>
            <trkpt lat="42.63879" lon="8.97404"/>
            <trkpt lat="42.63873" lon="8.97426"/>
            <trkpt lat="42.63862" lon="8.97455"/>
            <trkpt lat="42.63844" lon="8.97482"/>
            <trkpt lat="42.63829" lon="8.97499"/>
            <trkpt lat="42.63801" lon="8.97519"/>
            <trkpt lat="42.63757" lon="8.9755"/>
            <trkpt lat="42.63737" lon="8.97569"/>
            <trkpt lat="42.63728" lon="8.97581"/>
            <trkpt lat="42.63723" lon="8.97589"/>
            <trkpt lat="42.63719" lon="8.97599"/>
            <trkpt lat="42.63712" lon="8.97619"/>
            <trkpt lat="42.63709" lon="8.97635"/>
            <trkpt lat="42.6371" lon="8.9767"/>
            <trkpt lat="42.63713" lon="8.97688"/>
            <trkpt lat="42.6372" lon="8.97707"/>
            <trkpt lat="42.63732" lon="8.97727"/>
            <trkpt lat="42.63747" lon="8.97747"/>
            <trkpt lat="42.63763" lon="8.97763"/>
            <trkpt lat="42.63836" lon="8.97841"/>
            <trkpt lat="42.63855" lon="8.97864"/>
            <trkpt lat="42.63884" lon="8.97898"/>
            <trkpt lat="42.63891" lon="8.97911"/>
            <trkpt lat="42.63899" lon="8.97932"/>
            <trkpt lat="42.63904" lon="8.97954"/>
            <trkpt lat="42.6391" lon="8.97996"/>
            <trkpt lat="42.6391" lon="8.98022"/>
            <trkpt lat="42.63907" lon="8.98043"/>
            <trkpt lat="42.63905" lon="8.9805"/>
            <trkpt lat="42.63803" lon="8.98368"/>
            <trkpt lat="42.63792" lon="8.98403"/>
            <trkpt lat="42.63789" lon="8.98414"/>
            <trkpt lat="42.63787" lon="8.98441"/>
            <trkpt lat="42.63787" lon="8.98471"/>
            <trkpt lat="42.63794" lon="8.98682"/>
            <trkpt lat="42.63796" lon="8.98739"/>
            <trkpt lat="42.63805" lon="8.99035"/>
            <trkpt lat="42.63807" lon="8.99063"/>
            <trkpt lat="42.63815" lon="8.99108"/>
            <trkpt lat="42.63864" lon="8.99283"/>
            <trkpt lat="42.63895" lon="8.9939"/>
            <trkpt lat="42.63904" lon="8.99427"/>
            <trkpt lat="42.63914" lon="8.9947"/>
            <trkpt lat="42.63919" lon="8.99502"/>
            <trkpt lat="42.63928" lon="8.99644"/>
            <trkpt lat="42.63931" lon="8.99674"/>
            <trkpt lat="42.63945" lon="8.99744"/>
            <trkpt lat="42.63951" lon="8.99764"/>
            <trkpt lat="42.63978" lon="8.99842"/>
            <trkpt lat="42.64051" lon="9.00028"/>
            <trkpt lat="42.64064" lon="9.00067"/>
            <trkpt lat="42.6407" lon="9.00097"/>
            <trkpt lat="42.6408" lon="9.00154"/>
            <trkpt lat="42.64084" lon="9.00192"/>
            <trkpt lat="42.64086" lon="9.00221"/>
            <trkpt lat="42.64085" lon="9.00244"/>
            <trkpt lat="42.64084" lon="9.00251"/>
            <trkpt lat="42.64081" lon="9.00267"/>
            <trkpt lat="42.64077" lon="9.00284"/>
            <trkpt lat="42.64062" lon="9.00313"/>
            <trkpt lat="42.64053" lon="9.00326"/>
            <trkpt lat="42.6405" lon="9.00329"/>
            <trkpt lat="42.64028" lon="9.0035"/>
            <trkpt lat="42.63908" lon="9.00429"/>
            <trkpt lat="42.63895" lon="9.00437"/>
            <trkpt lat="42.63887" lon="9.0044"/>
            <trkpt lat="42.63881" lon="9.00443"/>
            <trkpt lat="42.63864" lon="9.00447"/>
            <trkpt lat="42.6386" lon="9.00447"/>
            <trkpt lat="42.6384" lon="9.00446"/>
            <trkpt lat="42.638" lon="9.00441"/>
            <trkpt lat="42.63795" lon="9.00441"/>
            <trkpt lat="42.63784" lon="9.00442"/>
            <trkpt lat="42.63772" lon="9.00444"/>
            <trkpt lat="42.6375" lon="9.00452"/>
            <trkpt lat="42.63737" lon="9.0046"/>
            <trkpt lat="42.63734" lon="9.00462"/>
            <trkpt lat="42.63727" lon="9.00467"/>
            <trkpt lat="42.63721" lon="9.00472"/>
            <trkpt lat="42.63714" lon="9.00481"/>
            <trkpt lat="42.63707" lon="9.00489"/>
            <trkpt lat="42.63697" lon="9.00508"/>
            <trkpt lat="42.63669" lon="9.00565"/>
            <trkpt lat="42.63632" lon="9.00642"/>
            <trkpt lat="42.63605" lon="9.00699"/>
            <trkpt lat="42.63588" lon="9.00732"/>
            <trkpt lat="42.63559" lon="9.00798"/>
            <trkpt lat="42.6355" lon="9.00826"/>
            <trkpt lat="42.63546" lon="9.00845"/>
            <trkpt lat="42.63545" lon="9.00862"/>
            <trkpt lat="42.63546" lon="9.00879"/>
            <trkpt lat="42.63546" lon="9.00883"/>
            <trkpt lat="42.63549" lon="9.009"/>
            <trkpt lat="42.63615" lon="9.01134"/>
            <trkpt lat="42.6362" lon="9.01154"/>
            <trkpt lat="42.63622" lon="9.01172"/>
            <trkpt lat="42.63636" lon="9.0122"/>
            <trkpt lat="42.63646" lon="9.01255"/>
            <trkpt lat="42.63654" lon="9.01285"/>
            <trkpt lat="42.63657" lon="9.01295"/>
            <trkpt lat="42.63665" lon="9.01317"/>
            <trkpt lat="42.63689" lon="9.01371"/>
            <trkpt lat="42.63694" lon="9.01377"/>
            <trkpt lat="42.63702" lon="9.01392"/>
            <trkpt lat="42.63783" lon="9.01527"/>
            <trkpt lat="42.63794" lon="9.01552"/>
            <trkpt lat="42.63797" lon="9.01558"/>
            <trkpt lat="42.63802" lon="9.01575"/>
            <trkpt lat="42.63804" lon="9.01578"/>
            <trkpt lat="42.63808" lon="9.016"/>
            <trkpt lat="42.63807" lon="9.01612"/>
            <trkpt lat="42.63808" lon="9.01646"/>
            <trkpt lat="42.63807" lon="9.0167"/>
            <trkpt lat="42.638" lon="9.01753"/>
            <trkpt lat="42.63796" lon="9.01802"/>
            <trkpt lat="42.63794" lon="9.01826"/>
            <trkpt lat="42.63794" lon="9.01863"/>
            <trkpt lat="42.63795" lon="9.01871"/>
            <trkpt lat="42.63797" lon="9.01893"/>
            <trkpt lat="42.63803" lon="9.01928"/>
            <trkpt lat="42.63808" lon="9.01946"/>
            <trkpt lat="42.63814" lon="9.01965"/>
            <trkpt lat="42.63823" lon="9.01987"/>
            <trkpt lat="42.63836" lon="9.02015"/>
            <trkpt lat="42.63863" lon="9.02068"/>
            <trkpt lat="42.63881" lon="9.02098"/>
            <trkpt lat="42.63889" lon="9.02116"/>
            <trkpt lat="42.63888" lon="9.02119"/>
            <trkpt lat="42.63888" lon="9.02123"/>
            <trkpt lat="42.63889" lon="9.02127"/>
            <trkpt lat="42.63889" lon="9.0213"/>
            <trkpt lat="42.63892" lon="9.02133"/>
            <trkpt lat="42.63893" lon="9.02134"/>
            <trkpt lat="42.63894" lon="9.02136"/>
            <trkpt lat="42.63897" lon="9.02137"/>
            <trkpt lat="42.63899" lon="9.02137"/>
            <trkpt lat="42.63912" lon="9.02161"/>
            <trkpt lat="42.63925" lon="9.02185"/>
            <trkpt lat="42.63968" lon="9.02268"/>
            <trkpt lat="42.63994" lon="9.02314"/>
            <trkpt lat="42.64003" lon="9.02328"/>
            <trkpt lat="42.64014" lon="9.02341"/>
            <trkpt lat="42.64017" lon="9.02343"/>
            <trkpt lat="42.64032" lon="9.02356"/>
            <trkpt lat="42.64038" lon="9.02359"/>
            <trkpt lat="42.6405" lon="9.02365"/>
            <trkpt lat="42.64062" lon="9.02369"/>
            <trkpt lat="42.64069" lon="9.0237"/>
            <trkpt lat="42.6409" lon="9.0237"/>
            <trkpt lat="42.641" lon="9.02368"/>
            <trkpt lat="42.64102" lon="9.02368"/>
            <trkpt lat="42.64109" lon="9.02366"/>
            <trkpt lat="42.64123" lon="9.02359"/>
            <trkpt lat="42.64128" lon="9.02357"/>
            <trkpt lat="42.64145" lon="9.02343"/>
            <trkpt lat="42.64148" lon="9.0234"/>
            <trkpt lat="42.64161" lon="9.02329"/>
            <trkpt lat="42.64169" lon="9.02319"/>
            <trkpt lat="42.64214" lon="9.0228"/>
            <trkpt lat="42.64245" lon="9.02261"/>
            <trkpt lat="42.6426" lon="9.02254"/>
            <trkpt lat="42.64276" lon="9.02249"/>
            <trkpt lat="42.64306" lon="9.02248"/>
            <trkpt lat="42.64322" lon="9.0225"/>
            <trkpt lat="42.64342" lon="9.02258"/>
            <trkpt lat="42.64377" lon="9.02279"/>
            <trkpt lat="42.64405" lon="9.02296"/>
            <trkpt lat="42.64445" lon="9.02322"/>
            <trkpt lat="42.64454" lon="9.02327"/>
            <trkpt lat="42.64498" lon="9.02352"/>
            <trkpt lat="42.64526" lon="9.02372"/>
            <trkpt lat="42.64564" lon="9.02394"/>
            <trkpt lat="42.64635" lon="9.02426"/>
            <trkpt lat="42.64666" lon="9.02447"/>
            <trkpt lat="42.64697" lon="9.02473"/>
            <trkpt lat="42.64746" lon="9.02524"/>
            <trkpt lat="42.64846" lon="9.02636"/>
            <trkpt lat="42.64883" lon="9.02664"/>
            <trkpt lat="42.64893" lon="9.02669"/>
            <trkpt lat="42.64916" lon="9.02681"/>
            <trkpt lat="42.6496" lon="9.02703"/>
            <trkpt lat="42.64993" lon="9.02716"/>
            <trkpt lat="42.65013" lon="9.02727"/>
            <trkpt lat="42.65026" lon="9.02737"/>
            <trkpt lat="42.65067" lon="9.02772"/>
            <trkpt lat="42.65094" lon="9.02792"/>
            <trkpt lat="42.65128" lon="9.02814"/>
            <trkpt lat="42.65155" lon="9.02838"/>
            <trkpt lat="42.65178" lon="9.02863"/>
            <trkpt lat="42.65198" lon="9.02895"/>
            <trkpt lat="42.65221" lon="9.02948"/>
            <trkpt lat="42.65231" lon="9.02993"/>
            <trkpt lat="42.65237" lon="9.03042"/>
            <trkpt lat="42.65235" lon="9.03076"/>
            <trkpt lat="42.65232" lon="9.0312"/>
            <trkpt lat="42.65227" lon="9.03179"/>
            <trkpt lat="42.65226" lon="9.03217"/>
            <trkpt lat="42.65232" lon="9.03271"/>
            <trkpt lat="42.65242" lon="9.03308"/>
            <trkpt lat="42.65268" lon="9.03367"/>
            <trkpt lat="42.65294" lon="9.03419"/>
            <trkpt lat="42.6532" lon="9.03478"/>
            <trkpt lat="42.65331" lon="9.03514"/>
            <trkpt lat="42.65333" lon="9.03534"/>
            <trkpt lat="42.65333" lon="9.03561"/>
            <trkpt lat="42.65327" lon="9.03601"/>
            <trkpt lat="42.6532" lon="9.03629"/>
            <trkpt lat="42.65317" lon="9.03641"/>
            <trkpt lat="42.65316" lon="9.03642"/>
            <trkpt lat="42.65313" lon="9.03651"/>
            <trkpt lat="42.65302" lon="9.03693"/>
            <trkpt lat="42.65293" lon="9.03723"/>
            <trkpt lat="42.65287" lon="9.03741"/>
            <trkpt lat="42.65264" lon="9.03803"/>
            <trkpt lat="42.65233" lon="9.03875"/>
            <trkpt lat="42.65225" lon="9.03899"/>
            <trkpt lat="42.65221" lon="9.03918"/>
            <trkpt lat="42.65219" lon="9.03928"/>
            <trkpt lat="42.65217" lon="9.03948"/>
            <trkpt lat="42.65216" lon="9.03952"/>
            <trkpt lat="42.65216" lon="9.03967"/>
            <trkpt lat="42.65221" lon="9.04015"/>
            <trkpt lat="42.65241" lon="9.04151"/>
            <trkpt lat="42.65242" lon="9.04158"/>
            <trkpt lat="42.65247" lon="9.04174"/>
            <trkpt lat="42.65266" lon="9.04234"/>
            <trkpt lat="42.65316" lon="9.04385"/>
            <trkpt lat="42.6533" lon="9.04423"/>
            <trkpt lat="42.65411" lon="9.04591"/>
            <trkpt lat="42.65434" lon="9.04628"/>
            <trkpt lat="42.65462" lon="9.04664"/>
            <trkpt lat="42.65497" lon="9.04705"/>
            <trkpt lat="42.65521" lon="9.04737"/>
            <trkpt lat="42.65528" lon="9.04747"/>
            <trkpt lat="42.6554" lon="9.04768"/>
            <trkpt lat="42.65543" lon="9.04773"/>
            <trkpt lat="42.65552" lon="9.04794"/>
            <trkpt lat="42.65562" lon="9.04819"/>
            <trkpt lat="42.65564" lon="9.04826"/>
            <trkpt lat="42.65571" lon="9.04852"/>
            <trkpt lat="42.65595" lon="9.04981"/>
            <trkpt lat="42.65597" lon="9.04989"/>
            <trkpt lat="42.65609" lon="9.05032"/>
            <trkpt lat="42.65641" lon="9.05136"/>
            <trkpt lat="42.65688" lon="9.05273"/>
            <trkpt lat="42.6569" lon="9.05279"/>
            <trkpt lat="42.65701" lon="9.05316"/>
            <trkpt lat="42.65707" lon="9.05338"/>
            <trkpt lat="42.65709" lon="9.05354"/>
            <trkpt lat="42.6571" lon="9.05368"/>
            <trkpt lat="42.6571" lon="9.05381"/>
            <trkpt lat="42.65709" lon="9.05417"/>
            <trkpt lat="42.65704" lon="9.05439"/>
            <trkpt lat="42.65702" lon="9.0545"/>
            <trkpt lat="42.65698" lon="9.0546"/>
            <trkpt lat="42.65672" lon="9.05514"/>
            <trkpt lat="42.65501" lon="9.05774"/>
            <trkpt lat="42.65436" lon="9.0587"/>
            <trkpt lat="42.65409" lon="9.05908"/>
            <trkpt lat="42.65375" lon="9.05972"/>
            <trkpt lat="42.65354" lon="9.06024"/>
            <trkpt lat="42.65348" lon="9.06041"/>
            <trkpt lat="42.65343" lon="9.06064"/>
            <trkpt lat="42.65334" lon="9.06118"/>
            <trkpt lat="42.6533" lon="9.06186"/>
            <trkpt lat="42.65328" lon="9.06248"/>
            <trkpt lat="42.65331" lon="9.06284"/>
            <trkpt lat="42.65332" lon="9.06442"/>
            <trkpt lat="42.65333" lon="9.06544"/>
            <trkpt lat="42.65331" lon="9.06553"/>
            <trkpt lat="42.6533" lon="9.06625"/>
            <trkpt lat="42.65329" lon="9.06701"/>
            <trkpt lat="42.65329" lon="9.06718"/>
            <trkpt lat="42.6533" lon="9.06787"/>
            <trkpt lat="42.65328" lon="9.06847"/>
            <trkpt lat="42.65311" lon="9.06965"/>
            <trkpt lat="42.65309" lon="9.06987"/>
            <trkpt lat="42.6531" lon="9.06991"/>
            <trkpt lat="42.65295" lon="9.07082"/>
            <trkpt lat="42.65281" lon="9.07165"/>
            <trkpt lat="42.65273" lon="9.07203"/>
            <trkpt lat="42.65252" lon="9.07327"/>
            <trkpt lat="42.65244" lon="9.07368"/>
            <trkpt lat="42.65231" lon="9.07443"/>
            <trkpt lat="42.65226" lon="9.07471"/>
            <trkpt lat="42.6516" lon="9.07848"/>
            <trkpt lat="42.65152" lon="9.079"/>
            <trkpt lat="42.65135" lon="9.07996"/>
            <trkpt lat="42.65101" lon="9.08186"/>
            <trkpt lat="42.65077" lon="9.08334"/>
            <trkpt lat="42.65022" lon="9.08642"/>
            <trkpt lat="42.65016" lon="9.08691"/>
            <trkpt lat="42.65015" lon="9.08718"/>
            <trkpt lat="42.65015" lon="9.08745"/>
            <trkpt lat="42.65021" lon="9.08814"/>
            <trkpt lat="42.65023" lon="9.08838"/>
            <trkpt lat="42.65024" lon="9.08847"/>
            <trkpt lat="42.65023" lon="9.08878"/>
            <trkpt lat="42.65018" lon="9.08908"/>
            <trkpt lat="42.6501" lon="9.08933"/>
            <trkpt lat="42.65" lon="9.08951"/>
            <trkpt lat="42.6499" lon="9.08967"/>
            <trkpt lat="42.64971" lon="9.08986"/>
            <trkpt lat="42.64956" lon="9.08998"/>
            <trkpt lat="42.64944" lon="9.09003"/>
            <trkpt lat="42.64893" lon="9.09023"/>
            <trkpt lat="42.64883" lon="9.09026"/>
            <trkpt lat="42.64868" lon="9.09034"/>
            <trkpt lat="42.6486" lon="9.09039"/>
            <trkpt lat="42.64842" lon="9.09052"/>
            <trkpt lat="42.64808" lon="9.09085"/>
            <trkpt lat="42.64715" lon="9.09205"/>
            <trkpt lat="42.64702" lon="9.09224"/>
            <trkpt lat="42.64689" lon="9.09247"/>
            <trkpt lat="42.64677" lon="9.09275"/>
            <trkpt lat="42.64662" lon="9.09321"/>
            <trkpt lat="42.64657" lon="9.09344"/>
            <trkpt lat="42.64654" lon="9.09358"/>
            <trkpt lat="42.64652" lon="9.09374"/>
            <trkpt lat="42.64649" lon="9.0942"/>
            <trkpt lat="42.64652" lon="9.09538"/>
            <trkpt lat="42.64651" lon="9.0955"/>
            <trkpt lat="42.64651" lon="9.09627"/>
            <trkpt lat="42.64653" lon="9.09655"/>
            <trkpt lat="42.64653" lon="9.09668"/>
            <trkpt lat="42.64656" lon="9.09732"/>
            <trkpt lat="42.64657" lon="9.09772"/>
            <trkpt lat="42.64658" lon="9.09785"/>
            <trkpt lat="42.64659" lon="9.09815"/>
            <trkpt lat="42.64664" lon="9.09873"/>
            <trkpt lat="42.64666" lon="9.09912"/>
            <trkpt lat="42.64667" lon="9.09918"/>
            <trkpt lat="42.64666" lon="9.09939"/>
            <trkpt lat="42.64662" lon="9.09985"/>
            <trkpt lat="42.6466" lon="9.09995"/>
            <trkpt lat="42.64654" lon="9.10026"/>
            <trkpt lat="42.64642" lon="9.10067"/>
            <trkpt lat="42.64628" lon="9.10105"/>
            <trkpt lat="42.64602" lon="9.10156"/>
            <trkpt lat="42.64572" lon="9.10198"/>
            <trkpt lat="42.64544" lon="9.10229"/>
            <trkpt lat="42.64528" lon="9.10242"/>
            <trkpt lat="42.64512" lon="9.10254"/>
            <trkpt lat="42.64448" lon="9.10294"/>
            <trkpt lat="42.64341" lon="9.10352"/>
            <trkpt lat="42.6429" lon="9.10387"/>
            <trkpt lat="42.64264" lon="9.10408"/>
            <trkpt lat="42.64187" lon="9.10483"/>
            <trkpt lat="42.64144" lon="9.10534"/>
            <trkpt lat="42.64131" lon="9.10553"/>
            <trkpt lat="42.64104" lon="9.10587"/>
            <trkpt lat="42.64069" lon="9.10625"/>
            <trkpt lat="42.64028" lon="9.10659"/>
            <trkpt lat="42.63987" lon="9.10686"/>
            <trkpt lat="42.63914" lon="9.10731"/>
            <trkpt lat="42.63888" lon="9.10749"/>
            <trkpt lat="42.63861" lon="9.10773"/>
            <trkpt lat="42.63781" lon="9.10856"/>
            <trkpt lat="42.63737" lon="9.10893"/>
            <trkpt lat="42.63717" lon="9.10907"/>
            <trkpt lat="42.63674" lon="9.1093"/>
            <trkpt lat="42.63628" lon="9.10947"/>
            <trkpt lat="42.63571" lon="9.10974"/>
            <trkpt lat="42.63532" lon="9.11001"/>
            <trkpt lat="42.63499" lon="9.11028"/>
            <trkpt lat="42.63485" lon="9.11042"/>
            <trkpt lat="42.6346" lon="9.11069"/>
            <trkpt lat="42.63452" lon="9.11083"/>
            <trkpt lat="42.63431" lon="9.11112"/>
            <trkpt lat="42.63406" lon="9.11156"/>
            <trkpt lat="42.63355" lon="9.1125"/>
            <trkpt lat="42.63342" lon="9.11272"/>
            <trkpt lat="42.63298" lon="9.11332"/>
            <trkpt lat="42.63232" lon="9.11414"/>
            <trkpt lat="42.63203" lon="9.11447"/>
            <trkpt lat="42.63142" lon="9.115"/>
            <trkpt lat="42.6309" lon="9.11555"/>
            <trkpt lat="42.63057" lon="9.11597"/>
            <trkpt lat="42.63018" lon="9.11653"/>
            <trkpt lat="42.63" lon="9.11672"/>
            <trkpt lat="42.62982" lon="9.11694"/>
            <trkpt lat="42.62946" lon="9.1173"/>
            <trkpt lat="42.62913" lon="9.1176"/>
            <trkpt lat="42.6285" lon="9.11825"/>
            <trkpt lat="42.62824" lon="9.11856"/>
            <trkpt lat="42.62817" lon="9.11865"/>
            <trkpt lat="42.62774" lon="9.11922"/>
            <trkpt lat="42.62695" lon="9.12026"/>
            <trkpt lat="42.62623" lon="9.12121"/>
            <trkpt lat="42.6259" lon="9.12165"/>
            <trkpt lat="42.62582" lon="9.12178"/>
            <trkpt lat="42.62557" lon="9.12221"/>
            <trkpt lat="42.62522" lon="9.12292"/>
            <trkpt lat="42.62303" lon="9.12722"/>
            <trkpt lat="42.6228" lon="9.12772"/>
            <trkpt lat="42.62267" lon="9.12802"/>
            <trkpt lat="42.62247" lon="9.12859"/>
            <trkpt lat="42.62235" lon="9.12905"/>
            <trkpt lat="42.62202" lon="9.13052"/>
            <trkpt lat="42.62186" lon="9.13106"/>
            <trkpt lat="42.62185" lon="9.13109"/>
            <trkpt lat="42.62173" lon="9.13143"/>
            <trkpt lat="42.62153" lon="9.13188"/>
            <trkpt lat="42.62134" lon="9.13222"/>
            <trkpt lat="42.62111" lon="9.13257"/>
            <trkpt lat="42.62083" lon="9.13295"/>
            <trkpt lat="42.62052" lon="9.13327"/>
            <trkpt lat="42.62011" lon="9.13362"/>
            <trkpt lat="42.61957" lon="9.13404"/>
            <trkpt lat="42.61896" lon="9.13452"/>
            <trkpt lat="42.61864" lon="9.13483"/>
            <trkpt lat="42.61827" lon="9.1353"/>
            <trkpt lat="42.61813" lon="9.13547"/>
            <trkpt lat="42.61797" lon="9.13567"/>
            <trkpt lat="42.61785" lon="9.13579"/>
            <trkpt lat="42.61758" lon="9.13603"/>
            <trkpt lat="42.61712" lon="9.13639"/>
            <trkpt lat="42.61649" lon="9.13691"/>
            <trkpt lat="42.61624" lon="9.13715"/>
            <trkpt lat="42.61565" lon="9.13785"/>
            <trkpt lat="42.6153" lon="9.13818"/>
            <trkpt lat="42.61505" lon="9.13837"/>
            <trkpt lat="42.61477" lon="9.13853"/>
            <trkpt lat="42.61459" lon="9.13861"/>
            <trkpt lat="42.61376" lon="9.13885"/>
            <trkpt lat="42.61309" lon="9.13907"/>
            <trkpt lat="42.61186" lon="9.13949"/>
            <trkpt lat="42.61136" lon="9.13964"/>
            <trkpt lat="42.61088" lon="9.13972"/>
            <trkpt lat="42.61018" lon="9.1398"/>
            <trkpt lat="42.60969" lon="9.13986"/>
            <trkpt lat="42.609" lon="9.13995"/>
            <trkpt lat="42.60861" lon="9.14006"/>
            <trkpt lat="42.60811" lon="9.14029"/>
            <trkpt lat="42.60782" lon="9.14043"/>
            <trkpt lat="42.60747" lon="9.14063"/>
            <trkpt lat="42.60735" lon="9.14069"/>
            <trkpt lat="42.60636" lon="9.1412"/>
            <trkpt lat="42.60571" lon="9.14154"/>
            <trkpt lat="42.60498" lon="9.14193"/>
            <trkpt lat="42.60444" lon="9.14222"/>
            <trkpt lat="42.60399" lon="9.14243"/>
            <trkpt lat="42.60369" lon="9.14253"/>
            <trkpt lat="42.60354" lon="9.14258"/>
            <trkpt lat="42.60317" lon="9.14267"/>
            <trkpt lat="42.60302" lon="9.1427"/>
            <trkpt lat="42.60272" lon="9.14273"/>
            <trkpt lat="42.60259" lon="9.14274"/>
            <trkpt lat="42.60214" lon="9.14273"/>
            <trkpt lat="42.6015" lon="9.14265"/>
            <trkpt lat="42.59907" lon="9.14229"/>
            <trkpt lat="42.5977" lon="9.14211"/>
            <trkpt lat="42.59719" lon="9.14207"/>
            <trkpt lat="42.59693" lon="9.14207"/>
            <trkpt lat="42.5965" lon="9.14209"/>
            <trkpt lat="42.59638" lon="9.14211"/>
            <trkpt lat="42.59586" lon="9.14219"/>
            <trkpt lat="42.59561" lon="9.14226"/>
            <trkpt lat="42.59525" lon="9.14236"/>
            <trkpt lat="42.5949" lon="9.14248"/>
            <trkpt lat="42.59448" lon="9.14266"/>
            <trkpt lat="42.59422" lon="9.14279"/>
            <trkpt lat="42.59374" lon="9.1431"/>
            <trkpt lat="42.59313" lon="9.14351"/>
            <trkpt lat="42.59266" lon="9.14385"/>
            <trkpt lat="42.59216" lon="9.14422"/>
            <trkpt lat="42.59099" lon="9.14505"/>
            <trkpt lat="42.59062" lon="9.14532"/>
            <trkpt lat="42.59005" lon="9.14566"/>
            <trkpt lat="42.5896" lon="9.14589"/>
            <trkpt lat="42.58933" lon="9.146"/>
            <trkpt lat="42.58878" lon="9.14621"/>
            <trkpt lat="42.58851" lon="9.1463"/>
            <trkpt lat="42.587" lon="9.1468"/>
            <trkpt lat="42.58684" lon="9.14686"/>
            <trkpt lat="42.58565" lon="9.14726"/>
            <trkpt lat="42.58447" lon="9.14769"/>
            <trkpt lat="42.58424" lon="9.14778"/>
            <trkpt lat="42.58327" lon="9.14823"/>
            <trkpt lat="42.58301" lon="9.14838"/>
            <trkpt lat="42.58285" lon="9.14847"/>
            <trkpt lat="42.58017" lon="9.15021"/>
            <trkpt lat="42.57966" lon="9.15053"/>
            <trkpt lat="42.579" lon="9.15087"/>
            <trkpt lat="42.57752" lon="9.15165"/>
            <trkpt lat="42.57748" lon="9.15169"/>
            <trkpt lat="42.57716" lon="9.15189"/>
            <trkpt lat="42.57678" lon="9.15214"/>
            <trkpt lat="42.57632" lon="9.15246"/>
            <trkpt lat="42.57577" lon="9.15287"/>
            <trkpt lat="42.57557" lon="9.15305"/>
            <trkpt lat="42.57532" lon="9.15327"/>
            <trkpt lat="42.57475" lon="9.15379"/>
            <trkpt lat="42.57387" lon="9.15463"/>
            <trkpt lat="42.57287" lon="9.15563"/>
            <trkpt lat="42.57189" lon="9.15652"/>
            <trkpt lat="42.57155" lon="9.1569"/>
            <trkpt lat="42.57141" lon="9.15708"/>
            <trkpt lat="42.5703" lon="9.15848"/>
            <trkpt lat="42.56843" lon="9.16091"/>
            <trkpt lat="42.56712" lon="9.1626"/>
            <trkpt lat="42.56688" lon="9.16291"/>
            <trkpt lat="42.56634" lon="9.16354"/>
            <trkpt lat="42.56609" lon="9.1638"/>
            <trkpt lat="42.56489" lon="9.16491"/>
            <trkpt lat="42.56433" lon="9.16537"/>
            <trkpt lat="42.56364" lon="9.16595"/>
            <trkpt lat="42.56318" lon="9.16634"/>
            <trkpt lat="42.56269" lon="9.16669"/>
            <trkpt lat="42.56214" lon="9.167"/>
            <trkpt lat="42.56131" lon="9.16737"/>
            <trkpt lat="42.56119" lon="9.16744"/>
            <trkpt lat="42.56104" lon="9.16753"/>
            <trkpt lat="42.56074" lon="9.1677"/>
            <trkpt lat="42.56016" lon="9.16812"/>
            <trkpt lat="42.55926" lon="9.16897"/>
            <trkpt lat="42.55855" lon="9.16967"/>
            <trkpt lat="42.55838" lon="9.16983"/>
            <trkpt lat="42.55807" lon="9.17013"/>
            <trkpt lat="42.55758" lon="9.17064"/>
            <trkpt lat="42.55603" lon="9.17217"/>
            <trkpt lat="42.55572" lon="9.17246"/>
            <trkpt lat="42.55527" lon="9.17285"/>
            <trkpt lat="42.55506" lon="9.173"/>
            <trkpt lat="42.55452" lon="9.17339"/>
            <trkpt lat="42.5539" lon="9.17379"/>
            <trkpt lat="42.55373" lon="9.1739"/>
            <trkpt lat="42.55285" lon="9.17447"/>
            <trkpt lat="42.55229" lon="9.17487"/>
            <trkpt lat="42.55217" lon="9.17498"/>
            <trkpt lat="42.55211" lon="9.17501"/>
            <trkpt lat="42.55179" lon="9.1753"/>
            <trkpt lat="42.55119" lon="9.17599"/>
            <trkpt lat="42.55035" lon="9.17717"/>
            <trkpt lat="42.54915" lon="9.17887"/>
            <trkpt lat="42.5488" lon="9.17932"/>
            <trkpt lat="42.5484" lon="9.17975"/>
            <trkpt lat="42.54817" lon="9.17995"/>
            <trkpt lat="42.54793" lon="9.18013"/>
            <trkpt lat="42.54756" lon="9.18035"/>
            <trkpt lat="42.5473" lon="9.18049"/>
            <trkpt lat="42.547" lon="9.18061"/>
            <trkpt lat="42.54594" lon="9.18101"/>
            <trkpt lat="42.54547" lon="9.18121"/>
            <trkpt lat="42.54534" lon="9.18129"/>
            <trkpt lat="42.54503" lon="9.18147"/>
            <trkpt lat="42.54461" lon="9.18175"/>
            <trkpt lat="42.54412" lon="9.1821"/>
            <trkpt lat="42.54318" lon="9.18268"/>
            <trkpt lat="42.54201" lon="9.18337"/>
            <trkpt lat="42.54156" lon="9.1836"/>
            <trkpt lat="42.54092" lon="9.18385"/>
            <trkpt lat="42.54043" lon="9.184"/>
            <trkpt lat="42.54004" lon="9.1841"/>
            <trkpt lat="42.53982" lon="9.18416"/>
            <trkpt lat="42.5395" lon="9.18424"/>
            <trkpt lat="42.5393" lon="9.18428"/>
            <trkpt lat="42.53906" lon="9.18434"/>
            <trkpt lat="42.53865" lon="9.18444"/>
            <trkpt lat="42.53853" lon="9.18447"/>
            <trkpt lat="42.53834" lon="9.18451"/>
            <trkpt lat="42.53801" lon="9.18457"/>
            <trkpt lat="42.53677" lon="9.1848"/>
            <trkpt lat="42.53634" lon="9.18486"/>
            <trkpt lat="42.53476" lon="9.18509"/>
            <trkpt lat="42.53424" lon="9.18514"/>
            <trkpt lat="42.53414" lon="9.18515"/>
            <trkpt lat="42.53343" lon="9.18517"/>
            <trkpt lat="42.53254" lon="9.18509"/>
            <trkpt lat="42.53215" lon="9.18511"/>
            <trkpt lat="42.53195" lon="9.18515"/>
            <trkpt lat="42.53109" lon="9.18547"/>
            <trkpt lat="42.53079" lon="9.18557"/>
            <trkpt lat="42.5305" lon="9.18562"/>
            <trkpt lat="42.52953" lon="9.18573"/>
            <trkpt lat="42.52897" lon="9.18578"/>
            <trkpt lat="42.52735" lon="9.18595"/>
            <trkpt lat="42.52536" lon="9.18609"/>
            <trkpt lat="42.52517" lon="9.1861"/>
            <trkpt lat="42.52491" lon="9.18607"/>
            <trkpt lat="42.52465" lon="9.18602"/>
            <trkpt lat="42.5242" lon="9.18588"/>
            <trkpt lat="42.52391" lon="9.18573"/>
            <trkpt lat="42.52376" lon="9.18564"/>
            <trkpt lat="42.52343" lon="9.18539"/>
            <trkpt lat="42.52317" lon="9.18516"/>
            <trkpt lat="42.52285" lon="9.18482"/>
            <trkpt lat="42.52266" lon="9.18457"/>
            <trkpt lat="42.52246" lon="9.18431"/>
            <trkpt lat="42.52226" lon="9.18408"/>
            <trkpt lat="42.52207" lon="9.18386"/>
            <trkpt lat="42.52175" lon="9.18345"/>
            <trkpt lat="42.52145" lon="9.18314"/>
            <trkpt lat="42.5211" lon="9.18284"/>
            <trkpt lat="42.52064" lon="9.18257"/>
            <trkpt lat="42.52042" lon="9.18248"/>
            <trkpt lat="42.52017" lon="9.1824"/>
            <trkpt lat="42.5196" lon="9.18226"/>
            <trkpt lat="42.51923" lon="9.18218"/>
            <trkpt lat="42.51891" lon="9.18212"/>
            <trkpt lat="42.51832" lon="9.18196"/>
            <trkpt lat="42.51806" lon="9.18184"/>
            <trkpt lat="42.51763" lon="9.18162"/>
            <trkpt lat="42.51709" lon="9.18127"/>
            <trkpt lat="42.51589" lon="9.1805"/>
            <trkpt lat="42.51526" lon="9.18017"/>
            <trkpt lat="42.51476" lon="9.17999"/>
            <trkpt lat="42.5144" lon="9.17991"/>
            <trkpt lat="42.51391" lon="9.17986"/>
            <trkpt lat="42.51347" lon="9.17986"/>
            <trkpt lat="42.513" lon="9.17986"/>
            <trkpt lat="42.51248" lon="9.17981"/>
            <trkpt lat="42.51214" lon="9.17974"/>
            <trkpt lat="42.5116" lon="9.17953"/>
            <trkpt lat="42.51032" lon="9.17877"/>
            <trkpt lat="42.50985" lon="9.17848"/>
            <trkpt lat="42.50969" lon="9.17841"/>
            <trkpt lat="42.50951" lon="9.1783"/>
            <trkpt lat="42.50873" lon="9.17786"/>
            <trkpt lat="42.50843" lon="9.17775"/>
            <trkpt lat="42.50813" lon="9.17768"/>
            <trkpt lat="42.50802" lon="9.17765"/>
            <trkpt lat="42.50789" lon="9.17763"/>
            <trkpt lat="42.50688" lon="9.17761"/>
            <trkpt lat="42.50672" lon="9.17759"/>
            <trkpt lat="42.50658" lon="9.17757"/>
            <trkpt lat="42.50633" lon="9.1775"/>
            <trkpt lat="42.50607" lon="9.1774"/>
            <trkpt lat="42.50592" lon="9.17734"/>
            <trkpt lat="42.50554" lon="9.17717"/>
            <trkpt lat="42.50506" lon="9.17697"/>
            <trkpt lat="42.50485" lon="9.1769"/>
            <trkpt lat="42.50428" lon="9.17677"/>
            <trkpt lat="42.50375" lon="9.17668"/>
            <trkpt lat="42.50341" lon="9.17664"/>
            <trkpt lat="42.50309" lon="9.17668"/>
            <trkpt lat="42.50284" lon="9.17678"/>
            <trkpt lat="42.50279" lon="9.17681"/>
            <trkpt lat="42.50266" lon="9.1769"/>
            <trkpt lat="42.50247" lon="9.17707"/>
            <trkpt lat="42.50204" lon="9.17759"/>
            <trkpt lat="42.5018" lon="9.17786"/>
            <trkpt lat="42.49979" lon="9.17996"/>
            <trkpt lat="42.4988" lon="9.181"/>
            <trkpt lat="42.4986" lon="9.18115"/>
            <trkpt lat="42.49854" lon="9.18119"/>
            <trkpt lat="42.49842" lon="9.18124"/>
            <trkpt lat="42.49837" lon="9.18127"/>
            <trkpt lat="42.49824" lon="9.18131"/>
            <trkpt lat="42.49816" lon="9.18132"/>
            <trkpt lat="42.49791" lon="9.18136"/>
            <trkpt lat="42.49721" lon="9.18139"/>
            <trkpt lat="42.49625" lon="9.18142"/>
            <trkpt lat="42.49528" lon="9.18148"/>
            <trkpt lat="42.49522" lon="9.18148"/>
            <trkpt lat="42.49512" lon="9.18148"/>
            <trkpt lat="42.49468" lon="9.1815"/>
            <trkpt lat="42.49411" lon="9.18154"/>
            <trkpt lat="42.49386" lon="9.18156"/>
            <trkpt lat="42.49378" lon="9.18157"/>
            <trkpt lat="42.49368" lon="9.18161"/>
            <trkpt lat="42.49353" lon="9.18172"/>
            <trkpt lat="42.49336" lon="9.18191"/>
            <trkpt lat="42.49324" lon="9.18215"/>
            <trkpt lat="42.49312" lon="9.18253"/>
            <trkpt lat="42.49294" lon="9.18326"/>
            <trkpt lat="42.49266" lon="9.18457"/>
            <trkpt lat="42.49254" lon="9.18514"/>
            <trkpt lat="42.49251" lon="9.18533"/>
            <trkpt lat="42.49247" lon="9.18549"/>
            <trkpt lat="42.49245" lon="9.18559"/>
            <trkpt lat="42.49237" lon="9.18602"/>
            <trkpt lat="42.49233" lon="9.18616"/>
            <trkpt lat="42.4923" lon="9.18625"/>
            <trkpt lat="42.4922" lon="9.18649"/>
            <trkpt lat="42.49213" lon="9.18657"/>
            <trkpt lat="42.49191" lon="9.18684"/>
            <trkpt lat="42.49106" lon="9.1878"/>
            <trkpt lat="42.49077" lon="9.18816"/>
            <trkpt lat="42.49044" lon="9.18863"/>
            <trkpt lat="42.49019" lon="9.18888"/>
            <trkpt lat="42.49009" lon="9.18897"/>
            <trkpt lat="42.48987" lon="9.18914"/>
            <trkpt lat="42.48891" lon="9.18966"/>
            <trkpt lat="42.4881" lon="9.19007"/>
            <trkpt lat="42.48768" lon="9.1903"/>
            <trkpt lat="42.48754" lon="9.19041"/>
            <trkpt lat="42.48689" lon="9.19096"/>
            <trkpt lat="42.48664" lon="9.19113"/>
            <trkpt lat="42.48647" lon="9.19121"/>
            <trkpt lat="42.48614" lon="9.19134"/>
            <trkpt lat="42.48584" lon="9.1915"/>
            <trkpt lat="42.48573" lon="9.19159"/>
            <trkpt lat="42.48551" lon="9.19177"/>
            <trkpt lat="42.48486" lon="9.19249"/>
            <trkpt lat="42.48443" lon="9.193"/>
            <trkpt lat="42.48429" lon="9.1932"/>
            <trkpt lat="42.48421" lon="9.19335"/>
            <trkpt lat="42.48413" lon="9.19353"/>
            <trkpt lat="42.48408" lon="9.19369"/>
            <trkpt lat="42.48405" lon="9.19382"/>
            <trkpt lat="42.48401" lon="9.19402"/>
            <trkpt lat="42.48399" lon="9.19418"/>
            <trkpt lat="42.48399" lon="9.19441"/>
            <trkpt lat="42.484" lon="9.19455"/>
            <trkpt lat="42.48409" lon="9.19516"/>
            <trkpt lat="42.48409" lon="9.19533"/>
            <trkpt lat="42.48407" lon="9.1955"/>
            <trkpt lat="42.48401" lon="9.19574"/>
            <trkpt lat="42.48392" lon="9.19589"/>
            <trkpt lat="42.48386" lon="9.19597"/>
            <trkpt lat="42.4838" lon="9.19605"/>
            <trkpt lat="42.48359" lon="9.19622"/>
            <trkpt lat="42.48339" lon="9.19641"/>
            <trkpt lat="42.48329" lon="9.19655"/>
            <trkpt lat="42.48315" lon="9.1968"/>
            <trkpt lat="42.4828" lon="9.19758"/>
            <trkpt lat="42.48273" lon="9.19771"/>
            <trkpt lat="42.48266" lon="9.19778"/>
            <trkpt lat="42.48263" lon="9.1978"/>
            <trkpt lat="42.48259" lon="9.19781"/>
            <trkpt lat="42.48255" lon="9.19781"/>
            <trkpt lat="42.48244" lon="9.19779"/>
            <trkpt lat="42.48227" lon="9.19768"/>
            <trkpt lat="42.48209" lon="9.19754"/>
            <trkpt lat="42.48174" lon="9.19727"/>
            <trkpt lat="42.48146" lon="9.19709"/>
            <trkpt lat="42.48131" lon="9.19703"/>
            <trkpt lat="42.48127" lon="9.19702"/>
            <trkpt lat="42.48105" lon="9.19699"/>
            <trkpt lat="42.48094" lon="9.19697"/>
            <trkpt lat="42.48051" lon="9.19696"/>
            <trkpt lat="42.48005" lon="9.19697"/>
            <trkpt lat="42.48" lon="9.19698"/>
            <trkpt lat="42.47992" lon="9.19702"/>
            <trkpt lat="42.47979" lon="9.19709"/>
            <trkpt lat="42.47958" lon="9.19727"/>
            <trkpt lat="42.47947" lon="9.19743"/>
            <trkpt lat="42.47942" lon="9.19753"/>
            <trkpt lat="42.47888" lon="9.19871"/>
            <trkpt lat="42.47886" lon="9.1988"/>
            <trkpt lat="42.47833" lon="9.19989"/>
            <trkpt lat="42.47829" lon="9.19998"/>
            <trkpt lat="42.47813" lon="9.20024"/>
            <trkpt lat="42.47808" lon="9.2003"/>
            <trkpt lat="42.47799" lon="9.2004"/>
            <trkpt lat="42.47764" lon="9.20064"/>
            <trkpt lat="42.47711" lon="9.20097"/>
            <trkpt lat="42.47575" lon="9.20184"/>
            <trkpt lat="42.47513" lon="9.20224"/>
            <trkpt lat="42.47314" lon="9.2035"/>
            <trkpt lat="42.47249" lon="9.20391"/>
            <trkpt lat="42.47193" lon="9.20426"/>
            <trkpt lat="42.4717" lon="9.20436"/>
            <trkpt lat="42.47155" lon="9.20441"/>
            <trkpt lat="42.4712" lon="9.20446"/>
            <trkpt lat="42.47079" lon="9.20447"/>
            <trkpt lat="42.47" lon="9.20449"/>
            <trkpt lat="42.46995" lon="9.20449"/>
            <trkpt lat="42.46978" lon="9.20449"/>
            <trkpt lat="42.46884" lon="9.20452"/>
            <trkpt lat="42.46592" lon="9.20459"/>
            <trkpt lat="42.46525" lon="9.20462"/>
            <trkpt lat="42.46465" lon="9.20464"/>
            <trkpt lat="42.46411" lon="9.20466"/>
            <trkpt lat="42.46401" lon="9.20468"/>
            <trkpt lat="42.46393" lon="9.2047"/>
            <trkpt lat="42.46386" lon="9.20474"/>
            <trkpt lat="42.46374" lon="9.2048"/>
            <trkpt lat="42.46343" lon="9.20512"/>
            <trkpt lat="42.46319" lon="9.20538"/>
            <trkpt lat="42.46289" lon="9.20569"/>
            <trkpt lat="42.4627" lon="9.2059"/>
            <trkpt lat="42.46268" lon="9.20592"/>
            <trkpt lat="42.46266" lon="9.20594"/>
            <trkpt lat="42.46263" lon="9.20596"/>
            <trkpt lat="42.46259" lon="9.20598"/>
            <trkpt lat="42.46256" lon="9.20599"/>
            <trkpt lat="42.46239" lon="9.20604"/>
            <trkpt lat="42.46237" lon="9.20605"/>
            <trkpt lat="42.46234" lon="9.20607"/>
            <trkpt lat="42.46228" lon="9.20612"/>
            <trkpt lat="42.46223" lon="9.20619"/>
            <trkpt lat="42.46221" lon="9.20618"/>
            <trkpt lat="42.46217" lon="9.20617"/>
            <trkpt lat="42.46214" lon="9.20617"/>
            <trkpt lat="42.46211" lon="9.20618"/>
            <trkpt lat="42.46208" lon="9.2062"/>
            <trkpt lat="42.46206" lon="9.20623"/>
            <trkpt lat="42.46205" lon="9.20625"/>
            <trkpt lat="42.46204" lon="9.20627"/>
            <trkpt lat="42.46203" lon="9.20632"/>
            <trkpt lat="42.46203" lon="9.20637"/>
            <trkpt lat="42.46204" lon="9.2064"/>
            <trkpt lat="42.46205" lon="9.20641"/>
            <trkpt lat="42.46206" lon="9.20644"/>
            <trkpt lat="42.46209" lon="9.20646"/>
            <trkpt lat="42.46203" lon="9.20651"/>
            <trkpt lat="42.46199" lon="9.20654"/>
            <trkpt lat="42.46189" lon="9.20661"/>
            <trkpt lat="42.46179" lon="9.20668"/>
            <trkpt lat="42.46021" lon="9.20736"/>
            <trkpt lat="42.45972" lon="9.20757"/>
            <trkpt lat="42.45912" lon="9.20783"/>
            <trkpt lat="42.4585" lon="9.20809"/>
            <trkpt lat="42.45828" lon="9.20818"/>
            <trkpt lat="42.45786" lon="9.20834"/>
            <trkpt lat="42.45766" lon="9.20839"/>
            <trkpt lat="42.45737" lon="9.20839"/>
            <trkpt lat="42.4572" lon="9.20836"/>
            <trkpt lat="42.45713" lon="9.20835"/>
            <trkpt lat="42.45689" lon="9.20824"/>
            <trkpt lat="42.45676" lon="9.20815"/>
            <trkpt lat="42.45647" lon="9.20788"/>
            <trkpt lat="42.45603" lon="9.20737"/>
            <trkpt lat="42.45594" lon="9.20729"/>
            <trkpt lat="42.45574" lon="9.20716"/>
            <trkpt lat="42.4556" lon="9.20707"/>
            <trkpt lat="42.45534" lon="9.2069"/>
            <trkpt lat="42.45514" lon="9.20671"/>
            <trkpt lat="42.45502" lon="9.20656"/>
            <trkpt lat="42.455" lon="9.20654"/>
            <trkpt lat="42.4545" lon="9.20591"/>
            <trkpt lat="42.45408" lon="9.20537"/>
            <trkpt lat="42.45388" lon="9.2051"/>
            <trkpt lat="42.45372" lon="9.20484"/>
            <trkpt lat="42.45343" lon="9.20433"/>
            <trkpt lat="42.45325" lon="9.20399"/>
            <trkpt lat="42.45191" lon="9.20148"/>
            <trkpt lat="42.4512" lon="9.20032"/>
            <trkpt lat="42.45117" lon="9.20027"/>
            <trkpt lat="42.4511" lon="9.20016"/>
            <trkpt lat="42.4505" lon="9.19918"/>
            <trkpt lat="42.4497" lon="9.19787"/>
            <trkpt lat="42.4495" lon="9.19756"/>
            <trkpt lat="42.44933" lon="9.19738"/>
            <trkpt lat="42.44927" lon="9.19733"/>
            <trkpt lat="42.44913" lon="9.19723"/>
            <trkpt lat="42.4489" lon="9.19708"/>
            <trkpt lat="42.44864" lon="9.19695"/>
            <trkpt lat="42.44845" lon="9.19688"/>
            <trkpt lat="42.44821" lon="9.19683"/>
            <trkpt lat="42.44813" lon="9.19683"/>
            <trkpt lat="42.44796" lon="9.19682"/>
            <trkpt lat="42.4477" lon="9.19686"/>
            <trkpt lat="42.44756" lon="9.19689"/>
            <trkpt lat="42.44715" lon="9.19705"/>
            <trkpt lat="42.44623" lon="9.19766"/>
            <trkpt lat="42.44619" lon="9.19768"/>
            <trkpt lat="42.44615" lon="9.19771"/>
            <trkpt lat="42.4455" lon="9.19814"/>
            <trkpt lat="42.4449" lon="9.19853"/>
            <trkpt lat="42.44445" lon="9.19882"/>
            <trkpt lat="42.44442" lon="9.19885"/>
            <trkpt lat="42.44436" lon="9.19889"/>
            <trkpt lat="42.44311" lon="9.19971"/>
            <trkpt lat="42.44175" lon="9.20063"/>
            <trkpt lat="42.43989" lon="9.20186"/>
            <trkpt lat="42.43865" lon="9.20271"/>
            <trkpt lat="42.43642" lon="9.20419"/>
            <trkpt lat="42.43609" lon="9.20443"/>
            <trkpt lat="42.43447" lon="9.20552"/>
            <trkpt lat="42.43433" lon="9.2056"/>
            <trkpt lat="42.43427" lon="9.20563"/>
            <trkpt lat="42.4341" lon="9.20567"/>
            <trkpt lat="42.43354" lon="9.2057"/>
            <trkpt lat="42.43292" lon="9.20573"/>
            <trkpt lat="42.43115" lon="9.20583"/>
            <trkpt lat="42.43103" lon="9.20582"/>
            <trkpt lat="42.43094" lon="9.20581"/>
            <trkpt lat="42.43071" lon="9.20574"/>
            <trkpt lat="42.4305" lon="9.20561"/>
            <trkpt lat="42.43035" lon="9.20548"/>
            <trkpt lat="42.43025" lon="9.20537"/>
            <trkpt lat="42.43005" lon="9.20513"/>
            <trkpt lat="42.43001" lon="9.20509"/>
            <trkpt lat="42.42968" lon="9.20471"/>
            <trkpt lat="42.4296" lon="9.2046"/>
            <trkpt lat="42.42952" lon="9.20452"/>
            <trkpt lat="42.4295" lon="9.20449"/>
            <trkpt lat="42.4292" lon="9.20413"/>
            <trkpt lat="42.42903" lon="9.20392"/>
            <trkpt lat="42.42849" lon="9.20333"/>
            <trkpt lat="42.42769" lon="9.20239"/>
            <trkpt lat="42.42746" lon="9.20212"/>
            <trkpt lat="42.42715" lon="9.20177"/>
            <trkpt lat="42.42696" lon="9.20157"/>
            <trkpt lat="42.42675" lon="9.20137"/>
            <trkpt lat="42.42645" lon="9.20116"/>
            <trkpt lat="42.42519" lon="9.20035"/>
            <trkpt lat="42.42125" lon="9.19788"/>
            <trkpt lat="42.41953" lon="9.19681"/>
            <trkpt lat="42.41931" lon="9.1967"/>
            <trkpt lat="42.41901" lon="9.19662"/>
            <trkpt lat="42.41761" lon="9.19635"/>
            <trkpt lat="42.41614" lon="9.19608"/>
            <trkpt lat="42.41382" lon="9.19568"/>
            <trkpt lat="42.41178" lon="9.19516"/>
            <trkpt lat="42.40909" lon="9.1945"/>
            <trkpt lat="42.40723" lon="9.19406"/>
            <trkpt lat="42.40679" lon="9.19396"/>
            <trkpt lat="42.40626" lon="9.19383"/>
            <trkpt lat="42.40605" lon="9.19381"/>
            <trkpt lat="42.40581" lon="9.1938"/>
            <trkpt lat="42.40571" lon="9.19377"/>
            <trkpt lat="42.40534" lon="9.19382"/>
            <trkpt lat="42.40528" lon="9.19383"/>
            <trkpt lat="42.40494" lon="9.19397"/>
            <trkpt lat="42.4049" lon="9.19398"/>
            <trkpt lat="42.40474" lon="9.19408"/>
            <trkpt lat="42.40406" lon="9.19449"/>
            <trkpt lat="42.404" lon="9.19454"/>
            <trkpt lat="42.40373" lon="9.19467"/>
            <trkpt lat="42.40343" lon="9.19477"/>
            <trkpt lat="42.40331" lon="9.1948"/>
            <trkpt lat="42.40323" lon="9.19487"/>
            <trkpt lat="42.40299" lon="9.19489"/>
            <trkpt lat="42.40267" lon="9.19485"/>
            <trkpt lat="42.4024" lon="9.19479"/>
            <trkpt lat="42.40064" lon="9.19428"/>
            <trkpt lat="42.40032" lon="9.19419"/>
            <trkpt lat="42.40004" lon="9.19411"/>
            <trkpt lat="42.39937" lon="9.19391"/>
            <trkpt lat="42.39814" lon="9.19354"/>
            <trkpt lat="42.39755" lon="9.19336"/>
            <trkpt lat="42.39717" lon="9.19321"/>
            <trkpt lat="42.39692" lon="9.19306"/>
            <trkpt lat="42.39684" lon="9.193"/>
            <trkpt lat="42.39679" lon="9.19294"/>
            <trkpt lat="42.39674" lon="9.1929"/>
            <trkpt lat="42.39647" lon="9.19269"/>
            <trkpt lat="42.39639" lon="9.19262"/>
            <trkpt lat="42.39608" lon="9.1923"/>
            <trkpt lat="42.39571" lon="9.19185"/>
            <trkpt lat="42.39536" lon="9.19144"/>
            <trkpt lat="42.39524" lon="9.1913"/>
            <trkpt lat="42.39506" lon="9.1911"/>
            <trkpt lat="42.39485" lon="9.1909"/>
            <trkpt lat="42.39446" lon="9.19055"/>
            <trkpt lat="42.39413" lon="9.19025"/>
            <trkpt lat="42.39402" lon="9.1902"/>
            <trkpt lat="42.39375" lon="9.18998"/>
            <trkpt lat="42.39332" lon="9.18972"/>
            <trkpt lat="42.39302" lon="9.18957"/>
            <trkpt lat="42.39255" lon="9.18935"/>
            <trkpt lat="42.39233" lon="9.18929"/>
            <trkpt lat="42.39211" lon="9.18927"/>
            <trkpt lat="42.39206" lon="9.18927"/>
            <trkpt lat="42.39202" lon="9.18927"/>
            <trkpt lat="42.39196" lon="9.18928"/>
            <trkpt lat="42.39183" lon="9.1893"/>
            <trkpt lat="42.39177" lon="9.18932"/>
            <trkpt lat="42.39147" lon="9.18944"/>
            <trkpt lat="42.39119" lon="9.18958"/>
            <trkpt lat="42.39083" lon="9.1898"/>
            <trkpt lat="42.39044" lon="9.19006"/>
            <trkpt lat="42.39038" lon="9.19009"/>
            <trkpt lat="42.38921" lon="9.19086"/>
            <trkpt lat="42.38892" lon="9.19109"/>
            <trkpt lat="42.38867" lon="9.1913"/>
            <trkpt lat="42.38833" lon="9.19166"/>
            <trkpt lat="42.38738" lon="9.19272"/>
            <trkpt lat="42.38713" lon="9.19297"/>
            <trkpt lat="42.3867" lon="9.19331"/>
            <trkpt lat="42.38649" lon="9.19345"/>
            <trkpt lat="42.38637" lon="9.1935"/>
            <trkpt lat="42.38594" lon="9.19361"/>
            <trkpt lat="42.38525" lon="9.19378"/>
            <trkpt lat="42.38496" lon="9.19385"/>
            <trkpt lat="42.38474" lon="9.19388"/>
            <trkpt lat="42.38443" lon="9.19388"/>
            <trkpt lat="42.38387" lon="9.19386"/>
            <trkpt lat="42.38369" lon="9.19385"/>
            <trkpt lat="42.38337" lon="9.19385"/>
            <trkpt lat="42.38329" lon="9.19382"/>
            <trkpt lat="42.38326" lon="9.19381"/>
            <trkpt lat="42.38313" lon="9.19374"/>
            <trkpt lat="42.38287" lon="9.19346"/>
            <trkpt lat="42.38267" lon="9.19326"/>
            <trkpt lat="42.3826" lon="9.1932"/>
            <trkpt lat="42.38253" lon="9.19314"/>
            <trkpt lat="42.38245" lon="9.19308"/>
            <trkpt lat="42.3823" lon="9.19299"/>
            <trkpt lat="42.38221" lon="9.19294"/>
            <trkpt lat="42.38163" lon="9.19263"/>
            <trkpt lat="42.381" lon="9.19229"/>
            <trkpt lat="42.3809" lon="9.19221"/>
            <trkpt lat="42.38068" lon="9.19206"/>
            <trkpt lat="42.3804" lon="9.19182"/>
            <trkpt lat="42.38001" lon="9.19142"/>
            <trkpt lat="42.37981" lon="9.19123"/>
            <trkpt lat="42.37949" lon="9.19099"/>
            <trkpt lat="42.37914" lon="9.19079"/>
            <trkpt lat="42.37846" lon="9.19044"/>
            <trkpt lat="42.37837" lon="9.19039"/>
            <trkpt lat="42.37826" lon="9.19033"/>
            <trkpt lat="42.37715" lon="9.18977"/>
            <trkpt lat="42.37709" lon="9.18974"/>
            <trkpt lat="42.3769" lon="9.18965"/>
            <trkpt lat="42.37673" lon="9.18955"/>
            <trkpt lat="42.37639" lon="9.18928"/>
            <trkpt lat="42.37613" lon="9.18905"/>
            <trkpt lat="42.37591" lon="9.18888"/>
            <trkpt lat="42.37528" lon="9.18835"/>
            <trkpt lat="42.37521" lon="9.18829"/>
            <trkpt lat="42.37501" lon="9.18815"/>
            <trkpt lat="42.37462" lon="9.1879"/>
            <trkpt lat="42.37443" lon="9.18772"/>
            <trkpt lat="42.37405" lon="9.1873"/>
            <trkpt lat="42.37333" lon="9.18648"/>
            <trkpt lat="42.37206" lon="9.18503"/>
            <trkpt lat="42.37177" lon="9.18477"/>
            <trkpt lat="42.37152" lon="9.18457"/>
            <trkpt lat="42.37045" lon="9.18373"/>
            <trkpt lat="42.37032" lon="9.18363"/>
            <trkpt lat="42.36946" lon="9.18294"/>
            <trkpt lat="42.36929" lon="9.18282"/>
            <trkpt lat="42.36914" lon="9.18276"/>
            <trkpt lat="42.3691" lon="9.18274"/>
            <trkpt lat="42.36899" lon="9.18272"/>
            <trkpt lat="42.36894" lon="9.18272"/>
            <trkpt lat="42.36883" lon="9.18272"/>
            <trkpt lat="42.36878" lon="9.18272"/>
            <trkpt lat="42.36857" lon="9.18279"/>
            <trkpt lat="42.36839" lon="9.18287"/>
            <trkpt lat="42.36802" lon="9.18301"/>
            <trkpt lat="42.36775" lon="9.18307"/>
            <trkpt lat="42.36771" lon="9.18308"/>
            <trkpt lat="42.36663" lon="9.18314"/>
            <trkpt lat="42.36648" lon="9.18313"/>
            <trkpt lat="42.36641" lon="9.18311"/>
            <trkpt lat="42.36383" lon="9.18245"/>
            <trkpt lat="42.36328" lon="9.18231"/>
            <trkpt lat="42.36309" lon="9.18226"/>
            <trkpt lat="42.3616" lon="9.18185"/>
            <trkpt lat="42.36127" lon="9.18177"/>
            <trkpt lat="42.36116" lon="9.18171"/>
            <trkpt lat="42.36108" lon="9.18167"/>
            <trkpt lat="42.36081" lon="9.18148"/>
            <trkpt lat="42.35983" lon="9.18071"/>
            <trkpt lat="42.35933" lon="9.18031"/>
            <trkpt lat="42.35824" lon="9.17943"/>
            <trkpt lat="42.35794" lon="9.1792"/>
            <trkpt lat="42.35599" lon="9.17763"/>
            <trkpt lat="42.35585" lon="9.17748"/>
            <trkpt lat="42.3558" lon="9.17741"/>
            <trkpt lat="42.35573" lon="9.1773"/>
            <trkpt lat="42.35563" lon="9.17708"/>
            <trkpt lat="42.35552" lon="9.17671"/>
            <trkpt lat="42.35534" lon="9.17601"/>
            <trkpt lat="42.35506" lon="9.17495"/>
            <trkpt lat="42.35503" lon="9.17476"/>
            <trkpt lat="42.35503" lon="9.17471"/>
            <trkpt lat="42.35502" lon="9.17465"/>
            <trkpt lat="42.35503" lon="9.17445"/>
            <trkpt lat="42.35507" lon="9.17424"/>
            <trkpt lat="42.35511" lon="9.1741"/>
            <trkpt lat="42.35514" lon="9.17402"/>
            <trkpt lat="42.35521" lon="9.1739"/>
            <trkpt lat="42.35532" lon="9.17375"/>
            <trkpt lat="42.35536" lon="9.1737"/>
            <trkpt lat="42.35729" lon="9.17201"/>
            <trkpt lat="42.35745" lon="9.17185"/>
            <trkpt lat="42.35753" lon="9.17175"/>
            <trkpt lat="42.35757" lon="9.1717"/>
            <trkpt lat="42.35762" lon="9.1716"/>
            <trkpt lat="42.35765" lon="9.17153"/>
            <trkpt lat="42.35767" lon="9.17147"/>
            <trkpt lat="42.35771" lon="9.17132"/>
            <trkpt lat="42.35776" lon="9.17108"/>
            <trkpt lat="42.35778" lon="9.17078"/>
            <trkpt lat="42.35776" lon="9.17039"/>
            <trkpt lat="42.35769" lon="9.17002"/>
            <trkpt lat="42.35763" lon="9.16978"/>
            <trkpt lat="42.35761" lon="9.16968"/>
            <trkpt lat="42.35751" lon="9.16945"/>
            <trkpt lat="42.35742" lon="9.1693"/>
            <trkpt lat="42.35729" lon="9.16915"/>
            <trkpt lat="42.35716" lon="9.16905"/>
            <trkpt lat="42.35704" lon="9.16898"/>
            <trkpt lat="42.35686" lon="9.16894"/>
            <trkpt lat="42.3568" lon="9.16893"/>
            <trkpt lat="42.35664" lon="9.16893"/>
            <trkpt lat="42.35655" lon="9.16894"/>
            <trkpt lat="42.3565" lon="9.16896"/>
            <trkpt lat="42.35646" lon="9.16898"/>
            <trkpt lat="42.35633" lon="9.16905"/>
            <trkpt lat="42.35621" lon="9.16915"/>
            <trkpt lat="42.35614" lon="9.16922"/>
            <trkpt lat="42.35604" lon="9.16935"/>
            <trkpt lat="42.35595" lon="9.16952"/>
            <trkpt lat="42.35582" lon="9.16986"/>
            <trkpt lat="42.35578" lon="9.17006"/>
            <trkpt lat="42.35577" lon="9.1701"/>
            <trkpt lat="42.35577" lon="9.17021"/>
            <trkpt lat="42.35571" lon="9.17041"/>
            <trkpt lat="42.35562" lon="9.17059"/>
            <trkpt lat="42.35558" lon="9.17065"/>
            <trkpt lat="42.35551" lon="9.17076"/>
            <trkpt lat="42.35544" lon="9.17086"/>
            <trkpt lat="42.3554" lon="9.17089"/>
            <trkpt lat="42.35536" lon="9.17095"/>
            <trkpt lat="42.35525" lon="9.17107"/>
            <trkpt lat="42.35466" lon="9.17168"/>
            <trkpt lat="42.35437" lon="9.17199"/>
            <trkpt lat="42.35425" lon="9.1721"/>
            <trkpt lat="42.35408" lon="9.17222"/>
            <trkpt lat="42.35404" lon="9.17223"/>
            <trkpt lat="42.35396" lon="9.17228"/>
            <trkpt lat="42.35364" lon="9.17241"/>
            <trkpt lat="42.35273" lon="9.1728"/>
            <trkpt lat="42.35251" lon="9.17288"/>
            <trkpt lat="42.35234" lon="9.17292"/>
            <trkpt lat="42.35211" lon="9.17294"/>
            <trkpt lat="42.35206" lon="9.17293"/>
            <trkpt lat="42.35188" lon="9.17291"/>
            <trkpt lat="42.35182" lon="9.17289"/>
            <trkpt lat="42.35082" lon="9.17254"/>
            <trkpt lat="42.35057" lon="9.17244"/>
            <trkpt lat="42.3503" lon="9.17235"/>
            <trkpt lat="42.34999" lon="9.17223"/>
            <trkpt lat="42.34965" lon="9.17214"/>
            <trkpt lat="42.34932" lon="9.17212"/>
            <trkpt lat="42.34921" lon="9.17214"/>
            <trkpt lat="42.34912" lon="9.17215"/>
            <trkpt lat="42.34896" lon="9.17218"/>
            <trkpt lat="42.34834" lon="9.1724"/>
            <trkpt lat="42.34823" lon="9.17244"/>
            <trkpt lat="42.34787" lon="9.17258"/>
            <trkpt lat="42.3473" lon="9.1728"/>
            <trkpt lat="42.34689" lon="9.17295"/>
            <trkpt lat="42.34649" lon="9.17313"/>
            <trkpt lat="42.34626" lon="9.17326"/>
            <trkpt lat="42.34594" lon="9.17348"/>
            <trkpt lat="42.34566" lon="9.17369"/>
            <trkpt lat="42.3452" lon="9.17403"/>
            <trkpt lat="42.34514" lon="9.17403"/>
            <trkpt lat="42.34493" lon="9.17415"/>
            <trkpt lat="42.34482" lon="9.1742"/>
            <trkpt lat="42.34478" lon="9.17421"/>
            <trkpt lat="42.34477" lon="9.17421"/>
            <trkpt lat="42.34452" lon="9.17432"/>
            <trkpt lat="42.3441" lon="9.17451"/>
            <trkpt lat="42.3437" lon="9.17469"/>
            <trkpt lat="42.34327" lon="9.17486"/>
            <trkpt lat="42.34317" lon="9.17489"/>
            <trkpt lat="42.34285" lon="9.17497"/>
            <trkpt lat="42.34265" lon="9.175"/>
            <trkpt lat="42.34257" lon="9.17506"/>
            <trkpt lat="42.34188" lon="9.17515"/>
            <trkpt lat="42.34131" lon="9.17514"/>
            <trkpt lat="42.34031" lon="9.17512"/>
            <trkpt lat="42.3399" lon="9.1751"/>
            <trkpt lat="42.33939" lon="9.17508"/>
            <trkpt lat="42.33897" lon="9.17505"/>
            <trkpt lat="42.33851" lon="9.17505"/>
            <trkpt lat="42.33808" lon="9.17509"/>
            <trkpt lat="42.33756" lon="9.17518"/>
            <trkpt lat="42.33707" lon="9.17534"/>
            <trkpt lat="42.33664" lon="9.17553"/>
            <trkpt lat="42.33604" lon="9.17585"/>
            <trkpt lat="42.33488" lon="9.17643"/>
            <trkpt lat="42.33463" lon="9.17653"/>
            <trkpt lat="42.33452" lon="9.17656"/>
            <trkpt lat="42.33439" lon="9.17659"/>
            <trkpt lat="42.33431" lon="9.17661"/>
            <trkpt lat="42.33404" lon="9.17662"/>
            <trkpt lat="42.3338" lon="9.17661"/>
            <trkpt lat="42.33376" lon="9.17661"/>
            <trkpt lat="42.33365" lon="9.17659"/>
            <trkpt lat="42.33339" lon="9.17653"/>
            <trkpt lat="42.33308" lon="9.17641"/>
            <trkpt lat="42.33288" lon="9.17629"/>
            <trkpt lat="42.33277" lon="9.17622"/>
            <trkpt lat="42.33256" lon="9.17606"/>
            <trkpt lat="42.33246" lon="9.17598"/>
            <trkpt lat="42.33171" lon="9.17528"/>
            <trkpt lat="42.33164" lon="9.1752"/>
            <trkpt lat="42.33132" lon="9.17495"/>
            <trkpt lat="42.33107" lon="9.1748"/>
            <trkpt lat="42.33077" lon="9.17464"/>
            <trkpt lat="42.32953" lon="9.17411"/>
            <trkpt lat="42.32838" lon="9.17362"/>
            <trkpt lat="42.32824" lon="9.17356"/>
            <trkpt lat="42.32515" lon="9.1722"/>
            <trkpt lat="42.32398" lon="9.17168"/>
            <trkpt lat="42.3235" lon="9.17142"/>
            <trkpt lat="42.32306" lon="9.17109"/>
            <trkpt lat="42.3228" lon="9.17084"/>
            <trkpt lat="42.3226" lon="9.17063"/>
            <trkpt lat="42.32232" lon="9.17027"/>
            <trkpt lat="42.32196" lon="9.1697"/>
            <trkpt lat="42.32179" lon="9.16935"/>
            <trkpt lat="42.32165" lon="9.16901"/>
            <trkpt lat="42.32149" lon="9.16857"/>
            <trkpt lat="42.32139" lon="9.1682"/>
            <trkpt lat="42.3213" lon="9.16777"/>
            <trkpt lat="42.32087" lon="9.16555"/>
            <trkpt lat="42.32066" lon="9.16451"/>
            <trkpt lat="42.32054" lon="9.16402"/>
            <trkpt lat="42.32036" lon="9.1635"/>
            <trkpt lat="42.32018" lon="9.16307"/>
            <trkpt lat="42.32" lon="9.16275"/>
            <trkpt lat="42.31992" lon="9.1626"/>
            <trkpt lat="42.31934" lon="9.16156"/>
            <trkpt lat="42.31896" lon="9.1609"/>
            <trkpt lat="42.31869" lon="9.16044"/>
            <trkpt lat="42.31865" lon="9.16034"/>
            <trkpt lat="42.3185" lon="9.16012"/>
            <trkpt lat="42.31835" lon="9.15993"/>
            <trkpt lat="42.31803" lon="9.15956"/>
            <trkpt lat="42.3179" lon="9.15942"/>
            <trkpt lat="42.31755" lon="9.15912"/>
            <trkpt lat="42.31732" lon="9.15894"/>
            <trkpt lat="42.31705" lon="9.15876"/>
            <trkpt lat="42.31676" lon="9.15855"/>
            <trkpt lat="42.3167" lon="9.1585"/>
            <trkpt lat="42.31655" lon="9.15842"/>
            <trkpt lat="42.31604" lon="9.15806"/>
            <trkpt lat="42.31566" lon="9.15779"/>
            <trkpt lat="42.31543" lon="9.15759"/>
            <trkpt lat="42.31515" lon="9.15731"/>
            <trkpt lat="42.31454" lon="9.15671"/>
            <trkpt lat="42.31441" lon="9.15661"/>
            <trkpt lat="42.31423" lon="9.15648"/>
            <trkpt lat="42.31408" lon="9.15639"/>
            <trkpt lat="42.31391" lon="9.15628"/>
            <trkpt lat="42.31343" lon="9.15589"/>
            <trkpt lat="42.31314" lon="9.15563"/>
            <trkpt lat="42.31308" lon="9.15555"/>
            <trkpt lat="42.31301" lon="9.1555"/>
            <trkpt lat="42.31298" lon="9.15547"/>
            <trkpt lat="42.31294" lon="9.1554"/>
            <trkpt lat="42.3129" lon="9.15534"/>
            <trkpt lat="42.31271" lon="9.15492"/>
            <trkpt lat="42.31259" lon="9.15471"/>
            <trkpt lat="42.31246" lon="9.15446"/>
            <trkpt lat="42.31231" lon="9.15408"/>
            <trkpt lat="42.31204" lon="9.15358"/>
            <trkpt lat="42.31193" lon="9.15345"/>
            <trkpt lat="42.31184" lon="9.15337"/>
            <trkpt lat="42.31162" lon="9.15322"/>
            <trkpt lat="42.31135" lon="9.15313"/>
            <trkpt lat="42.31114" lon="9.15315"/>
            <trkpt lat="42.31062" lon="9.15334"/>
            <trkpt lat="42.31011" lon="9.15362"/>
            <trkpt lat="42.30975" lon="9.15388"/>
            <trkpt lat="42.30948" lon="9.15402"/>
            <trkpt lat="42.30923" lon="9.15412"/>
            <trkpt lat="42.30874" lon="9.15413"/>
            <trkpt lat="42.30837" lon="9.15405"/>
            <trkpt lat="42.30813" lon="9.15395"/>
            <trkpt lat="42.30798" lon="9.15389"/>
            <trkpt lat="42.30782" lon="9.15387"/>
            <trkpt lat="42.30765" lon="9.15388"/>
            <trkpt lat="42.30743" lon="9.15396"/>
            <trkpt lat="42.30724" lon="9.1541"/>
            <trkpt lat="42.30713" lon="9.15424"/>
            <trkpt lat="42.30704" lon="9.15441"/>
            <trkpt lat="42.30696" lon="9.15459"/>
            <trkpt lat="42.3069" lon="9.15475"/>
            <trkpt lat="42.30683" lon="9.155"/>
            <trkpt lat="42.30677" lon="9.15508"/>
            <trkpt lat="42.30667" lon="9.15533"/>
            <trkpt lat="42.3066" lon="9.15551"/>
            <trkpt lat="42.30651" lon="9.15571"/>
            <trkpt lat="42.30639" lon="9.15588"/>
            <trkpt lat="42.30629" lon="9.15602"/>
            <trkpt lat="42.30618" lon="9.1562"/>
            <trkpt lat="42.3061" lon="9.15634"/>
            <trkpt lat="42.30606" lon="9.15644"/>
            <trkpt lat="42.30602" lon="9.15656"/>
            <trkpt lat="42.30595" lon="9.15694"/>
            <trkpt lat="42.3059" lon="9.15709"/>
            <trkpt lat="42.30585" lon="9.15718"/>
            <trkpt lat="42.30581" lon="9.15724"/>
            <trkpt lat="42.30568" lon="9.15739"/>
            <trkpt lat="42.30564" lon="9.15742"/>
            <trkpt lat="42.30561" lon="9.15744"/>
            <trkpt lat="42.3055" lon="9.15751"/>
            <trkpt lat="42.30532" lon="9.15758"/>
            <trkpt lat="42.30519" lon="9.15762"/>
            <trkpt lat="42.30508" lon="9.15766"/>
            <trkpt lat="42.305" lon="9.15769"/>
            <trkpt lat="42.30489" lon="9.15772"/>
            <trkpt lat="42.30466" lon="9.1578"/>
            <trkpt lat="42.30428" lon="9.15791"/>
            <trkpt lat="42.30411" lon="9.15795"/>
            <trkpt lat="42.30401" lon="9.15793"/>
            <trkpt lat="42.30395" lon="9.15791"/>
            <trkpt lat="42.30385" lon="9.15783"/>
            <trkpt lat="42.30385" lon="9.15779"/>
            <trkpt lat="42.30384" lon="9.15773"/>
            <trkpt lat="42.30382" lon="9.15769"/>
            <trkpt lat="42.30378" lon="9.15764"/>
            <trkpt lat="42.30375" lon="9.15762"/>
            <trkpt lat="42.30371" lon="9.15761"/>
            <trkpt lat="42.30367" lon="9.15761"/>
            <trkpt lat="42.30362" lon="9.15764"/>
            <trkpt lat="42.30359" lon="9.15768"/>
            <trkpt lat="42.30355" lon="9.15775"/>
            <trkpt lat="42.30354" lon="9.15781"/>
            <trkpt lat="42.30331" lon="9.15787"/>
            <trkpt lat="42.30318" lon="9.15789"/>
            <trkpt lat="42.30301" lon="9.15788"/>
            <trkpt lat="42.3029" lon="9.15785"/>
            <trkpt lat="42.3026" lon="9.15769"/>
            <trkpt lat="42.30246" lon="9.15758"/>
            <trkpt lat="42.30246" lon="9.15754"/>
            <trkpt lat="42.30245" lon="9.15751"/>
            <trkpt lat="42.30243" lon="9.15747"/>
            <trkpt lat="42.30241" lon="9.15745"/>
            <trkpt lat="42.30238" lon="9.15744"/>
            <trkpt lat="42.30235" lon="9.15744"/>
            <trkpt lat="42.30233" lon="9.15745"/>
            <trkpt lat="42.30231" lon="9.15748"/>
            <trkpt lat="42.30229" lon="9.15751"/>
            <trkpt lat="42.30229" lon="9.15755"/>
            <trkpt lat="42.30209" lon="9.15754"/>
            <trkpt lat="42.30192" lon="9.15753"/>
            <trkpt lat="42.30156" lon="9.15751"/>
            <trkpt lat="42.30131" lon="9.1575"/>
            <trkpt lat="42.30094" lon="9.15752"/>
            <trkpt lat="42.3007" lon="9.15755"/>
            <trkpt lat="42.30059" lon="9.15758"/>
            <trkpt lat="42.30048" lon="9.15763"/>
            <trkpt lat="42.30024" lon="9.15779"/>
            <trkpt lat="42.30006" lon="9.15793"/>
            <trkpt lat="42.29986" lon="9.15814"/>
            <trkpt lat="42.29976" lon="9.15828"/>
            <trkpt lat="42.2996" lon="9.15857"/>
            <trkpt lat="42.29932" lon="9.15926"/>
            <trkpt lat="42.29926" lon="9.15939"/>
            <trkpt lat="42.29911" lon="9.1596"/>
            <trkpt lat="42.29902" lon="9.15969"/>
            <trkpt lat="42.29898" lon="9.15973"/>
            <trkpt lat="42.29883" lon="9.15981"/>
            <trkpt lat="42.29868" lon="9.15986"/>
            <trkpt lat="42.29855" lon="9.15989"/>
            <trkpt lat="42.29736" lon="9.1599"/>
            <trkpt lat="42.29731" lon="9.15991"/>
            <trkpt lat="42.2972" lon="9.15992"/>
            <trkpt lat="42.29676" lon="9.16"/>
            <trkpt lat="42.2956" lon="9.16031"/>
            <trkpt lat="42.29537" lon="9.1604"/>
            <trkpt lat="42.29522" lon="9.1605"/>
            <trkpt lat="42.29513" lon="9.16058"/>
            <trkpt lat="42.29509" lon="9.16063"/>
            <trkpt lat="42.29503" lon="9.16071"/>
            <trkpt lat="42.29482" lon="9.16108"/>
            <trkpt lat="42.29469" lon="9.16132"/>
            <trkpt lat="42.2946" lon="9.16145"/>
            <trkpt lat="42.29446" lon="9.16158"/>
            <trkpt lat="42.29357" lon="9.16217"/>
            <trkpt lat="42.29305" lon="9.16252"/>
            <trkpt lat="42.29291" lon="9.1626"/>
            <trkpt lat="42.29279" lon="9.16266"/>
            <trkpt lat="42.2927" lon="9.16268"/>
            <trkpt lat="42.29261" lon="9.16268"/>
            <trkpt lat="42.2925" lon="9.16266"/>
            <trkpt lat="42.29237" lon="9.16262"/>
            <trkpt lat="42.29233" lon="9.1626"/>
            <trkpt lat="42.29217" lon="9.16247"/>
            <trkpt lat="42.29208" lon="9.16232"/>
            <trkpt lat="42.29198" lon="9.16205"/>
            <trkpt lat="42.29167" lon="9.16083"/>
            <trkpt lat="42.29152" lon="9.16043"/>
            <trkpt lat="42.29105" lon="9.15942"/>
            <trkpt lat="42.29097" lon="9.15926"/>
            <trkpt lat="42.29088" lon="9.15916"/>
            <trkpt lat="42.29069" lon="9.159"/>
            <trkpt lat="42.29056" lon="9.15894"/>
            <trkpt lat="42.29046" lon="9.1589"/>
            <trkpt lat="42.29032" lon="9.15888"/>
            <trkpt lat="42.29013" lon="9.15889"/>
            <trkpt lat="42.28995" lon="9.15894"/>
            <trkpt lat="42.28986" lon="9.15898"/>
            <trkpt lat="42.28984" lon="9.15899"/>
            <trkpt lat="42.28973" lon="9.15907"/>
            <trkpt lat="42.28971" lon="9.1591"/>
            <trkpt lat="42.28962" lon="9.15919"/>
            <trkpt lat="42.28953" lon="9.15929"/>
            <trkpt lat="42.2894" lon="9.15955"/>
            <trkpt lat="42.28931" lon="9.15983"/>
            <trkpt lat="42.28926" lon="9.15999"/>
            <trkpt lat="42.28918" lon="9.16033"/>
            <trkpt lat="42.28916" lon="9.16038"/>
            <trkpt lat="42.28896" lon="9.1612"/>
            <trkpt lat="42.28867" lon="9.16237"/>
            <trkpt lat="42.28866" lon="9.16245"/>
            <trkpt lat="42.28862" lon="9.1626"/>
            <trkpt lat="42.28858" lon="9.16278"/>
            <trkpt lat="42.28849" lon="9.16301"/>
            <trkpt lat="42.28844" lon="9.1631"/>
            <trkpt lat="42.28821" lon="9.1636"/>
            <trkpt lat="42.2881" lon="9.16376"/>
            <trkpt lat="42.28802" lon="9.16387"/>
            <trkpt lat="42.2879" lon="9.16398"/>
            <trkpt lat="42.28783" lon="9.16403"/>
            <trkpt lat="42.2877" lon="9.16409"/>
            <trkpt lat="42.28766" lon="9.16411"/>
            <trkpt lat="42.28647" lon="9.16456"/>
            <trkpt lat="42.28625" lon="9.16464"/>
            <trkpt lat="42.28604" lon="9.16463"/>
            <trkpt lat="42.28592" lon="9.16459"/>
            <trkpt lat="42.28582" lon="9.16454"/>
            <trkpt lat="42.28524" lon="9.16417"/>
            <trkpt lat="42.28481" lon="9.16389"/>
            <trkpt lat="42.28418" lon="9.16333"/>
            <trkpt lat="42.28401" lon="9.16321"/>
            <trkpt lat="42.28383" lon="9.16314"/>
            <trkpt lat="42.28363" lon="9.16312"/>
            <trkpt lat="42.2834" lon="9.16318"/>
            <trkpt lat="42.28338" lon="9.16319"/>
            <trkpt lat="42.28328" lon="9.16323"/>
            <trkpt lat="42.28265" lon="9.16355"/>
            <trkpt lat="42.28239" lon="9.16365"/>
            <trkpt lat="42.28212" lon="9.16377"/>
            <trkpt lat="42.28162" lon="9.16401"/>
            <trkpt lat="42.28149" lon="9.16409"/>
            <trkpt lat="42.28133" lon="9.16423"/>
            <trkpt lat="42.28123" lon="9.16434"/>
            <trkpt lat="42.28115" lon="9.16445"/>
            <trkpt lat="42.28108" lon="9.16461"/>
            <trkpt lat="42.28088" lon="9.16528"/>
            <trkpt lat="42.28077" lon="9.1656"/>
            <trkpt lat="42.28069" lon="9.16576"/>
            <trkpt lat="42.2806" lon="9.1659"/>
            <trkpt lat="42.2805" lon="9.16603"/>
            <trkpt lat="42.28038" lon="9.16615"/>
            <trkpt lat="42.28023" lon="9.16625"/>
            <trkpt lat="42.27952" lon="9.16667"/>
            <trkpt lat="42.27924" lon="9.16684"/>
            <trkpt lat="42.27913" lon="9.16693"/>
            <trkpt lat="42.27881" lon="9.16737"/>
            <trkpt lat="42.27866" lon="9.1676"/>
            <trkpt lat="42.27851" lon="9.16779"/>
            <trkpt lat="42.27836" lon="9.16794"/>
            <trkpt lat="42.27799" lon="9.16822"/>
            <trkpt lat="42.27776" lon="9.16839"/>
            <trkpt lat="42.2777" lon="9.16844"/>
            <trkpt lat="42.27754" lon="9.16863"/>
            <trkpt lat="42.27724" lon="9.16905"/>
            <trkpt lat="42.27709" lon="9.16922"/>
            <trkpt lat="42.27698" lon="9.16932"/>
            <trkpt lat="42.27682" lon="9.16941"/>
            <trkpt lat="42.27637" lon="9.16953"/>
            <trkpt lat="42.27619" lon="9.16958"/>
            <trkpt lat="42.27609" lon="9.16964"/>
            <trkpt lat="42.2759" lon="9.16978"/>
            <trkpt lat="42.27576" lon="9.16991"/>
            <trkpt lat="42.27564" lon="9.17"/>
            <trkpt lat="42.2755" lon="9.17007"/>
            <trkpt lat="42.2754" lon="9.17008"/>
            <trkpt lat="42.27539" lon="9.17008"/>
            <trkpt lat="42.27519" lon="9.17008"/>
            <trkpt lat="42.27453" lon="9.16997"/>
            <trkpt lat="42.27433" lon="9.16993"/>
            <trkpt lat="42.27397" lon="9.16978"/>
            <trkpt lat="42.27364" lon="9.16965"/>
            <trkpt lat="42.27343" lon="9.1696"/>
            <trkpt lat="42.2732" lon="9.16959"/>
            <trkpt lat="42.27272" lon="9.16963"/>
            <trkpt lat="42.27257" lon="9.16961"/>
            <trkpt lat="42.27249" lon="9.16958"/>
            <trkpt lat="42.27227" lon="9.16946"/>
            <trkpt lat="42.27227" lon="9.16946"/>
            <trkpt lat="42.2721" lon="9.16936"/>
            <trkpt lat="42.27201" lon="9.16933"/>
            <trkpt lat="42.27191" lon="9.16931"/>
            <trkpt lat="42.27185" lon="9.16932"/>
            <trkpt lat="42.27173" lon="9.16935"/>
            <trkpt lat="42.27134" lon="9.16951"/>
            <trkpt lat="42.27116" lon="9.16955"/>
            <trkpt lat="42.27107" lon="9.16954"/>
            <trkpt lat="42.27088" lon="9.16948"/>
            <trkpt lat="42.27073" lon="9.1694"/>
            <trkpt lat="42.2702" lon="9.16908"/>
            <trkpt lat="42.27009" lon="9.16902"/>
            <trkpt lat="42.26993" lon="9.16898"/>
            <trkpt lat="42.2698" lon="9.16898"/>
            <trkpt lat="42.26961" lon="9.16902"/>
            <trkpt lat="42.26943" lon="9.16912"/>
            <trkpt lat="42.26933" lon="9.1692"/>
            <trkpt lat="42.26928" lon="9.16925"/>
            <trkpt lat="42.26914" lon="9.16945"/>
            <trkpt lat="42.26897" lon="9.16976"/>
            <trkpt lat="42.26889" lon="9.16991"/>
            <trkpt lat="42.26868" lon="9.1703"/>
            <trkpt lat="42.26861" lon="9.17042"/>
            <trkpt lat="42.26837" lon="9.17087"/>
            <trkpt lat="42.26824" lon="9.17105"/>
            <trkpt lat="42.26819" lon="9.17111"/>
            <trkpt lat="42.26811" lon="9.17119"/>
            <trkpt lat="42.26792" lon="9.17129"/>
            <trkpt lat="42.26735" lon="9.17145"/>
            <trkpt lat="42.26722" lon="9.17147"/>
            <trkpt lat="42.26712" lon="9.17147"/>
            <trkpt lat="42.26696" lon="9.17142"/>
            <trkpt lat="42.26686" lon="9.17137"/>
            <trkpt lat="42.26488" lon="9.17017"/>
            <trkpt lat="42.26447" lon="9.16991"/>
            <trkpt lat="42.26384" lon="9.16944"/>
            <trkpt lat="42.2634" lon="9.16912"/>
            <trkpt lat="42.26333" lon="9.16908"/>
            <trkpt lat="42.26327" lon="9.16906"/>
            <trkpt lat="42.26321" lon="9.16904"/>
            <trkpt lat="42.26312" lon="9.16903"/>
            <trkpt lat="42.26299" lon="9.16907"/>
            <trkpt lat="42.26292" lon="9.16911"/>
            <trkpt lat="42.2628" lon="9.16919"/>
            <trkpt lat="42.26174" lon="9.17004"/>
            <trkpt lat="42.26064" lon="9.17098"/>
            <trkpt lat="42.26049" lon="9.17108"/>
            <trkpt lat="42.25986" lon="9.17148"/>
            <trkpt lat="42.25975" lon="9.17154"/>
            <trkpt lat="42.25965" lon="9.17158"/>
            <trkpt lat="42.25958" lon="9.1716"/>
            <trkpt lat="42.25949" lon="9.1716"/>
            <trkpt lat="42.25943" lon="9.1716"/>
            <trkpt lat="42.25936" lon="9.17159"/>
            <trkpt lat="42.25925" lon="9.17155"/>
            <trkpt lat="42.25915" lon="9.17151"/>
            <trkpt lat="42.25899" lon="9.1714"/>
            <trkpt lat="42.25892" lon="9.17133"/>
            <trkpt lat="42.2587" lon="9.17112"/>
            <trkpt lat="42.25851" lon="9.17098"/>
            <trkpt lat="42.25832" lon="9.17089"/>
            <trkpt lat="42.25797" lon="9.17077"/>
            <trkpt lat="42.25773" lon="9.17067"/>
            <trkpt lat="42.25763" lon="9.17061"/>
            <trkpt lat="42.25726" lon="9.17027"/>
            <trkpt lat="42.25691" lon="9.1699"/>
            <trkpt lat="42.25661" lon="9.16968"/>
            <trkpt lat="42.25654" lon="9.16964"/>
            <trkpt lat="42.25632" lon="9.16951"/>
            <trkpt lat="42.25622" lon="9.16947"/>
            <trkpt lat="42.25608" lon="9.16943"/>
            <trkpt lat="42.256" lon="9.16942"/>
            <trkpt lat="42.25589" lon="9.16943"/>
            <trkpt lat="42.25579" lon="9.16943"/>
            <trkpt lat="42.25572" lon="9.16944"/>
            <trkpt lat="42.25558" lon="9.1695"/>
            <trkpt lat="42.25543" lon="9.16959"/>
            <trkpt lat="42.25488" lon="9.16991"/>
            <trkpt lat="42.25475" lon="9.17"/>
            <trkpt lat="42.25456" lon="9.1701"/>
            <trkpt lat="42.25436" lon="9.17016"/>
            <trkpt lat="42.25414" lon="9.17019"/>
            <trkpt lat="42.2539" lon="9.17019"/>
            <trkpt lat="42.25347" lon="9.17016"/>
            <trkpt lat="42.25342" lon="9.17015"/>
            <trkpt lat="42.25325" lon="9.17013"/>
            <trkpt lat="42.25307" lon="9.17013"/>
            <trkpt lat="42.25299" lon="9.17013"/>
            <trkpt lat="42.25245" lon="9.17018"/>
            <trkpt lat="42.25218" lon="9.1702"/>
            <trkpt lat="42.25193" lon="9.17023"/>
            <trkpt lat="42.25176" lon="9.17031"/>
            <trkpt lat="42.25165" lon="9.1704"/>
            <trkpt lat="42.25138" lon="9.17067"/>
            <trkpt lat="42.2504" lon="9.17168"/>
            <trkpt lat="42.25026" lon="9.17183"/>
            <trkpt lat="42.2501" lon="9.17196"/>
            <trkpt lat="42.25004" lon="9.172"/>
            <trkpt lat="42.24999" lon="9.17202"/>
            <trkpt lat="42.24992" lon="9.17203"/>
            <trkpt lat="42.24981" lon="9.17204"/>
            <trkpt lat="42.24923" lon="9.17199"/>
            <trkpt lat="42.24916" lon="9.17199"/>
            <trkpt lat="42.24909" lon="9.17201"/>
            <trkpt lat="42.249" lon="9.17203"/>
            <trkpt lat="42.24878" lon="9.1721"/>
            <trkpt lat="42.24858" lon="9.17219"/>
            <trkpt lat="42.24847" lon="9.17226"/>
            <trkpt lat="42.2484" lon="9.17237"/>
            <trkpt lat="42.24838" lon="9.17242"/>
            <trkpt lat="42.24832" lon="9.1726"/>
            <trkpt lat="42.24824" lon="9.17294"/>
            <trkpt lat="42.24818" lon="9.17319"/>
            <trkpt lat="42.24805" lon="9.17359"/>
            <trkpt lat="42.24791" lon="9.17392"/>
            <trkpt lat="42.24784" lon="9.17408"/>
            <trkpt lat="42.24783" lon="9.17413"/>
            <trkpt lat="42.24782" lon="9.17426"/>
            <trkpt lat="42.24783" lon="9.17434"/>
            <trkpt lat="42.24787" lon="9.17453"/>
            <trkpt lat="42.24816" lon="9.17571"/>
            <trkpt lat="42.24824" lon="9.17608"/>
            <trkpt lat="42.24829" lon="9.1764"/>
            <trkpt lat="42.24829" lon="9.17653"/>
            <trkpt lat="42.24829" lon="9.17662"/>
            <trkpt lat="42.24828" lon="9.17686"/>
            <trkpt lat="42.24826" lon="9.17716"/>
            <trkpt lat="42.24824" lon="9.17727"/>
            <trkpt lat="42.24821" lon="9.17732"/>
            <trkpt lat="42.24816" lon="9.17743"/>
            <trkpt lat="42.24815" lon="9.17745"/>
            <trkpt lat="42.24813" lon="9.17748"/>
            <trkpt lat="42.24806" lon="9.17755"/>
            <trkpt lat="42.24803" lon="9.17758"/>
            <trkpt lat="42.24801" lon="9.17759"/>
            <trkpt lat="42.24798" lon="9.1776"/>
            <trkpt lat="42.24796" lon="9.1776"/>
            <trkpt lat="42.2479" lon="9.17761"/>
            <trkpt lat="42.24785" lon="9.17761"/>
            <trkpt lat="42.24774" lon="9.17759"/>
            <trkpt lat="42.24766" lon="9.17757"/>
            <trkpt lat="42.24762" lon="9.17758"/>
            <trkpt lat="42.24745" lon="9.17751"/>
            <trkpt lat="42.24717" lon="9.1774"/>
            <trkpt lat="42.24676" lon="9.17727"/>
            <trkpt lat="42.24631" lon="9.17717"/>
            <trkpt lat="42.24568" lon="9.17711"/>
            <trkpt lat="42.24499" lon="9.1771"/>
            <trkpt lat="42.24486" lon="9.17711"/>
            <trkpt lat="42.24476" lon="9.17714"/>
            <trkpt lat="42.24452" lon="9.17726"/>
            <trkpt lat="42.2443" lon="9.1774"/>
            <trkpt lat="42.24402" lon="9.17761"/>
            <trkpt lat="42.24395" lon="9.17767"/>
            <trkpt lat="42.24385" lon="9.1778"/>
            <trkpt lat="42.24373" lon="9.17801"/>
            <trkpt lat="42.2437" lon="9.17808"/>
            <trkpt lat="42.24366" lon="9.1782"/>
            <trkpt lat="42.24346" lon="9.1787"/>
            <trkpt lat="42.24339" lon="9.17883"/>
            <trkpt lat="42.24327" lon="9.179"/>
            <trkpt lat="42.24272" lon="9.17962"/>
            <trkpt lat="42.24217" lon="9.18027"/>
            <trkpt lat="42.24163" lon="9.18083"/>
            <trkpt lat="42.24151" lon="9.1809"/>
            <trkpt lat="42.24124" lon="9.18122"/>
            <trkpt lat="42.241" lon="9.1816"/>
            <trkpt lat="42.24091" lon="9.18176"/>
            <trkpt lat="42.24078" lon="9.18198"/>
            <trkpt lat="42.24071" lon="9.18206"/>
            <trkpt lat="42.24068" lon="9.18208"/>
            <trkpt lat="42.24063" lon="9.18209"/>
            <trkpt lat="42.24056" lon="9.18209"/>
            <trkpt lat="42.2405" lon="9.18206"/>
            <trkpt lat="42.24045" lon="9.18202"/>
            <trkpt lat="42.2404" lon="9.18198"/>
            <trkpt lat="42.24034" lon="9.18188"/>
            <trkpt lat="42.24033" lon="9.18185"/>
            <trkpt lat="42.24032" lon="9.18182"/>
            <trkpt lat="42.2403" lon="9.18178"/>
            <trkpt lat="42.2403" lon="9.18174"/>
            <trkpt lat="42.24029" lon="9.18163"/>
            <trkpt lat="42.24028" lon="9.18155"/>
            <trkpt lat="42.2403" lon="9.18132"/>
            <trkpt lat="42.24032" lon="9.18113"/>
            <trkpt lat="42.24042" lon="9.18078"/>
            <trkpt lat="42.24051" lon="9.18058"/>
            <trkpt lat="42.24056" lon="9.1805"/>
            <trkpt lat="42.24061" lon="9.18043"/>
            <trkpt lat="42.24109" lon="9.1798"/>
            <trkpt lat="42.24177" lon="9.17873"/>
            <trkpt lat="42.24202" lon="9.17828"/>
            <trkpt lat="42.24235" lon="9.17764"/>
            <trkpt lat="42.24255" lon="9.17725"/>
            <trkpt lat="42.24313" lon="9.17598"/>
            <trkpt lat="42.24322" lon="9.17568"/>
            <trkpt lat="42.24327" lon="9.17547"/>
            <trkpt lat="42.24341" lon="9.17492"/>
            <trkpt lat="42.24355" lon="9.17445"/>
            <trkpt lat="42.24356" lon="9.17437"/>
            <trkpt lat="42.24356" lon="9.17431"/>
            <trkpt lat="42.24357" lon="9.17425"/>
            <trkpt lat="42.24356" lon="9.17419"/>
            <trkpt lat="42.24355" lon="9.17414"/>
            <trkpt lat="42.24324" lon="9.17392"/>
            <trkpt lat="42.24317" lon="9.17388"/>
            <trkpt lat="42.24309" lon="9.17386"/>
            <trkpt lat="42.24302" lon="9.17386"/>
            <trkpt lat="42.24293" lon="9.1739"/>
            <trkpt lat="42.24266" lon="9.17403"/>
            <trkpt lat="42.24257" lon="9.17406"/>
            <trkpt lat="42.24249" lon="9.17408"/>
            <trkpt lat="42.24244" lon="9.17409"/>
            <trkpt lat="42.24236" lon="9.17407"/>
            <trkpt lat="42.24201" lon="9.17396"/>
            <trkpt lat="42.24179" lon="9.1739"/>
            <trkpt lat="42.2414" lon="9.17381"/>
            <trkpt lat="42.24082" lon="9.17364"/>
            <trkpt lat="42.24076" lon="9.17363"/>
            <trkpt lat="42.24059" lon="9.17355"/>
            <trkpt lat="42.24037" lon="9.17338"/>
            <trkpt lat="42.24019" lon="9.17321"/>
            <trkpt lat="42.24013" lon="9.17314"/>
            <trkpt lat="42.24009" lon="9.17307"/>
            <trkpt lat="42.23974" lon="9.17224"/>
            <trkpt lat="42.23962" lon="9.17208"/>
            <trkpt lat="42.23958" lon="9.17204"/>
            <trkpt lat="42.23953" lon="9.17201"/>
            <trkpt lat="42.23949" lon="9.17199"/>
            <trkpt lat="42.2394" lon="9.17196"/>
            <trkpt lat="42.23922" lon="9.17197"/>
            <trkpt lat="42.2388" lon="9.17202"/>
            <trkpt lat="42.23853" lon="9.17211"/>
            <trkpt lat="42.23827" lon="9.17222"/>
            <trkpt lat="42.23816" lon="9.17233"/>
            <trkpt lat="42.23801" lon="9.17251"/>
            <trkpt lat="42.23793" lon="9.17273"/>
            <trkpt lat="42.2377" lon="9.17369"/>
            <trkpt lat="42.23761" lon="9.17398"/>
            <trkpt lat="42.23743" lon="9.17442"/>
            <trkpt lat="42.23738" lon="9.17457"/>
            <trkpt lat="42.23727" lon="9.17482"/>
            <trkpt lat="42.23723" lon="9.17489"/>
            <trkpt lat="42.2372" lon="9.17492"/>
            <trkpt lat="42.23712" lon="9.17498"/>
            <trkpt lat="42.23706" lon="9.17501"/>
            <trkpt lat="42.23702" lon="9.17502"/>
            <trkpt lat="42.23699" lon="9.17502"/>
            <trkpt lat="42.23697" lon="9.17501"/>
            <trkpt lat="42.23689" lon="9.17499"/>
            <trkpt lat="42.23648" lon="9.17486"/>
            <trkpt lat="42.23644" lon="9.17484"/>
            <trkpt lat="42.23641" lon="9.17481"/>
            <trkpt lat="42.23638" lon="9.17476"/>
            <trkpt lat="42.23595" lon="9.17404"/>
            <trkpt lat="42.23591" lon="9.17398"/>
            <trkpt lat="42.23587" lon="9.17394"/>
            <trkpt lat="42.23583" lon="9.17391"/>
            <trkpt lat="42.23574" lon="9.17389"/>
            <trkpt lat="42.23499" lon="9.17378"/>
            <trkpt lat="42.23474" lon="9.17372"/>
            <trkpt lat="42.23466" lon="9.17367"/>
            <trkpt lat="42.23454" lon="9.17358"/>
            <trkpt lat="42.23411" lon="9.17315"/>
            <trkpt lat="42.23404" lon="9.17306"/>
            <trkpt lat="42.23401" lon="9.17299"/>
            <trkpt lat="42.234" lon="9.17296"/>
            <trkpt lat="42.23398" lon="9.17273"/>
            <trkpt lat="42.23396" lon="9.17267"/>
            <trkpt lat="42.23394" lon="9.17263"/>
            <trkpt lat="42.2339" lon="9.17259"/>
            <trkpt lat="42.23386" lon="9.17256"/>
            <trkpt lat="42.23381" lon="9.17254"/>
            <trkpt lat="42.23375" lon="9.17253"/>
            <trkpt lat="42.23368" lon="9.17253"/>
            <trkpt lat="42.23326" lon="9.17264"/>
            <trkpt lat="42.23321" lon="9.17265"/>
            <trkpt lat="42.23308" lon="9.17262"/>
            <trkpt lat="42.23269" lon="9.17246"/>
            <trkpt lat="42.23258" lon="9.17245"/>
            <trkpt lat="42.232" lon="9.17243"/>
            <trkpt lat="42.23195" lon="9.17241"/>
            <trkpt lat="42.2319" lon="9.17235"/>
            <trkpt lat="42.23183" lon="9.17226"/>
            <trkpt lat="42.23171" lon="9.17209"/>
            <trkpt lat="42.23168" lon="9.17206"/>
            <trkpt lat="42.23166" lon="9.17204"/>
            <trkpt lat="42.23164" lon="9.17203"/>
            <trkpt lat="42.23161" lon="9.17203"/>
            <trkpt lat="42.23157" lon="9.17203"/>
            <trkpt lat="42.23155" lon="9.17204"/>
            <trkpt lat="42.23153" lon="9.17205"/>
            <trkpt lat="42.2315" lon="9.17207"/>
            <trkpt lat="42.23149" lon="9.1721"/>
            <trkpt lat="42.23145" lon="9.17218"/>
            <trkpt lat="42.23145" lon="9.17222"/>
            <trkpt lat="42.23144" lon="9.17225"/>
            <trkpt lat="42.23141" lon="9.1724"/>
            <trkpt lat="42.23139" lon="9.17251"/>
            <trkpt lat="42.23138" lon="9.17264"/>
            <trkpt lat="42.23131" lon="9.1729"/>
            <trkpt lat="42.23116" lon="9.17318"/>
            <trkpt lat="42.23107" lon="9.17337"/>
            <trkpt lat="42.23106" lon="9.17339"/>
            <trkpt lat="42.23099" lon="9.17346"/>
            <trkpt lat="42.23094" lon="9.17347"/>
            <trkpt lat="42.23083" lon="9.17348"/>
            <trkpt lat="42.23079" lon="9.17348"/>
            <trkpt lat="42.23075" lon="9.17346"/>
            <trkpt lat="42.23068" lon="9.17342"/>
            <trkpt lat="42.23051" lon="9.17327"/>
            <trkpt lat="42.2304" lon="9.17322"/>
            <trkpt lat="42.23004" lon="9.17304"/>
            <trkpt lat="42.22947" lon="9.17284"/>
            <trkpt lat="42.22942" lon="9.17281"/>
            <trkpt lat="42.22932" lon="9.17277"/>
            <trkpt lat="42.22927" lon="9.17276"/>
            <trkpt lat="42.2292" lon="9.17275"/>
            <trkpt lat="42.22917" lon="9.17277"/>
            <trkpt lat="42.22914" lon="9.1728"/>
            <trkpt lat="42.22912" lon="9.17283"/>
            <trkpt lat="42.22912" lon="9.17285"/>
            <trkpt lat="42.22912" lon="9.17287"/>
            <trkpt lat="42.22912" lon="9.17291"/>
            <trkpt lat="42.22914" lon="9.17294"/>
            <trkpt lat="42.22916" lon="9.17299"/>
            <trkpt lat="42.22919" lon="9.17305"/>
            <trkpt lat="42.22921" lon="9.17324"/>
            <trkpt lat="42.22921" lon="9.1734"/>
            <trkpt lat="42.2292" lon="9.17347"/>
            <trkpt lat="42.22918" lon="9.17352"/>
            <trkpt lat="42.22915" lon="9.17359"/>
            <trkpt lat="42.22897" lon="9.17384"/>
            <trkpt lat="42.22876" lon="9.17409"/>
            <trkpt lat="42.22871" lon="9.17412"/>
            <trkpt lat="42.22866" lon="9.17414"/>
            <trkpt lat="42.22854" lon="9.17417"/>
            <trkpt lat="42.22846" lon="9.17422"/>
            <trkpt lat="42.22843" lon="9.17425"/>
            <trkpt lat="42.22839" lon="9.17431"/>
            <trkpt lat="42.22837" lon="9.17435"/>
            <trkpt lat="42.22836" lon="9.17443"/>
            <trkpt lat="42.22836" lon="9.17449"/>
            <trkpt lat="42.22841" lon="9.17475"/>
            <trkpt lat="42.22845" lon="9.17489"/>
            <trkpt lat="42.22846" lon="9.17498"/>
            <trkpt lat="42.22846" lon="9.1751"/>
            <trkpt lat="42.22846" lon="9.17517"/>
            <trkpt lat="42.22845" lon="9.17525"/>
            <trkpt lat="42.22838" lon="9.1754"/>
            <trkpt lat="42.22836" lon="9.17544"/>
            <trkpt lat="42.22833" lon="9.17548"/>
            <trkpt lat="42.22827" lon="9.17552"/>
            <trkpt lat="42.22823" lon="9.17554"/>
            <trkpt lat="42.22818" lon="9.17556"/>
            <trkpt lat="42.22811" lon="9.17557"/>
            <trkpt lat="42.228" lon="9.17557"/>
            <trkpt lat="42.22793" lon="9.17557"/>
            <trkpt lat="42.22789" lon="9.17557"/>
            <trkpt lat="42.22786" lon="9.17558"/>
            <trkpt lat="42.22783" lon="9.17559"/>
            <trkpt lat="42.2278" lon="9.17563"/>
            <trkpt lat="42.22778" lon="9.17565"/>
            <trkpt lat="42.22777" lon="9.17572"/>
            <trkpt lat="42.22777" lon="9.1758"/>
            <trkpt lat="42.22778" lon="9.17589"/>
            <trkpt lat="42.22787" lon="9.17627"/>
            <trkpt lat="42.22788" lon="9.1763"/>
            <trkpt lat="42.2279" lon="9.17656"/>
            <trkpt lat="42.2279" lon="9.17667"/>
            <trkpt lat="42.22789" lon="9.17686"/>
            <trkpt lat="42.22786" lon="9.17694"/>
            <trkpt lat="42.22784" lon="9.17701"/>
            <trkpt lat="42.22781" lon="9.17706"/>
            <trkpt lat="42.22778" lon="9.17709"/>
            <trkpt lat="42.22775" lon="9.17712"/>
            <trkpt lat="42.22772" lon="9.17713"/>
            <trkpt lat="42.22768" lon="9.17713"/>
            <trkpt lat="42.22762" lon="9.17712"/>
            <trkpt lat="42.22755" lon="9.17706"/>
            <trkpt lat="42.22745" lon="9.17694"/>
            <trkpt lat="42.22739" lon="9.1769"/>
            <trkpt lat="42.22737" lon="9.17688"/>
            <trkpt lat="42.22734" lon="9.17687"/>
            <trkpt lat="42.22731" lon="9.17686"/>
            <trkpt lat="42.22727" lon="9.17686"/>
            <trkpt lat="42.22723" lon="9.17687"/>
            <trkpt lat="42.22719" lon="9.17689"/>
            <trkpt lat="42.22716" lon="9.17693"/>
            <trkpt lat="42.2271" lon="9.177"/>
            <trkpt lat="42.22708" lon="9.17704"/>
            <trkpt lat="42.22697" lon="9.1773"/>
            <trkpt lat="42.22687" lon="9.17761"/>
            <trkpt lat="42.22683" lon="9.17777"/>
            <trkpt lat="42.22673" lon="9.17817"/>
            <trkpt lat="42.22667" lon="9.17838"/>
            <trkpt lat="42.22663" lon="9.17848"/>
            <trkpt lat="42.22656" lon="9.17857"/>
            <trkpt lat="42.22637" lon="9.17873"/>
            <trkpt lat="42.2262" lon="9.17884"/>
            <trkpt lat="42.22608" lon="9.17892"/>
            <trkpt lat="42.22596" lon="9.17901"/>
            <trkpt lat="42.22593" lon="9.17905"/>
            <trkpt lat="42.22584" lon="9.17915"/>
            <trkpt lat="42.2258" lon="9.17924"/>
            <trkpt lat="42.22575" lon="9.17938"/>
            <trkpt lat="42.22571" lon="9.17957"/>
            <trkpt lat="42.22549" lon="9.18069"/>
            <trkpt lat="42.2254" lon="9.1809"/>
            <trkpt lat="42.2253" lon="9.18105"/>
            <trkpt lat="42.22524" lon="9.1811"/>
            <trkpt lat="42.22517" lon="9.18114"/>
            <trkpt lat="42.22502" lon="9.18118"/>
            <trkpt lat="42.2249" lon="9.18118"/>
            <trkpt lat="42.22484" lon="9.18116"/>
            <trkpt lat="42.22479" lon="9.18113"/>
            <trkpt lat="42.22467" lon="9.18104"/>
            <trkpt lat="42.22461" lon="9.18096"/>
            <trkpt lat="42.22455" lon="9.18086"/>
            <trkpt lat="42.22446" lon="9.18064"/>
            <trkpt lat="42.22445" lon="9.1806"/>
            <trkpt lat="42.22432" lon="9.18013"/>
            <trkpt lat="42.22429" lon="9.18007"/>
            <trkpt lat="42.22423" lon="9.17994"/>
            <trkpt lat="42.22421" lon="9.1799"/>
            <trkpt lat="42.22415" lon="9.17983"/>
            <trkpt lat="42.2241" lon="9.17978"/>
            <trkpt lat="42.22403" lon="9.17973"/>
            <trkpt lat="42.22376" lon="9.17958"/>
            <trkpt lat="42.22369" lon="9.17954"/>
            <trkpt lat="42.22354" lon="9.17948"/>
            <trkpt lat="42.2234" lon="9.17943"/>
            <trkpt lat="42.22321" lon="9.1794"/>
            <trkpt lat="42.22283" lon="9.17938"/>
            <trkpt lat="42.22261" lon="9.17935"/>
            <trkpt lat="42.22254" lon="9.17932"/>
            <trkpt lat="42.22238" lon="9.17914"/>
            <trkpt lat="42.22229" lon="9.17899"/>
            <trkpt lat="42.22194" lon="9.17841"/>
            <trkpt lat="42.2219" lon="9.17833"/>
            <trkpt lat="42.22185" lon="9.17828"/>
            <trkpt lat="42.22175" lon="9.17818"/>
            <trkpt lat="42.22168" lon="9.17812"/>
            <trkpt lat="42.22125" lon="9.17786"/>
            <trkpt lat="42.22108" lon="9.17773"/>
            <trkpt lat="42.22098" lon="9.1776"/>
            <trkpt lat="42.2208" lon="9.17727"/>
            <trkpt lat="42.22059" lon="9.17682"/>
            <trkpt lat="42.22024" lon="9.17613"/>
            <trkpt lat="42.2202" lon="9.17605"/>
            <trkpt lat="42.22015" lon="9.176"/>
            <trkpt lat="42.2201" lon="9.17595"/>
            <trkpt lat="42.22006" lon="9.17592"/>
            <trkpt lat="42.22003" lon="9.1759"/>
            <trkpt lat="42.21998" lon="9.17588"/>
            <trkpt lat="42.21987" lon="9.17586"/>
            <trkpt lat="42.21977" lon="9.17586"/>
            <trkpt lat="42.21963" lon="9.17588"/>
            <trkpt lat="42.21885" lon="9.17599"/>
            <trkpt lat="42.21868" lon="9.17603"/>
            <trkpt lat="42.2184" lon="9.17617"/>
            <trkpt lat="42.21819" lon="9.17631"/>
            <trkpt lat="42.21796" lon="9.17642"/>
            <trkpt lat="42.21759" lon="9.17652"/>
            <trkpt lat="42.21744" lon="9.17656"/>
            <trkpt lat="42.21736" lon="9.17661"/>
            <trkpt lat="42.2173" lon="9.17665"/>
            <trkpt lat="42.21721" lon="9.17675"/>
            <trkpt lat="42.21712" lon="9.17688"/>
            <trkpt lat="42.21696" lon="9.1772"/>
            <trkpt lat="42.21686" lon="9.17734"/>
            <trkpt lat="42.21681" lon="9.1774"/>
            <trkpt lat="42.21677" lon="9.17743"/>
            <trkpt lat="42.21665" lon="9.1775"/>
            <trkpt lat="42.21659" lon="9.17751"/>
            <trkpt lat="42.21652" lon="9.17752"/>
            <trkpt lat="42.21637" lon="9.17747"/>
            <trkpt lat="42.21629" lon="9.17741"/>
            <trkpt lat="42.21616" lon="9.17731"/>
            <trkpt lat="42.21549" lon="9.17666"/>
            <trkpt lat="42.21543" lon="9.17661"/>
            <trkpt lat="42.21533" lon="9.17655"/>
            <trkpt lat="42.21527" lon="9.17653"/>
            <trkpt lat="42.21522" lon="9.17653"/>
            <trkpt lat="42.21516" lon="9.17652"/>
            <trkpt lat="42.21511" lon="9.17653"/>
            <trkpt lat="42.21498" lon="9.17659"/>
            <trkpt lat="42.21494" lon="9.17661"/>
            <trkpt lat="42.21411" lon="9.17711"/>
            <trkpt lat="42.21399" lon="9.17716"/>
            <trkpt lat="42.21393" lon="9.17718"/>
            <trkpt lat="42.21385" lon="9.17719"/>
            <trkpt lat="42.21377" lon="9.17719"/>
            <trkpt lat="42.2136" lon="9.17715"/>
            <trkpt lat="42.21345" lon="9.17706"/>
            <trkpt lat="42.21296" lon="9.17677"/>
            <trkpt lat="42.21286" lon="9.17674"/>
            <trkpt lat="42.21279" lon="9.17672"/>
            <trkpt lat="42.21274" lon="9.17673"/>
            <trkpt lat="42.2126" lon="9.17677"/>
            <trkpt lat="42.21214" lon="9.17697"/>
            <trkpt lat="42.21191" lon="9.17704"/>
            <trkpt lat="42.21174" lon="9.17705"/>
            <trkpt lat="42.21168" lon="9.17704"/>
            <trkpt lat="42.21153" lon="9.177"/>
            <trkpt lat="42.21046" lon="9.17653"/>
            <trkpt lat="42.21031" lon="9.17645"/>
            <trkpt lat="42.21018" lon="9.17634"/>
            <trkpt lat="42.21014" lon="9.17629"/>
            <trkpt lat="42.21009" lon="9.17621"/>
            <trkpt lat="42.21" lon="9.17606"/>
            <trkpt lat="42.20996" lon="9.17601"/>
            <trkpt lat="42.20988" lon="9.17591"/>
            <trkpt lat="42.20981" lon="9.17586"/>
            <trkpt lat="42.20976" lon="9.17583"/>
            <trkpt lat="42.20972" lon="9.17581"/>
            <trkpt lat="42.20963" lon="9.17579"/>
            <trkpt lat="42.20947" lon="9.17577"/>
            <trkpt lat="42.20923" lon="9.17574"/>
            <trkpt lat="42.20913" lon="9.17571"/>
            <trkpt lat="42.20833" lon="9.17538"/>
            <trkpt lat="42.20829" lon="9.17535"/>
            <trkpt lat="42.20816" lon="9.17525"/>
            <trkpt lat="42.20804" lon="9.17515"/>
            <trkpt lat="42.208" lon="9.17512"/>
            <trkpt lat="42.20791" lon="9.1751"/>
            <trkpt lat="42.20787" lon="9.17509"/>
            <trkpt lat="42.20783" lon="9.1751"/>
            <trkpt lat="42.20772" lon="9.17516"/>
            <trkpt lat="42.20758" lon="9.17523"/>
            <trkpt lat="42.20752" lon="9.17526"/>
            <trkpt lat="42.20737" lon="9.17528"/>
            <trkpt lat="42.20724" lon="9.17526"/>
            <trkpt lat="42.2067" lon="9.17508"/>
            <trkpt lat="42.20636" lon="9.17499"/>
            <trkpt lat="42.20469" lon="9.17465"/>
            <trkpt lat="42.20448" lon="9.17458"/>
            <trkpt lat="42.20435" lon="9.17449"/>
            <trkpt lat="42.20424" lon="9.17432"/>
            <trkpt lat="42.20421" lon="9.17427"/>
            <trkpt lat="42.20417" lon="9.17418"/>
            <trkpt lat="42.20414" lon="9.17408"/>
            <trkpt lat="42.20406" lon="9.17379"/>
            <trkpt lat="42.20402" lon="9.17369"/>
            <trkpt lat="42.20397" lon="9.17363"/>
            <trkpt lat="42.20393" lon="9.17358"/>
            <trkpt lat="42.20387" lon="9.17353"/>
            <trkpt lat="42.20381" lon="9.1735"/>
            <trkpt lat="42.20374" lon="9.17349"/>
            <trkpt lat="42.20368" lon="9.1735"/>
            <trkpt lat="42.20362" lon="9.17352"/>
            <trkpt lat="42.20358" lon="9.17354"/>
            <trkpt lat="42.20347" lon="9.17364"/>
            <trkpt lat="42.20338" lon="9.17372"/>
            <trkpt lat="42.20332" lon="9.17375"/>
            <trkpt lat="42.20327" lon="9.17377"/>
            <trkpt lat="42.20322" lon="9.17379"/>
            <trkpt lat="42.20312" lon="9.1738"/>
            <trkpt lat="42.20308" lon="9.17379"/>
            <trkpt lat="42.203" lon="9.17376"/>
            <trkpt lat="42.20223" lon="9.17325"/>
            <trkpt lat="42.20153" lon="9.17278"/>
            <trkpt lat="42.20135" lon="9.1727"/>
            <trkpt lat="42.20076" lon="9.17252"/>
            <trkpt lat="42.20045" lon="9.17241"/>
            <trkpt lat="42.20024" lon="9.1723"/>
            <trkpt lat="42.20018" lon="9.17226"/>
            <trkpt lat="42.20008" lon="9.17216"/>
            <trkpt lat="42.19981" lon="9.17184"/>
            <trkpt lat="42.19977" lon="9.1718"/>
            <trkpt lat="42.1997" lon="9.17174"/>
            <trkpt lat="42.19966" lon="9.17173"/>
            <trkpt lat="42.1996" lon="9.17171"/>
            <trkpt lat="42.19956" lon="9.1717"/>
            <trkpt lat="42.19952" lon="9.1717"/>
            <trkpt lat="42.19932" lon="9.17175"/>
            <trkpt lat="42.19925" lon="9.17175"/>
            <trkpt lat="42.19921" lon="9.17175"/>
            <trkpt lat="42.1988" lon="9.17164"/>
            <trkpt lat="42.19857" lon="9.17157"/>
            <trkpt lat="42.19853" lon="9.17155"/>
            <trkpt lat="42.19843" lon="9.17147"/>
            <trkpt lat="42.19834" lon="9.17136"/>
            <trkpt lat="42.19779" lon="9.17058"/>
            <trkpt lat="42.19774" lon="9.17051"/>
            <trkpt lat="42.19764" lon="9.17042"/>
            <trkpt lat="42.1975" lon="9.17029"/>
            <trkpt lat="42.19665" lon="9.16959"/>
            <trkpt lat="42.19664" lon="9.16958"/>
            <trkpt lat="42.19641" lon="9.16942"/>
            <trkpt lat="42.19629" lon="9.16934"/>
            <trkpt lat="42.19572" lon="9.16911"/>
            <trkpt lat="42.19507" lon="9.16887"/>
            <trkpt lat="42.19483" lon="9.16872"/>
            <trkpt lat="42.19463" lon="9.16857"/>
            <trkpt lat="42.19443" lon="9.16836"/>
            <trkpt lat="42.19431" lon="9.16823"/>
            <trkpt lat="42.19421" lon="9.16811"/>
            <trkpt lat="42.19408" lon="9.16799"/>
            <trkpt lat="42.194" lon="9.16793"/>
            <trkpt lat="42.19392" lon="9.1679"/>
            <trkpt lat="42.19383" lon="9.16785"/>
            <trkpt lat="42.19354" lon="9.16774"/>
            <trkpt lat="42.19342" lon="9.1677"/>
            <trkpt lat="42.19327" lon="9.16764"/>
            <trkpt lat="42.19309" lon="9.16758"/>
            <trkpt lat="42.19236" lon="9.16731"/>
            <trkpt lat="42.19229" lon="9.1673"/>
            <trkpt lat="42.19218" lon="9.16728"/>
            <trkpt lat="42.19197" lon="9.16727"/>
            <trkpt lat="42.19164" lon="9.16733"/>
            <trkpt lat="42.19109" lon="9.16748"/>
            <trkpt lat="42.19092" lon="9.16749"/>
            <trkpt lat="42.19075" lon="9.16748"/>
            <trkpt lat="42.19043" lon="9.16741"/>
            <trkpt lat="42.19006" lon="9.16731"/>
            <trkpt lat="42.19" lon="9.16731"/>
            <trkpt lat="42.18984" lon="9.16731"/>
            <trkpt lat="42.18911" lon="9.16739"/>
            <trkpt lat="42.18884" lon="9.16735"/>
            <trkpt lat="42.18847" lon="9.16726"/>
            <trkpt lat="42.18842" lon="9.16725"/>
            <trkpt lat="42.18838" lon="9.16722"/>
            <trkpt lat="42.18836" lon="9.16719"/>
            <trkpt lat="42.18828" lon="9.1671"/>
            <trkpt lat="42.18822" lon="9.16706"/>
            <trkpt lat="42.18815" lon="9.16703"/>
            <trkpt lat="42.1881" lon="9.16701"/>
            <trkpt lat="42.18806" lon="9.167"/>
            <trkpt lat="42.18802" lon="9.16701"/>
            <trkpt lat="42.18778" lon="9.16709"/>
            <trkpt lat="42.18763" lon="9.1671"/>
            <trkpt lat="42.1875" lon="9.16708"/>
            <trkpt lat="42.18746" lon="9.16708"/>
            <trkpt lat="42.18715" lon="9.16696"/>
            <trkpt lat="42.18699" lon="9.1669"/>
            <trkpt lat="42.18679" lon="9.16686"/>
            <trkpt lat="42.18582" lon="9.16683"/>
            <trkpt lat="42.18577" lon="9.16684"/>
            <trkpt lat="42.18574" lon="9.16686"/>
            <trkpt lat="42.18572" lon="9.16689"/>
            <trkpt lat="42.18569" lon="9.16694"/>
            <trkpt lat="42.18568" lon="9.16703"/>
            <trkpt lat="42.18568" lon="9.16708"/>
            <trkpt lat="42.1857" lon="9.16715"/>
            <trkpt lat="42.18574" lon="9.16723"/>
            <trkpt lat="42.18613" lon="9.16771"/>
            <trkpt lat="42.18624" lon="9.1679"/>
            <trkpt lat="42.18629" lon="9.16799"/>
            <trkpt lat="42.1865" lon="9.16842"/>
            <trkpt lat="42.18655" lon="9.16856"/>
            <trkpt lat="42.18656" lon="9.16862"/>
            <trkpt lat="42.18656" lon="9.16869"/>
            <trkpt lat="42.18657" lon="9.16877"/>
            <trkpt lat="42.18656" lon="9.16884"/>
            <trkpt lat="42.18654" lon="9.16891"/>
            <trkpt lat="42.18652" lon="9.16899"/>
            <trkpt lat="42.1864" lon="9.16925"/>
            <trkpt lat="42.18636" lon="9.16934"/>
            <trkpt lat="42.18584" lon="9.17027"/>
            <trkpt lat="42.18578" lon="9.17035"/>
            <trkpt lat="42.18574" lon="9.17038"/>
            <trkpt lat="42.18568" lon="9.17042"/>
            <trkpt lat="42.18561" lon="9.17044"/>
            <trkpt lat="42.18556" lon="9.17045"/>
            <trkpt lat="42.1855" lon="9.17045"/>
            <trkpt lat="42.18543" lon="9.17044"/>
            <trkpt lat="42.18537" lon="9.17041"/>
            <trkpt lat="42.18486" lon="9.17009"/>
            <trkpt lat="42.18477" lon="9.17005"/>
            <trkpt lat="42.18469" lon="9.17003"/>
            <trkpt lat="42.18446" lon="9.17005"/>
            <trkpt lat="42.18433" lon="9.17007"/>
            <trkpt lat="42.18425" lon="9.17006"/>
            <trkpt lat="42.18419" lon="9.17005"/>
            <trkpt lat="42.18405" lon="9.16997"/>
            <trkpt lat="42.18381" lon="9.16971"/>
            <trkpt lat="42.18366" lon="9.16961"/>
            <trkpt lat="42.18358" lon="9.16958"/>
            <trkpt lat="42.18266" lon="9.16936"/>
            <trkpt lat="42.18255" lon="9.16933"/>
            <trkpt lat="42.18247" lon="9.16929"/>
            <trkpt lat="42.18239" lon="9.16924"/>
            <trkpt lat="42.18224" lon="9.16908"/>
            <trkpt lat="42.18169" lon="9.16809"/>
            <trkpt lat="42.18157" lon="9.16794"/>
            <trkpt lat="42.18152" lon="9.16788"/>
            <trkpt lat="42.18146" lon="9.16783"/>
            <trkpt lat="42.1814" lon="9.16779"/>
            <trkpt lat="42.18129" lon="9.16775"/>
            <trkpt lat="42.18123" lon="9.16773"/>
            <trkpt lat="42.18112" lon="9.16773"/>
            <trkpt lat="42.18104" lon="9.16774"/>
            <trkpt lat="42.17996" lon="9.16793"/>
            <trkpt lat="42.17976" lon="9.16792"/>
            <trkpt lat="42.1796" lon="9.16787"/>
            <trkpt lat="42.17951" lon="9.16782"/>
            <trkpt lat="42.17933" lon="9.16767"/>
            <trkpt lat="42.1792" lon="9.1675"/>
            <trkpt lat="42.17899" lon="9.16718"/>
            <trkpt lat="42.17883" lon="9.16701"/>
            <trkpt lat="42.1787" lon="9.16692"/>
            <trkpt lat="42.17828" lon="9.16675"/>
            <trkpt lat="42.17793" lon="9.16652"/>
            <trkpt lat="42.17787" lon="9.16649"/>
            <trkpt lat="42.17784" lon="9.16648"/>
            <trkpt lat="42.17781" lon="9.16647"/>
            <trkpt lat="42.17773" lon="9.16648"/>
            <trkpt lat="42.17769" lon="9.1665"/>
            <trkpt lat="42.17766" lon="9.16653"/>
            <trkpt lat="42.17762" lon="9.16657"/>
            <trkpt lat="42.17759" lon="9.16662"/>
            <trkpt lat="42.17757" lon="9.16667"/>
            <trkpt lat="42.17755" lon="9.16673"/>
            <trkpt lat="42.17754" lon="9.16681"/>
            <trkpt lat="42.17759" lon="9.16765"/>
            <trkpt lat="42.17762" lon="9.16787"/>
            <trkpt lat="42.17778" lon="9.16839"/>
            <trkpt lat="42.17784" lon="9.16864"/>
            <trkpt lat="42.17785" lon="9.16875"/>
            <trkpt lat="42.17786" lon="9.16884"/>
            <trkpt lat="42.17785" lon="9.16903"/>
            <trkpt lat="42.17781" lon="9.16934"/>
            <trkpt lat="42.17776" lon="9.16961"/>
            <trkpt lat="42.17772" lon="9.16985"/>
            <trkpt lat="42.17772" lon="9.16992"/>
            <trkpt lat="42.17771" lon="9.17015"/>
            <trkpt lat="42.1777" lon="9.17021"/>
            <trkpt lat="42.17767" lon="9.17029"/>
            <trkpt lat="42.17765" lon="9.17032"/>
            <trkpt lat="42.17763" lon="9.17034"/>
            <trkpt lat="42.1776" lon="9.17036"/>
            <trkpt lat="42.17753" lon="9.17038"/>
            <trkpt lat="42.17747" lon="9.17038"/>
            <trkpt lat="42.17742" lon="9.17037"/>
            <trkpt lat="42.17729" lon="9.17032"/>
            <trkpt lat="42.17716" lon="9.17028"/>
            <trkpt lat="42.17702" lon="9.17023"/>
            <trkpt lat="42.17689" lon="9.17021"/>
            <trkpt lat="42.17667" lon="9.1702"/>
            <trkpt lat="42.17648" lon="9.17019"/>
            <trkpt lat="42.17643" lon="9.17017"/>
            <trkpt lat="42.17638" lon="9.17014"/>
            <trkpt lat="42.17632" lon="9.1701"/>
            <trkpt lat="42.17625" lon="9.17004"/>
            <trkpt lat="42.17621" lon="9.17001"/>
            <trkpt lat="42.17574" lon="9.1696"/>
            <trkpt lat="42.17556" lon="9.16938"/>
            <trkpt lat="42.17553" lon="9.16935"/>
            <trkpt lat="42.17545" lon="9.16924"/>
            <trkpt lat="42.17516" lon="9.16895"/>
            <trkpt lat="42.17479" lon="9.16858"/>
            <trkpt lat="42.17476" lon="9.16856"/>
            <trkpt lat="42.17472" lon="9.16854"/>
            <trkpt lat="42.17468" lon="9.16852"/>
            <trkpt lat="42.17463" lon="9.1685"/>
            <trkpt lat="42.17447" lon="9.1685"/>
            <trkpt lat="42.17443" lon="9.1685"/>
            <trkpt lat="42.17438" lon="9.16849"/>
            <trkpt lat="42.17412" lon="9.16838"/>
            <trkpt lat="42.17407" lon="9.16837"/>
            <trkpt lat="42.17402" lon="9.16836"/>
            <trkpt lat="42.17399" lon="9.16837"/>
            <trkpt lat="42.17396" lon="9.16839"/>
            <trkpt lat="42.17394" lon="9.1684"/>
            <trkpt lat="42.17391" lon="9.16843"/>
            <trkpt lat="42.17389" lon="9.16846"/>
            <trkpt lat="42.17388" lon="9.1685"/>
            <trkpt lat="42.17386" lon="9.16861"/>
            <trkpt lat="42.17383" lon="9.16886"/>
            <trkpt lat="42.17382" lon="9.16892"/>
            <trkpt lat="42.17381" lon="9.16897"/>
            <trkpt lat="42.17379" lon="9.16901"/>
            <trkpt lat="42.17376" lon="9.16904"/>
            <trkpt lat="42.17374" lon="9.16907"/>
            <trkpt lat="42.17371" lon="9.16909"/>
            <trkpt lat="42.17368" lon="9.16911"/>
            <trkpt lat="42.17366" lon="9.16912"/>
            <trkpt lat="42.17357" lon="9.16913"/>
            <trkpt lat="42.1735" lon="9.16913"/>
            <trkpt lat="42.17283" lon="9.16914"/>
            <trkpt lat="42.1728" lon="9.16915"/>
            <trkpt lat="42.17276" lon="9.16916"/>
            <trkpt lat="42.17273" lon="9.16917"/>
            <trkpt lat="42.17271" lon="9.16918"/>
            <trkpt lat="42.17268" lon="9.1692"/>
            <trkpt lat="42.17266" lon="9.16924"/>
            <trkpt lat="42.17262" lon="9.16931"/>
            <trkpt lat="42.17261" lon="9.16934"/>
            <trkpt lat="42.17262" lon="9.16935"/>
            <trkpt lat="42.17275" lon="9.1698"/>
            <trkpt lat="42.17275" lon="9.16984"/>
            <trkpt lat="42.17275" lon="9.16987"/>
            <trkpt lat="42.17275" lon="9.16994"/>
            <trkpt lat="42.17273" lon="9.16999"/>
            <trkpt lat="42.17272" lon="9.17003"/>
            <trkpt lat="42.17266" lon="9.17016"/>
            <trkpt lat="42.17243" lon="9.17056"/>
            <trkpt lat="42.17239" lon="9.17065"/>
            <trkpt lat="42.17231" lon="9.17086"/>
            <trkpt lat="42.17229" lon="9.1709"/>
            <trkpt lat="42.17225" lon="9.17093"/>
            <trkpt lat="42.17222" lon="9.17097"/>
            <trkpt lat="42.17218" lon="9.171"/>
            <trkpt lat="42.17209" lon="9.17103"/>
            <trkpt lat="42.17194" lon="9.17103"/>
            <trkpt lat="42.17177" lon="9.17101"/>
            <trkpt lat="42.17152" lon="9.17101"/>
            <trkpt lat="42.17148" lon="9.17102"/>
            <trkpt lat="42.17146" lon="9.17103"/>
            <trkpt lat="42.17143" lon="9.17104"/>
            <trkpt lat="42.17141" lon="9.17106"/>
            <trkpt lat="42.17138" lon="9.1711"/>
            <trkpt lat="42.1713" lon="9.17123"/>
            <trkpt lat="42.17105" lon="9.17169"/>
            <trkpt lat="42.17103" lon="9.17172"/>
            <trkpt lat="42.17102" lon="9.17179"/>
            <trkpt lat="42.17102" lon="9.17183"/>
            <trkpt lat="42.17102" lon="9.17186"/>
            <trkpt lat="42.17102" lon="9.17188"/>
            <trkpt lat="42.17104" lon="9.1719"/>
            <trkpt lat="42.17106" lon="9.17194"/>
            <trkpt lat="42.17114" lon="9.17202"/>
            <trkpt lat="42.17125" lon="9.17212"/>
            <trkpt lat="42.17129" lon="9.17217"/>
            <trkpt lat="42.17151" lon="9.17251"/>
            <trkpt lat="42.17154" lon="9.17257"/>
            <trkpt lat="42.17156" lon="9.17263"/>
            <trkpt lat="42.17156" lon="9.17265"/>
            <trkpt lat="42.17157" lon="9.17269"/>
            <trkpt lat="42.17156" lon="9.17271"/>
            <trkpt lat="42.17155" lon="9.17274"/>
            <trkpt lat="42.17154" lon="9.17276"/>
            <trkpt lat="42.17153" lon="9.17277"/>
            <trkpt lat="42.17149" lon="9.17278"/>
            <trkpt lat="42.17147" lon="9.17278"/>
            <trkpt lat="42.17145" lon="9.17278"/>
            <trkpt lat="42.17143" lon="9.17277"/>
            <trkpt lat="42.17142" lon="9.17276"/>
            <trkpt lat="42.1714" lon="9.17274"/>
            <trkpt lat="42.17136" lon="9.17267"/>
            <trkpt lat="42.17129" lon="9.17255"/>
            <trkpt lat="42.17126" lon="9.1725"/>
            <trkpt lat="42.17122" lon="9.17245"/>
            <trkpt lat="42.17115" lon="9.17237"/>
            <trkpt lat="42.17111" lon="9.17234"/>
            <trkpt lat="42.17103" lon="9.17229"/>
            <trkpt lat="42.17098" lon="9.17227"/>
            <trkpt lat="42.17072" lon="9.17219"/>
            <trkpt lat="42.17066" lon="9.17215"/>
            <trkpt lat="42.17062" lon="9.17212"/>
            <trkpt lat="42.17056" lon="9.17204"/>
            <trkpt lat="42.17054" lon="9.17198"/>
            <trkpt lat="42.17054" lon="9.17193"/>
            <trkpt lat="42.17054" lon="9.17188"/>
            <trkpt lat="42.17056" lon="9.17182"/>
            <trkpt lat="42.17059" lon="9.17175"/>
            <trkpt lat="42.17075" lon="9.17136"/>
            <trkpt lat="42.17082" lon="9.17113"/>
            <trkpt lat="42.17085" lon="9.17105"/>
            <trkpt lat="42.17095" lon="9.17083"/>
            <trkpt lat="42.17097" lon="9.17074"/>
            <trkpt lat="42.17099" lon="9.17066"/>
            <trkpt lat="42.17099" lon="9.17051"/>
            <trkpt lat="42.17098" lon="9.17043"/>
            <trkpt lat="42.17096" lon="9.17027"/>
            <trkpt lat="42.17088" lon="9.16983"/>
            <trkpt lat="42.17085" lon="9.16965"/>
            <trkpt lat="42.17077" lon="9.16926"/>
            <trkpt lat="42.17075" lon="9.16919"/>
            <trkpt lat="42.17067" lon="9.16891"/>
            <trkpt lat="42.17066" lon="9.16887"/>
            <trkpt lat="42.17065" lon="9.16883"/>
            <trkpt lat="42.17066" lon="9.16878"/>
            <trkpt lat="42.17067" lon="9.16873"/>
            <trkpt lat="42.17067" lon="9.16871"/>
            <trkpt lat="42.1707" lon="9.16865"/>
            <trkpt lat="42.17073" lon="9.16861"/>
            <trkpt lat="42.17085" lon="9.16851"/>
            <trkpt lat="42.171" lon="9.16839"/>
            <trkpt lat="42.17111" lon="9.16832"/>
            <trkpt lat="42.17113" lon="9.16831"/>
            <trkpt lat="42.17115" lon="9.1683"/>
            <trkpt lat="42.17118" lon="9.16829"/>
            <trkpt lat="42.1714" lon="9.16825"/>
            <trkpt lat="42.17146" lon="9.16824"/>
            <trkpt lat="42.17155" lon="9.16818"/>
            <trkpt lat="42.17167" lon="9.16808"/>
            <trkpt lat="42.17175" lon="9.168"/>
            <trkpt lat="42.17189" lon="9.16786"/>
            <trkpt lat="42.17196" lon="9.16778"/>
            <trkpt lat="42.17199" lon="9.16772"/>
            <trkpt lat="42.17209" lon="9.16756"/>
            <trkpt lat="42.17214" lon="9.16743"/>
            <trkpt lat="42.17216" lon="9.16737"/>
            <trkpt lat="42.17221" lon="9.1672"/>
            <trkpt lat="42.17221" lon="9.16714"/>
            <trkpt lat="42.17223" lon="9.16704"/>
            <trkpt lat="42.17223" lon="9.167"/>
            <trkpt lat="42.17225" lon="9.16694"/>
            <trkpt lat="42.17228" lon="9.16687"/>
            <trkpt lat="42.17235" lon="9.16679"/>
            <trkpt lat="42.17238" lon="9.16676"/>
            <trkpt lat="42.17248" lon="9.16663"/>
            <trkpt lat="42.17253" lon="9.16656"/>
            <trkpt lat="42.17257" lon="9.16647"/>
            <trkpt lat="42.1726" lon="9.16637"/>
            <trkpt lat="42.17264" lon="9.16626"/>
            <trkpt lat="42.17268" lon="9.1662"/>
            <trkpt lat="42.17272" lon="9.16614"/>
            <trkpt lat="42.17277" lon="9.16611"/>
            <trkpt lat="42.17283" lon="9.16608"/>
            <trkpt lat="42.17288" lon="9.16607"/>
            <trkpt lat="42.17311" lon="9.16606"/>
            <trkpt lat="42.17333" lon="9.16596"/>
            <trkpt lat="42.1735" lon="9.16585"/>
            <trkpt lat="42.17366" lon="9.16578"/>
            <trkpt lat="42.17384" lon="9.16576"/>
            <trkpt lat="42.17403" lon="9.16574"/>
            <trkpt lat="42.1742" lon="9.16569"/>
            <trkpt lat="42.17424" lon="9.16566"/>
            <trkpt lat="42.17433" lon="9.16558"/>
            <trkpt lat="42.17439" lon="9.16553"/>
            <trkpt lat="42.17448" lon="9.1654"/>
            <trkpt lat="42.17456" lon="9.1652"/>
            <trkpt lat="42.17466" lon="9.16488"/>
            <trkpt lat="42.1748" lon="9.16437"/>
            <trkpt lat="42.17483" lon="9.16415"/>
            <trkpt lat="42.17483" lon="9.16409"/>
            <trkpt lat="42.17483" lon="9.16398"/>
            <trkpt lat="42.17479" lon="9.16378"/>
            <trkpt lat="42.17475" lon="9.16367"/>
            <trkpt lat="42.17471" lon="9.16358"/>
            <trkpt lat="42.17467" lon="9.1635"/>
            <trkpt lat="42.17459" lon="9.16341"/>
            <trkpt lat="42.17408" lon="9.16291"/>
            <trkpt lat="42.1739" lon="9.16276"/>
            <trkpt lat="42.17369" lon="9.16261"/>
            <trkpt lat="42.17364" lon="9.1626"/>
            <trkpt lat="42.17351" lon="9.16255"/>
            <trkpt lat="42.17329" lon="9.16255"/>
            <trkpt lat="42.17304" lon="9.1626"/>
            <trkpt lat="42.17253" lon="9.16268"/>
            <trkpt lat="42.17227" lon="9.16275"/>
            <trkpt lat="42.17105" lon="9.16335"/>
            <trkpt lat="42.17094" lon="9.16341"/>
            <trkpt lat="42.17088" lon="9.16345"/>
            <trkpt lat="42.17086" lon="9.16346"/>
            <trkpt lat="42.17079" lon="9.16354"/>
            <trkpt lat="42.17068" lon="9.16369"/>
            <trkpt lat="42.17063" lon="9.16377"/>
            <trkpt lat="42.17055" lon="9.16394"/>
            <trkpt lat="42.17043" lon="9.16431"/>
            <trkpt lat="42.17028" lon="9.16478"/>
            <trkpt lat="42.17023" lon="9.16492"/>
            <trkpt lat="42.17013" lon="9.16511"/>
            <trkpt lat="42.17005" lon="9.1652"/>
            <trkpt lat="42.17" lon="9.16526"/>
            <trkpt lat="42.1699" lon="9.16536"/>
            <trkpt lat="42.16974" lon="9.16546"/>
            <trkpt lat="42.16953" lon="9.16555"/>
            <trkpt lat="42.16936" lon="9.16557"/>
            <trkpt lat="42.16926" lon="9.16555"/>
            <trkpt lat="42.16912" lon="9.16551"/>
            <trkpt lat="42.16904" lon="9.16547"/>
            <trkpt lat="42.16895" lon="9.16542"/>
            <trkpt lat="42.16883" lon="9.16531"/>
            <trkpt lat="42.16873" lon="9.16521"/>
            <trkpt lat="42.16866" lon="9.1651"/>
            <trkpt lat="42.16846" lon="9.16476"/>
            <trkpt lat="42.16827" lon="9.16436"/>
            <trkpt lat="42.16823" lon="9.1643"/>
            <trkpt lat="42.16815" lon="9.1642"/>
            <trkpt lat="42.16771" lon="9.16367"/>
            <trkpt lat="42.16761" lon="9.16356"/>
            <trkpt lat="42.16755" lon="9.16351"/>
            <trkpt lat="42.16741" lon="9.16349"/>
            <trkpt lat="42.16726" lon="9.16352"/>
            <trkpt lat="42.1672" lon="9.16355"/>
            <trkpt lat="42.1671" lon="9.16362"/>
            <trkpt lat="42.16701" lon="9.16367"/>
            <trkpt lat="42.16693" lon="9.16369"/>
            <trkpt lat="42.16683" lon="9.16369"/>
            <trkpt lat="42.16641" lon="9.16361"/>
            <trkpt lat="42.16605" lon="9.16358"/>
            <trkpt lat="42.16595" lon="9.16354"/>
            <trkpt lat="42.16587" lon="9.16348"/>
            <trkpt lat="42.16582" lon="9.16341"/>
            <trkpt lat="42.16576" lon="9.1633"/>
            <trkpt lat="42.16553" lon="9.1628"/>
            <trkpt lat="42.16547" lon="9.16267"/>
            <trkpt lat="42.16545" lon="9.1626"/>
            <trkpt lat="42.16544" lon="9.16255"/>
            <trkpt lat="42.16544" lon="9.16231"/>
            <trkpt lat="42.16547" lon="9.16221"/>
            <trkpt lat="42.16551" lon="9.16211"/>
            <trkpt lat="42.16553" lon="9.16208"/>
            <trkpt lat="42.16566" lon="9.16187"/>
            <trkpt lat="42.16589" lon="9.16159"/>
            <trkpt lat="42.166" lon="9.16143"/>
            <trkpt lat="42.16604" lon="9.16132"/>
            <trkpt lat="42.16605" lon="9.16127"/>
            <trkpt lat="42.16605" lon="9.16115"/>
            <trkpt lat="42.16605" lon="9.1611"/>
            <trkpt lat="42.16604" lon="9.16097"/>
            <trkpt lat="42.16602" lon="9.16087"/>
            <trkpt lat="42.16581" lon="9.16001"/>
            <trkpt lat="42.16576" lon="9.15986"/>
            <trkpt lat="42.16573" lon="9.15978"/>
            <trkpt lat="42.1657" lon="9.15973"/>
            <trkpt lat="42.16566" lon="9.15968"/>
            <trkpt lat="42.16561" lon="9.15963"/>
            <trkpt lat="42.16555" lon="9.15959"/>
            <trkpt lat="42.16553" lon="9.15958"/>
            <trkpt lat="42.16549" lon="9.15956"/>
            <trkpt lat="42.16542" lon="9.15955"/>
            <trkpt lat="42.16531" lon="9.15954"/>
            <trkpt lat="42.16474" lon="9.15964"/>
            <trkpt lat="42.1646" lon="9.15964"/>
            <trkpt lat="42.16456" lon="9.15964"/>
            <trkpt lat="42.16454" lon="9.15963"/>
            <trkpt lat="42.16441" lon="9.15955"/>
            <trkpt lat="42.16419" lon="9.1594"/>
            <trkpt lat="42.16412" lon="9.15936"/>
            <trkpt lat="42.16401" lon="9.15933"/>
            <trkpt lat="42.16394" lon="9.15931"/>
            <trkpt lat="42.16366" lon="9.15926"/>
            <trkpt lat="42.16352" lon="9.15927"/>
            <trkpt lat="42.16348" lon="9.15928"/>
            <trkpt lat="42.16344" lon="9.15929"/>
            <trkpt lat="42.1634" lon="9.1593"/>
            <trkpt lat="42.16311" lon="9.15947"/>
            <trkpt lat="42.1628" lon="9.15968"/>
            <trkpt lat="42.1625" lon="9.15983"/>
            <trkpt lat="42.16149" lon="9.16024"/>
            <trkpt lat="42.1614" lon="9.16027"/>
            <trkpt lat="42.16135" lon="9.16027"/>
            <trkpt lat="42.16131" lon="9.16027"/>
            <trkpt lat="42.16125" lon="9.16025"/>
            <trkpt lat="42.16113" lon="9.16018"/>
            <trkpt lat="42.16097" lon="9.16006"/>
            <trkpt lat="42.16091" lon="9.16003"/>
            <trkpt lat="42.16084" lon="9.16001"/>
            <trkpt lat="42.16061" lon="9.15997"/>
            <trkpt lat="42.15994" lon="9.15991"/>
            <trkpt lat="42.15985" lon="9.15992"/>
            <trkpt lat="42.15979" lon="9.15994"/>
            <trkpt lat="42.15962" lon="9.16002"/>
            <trkpt lat="42.15952" lon="9.16008"/>
            <trkpt lat="42.15941" lon="9.1602"/>
            <trkpt lat="42.15933" lon="9.1603"/>
            <trkpt lat="42.15924" lon="9.16047"/>
            <trkpt lat="42.15921" lon="9.16056"/>
            <trkpt lat="42.15919" lon="9.1606"/>
            <trkpt lat="42.15918" lon="9.1607"/>
            <trkpt lat="42.15917" lon="9.16081"/>
            <trkpt lat="42.15917" lon="9.16089"/>
            <trkpt lat="42.15915" lon="9.16095"/>
            <trkpt lat="42.15911" lon="9.16104"/>
            <trkpt lat="42.15908" lon="9.1611"/>
            <trkpt lat="42.15902" lon="9.16115"/>
            <trkpt lat="42.15882" lon="9.16125"/>
            <trkpt lat="42.15866" lon="9.16129"/>
            <trkpt lat="42.15853" lon="9.16129"/>
            <trkpt lat="42.1582" lon="9.16125"/>
            <trkpt lat="42.15814" lon="9.16127"/>
            <trkpt lat="42.15807" lon="9.1613"/>
            <trkpt lat="42.15798" lon="9.16136"/>
            <trkpt lat="42.15773" lon="9.16164"/>
            <trkpt lat="42.15765" lon="9.1617"/>
            <trkpt lat="42.15747" lon="9.16177"/>
            <trkpt lat="42.15698" lon="9.16188"/>
            <trkpt lat="42.15673" lon="9.162"/>
            <trkpt lat="42.15636" lon="9.16221"/>
            <trkpt lat="42.15622" lon="9.16228"/>
            <trkpt lat="42.15617" lon="9.16229"/>
            <trkpt lat="42.15613" lon="9.16229"/>
            <trkpt lat="42.15608" lon="9.16229"/>
            <trkpt lat="42.15558" lon="9.16212"/>
            <trkpt lat="42.15544" lon="9.16202"/>
            <trkpt lat="42.15534" lon="9.16188"/>
            <trkpt lat="42.1553" lon="9.16179"/>
            <trkpt lat="42.15528" lon="9.16173"/>
            <trkpt lat="42.15528" lon="9.16167"/>
            <trkpt lat="42.15527" lon="9.16155"/>
            <trkpt lat="42.15528" lon="9.16148"/>
            <trkpt lat="42.15532" lon="9.16114"/>
            <trkpt lat="42.15535" lon="9.16081"/>
            <trkpt lat="42.15534" lon="9.16059"/>
            <trkpt lat="42.15532" lon="9.1605"/>
            <trkpt lat="42.15529" lon="9.16038"/>
            <trkpt lat="42.15505" lon="9.15964"/>
            <trkpt lat="42.15488" lon="9.15898"/>
            <trkpt lat="42.15481" lon="9.15856"/>
            <trkpt lat="42.15477" lon="9.15825"/>
            <trkpt lat="42.1545" lon="9.15687"/>
            <trkpt lat="42.15446" lon="9.15672"/>
            <trkpt lat="42.15436" lon="9.15651"/>
            <trkpt lat="42.15412" lon="9.15617"/>
            <trkpt lat="42.15407" lon="9.15608"/>
            <trkpt lat="42.154" lon="9.1559"/>
            <trkpt lat="42.15383" lon="9.15525"/>
            <trkpt lat="42.15365" lon="9.15464"/>
            <trkpt lat="42.15362" lon="9.15457"/>
            <trkpt lat="42.15359" lon="9.1545"/>
            <trkpt lat="42.15355" lon="9.15444"/>
            <trkpt lat="42.15343" lon="9.15433"/>
            <trkpt lat="42.15334" lon="9.15427"/>
            <trkpt lat="42.1533" lon="9.15425"/>
            <trkpt lat="42.15325" lon="9.15423"/>
            <trkpt lat="42.15318" lon="9.15422"/>
            <trkpt lat="42.15308" lon="9.15423"/>
            <trkpt lat="42.15302" lon="9.15425"/>
            <trkpt lat="42.15296" lon="9.15428"/>
            <trkpt lat="42.15251" lon="9.15458"/>
            <trkpt lat="42.15246" lon="9.15461"/>
            <trkpt lat="42.15242" lon="9.15463"/>
            <trkpt lat="42.15237" lon="9.15464"/>
            <trkpt lat="42.15234" lon="9.15464"/>
            <trkpt lat="42.15231" lon="9.15464"/>
            <trkpt lat="42.15228" lon="9.15463"/>
            <trkpt lat="42.15224" lon="9.1546"/>
            <trkpt lat="42.15175" lon="9.15404"/>
            <trkpt lat="42.15166" lon="9.15392"/>
            <trkpt lat="42.15146" lon="9.15351"/>
            <trkpt lat="42.15144" lon="9.15346"/>
            <trkpt lat="42.15142" lon="9.15342"/>
            <trkpt lat="42.15138" lon="9.1533"/>
            <trkpt lat="42.15122" lon="9.1529"/>
            <trkpt lat="42.15111" lon="9.15264"/>
            <trkpt lat="42.15101" lon="9.15251"/>
            <trkpt lat="42.15089" lon="9.15242"/>
            <trkpt lat="42.15084" lon="9.1524"/>
            <trkpt lat="42.15078" lon="9.15238"/>
            <trkpt lat="42.14965" lon="9.15217"/>
            <trkpt lat="42.14928" lon="9.15208"/>
            <trkpt lat="42.14889" lon="9.15199"/>
            <trkpt lat="42.14878" lon="9.15193"/>
            <trkpt lat="42.14873" lon="9.15189"/>
            <trkpt lat="42.14868" lon="9.15183"/>
            <trkpt lat="42.14859" lon="9.15168"/>
            <trkpt lat="42.14857" lon="9.1516"/>
            <trkpt lat="42.14855" lon="9.15152"/>
            <trkpt lat="42.14853" lon="9.15137"/>
            <trkpt lat="42.14854" lon="9.1512"/>
            <trkpt lat="42.14857" lon="9.15105"/>
            <trkpt lat="42.14867" lon="9.1508"/>
            <trkpt lat="42.14898" lon="9.15025"/>
            <trkpt lat="42.14901" lon="9.15016"/>
            <trkpt lat="42.14903" lon="9.1501"/>
            <trkpt lat="42.14903" lon="9.15005"/>
            <trkpt lat="42.14903" lon="9.14998"/>
            <trkpt lat="42.14902" lon="9.14991"/>
            <trkpt lat="42.14901" lon="9.14985"/>
            <trkpt lat="42.14899" lon="9.1498"/>
            <trkpt lat="42.14894" lon="9.14972"/>
            <trkpt lat="42.14889" lon="9.14967"/>
            <trkpt lat="42.14863" lon="9.14949"/>
            <trkpt lat="42.14748" lon="9.14866"/>
            <trkpt lat="42.14743" lon="9.14862"/>
            <trkpt lat="42.14732" lon="9.14853"/>
            <trkpt lat="42.14726" lon="9.14848"/>
            <trkpt lat="42.14721" lon="9.14841"/>
            <trkpt lat="42.14716" lon="9.14833"/>
            <trkpt lat="42.14674" lon="9.14743"/>
            <trkpt lat="42.14667" lon="9.14725"/>
            <trkpt lat="42.14664" lon="9.14717"/>
            <trkpt lat="42.14653" lon="9.14697"/>
            <trkpt lat="42.1464" lon="9.14677"/>
            <trkpt lat="42.14632" lon="9.1467"/>
            <trkpt lat="42.14626" lon="9.14665"/>
            <trkpt lat="42.14601" lon="9.14649"/>
            <trkpt lat="42.14584" lon="9.14639"/>
            <trkpt lat="42.14575" lon="9.14633"/>
            <trkpt lat="42.14569" lon="9.14628"/>
            <trkpt lat="42.14564" lon="9.14622"/>
            <trkpt lat="42.1456" lon="9.14617"/>
            <trkpt lat="42.14552" lon="9.14598"/>
            <trkpt lat="42.14551" lon="9.14596"/>
            <trkpt lat="42.14544" lon="9.14578"/>
            <trkpt lat="42.14541" lon="9.14571"/>
            <trkpt lat="42.14532" lon="9.14559"/>
            <trkpt lat="42.14505" lon="9.14532"/>
            <trkpt lat="42.14501" lon="9.14529"/>
            <trkpt lat="42.14495" lon="9.14526"/>
            <trkpt lat="42.14448" lon="9.14505"/>
            <trkpt lat="42.14403" lon="9.14484"/>
            <trkpt lat="42.14376" lon="9.14469"/>
            <trkpt lat="42.14364" lon="9.14464"/>
            <trkpt lat="42.14355" lon="9.14461"/>
            <trkpt lat="42.14351" lon="9.14459"/>
            <trkpt lat="42.14331" lon="9.1446"/>
            <trkpt lat="42.14285" lon="9.1447"/>
            <trkpt lat="42.14261" lon="9.1448"/>
            <trkpt lat="42.14215" lon="9.14493"/>
            <trkpt lat="42.14202" lon="9.14493"/>
            <trkpt lat="42.14197" lon="9.14493"/>
            <trkpt lat="42.14149" lon="9.14482"/>
            <trkpt lat="42.14132" lon="9.14477"/>
            <trkpt lat="42.14114" lon="9.14474"/>
            <trkpt lat="42.14087" lon="9.14474"/>
            <trkpt lat="42.14074" lon="9.14476"/>
            <trkpt lat="42.1406" lon="9.1448"/>
            <trkpt lat="42.14052" lon="9.14484"/>
            <trkpt lat="42.14045" lon="9.14489"/>
            <trkpt lat="42.14036" lon="9.14498"/>
            <trkpt lat="42.14013" lon="9.14532"/>
            <trkpt lat="42.1399" lon="9.14551"/>
            <trkpt lat="42.13983" lon="9.14555"/>
            <trkpt lat="42.13975" lon="9.14558"/>
            <trkpt lat="42.13954" lon="9.1456"/>
            <trkpt lat="42.13922" lon="9.14557"/>
            <trkpt lat="42.13879" lon="9.14555"/>
            <trkpt lat="42.13848" lon="9.14551"/>
            <trkpt lat="42.13826" lon="9.14545"/>
            <trkpt lat="42.13798" lon="9.1454"/>
            <trkpt lat="42.13779" lon="9.14543"/>
            <trkpt lat="42.13754" lon="9.14553"/>
            <trkpt lat="42.13727" lon="9.14566"/>
            <trkpt lat="42.1368" lon="9.14585"/>
            <trkpt lat="42.13665" lon="9.14596"/>
            <trkpt lat="42.13658" lon="9.14607"/>
            <trkpt lat="42.13654" lon="9.14617"/>
            <trkpt lat="42.13644" lon="9.14652"/>
            <trkpt lat="42.13633" lon="9.14666"/>
            <trkpt lat="42.13628" lon="9.1467"/>
            <trkpt lat="42.13626" lon="9.14671"/>
            <trkpt lat="42.13619" lon="9.1467"/>
            <trkpt lat="42.13613" lon="9.14668"/>
            <trkpt lat="42.13607" lon="9.14663"/>
            <trkpt lat="42.13593" lon="9.14643"/>
            <trkpt lat="42.13577" lon="9.14616"/>
            <trkpt lat="42.13574" lon="9.14606"/>
            <trkpt lat="42.1357" lon="9.14589"/>
            <trkpt lat="42.13567" lon="9.14571"/>
            <trkpt lat="42.13566" lon="9.14548"/>
            <trkpt lat="42.13567" lon="9.14506"/>
            <trkpt lat="42.13572" lon="9.14473"/>
            <trkpt lat="42.13579" lon="9.14447"/>
            <trkpt lat="42.13588" lon="9.1443"/>
            <trkpt lat="42.13618" lon="9.14388"/>
            <trkpt lat="42.13656" lon="9.1434"/>
            <trkpt lat="42.13666" lon="9.14326"/>
            <trkpt lat="42.13669" lon="9.14318"/>
            <trkpt lat="42.1367" lon="9.1431"/>
            <trkpt lat="42.1367" lon="9.14304"/>
            <trkpt lat="42.1367" lon="9.14296"/>
            <trkpt lat="42.13668" lon="9.14286"/>
            <trkpt lat="42.13662" lon="9.14272"/>
            <trkpt lat="42.1364" lon="9.1424"/>
            <trkpt lat="42.13618" lon="9.14218"/>
            <trkpt lat="42.13611" lon="9.14211"/>
            <trkpt lat="42.13586" lon="9.14193"/>
            <trkpt lat="42.13538" lon="9.14167"/>
            <trkpt lat="42.13511" lon="9.14154"/>
            <trkpt lat="42.13426" lon="9.14124"/>
            <trkpt lat="42.13409" lon="9.14114"/>
            <trkpt lat="42.13402" lon="9.14108"/>
            <trkpt lat="42.1336" lon="9.14063"/>
            <trkpt lat="42.13359" lon="9.14061"/>
            <trkpt lat="42.13314" lon="9.14023"/>
            <trkpt lat="42.13286" lon="9.14004"/>
            <trkpt lat="42.13254" lon="9.13984"/>
            <trkpt lat="42.13248" lon="9.13976"/>
            <trkpt lat="42.13245" lon="9.13971"/>
            <trkpt lat="42.13243" lon="9.13966"/>
            <trkpt lat="42.13242" lon="9.1396"/>
            <trkpt lat="42.1324" lon="9.13941"/>
            <trkpt lat="42.1324" lon="9.13929"/>
            <trkpt lat="42.13238" lon="9.13919"/>
            <trkpt lat="42.13233" lon="9.13909"/>
            <trkpt lat="42.13227" lon="9.13899"/>
            <trkpt lat="42.13185" lon="9.13862"/>
            <trkpt lat="42.13171" lon="9.13849"/>
            <trkpt lat="42.13167" lon="9.13843"/>
            <trkpt lat="42.13162" lon="9.13828"/>
            <trkpt lat="42.13155" lon="9.13791"/>
            <trkpt lat="42.13153" lon="9.13779"/>
            <trkpt lat="42.13149" lon="9.13767"/>
            <trkpt lat="42.13147" lon="9.13763"/>
            <trkpt lat="42.13143" lon="9.13753"/>
            <trkpt lat="42.1314" lon="9.13748"/>
            <trkpt lat="42.13135" lon="9.13743"/>
            <trkpt lat="42.13129" lon="9.13739"/>
            <trkpt lat="42.13118" lon="9.13733"/>
            <trkpt lat="42.13099" lon="9.13728"/>
            <trkpt lat="42.1309" lon="9.13727"/>
            <trkpt lat="42.13082" lon="9.13729"/>
            <trkpt lat="42.13074" lon="9.13731"/>
            <trkpt lat="42.13069" lon="9.13734"/>
            <trkpt lat="42.13063" lon="9.13738"/>
            <trkpt lat="42.13059" lon="9.13743"/>
            <trkpt lat="42.13055" lon="9.13752"/>
            <trkpt lat="42.1305" lon="9.13767"/>
            <trkpt lat="42.13046" lon="9.13787"/>
            <trkpt lat="42.13041" lon="9.138"/>
            <trkpt lat="42.13037" lon="9.13808"/>
            <trkpt lat="42.13029" lon="9.13819"/>
            <trkpt lat="42.13022" lon="9.13826"/>
            <trkpt lat="42.13016" lon="9.1383"/>
            <trkpt lat="42.13013" lon="9.1383"/>
            <trkpt lat="42.13008" lon="9.13829"/>
            <trkpt lat="42.13003" lon="9.13828"/>
            <trkpt lat="42.12993" lon="9.13822"/>
            <trkpt lat="42.12955" lon="9.13794"/>
            <trkpt lat="42.12944" lon="9.1378"/>
            <trkpt lat="42.12925" lon="9.13751"/>
            <trkpt lat="42.12921" lon="9.13746"/>
            <trkpt lat="42.12918" lon="9.13741"/>
            <trkpt lat="42.12912" lon="9.13737"/>
            <trkpt lat="42.12908" lon="9.13734"/>
            <trkpt lat="42.12893" lon="9.13727"/>
            <trkpt lat="42.12846" lon="9.1371"/>
            <trkpt lat="42.12807" lon="9.13683"/>
            <trkpt lat="42.12787" lon="9.13672"/>
            <trkpt lat="42.12768" lon="9.13665"/>
            <trkpt lat="42.12759" lon="9.13663"/>
            <trkpt lat="42.1273" lon="9.13654"/>
            <trkpt lat="42.12711" lon="9.13643"/>
            <trkpt lat="42.12703" lon="9.13635"/>
            <trkpt lat="42.12698" lon="9.13628"/>
            <trkpt lat="42.12694" lon="9.1362"/>
            <trkpt lat="42.1269" lon="9.13605"/>
            <trkpt lat="42.12687" lon="9.1359"/>
            <trkpt lat="42.12684" lon="9.1358"/>
            <trkpt lat="42.12678" lon="9.13569"/>
            <trkpt lat="42.1267" lon="9.13563"/>
            <trkpt lat="42.12665" lon="9.1356"/>
            <trkpt lat="42.1265" lon="9.13556"/>
            <trkpt lat="42.12596" lon="9.1355"/>
            <trkpt lat="42.12569" lon="9.13545"/>
            <trkpt lat="42.12513" lon="9.13532"/>
            <trkpt lat="42.12497" lon="9.13527"/>
            <trkpt lat="42.1248" lon="9.13526"/>
            <trkpt lat="42.12476" lon="9.13526"/>
            <trkpt lat="42.12451" lon="9.13532"/>
            <trkpt lat="42.12447" lon="9.13532"/>
            <trkpt lat="42.1244" lon="9.13531"/>
            <trkpt lat="42.12435" lon="9.13529"/>
            <trkpt lat="42.12432" lon="9.13527"/>
            <trkpt lat="42.12427" lon="9.13523"/>
            <trkpt lat="42.12418" lon="9.13511"/>
            <trkpt lat="42.1241" lon="9.13492"/>
            <trkpt lat="42.12407" lon="9.13484"/>
            <trkpt lat="42.12407" lon="9.13476"/>
            <trkpt lat="42.12407" lon="9.13469"/>
            <trkpt lat="42.1241" lon="9.1346"/>
            <trkpt lat="42.12414" lon="9.13449"/>
            <trkpt lat="42.12423" lon="9.13434"/>
            <trkpt lat="42.12444" lon="9.13399"/>
            <trkpt lat="42.12467" lon="9.13369"/>
            <trkpt lat="42.1247" lon="9.13364"/>
            <trkpt lat="42.12472" lon="9.13359"/>
            <trkpt lat="42.12474" lon="9.13354"/>
            <trkpt lat="42.12475" lon="9.13349"/>
            <trkpt lat="42.12475" lon="9.13344"/>
            <trkpt lat="42.12475" lon="9.13339"/>
            <trkpt lat="42.12473" lon="9.13334"/>
            <trkpt lat="42.1247" lon="9.1333"/>
            <trkpt lat="42.12467" lon="9.13327"/>
            <trkpt lat="42.12464" lon="9.13325"/>
            <trkpt lat="42.1246" lon="9.13325"/>
            <trkpt lat="42.12456" lon="9.13326"/>
            <trkpt lat="42.12373" lon="9.13345"/>
            <trkpt lat="42.12324" lon="9.13358"/>
            <trkpt lat="42.12264" lon="9.13382"/>
            <trkpt lat="42.12227" lon="9.13394"/>
            <trkpt lat="42.12217" lon="9.13396"/>
            <trkpt lat="42.12211" lon="9.13396"/>
            <trkpt lat="42.12197" lon="9.1339"/>
            <trkpt lat="42.12169" lon="9.13375"/>
            <trkpt lat="42.12158" lon="9.13371"/>
            <trkpt lat="42.12152" lon="9.13369"/>
            <trkpt lat="42.12131" lon="9.13364"/>
            <trkpt lat="42.12064" lon="9.13351"/>
            <trkpt lat="42.12054" lon="9.13349"/>
            <trkpt lat="42.12025" lon="9.13347"/>
            <trkpt lat="42.11987" lon="9.13351"/>
            <trkpt lat="42.11976" lon="9.1335"/>
            <trkpt lat="42.11971" lon="9.13348"/>
            <trkpt lat="42.11968" lon="9.13346"/>
            <trkpt lat="42.11964" lon="9.13341"/>
            <trkpt lat="42.11947" lon="9.13314"/>
            <trkpt lat="42.11919" lon="9.13269"/>
            <trkpt lat="42.11915" lon="9.13261"/>
            <trkpt lat="42.11913" lon="9.13255"/>
            <trkpt lat="42.11911" lon="9.13244"/>
            <trkpt lat="42.1191" lon="9.13233"/>
            <trkpt lat="42.11912" lon="9.13217"/>
            <trkpt lat="42.11916" lon="9.13203"/>
            <trkpt lat="42.1192" lon="9.13197"/>
            <trkpt lat="42.1195" lon="9.13162"/>
            <trkpt lat="42.11973" lon="9.1314"/>
            <trkpt lat="42.12038" lon="9.13093"/>
            <trkpt lat="42.12042" lon="9.13089"/>
            <trkpt lat="42.12046" lon="9.13084"/>
            <trkpt lat="42.12049" lon="9.13078"/>
            <trkpt lat="42.12051" lon="9.13072"/>
            <trkpt lat="42.12052" lon="9.13067"/>
            <trkpt lat="42.1205" lon="9.13052"/>
            <trkpt lat="42.12048" lon="9.13045"/>
            <trkpt lat="42.12046" lon="9.13041"/>
            <trkpt lat="42.12035" lon="9.13022"/>
            <trkpt lat="42.12007" lon="9.1298"/>
            <trkpt lat="42.11998" lon="9.1297"/>
            <trkpt lat="42.11976" lon="9.12951"/>
            <trkpt lat="42.11963" lon="9.12936"/>
            <trkpt lat="42.11956" lon="9.12926"/>
            <trkpt lat="42.11952" lon="9.12919"/>
            <trkpt lat="42.11941" lon="9.12883"/>
            <trkpt lat="42.11933" lon="9.12865"/>
            <trkpt lat="42.11917" lon="9.12835"/>
            <trkpt lat="42.11906" lon="9.12808"/>
            <trkpt lat="42.11901" lon="9.12795"/>
            <trkpt lat="42.11891" lon="9.12775"/>
            <trkpt lat="42.11854" lon="9.12715"/>
            <trkpt lat="42.1184" lon="9.12679"/>
            <trkpt lat="42.1183" lon="9.12659"/>
            <trkpt lat="42.11819" lon="9.12643"/>
            <trkpt lat="42.11785" lon="9.12604"/>
            <trkpt lat="42.1175" lon="9.12571"/>
            <trkpt lat="42.11709" lon="9.12541"/>
            <trkpt lat="42.11704" lon="9.12537"/>
            <trkpt lat="42.11693" lon="9.12525"/>
            <trkpt lat="42.11668" lon="9.12488"/>
            <trkpt lat="42.11633" lon="9.12443"/>
            <trkpt lat="42.11595" lon="9.12399"/>
            <trkpt lat="42.11529" lon="9.12325"/>
            <trkpt lat="42.11523" lon="9.12319"/>
            <trkpt lat="42.11518" lon="9.12312"/>
            <trkpt lat="42.11515" lon="9.12305"/>
            <trkpt lat="42.11513" lon="9.12299"/>
            <trkpt lat="42.11511" lon="9.12293"/>
            <trkpt lat="42.11502" lon="9.12256"/>
            <trkpt lat="42.11494" lon="9.12223"/>
            <trkpt lat="42.11491" lon="9.12214"/>
            <trkpt lat="42.11488" lon="9.12208"/>
            <trkpt lat="42.11472" lon="9.12187"/>
            <trkpt lat="42.11457" lon="9.1216"/>
            <trkpt lat="42.11433" lon="9.12106"/>
            <trkpt lat="42.11423" lon="9.12078"/>
            <trkpt lat="42.11419" lon="9.12063"/>
            <trkpt lat="42.11412" lon="9.12034"/>
            <trkpt lat="42.11409" lon="9.12011"/>
            <trkpt lat="42.11394" lon="9.1192"/>
            <trkpt lat="42.11384" lon="9.1188"/>
            <trkpt lat="42.1138" lon="9.11865"/>
            <trkpt lat="42.1137" lon="9.11834"/>
            <trkpt lat="42.11355" lon="9.11795"/>
            <trkpt lat="42.11266" lon="9.11583"/>
            <trkpt lat="42.11253" lon="9.11548"/>
            <trkpt lat="42.11242" lon="9.11513"/>
            <trkpt lat="42.11231" lon="9.11477"/>
            <trkpt lat="42.11217" lon="9.11414"/>
            <trkpt lat="42.11207" lon="9.11351"/>
            <trkpt lat="42.11194" lon="9.11251"/>
            <trkpt lat="42.11191" lon="9.11228"/>
            <trkpt lat="42.11186" lon="9.11194"/>
            <trkpt lat="42.11186" lon="9.1118"/>
            <trkpt lat="42.11187" lon="9.11165"/>
            <trkpt lat="42.1119" lon="9.11152"/>
            <trkpt lat="42.11193" lon="9.11144"/>
            <trkpt lat="42.112" lon="9.11132"/>
            <trkpt lat="42.11206" lon="9.11125"/>
            <trkpt lat="42.11214" lon="9.11119"/>
            <trkpt lat="42.11246" lon="9.111"/>
            <trkpt lat="42.11252" lon="9.11093"/>
            <trkpt lat="42.11257" lon="9.11088"/>
            <trkpt lat="42.11261" lon="9.1108"/>
            <trkpt lat="42.11263" lon="9.11071"/>
            <trkpt lat="42.11262" lon="9.11059"/>
            <trkpt lat="42.11258" lon="9.11049"/>
            <trkpt lat="42.11253" lon="9.11044"/>
            <trkpt lat="42.11248" lon="9.11042"/>
            <trkpt lat="42.11241" lon="9.11042"/>
            <trkpt lat="42.11235" lon="9.11045"/>
            <trkpt lat="42.11229" lon="9.11053"/>
            <trkpt lat="42.11221" lon="9.11065"/>
            <trkpt lat="42.11214" lon="9.11074"/>
            <trkpt lat="42.11205" lon="9.11082"/>
            <trkpt lat="42.11161" lon="9.1111"/>
            <trkpt lat="42.11133" lon="9.11124"/>
            <trkpt lat="42.11093" lon="9.11131"/>
            <trkpt lat="42.11073" lon="9.11135"/>
            <trkpt lat="42.11052" lon="9.11142"/>
            <trkpt lat="42.11016" lon="9.11157"/>
            <trkpt lat="42.11007" lon="9.11159"/>
            <trkpt lat="42.10952" lon="9.11158"/>
            <trkpt lat="42.10945" lon="9.11155"/>
            <trkpt lat="42.10935" lon="9.11149"/>
            <trkpt lat="42.10922" lon="9.11138"/>
            <trkpt lat="42.10918" lon="9.11136"/>
            <trkpt lat="42.10912" lon="9.11135"/>
            <trkpt lat="42.10906" lon="9.11138"/>
            <trkpt lat="42.10899" lon="9.11144"/>
            <trkpt lat="42.10892" lon="9.11153"/>
            <trkpt lat="42.10878" lon="9.11175"/>
            <trkpt lat="42.10868" lon="9.11198"/>
            <trkpt lat="42.10864" lon="9.11205"/>
            <trkpt lat="42.10852" lon="9.11215"/>
            <trkpt lat="42.10847" lon="9.11218"/>
            <trkpt lat="42.1084" lon="9.1122"/>
            <trkpt lat="42.10833" lon="9.1122"/>
            <trkpt lat="42.10827" lon="9.11217"/>
            <trkpt lat="42.1082" lon="9.11211"/>
            <trkpt lat="42.10814" lon="9.11202"/>
            <trkpt lat="42.10809" lon="9.11188"/>
            <trkpt lat="42.10797" lon="9.11142"/>
            <trkpt lat="42.10792" lon="9.11131"/>
            <trkpt lat="42.10765" lon="9.11081"/>
            <trkpt lat="42.10727" lon="9.11018"/>
            <trkpt lat="42.10717" lon="9.11004"/>
            <trkpt lat="42.10698" lon="9.1098"/>
            <trkpt lat="42.10671" lon="9.10949"/>
            <trkpt lat="42.10658" lon="9.10939"/>
            <trkpt lat="42.10647" lon="9.10937"/>
            <trkpt lat="42.10585" lon="9.10944"/>
            <trkpt lat="42.10577" lon="9.10943"/>
            <trkpt lat="42.10573" lon="9.10942"/>
            <trkpt lat="42.10568" lon="9.10939"/>
            <trkpt lat="42.10564" lon="9.10934"/>
            <trkpt lat="42.10561" lon="9.10928"/>
            <trkpt lat="42.10559" lon="9.10918"/>
            <trkpt lat="42.10561" lon="9.10899"/>
            <trkpt lat="42.10572" lon="9.1086"/>
            <trkpt lat="42.10572" lon="9.10849"/>
            <trkpt lat="42.10569" lon="9.10842"/>
            <trkpt lat="42.10564" lon="9.10835"/>
            <trkpt lat="42.10556" lon="9.10829"/>
            <trkpt lat="42.1055" lon="9.10825"/>
            <trkpt lat="42.10525" lon="9.10817"/>
            <trkpt lat="42.10519" lon="9.10814"/>
            <trkpt lat="42.10515" lon="9.1081"/>
            <trkpt lat="42.10509" lon="9.10803"/>
            <trkpt lat="42.10496" lon="9.10782"/>
            <trkpt lat="42.10461" lon="9.10746"/>
            <trkpt lat="42.10456" lon="9.10738"/>
            <trkpt lat="42.10453" lon="9.1073"/>
            <trkpt lat="42.10452" lon="9.10723"/>
            <trkpt lat="42.10452" lon="9.10716"/>
            <trkpt lat="42.10455" lon="9.10707"/>
            <trkpt lat="42.10459" lon="9.10698"/>
            <trkpt lat="42.10466" lon="9.10687"/>
            <trkpt lat="42.10469" lon="9.10676"/>
            <trkpt lat="42.10471" lon="9.10667"/>
            <trkpt lat="42.10471" lon="9.10658"/>
            <trkpt lat="42.10469" lon="9.10645"/>
            <trkpt lat="42.10465" lon="9.10621"/>
            <trkpt lat="42.10464" lon="9.10602"/>
            <trkpt lat="42.10465" lon="9.10592"/>
            <trkpt lat="42.10466" lon="9.10582"/>
            <trkpt lat="42.10476" lon="9.10558"/>
            <trkpt lat="42.10479" lon="9.10548"/>
            <trkpt lat="42.1048" lon="9.10539"/>
            <trkpt lat="42.10479" lon="9.10531"/>
            <trkpt lat="42.10474" lon="9.1052"/>
            <trkpt lat="42.1046" lon="9.10494"/>
            <trkpt lat="42.10443" lon="9.10449"/>
            <trkpt lat="42.1043" lon="9.10423"/>
            <trkpt lat="42.10427" lon="9.10413"/>
            <trkpt lat="42.10423" lon="9.10396"/>
            <trkpt lat="42.10419" lon="9.10378"/>
            <trkpt lat="42.10416" lon="9.10369"/>
            <trkpt lat="42.10412" lon="9.10363"/>
            <trkpt lat="42.10409" lon="9.10358"/>
            <trkpt lat="42.10403" lon="9.10352"/>
            <trkpt lat="42.10397" lon="9.10349"/>
            <trkpt lat="42.1039" lon="9.10347"/>
            <trkpt lat="42.10362" lon="9.10351"/>
            <trkpt lat="42.10353" lon="9.10351"/>
            <trkpt lat="42.10326" lon="9.10345"/>
            <trkpt lat="42.1028" lon="9.1033"/>
            <trkpt lat="42.10273" lon="9.10329"/>
            <trkpt lat="42.10267" lon="9.10331"/>
            <trkpt lat="42.10262" lon="9.10334"/>
            <trkpt lat="42.10231" lon="9.10381"/>
            <trkpt lat="42.10226" lon="9.10392"/>
            <trkpt lat="42.10224" lon="9.104"/>
            <trkpt lat="42.10224" lon="9.10418"/>
            <trkpt lat="42.10228" lon="9.10443"/>
            <trkpt lat="42.10227" lon="9.10452"/>
            <trkpt lat="42.10223" lon="9.10461"/>
            <trkpt lat="42.102" lon="9.10492"/>
            <trkpt lat="42.1018" lon="9.10524"/>
            <trkpt lat="42.10173" lon="9.10531"/>
            <trkpt lat="42.10165" lon="9.10536"/>
            <trkpt lat="42.10145" lon="9.10538"/>
            <trkpt lat="42.10128" lon="9.10536"/>
            <trkpt lat="42.10088" lon="9.10524"/>
            <trkpt lat="42.10052" lon="9.10515"/>
            <trkpt lat="42.10033" lon="9.10514"/>
            <trkpt lat="42.10012" lon="9.1052"/>
            <trkpt lat="42.10002" lon="9.10522"/>
            <trkpt lat="42.09992" lon="9.10521"/>
            <trkpt lat="42.09985" lon="9.10518"/>
            <trkpt lat="42.09979" lon="9.10513"/>
            <trkpt lat="42.09972" lon="9.10505"/>
            <trkpt lat="42.09964" lon="9.10491"/>
            <trkpt lat="42.09961" lon="9.10485"/>
            <trkpt lat="42.0994" lon="9.10439"/>
            <trkpt lat="42.09933" lon="9.10426"/>
            <trkpt lat="42.09923" lon="9.10416"/>
            <trkpt lat="42.09916" lon="9.10411"/>
            <trkpt lat="42.09909" lon="9.10408"/>
            <trkpt lat="42.09903" lon="9.10409"/>
            <trkpt lat="42.09896" lon="9.10412"/>
            <trkpt lat="42.0989" lon="9.10416"/>
            <trkpt lat="42.09862" lon="9.10443"/>
            <trkpt lat="42.09853" lon="9.10449"/>
            <trkpt lat="42.09846" lon="9.10454"/>
            <trkpt lat="42.09841" lon="9.10457"/>
            <trkpt lat="42.09835" lon="9.10459"/>
            <trkpt lat="42.09828" lon="9.1046"/>
            <trkpt lat="42.09819" lon="9.1046"/>
            <trkpt lat="42.09811" lon="9.10458"/>
            <trkpt lat="42.09799" lon="9.1045"/>
            <trkpt lat="42.09795" lon="9.10443"/>
            <trkpt lat="42.0979" lon="9.10433"/>
            <trkpt lat="42.09764" lon="9.1029"/>
            <trkpt lat="42.09761" lon="9.10269"/>
            <trkpt lat="42.09759" lon="9.10219"/>
            <trkpt lat="42.09755" lon="9.10186"/>
            <trkpt lat="42.09746" lon="9.10135"/>
            <trkpt lat="42.09745" lon="9.10124"/>
            <trkpt lat="42.09746" lon="9.10114"/>
            <trkpt lat="42.09755" lon="9.10072"/>
            <trkpt lat="42.09756" lon="9.10059"/>
            <trkpt lat="42.09754" lon="9.10044"/>
            <trkpt lat="42.09751" lon="9.10038"/>
            <trkpt lat="42.09749" lon="9.10033"/>
            <trkpt lat="42.09739" lon="9.10024"/>
            <trkpt lat="42.09733" lon="9.10022"/>
            <trkpt lat="42.09725" lon="9.10021"/>
            <trkpt lat="42.09696" lon="9.10027"/>
            <trkpt lat="42.09663" lon="9.10023"/>
            <trkpt lat="42.09651" lon="9.10023"/>
            <trkpt lat="42.09638" lon="9.10024"/>
            <trkpt lat="42.0963" lon="9.10026"/>
            <trkpt lat="42.09622" lon="9.10032"/>
            <trkpt lat="42.09614" lon="9.10041"/>
            <trkpt lat="42.09571" lon="9.10101"/>
            <trkpt lat="42.09556" lon="9.10118"/>
            <trkpt lat="42.09542" lon="9.10129"/>
            <trkpt lat="42.09526" lon="9.10139"/>
            <trkpt lat="42.095" lon="9.1015"/>
            <trkpt lat="42.09464" lon="9.1016"/>
            <trkpt lat="42.09442" lon="9.10164"/>
            <trkpt lat="42.09433" lon="9.10163"/>
            <trkpt lat="42.09424" lon="9.1016"/>
            <trkpt lat="42.09418" lon="9.10157"/>
            <trkpt lat="42.09412" lon="9.10153"/>
            <trkpt lat="42.09404" lon="9.10147"/>
            <trkpt lat="42.09399" lon="9.1014"/>
            <trkpt lat="42.09393" lon="9.10128"/>
            <trkpt lat="42.09389" lon="9.10116"/>
            <trkpt lat="42.09387" lon="9.10098"/>
            <trkpt lat="42.09387" lon="9.10089"/>
            <trkpt lat="42.09389" lon="9.10076"/>
            <trkpt lat="42.09393" lon="9.10063"/>
            <trkpt lat="42.09404" lon="9.10045"/>
            <trkpt lat="42.09414" lon="9.10023"/>
            <trkpt lat="42.09424" lon="9.1"/>
            <trkpt lat="42.09438" lon="9.09967"/>
            <trkpt lat="42.09459" lon="9.09923"/>
            <trkpt lat="42.09486" lon="9.09865"/>
            <trkpt lat="42.095" lon="9.0983"/>
            <trkpt lat="42.09502" lon="9.0982"/>
            <trkpt lat="42.09508" lon="9.09794"/>
            <trkpt lat="42.09513" lon="9.09765"/>
            <trkpt lat="42.09512" lon="9.0976"/>
            <trkpt lat="42.09518" lon="9.09718"/>
            <trkpt lat="42.09521" lon="9.09673"/>
            <trkpt lat="42.09521" lon="9.09668"/>
            <trkpt lat="42.0952" lon="9.09633"/>
            <trkpt lat="42.09523" lon="9.09458"/>
            <trkpt lat="42.09526" lon="9.09452"/>
            <trkpt lat="42.09527" lon="9.09419"/>
            <trkpt lat="42.09527" lon="9.09409"/>
            <trkpt lat="42.09533" lon="9.09252"/>
            <trkpt lat="42.09533" lon="9.09235"/>
            <trkpt lat="42.09533" lon="9.09214"/>
            <trkpt lat="42.09526" lon="9.09133"/>
            <trkpt lat="42.09521" lon="9.09117"/>
            <trkpt lat="42.09525" lon="9.09056"/>
            <trkpt lat="42.09526" lon="9.09031"/>
            <trkpt lat="42.09549" lon="9.08764"/>
            <trkpt lat="42.09552" lon="9.08724"/>
            <trkpt lat="42.09553" lon="9.08691"/>
            <trkpt lat="42.09552" lon="9.08673"/>
            <trkpt lat="42.09548" lon="9.08653"/>
            <trkpt lat="42.09542" lon="9.08624"/>
            <trkpt lat="42.0954" lon="9.08605"/>
            <trkpt lat="42.09533" lon="9.08587"/>
            <trkpt lat="42.09522" lon="9.08567"/>
            <trkpt lat="42.09497" lon="9.08537"/>
            <trkpt lat="42.09449" lon="9.08484"/>
            <trkpt lat="42.0942" lon="9.08449"/>
            <trkpt lat="42.09407" lon="9.08431"/>
            <trkpt lat="42.09399" lon="9.08415"/>
            <trkpt lat="42.09392" lon="9.08398"/>
            <trkpt lat="42.09386" lon="9.08381"/>
            <trkpt lat="42.09381" lon="9.08357"/>
            <trkpt lat="42.09378" lon="9.08336"/>
            <trkpt lat="42.09377" lon="9.08312"/>
            <trkpt lat="42.09376" lon="9.08293"/>
            <trkpt lat="42.09379" lon="9.08269"/>
            <trkpt lat="42.09385" lon="9.08239"/>
            <trkpt lat="42.09398" lon="9.08181"/>
            <trkpt lat="42.09412" lon="9.0812"/>
            <trkpt lat="42.09415" lon="9.08095"/>
            <trkpt lat="42.09417" lon="9.08062"/>
            <trkpt lat="42.09416" lon="9.08043"/>
            <trkpt lat="42.09411" lon="9.08005"/>
            <trkpt lat="42.09405" lon="9.07985"/>
            <trkpt lat="42.09398" lon="9.07964"/>
            <trkpt lat="42.09392" lon="9.07946"/>
            <trkpt lat="42.09358" lon="9.07872"/>
            <trkpt lat="42.09267" lon="9.07665"/>
            <trkpt lat="42.0925" lon="9.07627"/>
            <trkpt lat="42.09239" lon="9.07609"/>
            <trkpt lat="42.09222" lon="9.07585"/>
            <trkpt lat="42.09211" lon="9.07574"/>
            <trkpt lat="42.09185" lon="9.07555"/>
            <trkpt lat="42.09156" lon="9.07536"/>
            <trkpt lat="42.09128" lon="9.07519"/>
            <trkpt lat="42.09114" lon="9.07512"/>
            <trkpt lat="42.091" lon="9.075"/>
            <trkpt lat="42.09086" lon="9.07484"/>
            <trkpt lat="42.09077" lon="9.07471"/>
            <trkpt lat="42.09073" lon="9.07464"/>
            <trkpt lat="42.09063" lon="9.07443"/>
            <trkpt lat="42.0903" lon="9.07347"/>
            <trkpt lat="42.09022" lon="9.07322"/>
            <trkpt lat="42.0901" lon="9.07283"/>
            <trkpt lat="42.09002" lon="9.07257"/>
            <trkpt lat="42.0899" lon="9.07218"/>
            <trkpt lat="42.08976" lon="9.07175"/>
            <trkpt lat="42.08956" lon="9.07116"/>
            <trkpt lat="42.08945" lon="9.07082"/>
            <trkpt lat="42.08902" lon="9.06953"/>
            <trkpt lat="42.08865" lon="9.06864"/>
            <trkpt lat="42.08827" lon="9.06793"/>
            <trkpt lat="42.08804" lon="9.06755"/>
            <trkpt lat="42.08778" lon="9.06713"/>
            <trkpt lat="42.08756" lon="9.06682"/>
            <trkpt lat="42.08741" lon="9.06664"/>
            <trkpt lat="42.0873" lon="9.0665"/>
            <trkpt lat="42.08723" lon="9.06642"/>
            <trkpt lat="42.08686" lon="9.06599"/>
            <trkpt lat="42.08639" lon="9.06553"/>
            <trkpt lat="42.08613" lon="9.06525"/>
            <trkpt lat="42.08596" lon="9.06506"/>
            <trkpt lat="42.08579" lon="9.06484"/>
            <trkpt lat="42.08552" lon="9.06441"/>
            <trkpt lat="42.08538" lon="9.06414"/>
            <trkpt lat="42.08524" lon="9.06383"/>
            <trkpt lat="42.08513" lon="9.0635"/>
            <trkpt lat="42.08489" lon="9.06274"/>
            <trkpt lat="42.08476" lon="9.0623"/>
            <trkpt lat="42.08473" lon="9.06219"/>
            <trkpt lat="42.0847" lon="9.06212"/>
            <trkpt lat="42.08463" lon="9.06189"/>
            <trkpt lat="42.08447" lon="9.06139"/>
            <trkpt lat="42.08425" lon="9.06066"/>
            <trkpt lat="42.08408" lon="9.0601"/>
            <trkpt lat="42.08371" lon="9.05892"/>
            <trkpt lat="42.08356" lon="9.05834"/>
            <trkpt lat="42.08344" lon="9.05776"/>
            <trkpt lat="42.08313" lon="9.05599"/>
            <trkpt lat="42.08287" lon="9.05451"/>
            <trkpt lat="42.0828" lon="9.05409"/>
            <trkpt lat="42.0827" lon="9.0535"/>
            <trkpt lat="42.08266" lon="9.05321"/>
            <trkpt lat="42.08257" lon="9.05273"/>
            <trkpt lat="42.08252" lon="9.05252"/>
            <trkpt lat="42.08251" lon="9.0524"/>
            <trkpt lat="42.08248" lon="9.05219"/>
            <trkpt lat="42.08248" lon="9.0521"/>
            <trkpt lat="42.08252" lon="9.05209"/>
            <trkpt lat="42.08256" lon="9.05206"/>
            <trkpt lat="42.08259" lon="9.05202"/>
            <trkpt lat="42.0826" lon="9.05196"/>
            <trkpt lat="42.08261" lon="9.05189"/>
            <trkpt lat="42.08278" lon="9.05186"/>
            <trkpt lat="42.08282" lon="9.05186"/>
            <trkpt lat="42.08283" lon="9.05186"/>
            <trkpt lat="42.08289" lon="9.05188"/>
            <trkpt lat="42.08299" lon="9.05195"/>
            <trkpt lat="42.08363" lon="9.05241"/>
            <trkpt lat="42.08416" lon="9.0527"/>
            <trkpt lat="42.08426" lon="9.05273"/>
            <trkpt lat="42.08427" lon="9.05274"/>
            <trkpt lat="42.08465" lon="9.05292"/>
            <trkpt lat="42.08499" lon="9.05306"/>
            <trkpt lat="42.08574" lon="9.0534"/>
            <trkpt lat="42.08598" lon="9.0535"/>
            <trkpt lat="42.08618" lon="9.0535"/>
            <trkpt lat="42.08641" lon="9.05347"/>
            <trkpt lat="42.08665" lon="9.05334"/>
            <trkpt lat="42.08688" lon="9.05313"/>
            <trkpt lat="42.08709" lon="9.05286"/>
            <trkpt lat="42.08713" lon="9.05273"/>
            <trkpt lat="42.08721" lon="9.0525"/>
            <trkpt lat="42.08726" lon="9.05227"/>
            <trkpt lat="42.08726" lon="9.05207"/>
            <trkpt lat="42.08715" lon="9.05106"/>
            <trkpt lat="42.0871" lon="9.05075"/>
            <trkpt lat="42.08705" lon="9.05051"/>
            <trkpt lat="42.08695" lon="9.05017"/>
            <trkpt lat="42.08689" lon="9.04986"/>
            <trkpt lat="42.08678" lon="9.04942"/>
            <trkpt lat="42.08653" lon="9.04849"/>
            <trkpt lat="42.0865" lon="9.04834"/>
            <trkpt lat="42.08649" lon="9.04806"/>
            <trkpt lat="42.0865" lon="9.04734"/>
            <trkpt lat="42.08636" lon="9.04678"/>
            <trkpt lat="42.08635" lon="9.04649"/>
            <trkpt lat="42.08638" lon="9.04636"/>
            <trkpt lat="42.08644" lon="9.04618"/>
            <trkpt lat="42.08656" lon="9.04587"/>
            <trkpt lat="42.0866" lon="9.04565"/>
            <trkpt lat="42.0866" lon="9.04551"/>
            <trkpt lat="42.08658" lon="9.04541"/>
            <trkpt lat="42.08654" lon="9.0453"/>
            <trkpt lat="42.08623" lon="9.04461"/>
            <trkpt lat="42.08606" lon="9.04408"/>
            <trkpt lat="42.08601" lon="9.0439"/>
            <trkpt lat="42.08599" lon="9.04377"/>
            <trkpt lat="42.08598" lon="9.0436"/>
            <trkpt lat="42.08598" lon="9.04346"/>
            <trkpt lat="42.08602" lon="9.04332"/>
            <trkpt lat="42.08622" lon="9.04269"/>
            <trkpt lat="42.08627" lon="9.04243"/>
            <trkpt lat="42.08629" lon="9.04219"/>
            <trkpt lat="42.08629" lon="9.04165"/>
            <trkpt lat="42.08626" lon="9.04086"/>
            <trkpt lat="42.08624" lon="9.04062"/>
            <trkpt lat="42.08621" lon="9.04036"/>
            <trkpt lat="42.08617" lon="9.04015"/>
            <trkpt lat="42.08614" lon="9.04"/>
            <trkpt lat="42.08609" lon="9.03988"/>
            <trkpt lat="42.08597" lon="9.03968"/>
            <trkpt lat="42.08591" lon="9.03961"/>
            <trkpt lat="42.08507" lon="9.03902"/>
            <trkpt lat="42.08482" lon="9.03887"/>
            <trkpt lat="42.0847" lon="9.03884"/>
            <trkpt lat="42.08459" lon="9.03883"/>
            <trkpt lat="42.08448" lon="9.03884"/>
            <trkpt lat="42.08432" lon="9.03891"/>
            <trkpt lat="42.08426" lon="9.03897"/>
            <trkpt lat="42.08418" lon="9.03906"/>
            <trkpt lat="42.08404" lon="9.03928"/>
            <trkpt lat="42.08397" lon="9.03938"/>
            <trkpt lat="42.08381" lon="9.03954"/>
            <trkpt lat="42.08356" lon="9.03973"/>
            <trkpt lat="42.08341" lon="9.03986"/>
            <trkpt lat="42.08332" lon="9.03998"/>
            <trkpt lat="42.08323" lon="9.04012"/>
            <trkpt lat="42.08315" lon="9.04023"/>
            <trkpt lat="42.08302" lon="9.04035"/>
            <trkpt lat="42.08293" lon="9.04039"/>
            <trkpt lat="42.0829" lon="9.04039"/>
            <trkpt lat="42.08277" lon="9.04038"/>
            <trkpt lat="42.08265" lon="9.0403"/>
            <trkpt lat="42.08257" lon="9.04021"/>
            <trkpt lat="42.08255" lon="9.04016"/>
            <trkpt lat="42.08252" lon="9.0401"/>
            <trkpt lat="42.08249" lon="9.03997"/>
            <trkpt lat="42.08248" lon="9.03985"/>
            <trkpt lat="42.08249" lon="9.03973"/>
            <trkpt lat="42.08253" lon="9.03959"/>
            <trkpt lat="42.08259" lon="9.03947"/>
            <trkpt lat="42.08305" lon="9.03883"/>
            <trkpt lat="42.08314" lon="9.03867"/>
            <trkpt lat="42.08327" lon="9.03825"/>
            <trkpt lat="42.08344" lon="9.03762"/>
            <trkpt lat="42.08346" lon="9.03746"/>
            <trkpt lat="42.08348" lon="9.03731"/>
            <trkpt lat="42.08347" lon="9.03715"/>
            <trkpt lat="42.08346" lon="9.03701"/>
            <trkpt lat="42.08343" lon="9.03685"/>
            <trkpt lat="42.08334" lon="9.03658"/>
            <trkpt lat="42.0832" lon="9.03632"/>
            <trkpt lat="42.08303" lon="9.03606"/>
            <trkpt lat="42.08293" lon="9.03585"/>
            <trkpt lat="42.08289" lon="9.03574"/>
            <trkpt lat="42.08286" lon="9.03543"/>
            <trkpt lat="42.08284" lon="9.03498"/>
            <trkpt lat="42.08283" lon="9.03483"/>
            <trkpt lat="42.08275" lon="9.03459"/>
            <trkpt lat="42.08267" lon="9.03445"/>
            <trkpt lat="42.0823" lon="9.03403"/>
            <trkpt lat="42.08218" lon="9.03388"/>
            <trkpt lat="42.08211" lon="9.03377"/>
            <trkpt lat="42.08201" lon="9.03359"/>
            <trkpt lat="42.08193" lon="9.0334"/>
            <trkpt lat="42.08172" lon="9.03276"/>
            <trkpt lat="42.0816" lon="9.0325"/>
            <trkpt lat="42.08143" lon="9.03228"/>
            <trkpt lat="42.0812" lon="9.03207"/>
            <trkpt lat="42.08029" lon="9.03143"/>
            <trkpt lat="42.07989" lon="9.03118"/>
            <trkpt lat="42.0795" lon="9.03097"/>
            <trkpt lat="42.07905" lon="9.03076"/>
            <trkpt lat="42.07859" lon="9.03055"/>
            <trkpt lat="42.0781" lon="9.03036"/>
            <trkpt lat="42.07804" lon="9.03034"/>
            <trkpt lat="42.07794" lon="9.03028"/>
            <trkpt lat="42.07787" lon="9.03022"/>
            <trkpt lat="42.0778" lon="9.03014"/>
            <trkpt lat="42.07778" lon="9.03011"/>
            <trkpt lat="42.07775" lon="9.03006"/>
            <trkpt lat="42.07771" lon="9.02998"/>
            <trkpt lat="42.07768" lon="9.02987"/>
            <trkpt lat="42.07766" lon="9.02973"/>
            <trkpt lat="42.07766" lon="9.02957"/>
            <trkpt lat="42.07768" lon="9.02942"/>
            <trkpt lat="42.07773" lon="9.02928"/>
            <trkpt lat="42.07782" lon="9.02913"/>
            <trkpt lat="42.07824" lon="9.02855"/>
            <trkpt lat="42.07836" lon="9.02836"/>
            <trkpt lat="42.07844" lon="9.0282"/>
            <trkpt lat="42.07847" lon="9.02814"/>
            <trkpt lat="42.07858" lon="9.02783"/>
            <trkpt lat="42.07877" lon="9.02722"/>
            <trkpt lat="42.07885" lon="9.02693"/>
            <trkpt lat="42.07892" lon="9.02656"/>
            <trkpt lat="42.07897" lon="9.0263"/>
            <trkpt lat="42.07898" lon="9.02611"/>
            <trkpt lat="42.07899" lon="9.02587"/>
            <trkpt lat="42.07898" lon="9.02561"/>
            <trkpt lat="42.07893" lon="9.02518"/>
            <trkpt lat="42.07865" lon="9.02384"/>
            <trkpt lat="42.07859" lon="9.02346"/>
            <trkpt lat="42.07848" lon="9.02243"/>
            <trkpt lat="42.07839" lon="9.02185"/>
            <trkpt lat="42.07833" lon="9.02155"/>
            <trkpt lat="42.07829" lon="9.02129"/>
            <trkpt lat="42.07819" lon="9.02013"/>
            <trkpt lat="42.07816" lon="9.01968"/>
            <trkpt lat="42.07811" lon="9.01931"/>
            <trkpt lat="42.078" lon="9.0186"/>
            <trkpt lat="42.07779" lon="9.01769"/>
            <trkpt lat="42.07774" lon="9.01745"/>
            <trkpt lat="42.07766" lon="9.01697"/>
            <trkpt lat="42.07764" lon="9.01655"/>
            <trkpt lat="42.07766" lon="9.01637"/>
            <trkpt lat="42.07768" lon="9.01622"/>
            <trkpt lat="42.0777" lon="9.01615"/>
            <trkpt lat="42.07778" lon="9.01599"/>
            <trkpt lat="42.07806" lon="9.01552"/>
            <trkpt lat="42.07812" lon="9.01538"/>
            <trkpt lat="42.07817" lon="9.0152"/>
            <trkpt lat="42.07819" lon="9.01505"/>
            <trkpt lat="42.0782" lon="9.01487"/>
            <trkpt lat="42.07818" lon="9.01467"/>
            <trkpt lat="42.07809" lon="9.01428"/>
            <trkpt lat="42.07802" lon="9.01403"/>
            <trkpt lat="42.07786" lon="9.01355"/>
            <trkpt lat="42.07778" lon="9.01337"/>
            <trkpt lat="42.07764" lon="9.01315"/>
            <trkpt lat="42.07761" lon="9.01312"/>
            <trkpt lat="42.07679" lon="9.01202"/>
            <trkpt lat="42.07671" lon="9.01187"/>
            <trkpt lat="42.07663" lon="9.01168"/>
            <trkpt lat="42.07659" lon="9.01151"/>
            <trkpt lat="42.07656" lon="9.01127"/>
            <trkpt lat="42.07648" lon="9.01028"/>
            <trkpt lat="42.07645" lon="9.01014"/>
            <trkpt lat="42.07621" lon="9.0092"/>
            <trkpt lat="42.07617" lon="9.00905"/>
            <trkpt lat="42.07611" lon="9.00879"/>
            <trkpt lat="42.07607" lon="9.00865"/>
            <trkpt lat="42.076" lon="9.00839"/>
            <trkpt lat="42.07591" lon="9.00819"/>
            <trkpt lat="42.07582" lon="9.00801"/>
            <trkpt lat="42.07578" lon="9.00795"/>
            <trkpt lat="42.07567" lon="9.00781"/>
            <trkpt lat="42.07552" lon="9.00764"/>
            <trkpt lat="42.07543" lon="9.00755"/>
            <trkpt lat="42.07541" lon="9.00753"/>
            <trkpt lat="42.07512" lon="9.00735"/>
            <trkpt lat="42.07465" lon="9.00708"/>
            <trkpt lat="42.0745" lon="9.00697"/>
            <trkpt lat="42.07438" lon="9.00686"/>
            <trkpt lat="42.07428" lon="9.00672"/>
            <trkpt lat="42.0742" lon="9.00652"/>
            <trkpt lat="42.07416" lon="9.0064"/>
            <trkpt lat="42.07413" lon="9.00614"/>
            <trkpt lat="42.07414" lon="9.00599"/>
            <trkpt lat="42.07415" lon="9.00583"/>
            <trkpt lat="42.07423" lon="9.0056"/>
            <trkpt lat="42.07432" lon="9.00542"/>
            <trkpt lat="42.07506" lon="9.00431"/>
            <trkpt lat="42.07518" lon="9.00408"/>
            <trkpt lat="42.07521" lon="9.00399"/>
            <trkpt lat="42.07523" lon="9.00394"/>
            <trkpt lat="42.07526" lon="9.00388"/>
            <trkpt lat="42.07528" lon="9.0038"/>
            <trkpt lat="42.07529" lon="9.00373"/>
            <trkpt lat="42.0753" lon="9.00358"/>
            <trkpt lat="42.07529" lon="9.00341"/>
            <trkpt lat="42.07523" lon="9.00314"/>
            <trkpt lat="42.07516" lon="9.00295"/>
            <trkpt lat="42.07511" lon="9.00282"/>
            <trkpt lat="42.07506" lon="9.0027"/>
            <trkpt lat="42.07492" lon="9.00239"/>
            <trkpt lat="42.07487" lon="9.00234"/>
            <trkpt lat="42.07484" lon="9.00221"/>
            <trkpt lat="42.07483" lon="9.00207"/>
            <trkpt lat="42.07483" lon="9.00194"/>
            <trkpt lat="42.07486" lon="9.00175"/>
            <trkpt lat="42.07489" lon="9.00157"/>
            <trkpt lat="42.07513" lon="9.0008"/>
            <trkpt lat="42.07526" lon="9.0004"/>
            <trkpt lat="42.07532" lon="9.00016"/>
            <trkpt lat="42.07541" lon="8.99969"/>
            <trkpt lat="42.07545" lon="8.99929"/>
            <trkpt lat="42.07552" lon="8.99865"/>
            <trkpt lat="42.07557" lon="8.99827"/>
            <trkpt lat="42.07565" lon="8.9977"/>
            <trkpt lat="42.07573" lon="8.99689"/>
            <trkpt lat="42.07574" lon="8.99662"/>
            <trkpt lat="42.07574" lon="8.99639"/>
            <trkpt lat="42.07572" lon="8.9962"/>
            <trkpt lat="42.07571" lon="8.99615"/>
            <trkpt lat="42.07568" lon="8.99604"/>
            <trkpt lat="42.07563" lon="8.9959"/>
            <trkpt lat="42.07554" lon="8.99573"/>
            <trkpt lat="42.07538" lon="8.99556"/>
            <trkpt lat="42.07506" lon="8.99531"/>
            <trkpt lat="42.07453" lon="8.99484"/>
            <trkpt lat="42.07443" lon="8.99473"/>
            <trkpt lat="42.07439" lon="8.99468"/>
            <trkpt lat="42.07318" lon="8.99294"/>
            <trkpt lat="42.07301" lon="8.99264"/>
            <trkpt lat="42.07293" lon="8.99244"/>
            <trkpt lat="42.07288" lon="8.99227"/>
            <trkpt lat="42.07285" lon="8.99208"/>
            <trkpt lat="42.07285" lon="8.9919"/>
            <trkpt lat="42.07289" lon="8.99152"/>
            <trkpt lat="42.07293" lon="8.99135"/>
            <trkpt lat="42.07299" lon="8.99119"/>
            <trkpt lat="42.07304" lon="8.99091"/>
            <trkpt lat="42.07306" lon="8.99074"/>
            <trkpt lat="42.07306" lon="8.99059"/>
            <trkpt lat="42.07304" lon="8.99045"/>
            <trkpt lat="42.07295" lon="8.99005"/>
            <trkpt lat="42.07284" lon="8.98978"/>
            <trkpt lat="42.07274" lon="8.98964"/>
            <trkpt lat="42.07212" lon="8.98891"/>
            <trkpt lat="42.07205" lon="8.98881"/>
            <trkpt lat="42.07195" lon="8.98857"/>
            <trkpt lat="42.0719" lon="8.98844"/>
            <trkpt lat="42.07185" lon="8.98818"/>
            <trkpt lat="42.07177" lon="8.98753"/>
            <trkpt lat="42.07169" lon="8.98718"/>
            <trkpt lat="42.07157" lon="8.98682"/>
            <trkpt lat="42.07152" lon="8.98665"/>
            <trkpt lat="42.07136" lon="8.986"/>
            <trkpt lat="42.0713" lon="8.98583"/>
            <trkpt lat="42.07122" lon="8.98568"/>
            <trkpt lat="42.0709" lon="8.98514"/>
            <trkpt lat="42.07076" lon="8.98493"/>
            <trkpt lat="42.0705" lon="8.98458"/>
            <trkpt lat="42.0704" lon="8.98445"/>
            <trkpt lat="42.07002" lon="8.98397"/>
            <trkpt lat="42.06985" lon="8.98366"/>
            <trkpt lat="42.06971" lon="8.98336"/>
            <trkpt lat="42.06956" lon="8.98294"/>
            <trkpt lat="42.06951" lon="8.98279"/>
            <trkpt lat="42.06946" lon="8.98268"/>
            <trkpt lat="42.06939" lon="8.98258"/>
            <trkpt lat="42.06929" lon="8.98246"/>
            <trkpt lat="42.06898" lon="8.98224"/>
            <trkpt lat="42.06859" lon="8.982"/>
            <trkpt lat="42.06844" lon="8.98195"/>
            <trkpt lat="42.06822" lon="8.98191"/>
            <trkpt lat="42.06809" lon="8.98189"/>
            <trkpt lat="42.06795" lon="8.98183"/>
            <trkpt lat="42.06781" lon="8.98177"/>
            <trkpt lat="42.06768" lon="8.98167"/>
            <trkpt lat="42.06759" lon="8.98157"/>
            <trkpt lat="42.06753" lon="8.98149"/>
            <trkpt lat="42.06745" lon="8.98136"/>
            <trkpt lat="42.06728" lon="8.98102"/>
            <trkpt lat="42.06721" lon="8.9808"/>
            <trkpt lat="42.06713" lon="8.98022"/>
            <trkpt lat="42.0669" lon="8.97895"/>
            <trkpt lat="42.06681" lon="8.97871"/>
            <trkpt lat="42.06656" lon="8.9783"/>
            <trkpt lat="42.06622" lon="8.97786"/>
            <trkpt lat="42.06567" lon="8.97722"/>
            <trkpt lat="42.0656" lon="8.97712"/>
            <trkpt lat="42.06554" lon="8.97702"/>
            <trkpt lat="42.06547" lon="8.97686"/>
            <trkpt lat="42.06541" lon="8.97667"/>
            <trkpt lat="42.06537" lon="8.97648"/>
            <trkpt lat="42.06529" lon="8.97617"/>
            <trkpt lat="42.06517" lon="8.9756"/>
            <trkpt lat="42.06502" lon="8.97504"/>
            <trkpt lat="42.06489" lon="8.97478"/>
            <trkpt lat="42.06478" lon="8.9746"/>
            <trkpt lat="42.06464" lon="8.97442"/>
            <trkpt lat="42.06453" lon="8.9743"/>
            <trkpt lat="42.06443" lon="8.97422"/>
            <trkpt lat="42.06432" lon="8.97416"/>
            <trkpt lat="42.06424" lon="8.97414"/>
            <trkpt lat="42.06416" lon="8.97413"/>
            <trkpt lat="42.06402" lon="8.97413"/>
            <trkpt lat="42.06384" lon="8.97418"/>
            <trkpt lat="42.06351" lon="8.97422"/>
            <trkpt lat="42.06339" lon="8.97421"/>
            <trkpt lat="42.06325" lon="8.97416"/>
            <trkpt lat="42.06296" lon="8.97398"/>
            <trkpt lat="42.06272" lon="8.97376"/>
            <trkpt lat="42.06254" lon="8.97352"/>
            <trkpt lat="42.06246" lon="8.97331"/>
            <trkpt lat="42.06239" lon="8.97302"/>
            <trkpt lat="42.06228" lon="8.97273"/>
            <trkpt lat="42.06185" lon="8.97183"/>
            <trkpt lat="42.06173" lon="8.97159"/>
            <trkpt lat="42.06162" lon="8.9713"/>
            <trkpt lat="42.06155" lon="8.97096"/>
            <trkpt lat="42.0615" lon="8.9708"/>
            <trkpt lat="42.06145" lon="8.97068"/>
            <trkpt lat="42.06092" lon="8.96966"/>
            <trkpt lat="42.06067" lon="8.96922"/>
            <trkpt lat="42.06056" lon="8.96905"/>
            <trkpt lat="42.0601" lon="8.96843"/>
            <trkpt lat="42.05994" lon="8.96817"/>
            <trkpt lat="42.05983" lon="8.9679"/>
            <trkpt lat="42.05981" lon="8.9678"/>
            <trkpt lat="42.05975" lon="8.96735"/>
            <trkpt lat="42.05968" lon="8.96654"/>
            <trkpt lat="42.05961" lon="8.96612"/>
            <trkpt lat="42.05948" lon="8.96577"/>
            <trkpt lat="42.05918" lon="8.96506"/>
            <trkpt lat="42.05909" lon="8.96484"/>
            <trkpt lat="42.05902" lon="8.9647"/>
            <trkpt lat="42.05896" lon="8.96451"/>
            <trkpt lat="42.05891" lon="8.96434"/>
            <trkpt lat="42.05885" lon="8.96401"/>
            <trkpt lat="42.05882" lon="8.96381"/>
            <trkpt lat="42.05881" lon="8.96336"/>
            <trkpt lat="42.05882" lon="8.96319"/>
            <trkpt lat="42.0589" lon="8.9627"/>
            <trkpt lat="42.059" lon="8.96231"/>
            <trkpt lat="42.05943" lon="8.96077"/>
            <trkpt lat="42.05955" lon="8.96022"/>
            <trkpt lat="42.05959" lon="8.95996"/>
            <trkpt lat="42.05961" lon="8.95939"/>
            <trkpt lat="42.0596" lon="8.95895"/>
            <trkpt lat="42.05961" lon="8.95883"/>
            <trkpt lat="42.05959" lon="8.95823"/>
            <trkpt lat="42.05958" lon="8.95813"/>
            <trkpt lat="42.05952" lon="8.95774"/>
            <trkpt lat="42.05947" lon="8.95753"/>
            <trkpt lat="42.05941" lon="8.95733"/>
            <trkpt lat="42.05936" lon="8.9572"/>
            <trkpt lat="42.05876" lon="8.9558"/>
            <trkpt lat="42.0587" lon="8.95563"/>
            <trkpt lat="42.05859" lon="8.95528"/>
            <trkpt lat="42.05838" lon="8.95444"/>
            <trkpt lat="42.05829" lon="8.9542"/>
            <trkpt lat="42.05813" lon="8.9538"/>
            <trkpt lat="42.05808" lon="8.95363"/>
            <trkpt lat="42.05792" lon="8.95294"/>
            <trkpt lat="42.05723" lon="8.95095"/>
            <trkpt lat="42.05712" lon="8.95067"/>
            <trkpt lat="42.05698" lon="8.95037"/>
            <trkpt lat="42.05689" lon="8.95022"/>
            <trkpt lat="42.05566" lon="8.94839"/>
            <trkpt lat="42.05555" lon="8.94823"/>
            <trkpt lat="42.05531" lon="8.94788"/>
            <trkpt lat="42.05455" lon="8.94674"/>
            <trkpt lat="42.05418" lon="8.94619"/>
            <trkpt lat="42.05411" lon="8.9461"/>
            <trkpt lat="42.05401" lon="8.946"/>
            <trkpt lat="42.05391" lon="8.94593"/>
            <trkpt lat="42.05375" lon="8.94585"/>
            <trkpt lat="42.05348" lon="8.94577"/>
            <trkpt lat="42.05333" lon="8.9457"/>
            <trkpt lat="42.05316" lon="8.94556"/>
            <trkpt lat="42.05303" lon="8.94538"/>
            <trkpt lat="42.05297" lon="8.94527"/>
            <trkpt lat="42.05286" lon="8.94495"/>
            <trkpt lat="42.05224" lon="8.94287"/>
            <trkpt lat="42.05224" lon="8.94284"/>
            <trkpt lat="42.05053" lon="8.93757"/>
            <trkpt lat="42.05033" lon="8.9369"/>
            <trkpt lat="42.04982" lon="8.93509"/>
            <trkpt lat="42.04971" lon="8.9347"/>
            <trkpt lat="42.04945" lon="8.93376"/>
            <trkpt lat="42.04934" lon="8.93341"/>
            <trkpt lat="42.04914" lon="8.93268"/>
            <trkpt lat="42.049" lon="8.93228"/>
            <trkpt lat="42.04892" lon="8.93206"/>
            <trkpt lat="42.04864" lon="8.93132"/>
            <trkpt lat="42.04838" lon="8.93073"/>
            <trkpt lat="42.04829" lon="8.93054"/>
            <trkpt lat="42.04804" lon="8.93004"/>
            <trkpt lat="42.04722" lon="8.92857"/>
            <trkpt lat="42.04697" lon="8.92799"/>
            <trkpt lat="42.04686" lon="8.92767"/>
            <trkpt lat="42.04658" lon="8.92661"/>
            <trkpt lat="42.04642" lon="8.9261"/>
            <trkpt lat="42.04625" lon="8.92569"/>
            <trkpt lat="42.04622" lon="8.92563"/>
            <trkpt lat="42.046" lon="8.92518"/>
            <trkpt lat="42.04584" lon="8.92491"/>
            <trkpt lat="42.04553" lon="8.92444"/>
            <trkpt lat="42.04492" lon="8.92349"/>
            <trkpt lat="42.04428" lon="8.92249"/>
            <trkpt lat="42.04383" lon="8.92183"/>
            <trkpt lat="42.04353" lon="8.92137"/>
            <trkpt lat="42.04319" lon="8.9209"/>
            <trkpt lat="42.0431" lon="8.92077"/>
            <trkpt lat="42.04288" lon="8.92052"/>
            <trkpt lat="42.04266" lon="8.92028"/>
            <trkpt lat="42.04254" lon="8.92015"/>
            <trkpt lat="42.0422" lon="8.91984"/>
            <trkpt lat="42.03905" lon="8.91727"/>
            <trkpt lat="42.03897" lon="8.9172"/>
            <trkpt lat="42.03679" lon="8.91541"/>
            <trkpt lat="42.03627" lon="8.91508"/>
            <trkpt lat="42.03608" lon="8.91499"/>
            <trkpt lat="42.0358" lon="8.91488"/>
            <trkpt lat="42.03435" lon="8.91446"/>
            <trkpt lat="42.03415" lon="8.9144"/>
            <trkpt lat="42.03388" lon="8.91432"/>
            <trkpt lat="42.03369" lon="8.91425"/>
            <trkpt lat="42.03342" lon="8.91416"/>
            <trkpt lat="42.03327" lon="8.91411"/>
            <trkpt lat="42.03242" lon="8.91381"/>
            <trkpt lat="42.03216" lon="8.91375"/>
            <trkpt lat="42.03204" lon="8.91375"/>
            <trkpt lat="42.03188" lon="8.91379"/>
            <trkpt lat="42.03173" lon="8.91388"/>
            <trkpt lat="42.03163" lon="8.91396"/>
            <trkpt lat="42.03154" lon="8.91407"/>
            <trkpt lat="42.03129" lon="8.91443"/>
            <trkpt lat="42.03116" lon="8.91457"/>
            <trkpt lat="42.03107" lon="8.91464"/>
            <trkpt lat="42.03086" lon="8.91473"/>
            <trkpt lat="42.03074" lon="8.91475"/>
            <trkpt lat="42.03059" lon="8.91475"/>
            <trkpt lat="42.0305" lon="8.91473"/>
            <trkpt lat="42.03034" lon="8.91468"/>
            <trkpt lat="42.03023" lon="8.9146"/>
            <trkpt lat="42.03013" lon="8.91451"/>
            <trkpt lat="42.03004" lon="8.91441"/>
            <trkpt lat="42.02996" lon="8.91429"/>
            <trkpt lat="42.02987" lon="8.91411"/>
            <trkpt lat="42.02981" lon="8.91391"/>
            <trkpt lat="42.02945" lon="8.9123"/>
            <trkpt lat="42.02924" lon="8.91153"/>
            <trkpt lat="42.02917" lon="8.91129"/>
            <trkpt lat="42.02904" lon="8.91094"/>
            <trkpt lat="42.02888" lon="8.91057"/>
            <trkpt lat="42.02872" lon="8.91025"/>
            <trkpt lat="42.02841" lon="8.90973"/>
            <trkpt lat="42.02822" lon="8.90945"/>
            <trkpt lat="42.02791" lon="8.90901"/>
            <trkpt lat="42.0277" lon="8.9087"/>
            <trkpt lat="42.02753" lon="8.90837"/>
            <trkpt lat="42.02735" lon="8.90785"/>
            <trkpt lat="42.02725" lon="8.90746"/>
            <trkpt lat="42.02722" lon="8.90736"/>
            <trkpt lat="42.02715" lon="8.90709"/>
            <trkpt lat="42.02673" lon="8.90545"/>
            <trkpt lat="42.02666" lon="8.90521"/>
            <trkpt lat="42.02657" lon="8.90494"/>
            <trkpt lat="42.0265" lon="8.90478"/>
            <trkpt lat="42.0264" lon="8.90462"/>
            <trkpt lat="42.02619" lon="8.90435"/>
            <trkpt lat="42.02584" lon="8.90404"/>
            <trkpt lat="42.02569" lon="8.90387"/>
            <trkpt lat="42.02524" lon="8.90331"/>
            <trkpt lat="42.02386" lon="8.90138"/>
            <trkpt lat="42.02331" lon="8.90059"/>
            <trkpt lat="42.02307" lon="8.9003"/>
            <trkpt lat="42.02253" lon="8.89969"/>
            <trkpt lat="42.02224" lon="8.89934"/>
            <trkpt lat="42.02216" lon="8.89921"/>
            <trkpt lat="42.02203" lon="8.89893"/>
            <trkpt lat="42.02203" lon="8.89892"/>
            <trkpt lat="42.02174" lon="8.89812"/>
            <trkpt lat="42.02158" lon="8.89777"/>
            <trkpt lat="42.02149" lon="8.89762"/>
            <trkpt lat="42.02129" lon="8.89735"/>
            <trkpt lat="42.02105" lon="8.89708"/>
            <trkpt lat="42.0208" lon="8.89683"/>
            <trkpt lat="42.02065" lon="8.89669"/>
            <trkpt lat="42.02037" lon="8.89636"/>
            <trkpt lat="42.02023" lon="8.89617"/>
            <trkpt lat="42.01988" lon="8.89558"/>
            <trkpt lat="42.01941" lon="8.89472"/>
            <trkpt lat="42.01926" lon="8.89441"/>
            <trkpt lat="42.01916" lon="8.89414"/>
            <trkpt lat="42.01902" lon="8.89369"/>
            <trkpt lat="42.01891" lon="8.89322"/>
            <trkpt lat="42.01878" lon="8.89245"/>
            <trkpt lat="42.01861" lon="8.89143"/>
            <trkpt lat="42.01855" lon="8.89116"/>
            <trkpt lat="42.01844" lon="8.89082"/>
            <trkpt lat="42.01833" lon="8.8906"/>
            <trkpt lat="42.01818" lon="8.89036"/>
            <trkpt lat="42.01801" lon="8.89016"/>
            <trkpt lat="42.01725" lon="8.88936"/>
            <trkpt lat="42.01713" lon="8.88923"/>
            <trkpt lat="42.01686" lon="8.88886"/>
            <trkpt lat="42.01674" lon="8.88867"/>
            <trkpt lat="42.0166" lon="8.88848"/>
            <trkpt lat="42.01648" lon="8.88837"/>
            <trkpt lat="42.01635" lon="8.88825"/>
            <trkpt lat="42.01624" lon="8.88818"/>
            <trkpt lat="42.01602" lon="8.88808"/>
            <trkpt lat="42.01595" lon="8.88805"/>
            <trkpt lat="42.01572" lon="8.88803"/>
            <trkpt lat="42.01558" lon="8.88804"/>
            <trkpt lat="42.01526" lon="8.88812"/>
            <trkpt lat="42.01488" lon="8.88825"/>
            <trkpt lat="42.01463" lon="8.8883"/>
            <trkpt lat="42.01453" lon="8.8883"/>
            <trkpt lat="42.0144" lon="8.88826"/>
            <trkpt lat="42.01428" lon="8.8882"/>
            <trkpt lat="42.01417" lon="8.88812"/>
            <trkpt lat="42.01407" lon="8.88803"/>
            <trkpt lat="42.0139" lon="8.88778"/>
            <trkpt lat="42.01381" lon="8.88759"/>
            <trkpt lat="42.01347" lon="8.88663"/>
            <trkpt lat="42.01338" lon="8.88625"/>
            <trkpt lat="42.01334" lon="8.88589"/>
            <trkpt lat="42.01322" lon="8.88475"/>
            <trkpt lat="42.01315" lon="8.8841"/>
            <trkpt lat="42.01315" lon="8.88396"/>
            <trkpt lat="42.01319" lon="8.88372"/>
            <trkpt lat="42.01326" lon="8.88352"/>
            <trkpt lat="42.01334" lon="8.88333"/>
            <trkpt lat="42.0134" lon="8.88322"/>
            <trkpt lat="42.01347" lon="8.88314"/>
            <trkpt lat="42.01356" lon="8.88306"/>
            <trkpt lat="42.01402" lon="8.88278"/>
            <trkpt lat="42.01413" lon="8.88269"/>
            <trkpt lat="42.01429" lon="8.88251"/>
            <trkpt lat="42.01441" lon="8.88231"/>
            <trkpt lat="42.01445" lon="8.88224"/>
            <trkpt lat="42.01448" lon="8.88217"/>
            <trkpt lat="42.01455" lon="8.88193"/>
            <trkpt lat="42.01458" lon="8.88162"/>
            <trkpt lat="42.01455" lon="8.881"/>
            <trkpt lat="42.01456" lon="8.88067"/>
            <trkpt lat="42.01494" lon="8.87833"/>
            <trkpt lat="42.01503" lon="8.87761"/>
            <trkpt lat="42.01505" lon="8.8771"/>
            <trkpt lat="42.01504" lon="8.87695"/>
            <trkpt lat="42.01504" lon="8.87687"/>
            <trkpt lat="42.01503" lon="8.87675"/>
            <trkpt lat="42.01497" lon="8.87642"/>
            <trkpt lat="42.01495" lon="8.87636"/>
            <trkpt lat="42.01491" lon="8.8762"/>
            <trkpt lat="42.01476" lon="8.87581"/>
            <trkpt lat="42.01443" lon="8.87517"/>
            <trkpt lat="42.01402" lon="8.87438"/>
            <trkpt lat="42.01386" lon="8.87402"/>
            <trkpt lat="42.01346" lon="8.87284"/>
            <trkpt lat="42.0134" lon="8.87267"/>
            <trkpt lat="42.01318" lon="8.87211"/>
            <trkpt lat="42.01287" lon="8.87145"/>
            <trkpt lat="42.01272" lon="8.87116"/>
            <trkpt lat="42.01246" lon="8.87067"/>
            <trkpt lat="42.0122" lon="8.87018"/>
            <trkpt lat="42.01187" lon="8.8696"/>
            <trkpt lat="42.01172" lon="8.86939"/>
            <trkpt lat="42.0116" lon="8.86923"/>
            <trkpt lat="42.01126" lon="8.86876"/>
            <trkpt lat="42.01095" lon="8.86834"/>
            <trkpt lat="42.01076" lon="8.86809"/>
            <trkpt lat="42.01046" lon="8.86765"/>
            <trkpt lat="42.01016" lon="8.86711"/>
            <trkpt lat="42.00975" lon="8.86642"/>
            <trkpt lat="42.00973" lon="8.86638"/>
            <trkpt lat="42.00961" lon="8.86614"/>
            <trkpt lat="42.00937" lon="8.86574"/>
            <trkpt lat="42.00924" lon="8.86557"/>
            <trkpt lat="42.00908" lon="8.86533"/>
            <trkpt lat="42.00896" lon="8.86516"/>
            <trkpt lat="42.00885" lon="8.86501"/>
            <trkpt lat="42.00845" lon="8.8646"/>
            <trkpt lat="42.00789" lon="8.8641"/>
            <trkpt lat="42.00749" lon="8.86373"/>
            <trkpt lat="42.00734" lon="8.86356"/>
            <trkpt lat="42.00721" lon="8.8634"/>
            <trkpt lat="42.00689" lon="8.86289"/>
            <trkpt lat="42.00679" lon="8.86271"/>
            <trkpt lat="42.00646" lon="8.86205"/>
            <trkpt lat="42.006" lon="8.86121"/>
            <trkpt lat="42.00591" lon="8.86101"/>
            <trkpt lat="42.00586" lon="8.86084"/>
            <trkpt lat="42.00582" lon="8.86063"/>
            <trkpt lat="42.00574" lon="8.86019"/>
            <trkpt lat="42.00564" lon="8.85966"/>
            <trkpt lat="42.00548" lon="8.85919"/>
            <trkpt lat="42.00539" lon="8.85897"/>
            <trkpt lat="42.00511" lon="8.85844"/>
            <trkpt lat="42.0048" lon="8.85802"/>
            <trkpt lat="42.00457" lon="8.85775"/>
            <trkpt lat="42.00368" lon="8.85672"/>
            <trkpt lat="42.00349" lon="8.85645"/>
            <trkpt lat="42.00314" lon="8.85595"/>
            <trkpt lat="42.00265" lon="8.85532"/>
            <trkpt lat="42.00237" lon="8.85498"/>
            <trkpt lat="42.00212" lon="8.85467"/>
            <trkpt lat="42.00171" lon="8.85423"/>
            <trkpt lat="42.00155" lon="8.85409"/>
            <trkpt lat="42.00133" lon="8.85397"/>
            <trkpt lat="42.00096" lon="8.85383"/>
            <trkpt lat="42.00082" lon="8.8538"/>
            <trkpt lat="42.00063" lon="8.85378"/>
            <trkpt lat="41.99992" lon="8.85378"/>
            <trkpt lat="41.99967" lon="8.85377"/>
            <trkpt lat="41.9995" lon="8.85374"/>
            <trkpt lat="41.99936" lon="8.85371"/>
            <trkpt lat="41.99924" lon="8.85367"/>
            <trkpt lat="41.99877" lon="8.85346"/>
            <trkpt lat="41.99852" lon="8.85323"/>
            <trkpt lat="41.99853" lon="8.8532"/>
            <trkpt lat="41.99854" lon="8.85317"/>
            <trkpt lat="41.99854" lon="8.85314"/>
            <trkpt lat="41.99852" lon="8.8531"/>
            <trkpt lat="41.99851" lon="8.85308"/>
            <trkpt lat="41.99849" lon="8.85306"/>
            <trkpt lat="41.99847" lon="8.85305"/>
            <trkpt lat="41.99844" lon="8.85305"/>
            <trkpt lat="41.99841" lon="8.85306"/>
            <trkpt lat="41.99839" lon="8.85308"/>
            <trkpt lat="41.99838" lon="8.8531"/>
            <trkpt lat="41.99814" lon="8.85287"/>
            <trkpt lat="41.99808" lon="8.8528"/>
            <trkpt lat="41.99773" lon="8.85238"/>
            <trkpt lat="41.9974" lon="8.85202"/>
            <trkpt lat="41.99732" lon="8.85194"/>
            <trkpt lat="41.99711" lon="8.85178"/>
            <trkpt lat="41.99673" lon="8.85152"/>
            <trkpt lat="41.9965" lon="8.85136"/>
            <trkpt lat="41.9963" lon="8.85122"/>
            <trkpt lat="41.99617" lon="8.85114"/>
            <trkpt lat="41.99586" lon="8.85088"/>
            <trkpt lat="41.99557" lon="8.85062"/>
            <trkpt lat="41.99555" lon="8.85056"/>
            <trkpt lat="41.99513" lon="8.85016"/>
            <trkpt lat="41.99502" lon="8.85005"/>
            <trkpt lat="41.99498" lon="8.85"/>
            <trkpt lat="41.99473" lon="8.84973"/>
            <trkpt lat="41.9945" lon="8.84938"/>
            <trkpt lat="41.99446" lon="8.84936"/>
            <trkpt lat="41.99427" lon="8.84911"/>
            <trkpt lat="41.99372" lon="8.84844"/>
            <trkpt lat="41.9936" lon="8.8483"/>
            <trkpt lat="41.99331" lon="8.84797"/>
            <trkpt lat="41.99257" lon="8.8471"/>
            <trkpt lat="41.99222" lon="8.84671"/>
            <trkpt lat="41.99193" lon="8.84643"/>
            <trkpt lat="41.99128" lon="8.84578"/>
            <trkpt lat="41.9912" lon="8.84568"/>
            <trkpt lat="41.99047" lon="8.84495"/>
            <trkpt lat="41.99025" lon="8.84473"/>
            <trkpt lat="41.99003" lon="8.84452"/>
            <trkpt lat="41.98975" lon="8.84428"/>
            <trkpt lat="41.98965" lon="8.8442"/>
            <trkpt lat="41.9895" lon="8.84407"/>
            <trkpt lat="41.98933" lon="8.84395"/>
            <trkpt lat="41.98923" lon="8.84387"/>
            <trkpt lat="41.98882" lon="8.84359"/>
            <trkpt lat="41.98813" lon="8.84321"/>
            <trkpt lat="41.98775" lon="8.84301"/>
            <trkpt lat="41.98733" lon="8.84281"/>
            <trkpt lat="41.98717" lon="8.84271"/>
            <trkpt lat="41.98611" lon="8.84212"/>
            <trkpt lat="41.98593" lon="8.84203"/>
            <trkpt lat="41.98563" lon="8.84186"/>
            <trkpt lat="41.98536" lon="8.84174"/>
            <trkpt lat="41.98523" lon="8.84168"/>
            <trkpt lat="41.98506" lon="8.84159"/>
            <trkpt lat="41.98484" lon="8.84148"/>
            <trkpt lat="41.98449" lon="8.84131"/>
            <trkpt lat="41.984" lon="8.84096"/>
            <trkpt lat="41.98343" lon="8.84053"/>
            <trkpt lat="41.98317" lon="8.84033"/>
            <trkpt lat="41.98286" lon="8.84"/>
            <trkpt lat="41.98266" lon="8.83978"/>
            <trkpt lat="41.98219" lon="8.83897"/>
            <trkpt lat="41.9819" lon="8.83846"/>
            <trkpt lat="41.9818" lon="8.8383"/>
            <trkpt lat="41.98151" lon="8.83777"/>
            <trkpt lat="41.9813" lon="8.83736"/>
            <trkpt lat="41.98116" lon="8.83704"/>
            <trkpt lat="41.98098" lon="8.83665"/>
            <trkpt lat="41.98095" lon="8.83654"/>
            <trkpt lat="41.98058" lon="8.83564"/>
            <trkpt lat="41.98038" lon="8.83513"/>
            <trkpt lat="41.98026" lon="8.83485"/>
            <trkpt lat="41.98012" lon="8.83451"/>
            <trkpt lat="41.97987" lon="8.83398"/>
            <trkpt lat="41.9794" lon="8.83305"/>
            <trkpt lat="41.97938" lon="8.83301"/>
            <trkpt lat="41.97912" lon="8.83248"/>
            <trkpt lat="41.97895" lon="8.83213"/>
            <trkpt lat="41.9786" lon="8.8314"/>
            <trkpt lat="41.9778" lon="8.82977"/>
            <trkpt lat="41.97772" lon="8.82961"/>
            <trkpt lat="41.97766" lon="8.82953"/>
            <trkpt lat="41.97748" lon="8.82917"/>
            <trkpt lat="41.97693" lon="8.82818"/>
            <trkpt lat="41.97669" lon="8.82777"/>
            <trkpt lat="41.97646" lon="8.8274"/>
            <trkpt lat="41.97559" lon="8.82587"/>
            <trkpt lat="41.97548" lon="8.82567"/>
            <trkpt lat="41.97428" lon="8.8235"/>
            <trkpt lat="41.9732" lon="8.82152"/>
            <trkpt lat="41.97303" lon="8.8212"/>
            <trkpt lat="41.97286" lon="8.82088"/>
            <trkpt lat="41.97266" lon="8.8205"/>
            <trkpt lat="41.9726" lon="8.82039"/>
            <trkpt lat="41.97238" lon="8.82006"/>
            <trkpt lat="41.97224" lon="8.81988"/>
            <trkpt lat="41.97207" lon="8.8197"/>
            <trkpt lat="41.97167" lon="8.81933"/>
            <trkpt lat="41.97169" lon="8.81928"/>
            <trkpt lat="41.97169" lon="8.81924"/>
            <trkpt lat="41.9717" lon="8.81921"/>
            <trkpt lat="41.97169" lon="8.81915"/>
            <trkpt lat="41.97168" lon="8.81911"/>
            <trkpt lat="41.97166" lon="8.81907"/>
            <trkpt lat="41.97161" lon="8.81901"/>
            <trkpt lat="41.97158" lon="8.81899"/>
            <trkpt lat="41.97156" lon="8.81898"/>
            <trkpt lat="41.97152" lon="8.81898"/>
            <trkpt lat="41.97148" lon="8.81899"/>
            <trkpt lat="41.97144" lon="8.81901"/>
            <trkpt lat="41.97141" lon="8.81905"/>
            <trkpt lat="41.97139" lon="8.8191"/>
            <trkpt lat="41.97137" lon="8.81915"/>
            <trkpt lat="41.97136" lon="8.81922"/>
            <trkpt lat="41.97115" lon="8.8192"/>
            <trkpt lat="41.97112" lon="8.81919"/>
            <trkpt lat="41.97108" lon="8.81919"/>
            <trkpt lat="41.97102" lon="8.81916"/>
            <trkpt lat="41.97093" lon="8.8191"/>
            <trkpt lat="41.97088" lon="8.81907"/>
            <trkpt lat="41.97073" lon="8.81896"/>
            <trkpt lat="41.9706" lon="8.81883"/>
            <trkpt lat="41.96986" lon="8.81807"/>
            <trkpt lat="41.96958" lon="8.81783"/>
            <trkpt lat="41.9694" lon="8.81769"/>
            <trkpt lat="41.96929" lon="8.81761"/>
            <trkpt lat="41.9692" lon="8.81752"/>
            <trkpt lat="41.96879" lon="8.81723"/>
            <trkpt lat="41.96819" lon="8.81684"/>
            <trkpt lat="41.96777" lon="8.81658"/>
            <trkpt lat="41.96758" lon="8.81646"/>
            <trkpt lat="41.96675" lon="8.81598"/>
            <trkpt lat="41.96642" lon="8.81581"/>
            <trkpt lat="41.96621" lon="8.8157"/>
            <trkpt lat="41.96543" lon="8.81524"/>
            <trkpt lat="41.9648" lon="8.81484"/>
            <trkpt lat="41.96472" lon="8.81478"/>
            <trkpt lat="41.96424" lon="8.81445"/>
            <trkpt lat="41.9641" lon="8.81436"/>
            <trkpt lat="41.96402" lon="8.81428"/>
            <trkpt lat="41.96398" lon="8.81423"/>
            <trkpt lat="41.96394" lon="8.81415"/>
            <trkpt lat="41.9639" lon="8.81402"/>
            <trkpt lat="41.96389" lon="8.81392"/>
            <trkpt lat="41.96388" lon="8.81385"/>
            <trkpt lat="41.96386" lon="8.81378"/>
            <trkpt lat="41.96381" lon="8.8137"/>
            <trkpt lat="41.96375" lon="8.81365"/>
            <trkpt lat="41.96371" lon="8.81362"/>
            <trkpt lat="41.96363" lon="8.81362"/>
            <trkpt lat="41.96357" lon="8.81363"/>
            <trkpt lat="41.96352" lon="8.81366"/>
            <trkpt lat="41.96348" lon="8.81369"/>
            <trkpt lat="41.96339" lon="8.81374"/>
            <trkpt lat="41.96323" lon="8.81378"/>
            <trkpt lat="41.96309" lon="8.81374"/>
            <trkpt lat="41.963" lon="8.8137"/>
            <trkpt lat="41.96277" lon="8.81358"/>
            <trkpt lat="41.96274" lon="8.81359"/>
            <trkpt lat="41.96223" lon="8.81326"/>
            <trkpt lat="41.96203" lon="8.81313"/>
            <trkpt lat="41.96162" lon="8.81292"/>
            <trkpt lat="41.96137" lon="8.81283"/>
            <trkpt lat="41.96128" lon="8.81279"/>
            <trkpt lat="41.96115" lon="8.81275"/>
            <trkpt lat="41.9606" lon="8.81265"/>
            <trkpt lat="41.95994" lon="8.81257"/>
            <trkpt lat="41.95603" lon="8.8121"/>
            <trkpt lat="41.95579" lon="8.81205"/>
            <trkpt lat="41.95532" lon="8.81193"/>
            <trkpt lat="41.95507" lon="8.81186"/>
            <trkpt lat="41.9548" lon="8.81177"/>
            <trkpt lat="41.95462" lon="8.81171"/>
            <trkpt lat="41.95433" lon="8.81163"/>
            <trkpt lat="41.95421" lon="8.81156"/>
            <trkpt lat="41.95388" lon="8.81149"/>
            <trkpt lat="41.95368" lon="8.81146"/>
            <trkpt lat="41.95349" lon="8.81144"/>
            <trkpt lat="41.9532" lon="8.81143"/>
            <trkpt lat="41.95292" lon="8.81143"/>
            <trkpt lat="41.95283" lon="8.81142"/>
            <trkpt lat="41.95266" lon="8.8114"/>
            <trkpt lat="41.95259" lon="8.81138"/>
            <trkpt lat="41.95248" lon="8.81131"/>
            <trkpt lat="41.95232" lon="8.81114"/>
            <trkpt lat="41.95233" lon="8.81109"/>
            <trkpt lat="41.95233" lon="8.81104"/>
            <trkpt lat="41.95233" lon="8.81103"/>
            <trkpt lat="41.95233" lon="8.81098"/>
            <trkpt lat="41.95232" lon="8.81092"/>
            <trkpt lat="41.95229" lon="8.81087"/>
            <trkpt lat="41.95227" lon="8.81083"/>
            <trkpt lat="41.95224" lon="8.81079"/>
            <trkpt lat="41.9522" lon="8.81077"/>
            <trkpt lat="41.95216" lon="8.81075"/>
            <trkpt lat="41.95212" lon="8.81074"/>
            <trkpt lat="41.95208" lon="8.81074"/>
            <trkpt lat="41.95203" lon="8.81075"/>
            <trkpt lat="41.95199" lon="8.81077"/>
            <trkpt lat="41.95196" lon="8.81079"/>
            <trkpt lat="41.95193" lon="8.81083"/>
            <trkpt lat="41.9519" lon="8.81087"/>
            <trkpt lat="41.95188" lon="8.81092"/>
            <trkpt lat="41.95187" lon="8.81098"/>
            <trkpt lat="41.95187" lon="8.81103"/>
            <trkpt lat="41.95187" lon="8.81104"/>
            <trkpt lat="41.95187" lon="8.81109"/>
            <trkpt lat="41.95188" lon="8.81114"/>
            <trkpt lat="41.95189" lon="8.81119"/>
            <trkpt lat="41.95191" lon="8.81123"/>
            <trkpt lat="41.95194" lon="8.81128"/>
            <trkpt lat="41.95196" lon="8.8113"/>
            <trkpt lat="41.95195" lon="8.81147"/>
            <trkpt lat="41.95194" lon="8.81153"/>
            <trkpt lat="41.95191" lon="8.81161"/>
            <trkpt lat="41.95188" lon="8.81165"/>
            <trkpt lat="41.95185" lon="8.81168"/>
            <trkpt lat="41.9518" lon="8.81173"/>
            <trkpt lat="41.95137" lon="8.81192"/>
            <trkpt lat="41.95135" lon="8.81196"/>
            <trkpt lat="41.95106" lon="8.81204"/>
            <trkpt lat="41.9509" lon="8.81209"/>
            <trkpt lat="41.95065" lon="8.81213"/>
            <trkpt lat="41.95054" lon="8.81214"/>
            <trkpt lat="41.95039" lon="8.81216"/>
            <trkpt lat="41.95001" lon="8.81215"/>
            <trkpt lat="41.94986" lon="8.81215"/>
            <trkpt lat="41.94982" lon="8.81211"/>
            <trkpt lat="41.94912" lon="8.81196"/>
            <trkpt lat="41.94899" lon="8.81193"/>
            <trkpt lat="41.94867" lon="8.81185"/>
            <trkpt lat="41.94855" lon="8.81182"/>
            <trkpt lat="41.94842" lon="8.81179"/>
            <trkpt lat="41.94816" lon="8.81174"/>
            <trkpt lat="41.94789" lon="8.81169"/>
            <trkpt lat="41.94769" lon="8.81165"/>
            <trkpt lat="41.9476" lon="8.81165"/>
            <trkpt lat="41.94662" lon="8.81143"/>
            <trkpt lat="41.94581" lon="8.81134"/>
            <trkpt lat="41.9458" lon="8.81134"/>
            <trkpt lat="41.94458" lon="8.81121"/>
            <trkpt lat="41.94409" lon="8.81105"/>
            <trkpt lat="41.94407" lon="8.81104"/>
            <trkpt lat="41.94377" lon="8.81086"/>
            <trkpt lat="41.94349" lon="8.8106"/>
            <trkpt lat="41.94346" lon="8.81058"/>
            <trkpt lat="41.94335" lon="8.81046"/>
            <trkpt lat="41.94332" lon="8.81043"/>
            <trkpt lat="41.94312" lon="8.81015"/>
            <trkpt lat="41.94181" lon="8.80811"/>
            <trkpt lat="41.94018" lon="8.80556"/>
            <trkpt lat="41.94" lon="8.8053"/>
            <trkpt lat="41.93967" lon="8.80493"/>
            <trkpt lat="41.93936" lon="8.80464"/>
            <trkpt lat="41.93903" lon="8.80438"/>
            <trkpt lat="41.93886" lon="8.80426"/>
            <trkpt lat="41.93851" lon="8.80407"/>
            <trkpt lat="41.93828" lon="8.80397"/>
            <trkpt lat="41.93746" lon="8.8037"/>
            <trkpt lat="41.93717" lon="8.80361"/>
            <trkpt lat="41.93383" lon="8.80256"/>
            <trkpt lat="41.93344" lon="8.80244"/>
            <trkpt lat="41.93286" lon="8.80225"/>
            <trkpt lat="41.93276" lon="8.80217"/>
            <trkpt lat="41.93203" lon="8.80191"/>
            <trkpt lat="41.93174" lon="8.80184"/>
            <trkpt lat="41.93163" lon="8.80182"/>
            <trkpt lat="41.93119" lon="8.80172"/>
            <trkpt lat="41.9306" lon="8.80155"/>
            <trkpt lat="41.93009" lon="8.80137"/>
            <trkpt lat="41.92981" lon="8.80122"/>
            <trkpt lat="41.92958" lon="8.80106"/>
            <trkpt lat="41.92919" lon="8.80071"/>
            <trkpt lat="41.92899" lon="8.80051"/>
            <trkpt lat="41.92889" lon="8.80041"/>
            <trkpt lat="41.92867" lon="8.80027"/>
            <trkpt lat="41.92845" lon="8.79999"/>
            <trkpt lat="41.92834" lon="8.79982"/>
            <trkpt lat="41.92813" lon="8.79944"/>
            <trkpt lat="41.92804" lon="8.79924"/>
            <trkpt lat="41.92798" lon="8.79906"/>
            <trkpt lat="41.92792" lon="8.7989"/>
            <trkpt lat="41.92781" lon="8.79847"/>
            <trkpt lat="41.92772" lon="8.79787"/>
            <trkpt lat="41.92768" lon="8.7974"/>
            <trkpt lat="41.92767" lon="8.79724"/>
            <trkpt lat="41.92767" lon="8.79716"/>
            <trkpt lat="41.9277" lon="8.79698"/>
            <trkpt lat="41.92774" lon="8.79693"/>
            <trkpt lat="41.92777" lon="8.79687"/>
            <trkpt lat="41.92778" lon="8.79681"/>
            <trkpt lat="41.92779" lon="8.79674"/>
            <trkpt lat="41.92778" lon="8.79669"/>
            <trkpt lat="41.92776" lon="8.79662"/>
            <trkpt lat="41.92772" lon="8.79653"/>
            <trkpt lat="41.92768" lon="8.79649"/>
            <trkpt lat="41.92764" lon="8.79646"/>
            <trkpt lat="41.92761" lon="8.7964"/>
            <trkpt lat="41.92759" lon="8.79635"/>
            <trkpt lat="41.92757" lon="8.79628"/>
            <trkpt lat="41.92752" lon="8.79561"/>
            <trkpt lat="41.92744" lon="8.79439"/>
            <trkpt lat="41.92742" lon="8.79419"/>
            <trkpt lat="41.92741" lon="8.794"/>
            <trkpt lat="41.92727" lon="8.79223"/>
            <trkpt lat="41.92722" lon="8.79149"/>
            <trkpt lat="41.92714" lon="8.78906"/>
            <trkpt lat="41.927" lon="8.78408"/>
            <trkpt lat="41.92699" lon="8.78266"/>
            <trkpt lat="41.927" lon="8.78215"/>
            <trkpt lat="41.92704" lon="8.78159"/>
            <trkpt lat="41.9271" lon="8.7808"/>
            <trkpt lat="41.92711" lon="8.78062"/>
            <trkpt lat="41.92718" lon="8.77995"/>
            <trkpt lat="41.9273" lon="8.77926"/>
            <trkpt lat="41.92733" lon="8.77917"/>
            <trkpt lat="41.92737" lon="8.77915"/>
            <trkpt lat="41.92742" lon="8.77911"/>
            <trkpt lat="41.92745" lon="8.77908"/>
            <trkpt lat="41.92749" lon="8.77903"/>
            <trkpt lat="41.92752" lon="8.77895"/>
            <trkpt lat="41.92754" lon="8.7789"/>
            <trkpt lat="41.92755" lon="8.77884"/>
            <trkpt lat="41.92755" lon="8.77877"/>
            <trkpt lat="41.92755" lon="8.7787"/>
            <trkpt lat="41.92754" lon="8.77862"/>
            <trkpt lat="41.92751" lon="8.77853"/>
            <trkpt lat="41.92744" lon="8.77834"/>
            <trkpt lat="41.92744" lon="8.77826"/>
            <trkpt lat="41.92744" lon="8.77817"/>
            <trkpt lat="41.92751" lon="8.77782"/>
            <trkpt lat="41.92758" lon="8.77752"/>
            <trkpt lat="41.92771" lon="8.77689"/>
            <trkpt lat="41.92789" lon="8.77607"/>
            <trkpt lat="41.92816" lon="8.77492"/>
            <trkpt lat="41.92822" lon="8.77462"/>
            <trkpt lat="41.92836" lon="8.77393"/>
            <trkpt lat="41.92846" lon="8.77345"/>
            <trkpt lat="41.92851" lon="8.77313"/>
            <trkpt lat="41.92854" lon="8.77285"/>
            <trkpt lat="41.92869" lon="8.77053"/>
            <trkpt lat="41.92869" lon="8.77004"/>
            <trkpt lat="41.92869" lon="8.76991"/>
            <trkpt lat="41.92867" lon="8.76883"/>
            <trkpt lat="41.92866" lon="8.76808"/>
            <trkpt lat="41.92864" lon="8.76709"/>
            <trkpt lat="41.92863" lon="8.76686"/>
            <trkpt lat="41.92864" lon="8.76667"/>
            <trkpt lat="41.92865" lon="8.76646"/>
            <trkpt lat="41.92869" lon="8.76591"/>
            <trkpt lat="41.92874" lon="8.76555"/>
            <trkpt lat="41.92889" lon="8.76486"/>
            <trkpt lat="41.92908" lon="8.76415"/>
            <trkpt lat="41.92916" lon="8.7639"/>
            <trkpt lat="41.92921" lon="8.76372"/>
            <trkpt lat="41.92942" lon="8.76297"/>
            <trkpt lat="41.92958" lon="8.76227"/>
            <trkpt lat="41.92965" lon="8.762"/>
            <trkpt lat="41.92973" lon="8.76155"/>
            <trkpt lat="41.92976" lon="8.76155"/>
            <trkpt lat="41.92979" lon="8.76154"/>
            <trkpt lat="41.92981" lon="8.76153"/>
            <trkpt lat="41.92984" lon="8.76151"/>
            <trkpt lat="41.92986" lon="8.76149"/>
            <trkpt lat="41.92988" lon="8.76145"/>
            <trkpt lat="41.9299" lon="8.76143"/>
            <trkpt lat="41.92991" lon="8.76139"/>
            <trkpt lat="41.92991" lon="8.76136"/>
            <trkpt lat="41.92992" lon="8.76129"/>
            <trkpt lat="41.92991" lon="8.76125"/>
            <trkpt lat="41.92989" lon="8.76119"/>
            <trkpt lat="41.92986" lon="8.76115"/>
            <trkpt lat="41.92984" lon="8.76113"/>
            <trkpt lat="41.9298" lon="8.76103"/>
            <trkpt lat="41.92979" lon="8.76095"/>
            <trkpt lat="41.92977" lon="8.76086"/>
            <trkpt lat="41.92976" lon="8.76073"/>
            <trkpt lat="41.92977" lon="8.76041"/>
            <trkpt lat="41.92981" lon="8.75852"/>
            <trkpt lat="41.92984" lon="8.75806"/>
            <trkpt lat="41.92986" lon="8.75797"/>
            <trkpt lat="41.92994" lon="8.75768"/>
            <trkpt lat="41.92998" lon="8.7576"/>
            <trkpt lat="41.93005" lon="8.75748"/>
            <trkpt lat="41.9301" lon="8.75746"/>
            <trkpt lat="41.93015" lon="8.75742"/>
            <trkpt lat="41.93017" lon="8.75739"/>
            <trkpt lat="41.93018" lon="8.75736"/>
            <trkpt lat="41.9302" lon="8.75733"/>
            <trkpt lat="41.93028" lon="8.75728"/>
            <trkpt lat="41.93031" lon="8.75727"/>
            <trkpt lat="41.93046" lon="8.75724"/>
            <trkpt lat="41.93088" lon="8.75719"/>
            <trkpt lat="41.93111" lon="8.75711"/>
            <trkpt lat="41.93144" lon="8.75693"/>
            <trkpt lat="41.93193" lon="8.75658"/>
            <trkpt lat="41.93208" lon="8.75646"/>
            <trkpt lat="41.93236" lon="8.75628"/>
            <trkpt lat="41.93252" lon="8.75617"/>
            <trkpt lat="41.93264" lon="8.75607"/>
            <trkpt lat="41.93287" lon="8.75585"/>
            <trkpt lat="41.93294" lon="8.75576"/>
            <trkpt lat="41.93304" lon="8.75561"/>
            <trkpt lat="41.93312" lon="8.75548"/>
            <trkpt lat="41.93312" lon="8.75547"/>
            <trkpt lat="41.93327" lon="8.75513"/>
            <trkpt lat="41.93334" lon="8.75494"/>
            <trkpt lat="41.93344" lon="8.75468"/>
            <trkpt lat="41.93356" lon="8.75435"/>
            <trkpt lat="41.93379" lon="8.75367"/>
            <trkpt lat="41.93381" lon="8.75364"/>
            <trkpt lat="41.93387" lon="8.75346"/>
            <trkpt lat="41.93399" lon="8.75302"/>
            <trkpt lat="41.93402" lon="8.75291"/>
            <trkpt lat="41.93408" lon="8.75254"/>
            <trkpt lat="41.93411" lon="8.75157"/>
            <trkpt lat="41.93412" lon="8.75097"/>
            <trkpt lat="41.93412" lon="8.75087"/>
            <trkpt lat="41.93412" lon="8.7507"/>
            <trkpt lat="41.93412" lon="8.75058"/>
            <trkpt lat="41.93412" lon="8.75044"/>
            <trkpt lat="41.93412" lon="8.75026"/>
            <trkpt lat="41.93413" lon="8.74974"/>
            <trkpt lat="41.93415" lon="8.7475"/>
            <trkpt lat="41.93417" lon="8.74686"/>
            <trkpt lat="41.93417" lon="8.7465"/>
            <trkpt lat="41.93418" lon="8.74619"/>
            <trkpt lat="41.93418" lon="8.74565"/>
            <trkpt lat="41.93416" lon="8.74552"/>
            <trkpt lat="41.93413" lon="8.74539"/>
            <trkpt lat="41.9341" lon="8.74529"/>
            <trkpt lat="41.93404" lon="8.74512"/>
            <trkpt lat="41.934" lon="8.74499"/>
            <trkpt lat="41.93394" lon="8.74484"/>
            <trkpt lat="41.93373" lon="8.74431"/>
            <trkpt lat="41.93374" lon="8.74425"/>
            <trkpt lat="41.93368" lon="8.74407"/>
            <trkpt lat="41.93362" lon="8.74394"/>
            <trkpt lat="41.93359" lon="8.7439"/>
            <trkpt lat="41.93334" lon="8.74318"/>
            <trkpt lat="41.93316" lon="8.74269"/>
            <trkpt lat="41.93308" lon="8.7425"/>
            <trkpt lat="41.93283" lon="8.74182"/>
            <trkpt lat="41.93268" lon="8.74146"/>
            <trkpt lat="41.93248" lon="8.74103"/>
            <trkpt lat="41.93248" lon="8.74093"/>
            <trkpt lat="41.93245" lon="8.74087"/>
            <trkpt lat="41.93239" lon="8.74076"/>
            <trkpt lat="41.93232" lon="8.74065"/>
            <trkpt lat="41.93226" lon="8.74055"/>
            <trkpt lat="41.93211" lon="8.74036"/>
            <trkpt lat="41.93187" lon="8.74013"/>
            <trkpt lat="41.93178" lon="8.74006"/>
            <trkpt lat="41.93153" lon="8.73989"/>
            <trkpt lat="41.93127" lon="8.73977"/>
            <trkpt lat="41.9311" lon="8.7397"/>
            <trkpt lat="41.93076" lon="8.73958"/>
            <trkpt lat="41.93053" lon="8.73948"/>
            <trkpt lat="41.93029" lon="8.73939"/>
            <trkpt lat="41.93003" lon="8.73929"/>
            <trkpt lat="41.92996" lon="8.73926"/>
            <trkpt lat="41.92992" lon="8.73927"/>
            <trkpt lat="41.92987" lon="8.73926"/>
            <trkpt lat="41.92901" lon="8.73895"/>
            <trkpt lat="41.92863" lon="8.73883"/>
            <trkpt lat="41.92827" lon="8.73872"/>
            <trkpt lat="41.92815" lon="8.7387"/>
            <trkpt lat="41.92789" lon="8.73866"/>
            <trkpt lat="41.92767" lon="8.73861"/>
            <trkpt lat="41.92723" lon="8.73851"/>
            <trkpt lat="41.92712" lon="8.73848"/>
            <trkpt lat="41.92702" lon="8.73846"/>
            <trkpt lat="41.92657" lon="8.73837"/>
            <trkpt lat="41.92636" lon="8.73833"/>
            <trkpt lat="41.92641" lon="8.73797"/>
            <trkpt lat="41.92646" lon="8.73765"/>
            <trkpt lat="41.92652" lon="8.73713"/>
            <trkpt lat="41.92661" lon="8.73627"/>
            <trkpt lat="41.92664" lon="8.736"/>
            <trkpt lat="41.92671" lon="8.7353"/>
            <trkpt lat="41.92674" lon="8.73484"/>
            <trkpt lat="41.92677" lon="8.73482"/>
            <trkpt lat="41.92678" lon="8.73481"/>
            <trkpt lat="41.92679" lon="8.73477"/>
            <trkpt lat="41.92679" lon="8.73474"/>
            <trkpt lat="41.9269" lon="8.73469"/>
            <trkpt lat="41.92703" lon="8.7345"/>
            <trkpt lat="41.92718" lon="8.73422"/>
            <trkpt lat="41.92774" lon="8.73331"/>
            <trkpt lat="41.92776" lon="8.73327"/>
            <trkpt lat="41.92779" lon="8.73319"/>
            <trkpt lat="41.92781" lon="8.73311"/>
            <trkpt lat="41.92783" lon="8.73292"/>
            <trkpt lat="41.92782" lon="8.73279"/>
            <trkpt lat="41.92777" lon="8.73256"/>
            <trkpt lat="41.92769" lon="8.73233"/>
            <trkpt lat="41.92753" lon="8.73186"/>
            <trkpt lat="41.92745" lon="8.73164"/>
            <trkpt lat="41.92738" lon="8.7313"/>
            <trkpt lat="41.92734" lon="8.73106"/>
            <trkpt lat="41.9273" lon="8.73091"/>
            <trkpt lat="41.92726" lon="8.73076"/>
            <trkpt lat="41.92721" lon="8.73059"/>
            <trkpt lat="41.92718" lon="8.73048"/>
            <trkpt lat="41.92701" lon="8.73"/>
            <trkpt lat="41.92693" lon="8.72977"/>
            <trkpt lat="41.92664" lon="8.72906"/>
            <trkpt lat="41.9266" lon="8.72898"/>
            <trkpt lat="41.92654" lon="8.7289"/>
            <trkpt lat="41.92648" lon="8.72884"/>
            <trkpt lat="41.92643" lon="8.7288"/>
            <trkpt lat="41.92635" lon="8.72877"/>
            <trkpt lat="41.92582" lon="8.72862"/>
            <trkpt lat="41.92579" lon="8.72861"/>
            <trkpt lat="41.92564" lon="8.72862"/>
            <trkpt lat="41.92558" lon="8.72864"/>
            <trkpt lat="41.9255" lon="8.72867"/>
            <trkpt lat="41.92543" lon="8.72872"/>
            <trkpt lat="41.92533" lon="8.72884"/>
            <trkpt lat="41.92521" lon="8.72908"/>
            <trkpt lat="41.92513" lon="8.72923"/>
            <trkpt lat="41.92508" lon="8.72928"/>
            <trkpt lat="41.92497" lon="8.72936"/>
            <trkpt lat="41.92441" lon="8.72965"/>
            <trkpt lat="41.92433" lon="8.72971"/>
            <trkpt lat="41.92422" lon="8.72982"/>
            <trkpt lat="41.92395" lon="8.7301"/>
            <trkpt lat="41.92383" lon="8.7302"/>
            <trkpt lat="41.92373" lon="8.73029"/>
            <trkpt lat="41.9236" lon="8.73038"/>
            <trkpt lat="41.92349" lon="8.7304"/>
            <trkpt lat="41.92337" lon="8.73039"/>
            <trkpt lat="41.9232" lon="8.73034"/>
            <trkpt lat="41.9232" lon="8.73029"/>
            <trkpt lat="41.92318" lon="8.73023"/>
            <trkpt lat="41.92316" lon="8.73019"/>
            <trkpt lat="41.923" lon="8.73002"/>
            <trkpt lat="41.92274" lon="8.72976"/>
            <trkpt lat="41.92242" lon="8.72949"/>
            <trkpt lat="41.92238" lon="8.72944"/>
            <trkpt lat="41.92237" lon="8.72938"/>
            <trkpt lat="41.92236" lon="8.72935"/>
            <trkpt lat="41.92237" lon="8.72932"/>
            <trkpt lat="41.92237" lon="8.7293"/>
            <trkpt lat="41.92239" lon="8.72927"/>
            <trkpt lat="41.92241" lon="8.72925"/>
            <trkpt lat="41.92245" lon="8.72924"/>
            <trkpt lat="41.92249" lon="8.72924"/>
            <trkpt lat="41.92254" lon="8.72926"/>
            <trkpt lat="41.92286" lon="8.7295"/>
            <trkpt lat="41.92302" lon="8.72958"/>
            <trkpt lat="41.92325" lon="8.72964"/>
            <trkpt lat="41.92336" lon="8.72965"/>
            <trkpt lat="41.92345" lon="8.72964"/>
            <trkpt lat="41.92353" lon="8.7296"/>
            <trkpt lat="41.92383" lon="8.72932"/>
            <trkpt lat="41.9239" lon="8.72925"/>
            <trkpt lat="41.92421" lon="8.72905"/>
            <trkpt lat="41.92448" lon="8.72891"/>
            <trkpt lat="41.92451" lon="8.72888"/>
            <trkpt lat="41.92456" lon="8.72885"/>
            <trkpt lat="41.9246" lon="8.72879"/>
            <trkpt lat="41.92466" lon="8.7287"/>
            <trkpt lat="41.92477" lon="8.7285"/>
            <trkpt lat="41.92488" lon="8.72827"/>
            <trkpt lat="41.92496" lon="8.72804"/>
            <trkpt lat="41.925" lon="8.72792"/>
            <trkpt lat="41.92501" lon="8.72784"/>
            <trkpt lat="41.92501" lon="8.72774"/>
            <trkpt lat="41.92494" lon="8.72712"/>
            <trkpt lat="41.92494" lon="8.72701"/>
            <trkpt lat="41.92496" lon="8.7268"/>
            <trkpt lat="41.92501" lon="8.72669"/>
            <trkpt lat="41.92512" lon="8.72625"/>
            <trkpt lat="41.92515" lon="8.72599"/>
            <trkpt lat="41.92517" lon="8.72585"/>
            <trkpt lat="41.92527" lon="8.72501"/>
            <trkpt lat="41.92535" lon="8.72435"/>
            <trkpt lat="41.92535" lon="8.72424"/>
            <trkpt lat="41.92533" lon="8.72403"/>
            <trkpt lat="41.92519" lon="8.72314"/>
            <trkpt lat="41.92513" lon="8.7228"/>
            <trkpt lat="41.92511" lon="8.72268"/>
            <trkpt lat="41.9251" lon="8.72263"/>
            <trkpt lat="41.92506" lon="8.72252"/>
            <trkpt lat="41.925" lon="8.72238"/>
            <trkpt lat="41.92491" lon="8.72223"/>
            <trkpt lat="41.92467" lon="8.72193"/>
            <trkpt lat="41.92444" lon="8.72165"/>
            <trkpt lat="41.92441" lon="8.72159"/>
            <trkpt lat="41.92439" lon="8.72153"/>
            <trkpt lat="41.92439" lon="8.72145"/>
            <trkpt lat="41.9244" lon="8.7212"/>
            <trkpt lat="41.92441" lon="8.72079"/>
            <trkpt lat="41.92439" lon="8.72055"/>
            <trkpt lat="41.92435" lon="8.72035"/>
            <trkpt lat="41.92429" lon="8.72007"/>
            <trkpt lat="41.92427" lon="8.71996"/>
            <trkpt lat="41.92427" lon="8.71988"/>
            <trkpt lat="41.92428" lon="8.71981"/>
            <trkpt lat="41.92429" lon="8.71975"/>
            <trkpt lat="41.92432" lon="8.71967"/>
            <trkpt lat="41.92448" lon="8.7194"/>
            <trkpt lat="41.92457" lon="8.71927"/>
            <trkpt lat="41.92491" lon="8.71889"/>
            <trkpt lat="41.92495" lon="8.71881"/>
            <trkpt lat="41.92499" lon="8.71873"/>
            <trkpt lat="41.92512" lon="8.71843"/>
            <trkpt lat="41.92516" lon="8.71835"/>
            <trkpt lat="41.9252" lon="8.7183"/>
            <trkpt lat="41.92525" lon="8.71825"/>
            <trkpt lat="41.92531" lon="8.71823"/>
            <trkpt lat="41.9257" lon="8.71817"/>
            <trkpt lat="41.92584" lon="8.71814"/>
            <trkpt lat="41.92585" lon="8.71813"/>
            <trkpt lat="41.92591" lon="8.71812"/>
            <trkpt lat="41.92596" lon="8.71809"/>
            <trkpt lat="41.926" lon="8.71803"/>
            <trkpt lat="41.92603" lon="8.71798"/>
            <trkpt lat="41.92605" lon="8.71791"/>
            <trkpt lat="41.92605" lon="8.71783"/>
            <trkpt lat="41.92605" lon="8.71774"/>
            <trkpt lat="41.92604" lon="8.71764"/>
            <trkpt lat="41.92594" lon="8.7173"/>
            <trkpt lat="41.92587" lon="8.71708"/>
            <trkpt lat="41.92583" lon="8.71699"/>
            <trkpt lat="41.92577" lon="8.71688"/>
            <trkpt lat="41.92543" lon="8.71637"/>
            <trkpt lat="41.92539" lon="8.71629"/>
            <trkpt lat="41.92536" lon="8.71622"/>
            <trkpt lat="41.92527" lon="8.71596"/>
            <trkpt lat="41.92527" lon="8.71595"/>
            <trkpt lat="41.92521" lon="8.71573"/>
            <trkpt lat="41.92517" lon="8.71559"/>
            <trkpt lat="41.92512" lon="8.71547"/>
            <trkpt lat="41.92509" lon="8.71534"/>
            <trkpt lat="41.92508" lon="8.71522"/>
            <trkpt lat="41.92509" lon="8.71507"/>
            <trkpt lat="41.9251" lon="8.71499"/>
            <trkpt lat="41.92513" lon="8.7149"/>
            <trkpt lat="41.92515" lon="8.71484"/>
            <trkpt lat="41.92524" lon="8.71471"/>
            <trkpt lat="41.92554" lon="8.71434"/>
            <trkpt lat="41.92551" lon="8.71416"/>
            <trkpt lat="41.92547" lon="8.71403"/>
        </trkseg>
    </trk>
</gpx>
