<?xml version="1.0" encoding="UTF-8" standalone="yes"?>
<gpx xmlns="http://www.topografix.com/GPX/1/1" xmlns:tt="TT" version="1.1" creator="TomTom MyDrive">
    <wpt lat="42.331737" lon="9.491217">
        <type>TT_HARD</type>
    </wpt>
    <wpt lat="42.279616" lon="9.412339">
        <type>TT_HARD</type>
    </wpt>
    <wpt lat="42.236014" lon="9.328331">
        <type>TT_HARD</type>
    </wpt>
    <wpt lat="42.323845" lon="9.544296">
        <type>TT_HARD</type>
    </wpt>
    <rte>
        <name>6 agosto</name>
        <rtept lat="42.331737" lon="9.491217">
            <type>TT_HARD</type>
        </rtept>
        <rtept lat="42.279616" lon="9.412339">
            <type>TT_HARD</type>
        </rtept>
        <rtept lat="42.236014" lon="9.328331">
            <type>TT_HARD</type>
        </rtept>
        <rtept lat="42.323845" lon="9.544296">
            <type>TT_HARD</type>
        </rtept>
    </rte>
    <trk>
        <name>6 agosto</name>
        <trkseg>
            <trkpt lat="42.33174" lon="9.49122"/>
            <trkpt lat="42.33174" lon="9.49121"/>
            <trkpt lat="42.33185" lon="9.49123"/>
            <trkpt lat="42.33183" lon="9.4912"/>
            <trkpt lat="42.33181" lon="9.4911"/>
            <trkpt lat="42.33179" lon="9.49096"/>
            <trkpt lat="42.33171" lon="9.49064"/>
            <trkpt lat="42.33167" lon="9.49058"/>
            <trkpt lat="42.33157" lon="9.4905"/>
            <trkpt lat="42.33148" lon="9.49045"/>
            <trkpt lat="42.33134" lon="9.4903"/>
            <trkpt lat="42.3311" lon="9.49003"/>
            <trkpt lat="42.33097" lon="9.48991"/>
            <trkpt lat="42.33092" lon="9.48983"/>
            <trkpt lat="42.33091" lon="9.48974"/>
            <trkpt lat="42.33094" lon="9.48966"/>
            <trkpt lat="42.331" lon="9.48962"/>
            <trkpt lat="42.3311" lon="9.48955"/>
            <trkpt lat="42.33115" lon="9.48948"/>
            <trkpt lat="42.33116" lon="9.48935"/>
            <trkpt lat="42.33115" lon="9.48922"/>
            <trkpt lat="42.33114" lon="9.48913"/>
            <trkpt lat="42.33109" lon="9.48892"/>
            <trkpt lat="42.33103" lon="9.48876"/>
            <trkpt lat="42.33102" lon="9.48868"/>
            <trkpt lat="42.33101" lon="9.4886"/>
            <trkpt lat="42.33101" lon="9.48853"/>
            <trkpt lat="42.33101" lon="9.48849"/>
            <trkpt lat="42.33099" lon="9.48845"/>
            <trkpt lat="42.33096" lon="9.48843"/>
            <trkpt lat="42.33095" lon="9.48839"/>
            <trkpt lat="42.33093" lon="9.48837"/>
            <trkpt lat="42.33087" lon="9.48836"/>
            <trkpt lat="42.33078" lon="9.48838"/>
            <trkpt lat="42.33063" lon="9.48845"/>
            <trkpt lat="42.33033" lon="9.48847"/>
            <trkpt lat="42.32991" lon="9.48841"/>
            <trkpt lat="42.32964" lon="9.4884"/>
            <trkpt lat="42.32956" lon="9.48847"/>
            <trkpt lat="42.32936" lon="9.48908"/>
            <trkpt lat="42.32913" lon="9.48946"/>
            <trkpt lat="42.32898" lon="9.48957"/>
            <trkpt lat="42.32893" lon="9.48962"/>
            <trkpt lat="42.32879" lon="9.48967"/>
            <trkpt lat="42.32843" lon="9.4898"/>
            <trkpt lat="42.32835" lon="9.48986"/>
            <trkpt lat="42.32812" lon="9.49014"/>
            <trkpt lat="42.32789" lon="9.49031"/>
            <trkpt lat="42.32756" lon="9.49039"/>
            <trkpt lat="42.3273" lon="9.49044"/>
            <trkpt lat="42.32634" lon="9.49028"/>
            <trkpt lat="42.32617" lon="9.49029"/>
            <trkpt lat="42.32606" lon="9.49032"/>
            <trkpt lat="42.3258" lon="9.49039"/>
            <trkpt lat="42.32544" lon="9.49041"/>
            <trkpt lat="42.32533" lon="9.49039"/>
            <trkpt lat="42.32515" lon="9.49035"/>
            <trkpt lat="42.32454" lon="9.49019"/>
            <trkpt lat="42.32404" lon="9.49017"/>
            <trkpt lat="42.32377" lon="9.49011"/>
            <trkpt lat="42.32359" lon="9.49005"/>
            <trkpt lat="42.32349" lon="9.49004"/>
            <trkpt lat="42.32337" lon="9.49006"/>
            <trkpt lat="42.32317" lon="9.49012"/>
            <trkpt lat="42.32311" lon="9.49012"/>
            <trkpt lat="42.32306" lon="9.4901"/>
            <trkpt lat="42.32269" lon="9.48945"/>
            <trkpt lat="42.32267" lon="9.48942"/>
            <trkpt lat="42.32265" lon="9.48941"/>
            <trkpt lat="42.32263" lon="9.48941"/>
            <trkpt lat="42.32259" lon="9.48941"/>
            <trkpt lat="42.32251" lon="9.48945"/>
            <trkpt lat="42.32218" lon="9.48967"/>
            <trkpt lat="42.32209" lon="9.48967"/>
            <trkpt lat="42.32197" lon="9.48966"/>
            <trkpt lat="42.32167" lon="9.48955"/>
            <trkpt lat="42.32117" lon="9.48931"/>
            <trkpt lat="42.32064" lon="9.48898"/>
            <trkpt lat="42.32048" lon="9.48882"/>
            <trkpt lat="42.32042" lon="9.48874"/>
            <trkpt lat="42.32032" lon="9.48848"/>
            <trkpt lat="42.32024" lon="9.48817"/>
            <trkpt lat="42.3202" lon="9.48811"/>
            <trkpt lat="42.32012" lon="9.48808"/>
            <trkpt lat="42.31996" lon="9.48803"/>
            <trkpt lat="42.31959" lon="9.48798"/>
            <trkpt lat="42.31935" lon="9.48792"/>
            <trkpt lat="42.31934" lon="9.48791"/>
            <trkpt lat="42.319" lon="9.48778"/>
            <trkpt lat="42.31891" lon="9.48772"/>
            <trkpt lat="42.31881" lon="9.48764"/>
            <trkpt lat="42.31872" lon="9.48749"/>
            <trkpt lat="42.31868" lon="9.48742"/>
            <trkpt lat="42.31865" lon="9.48724"/>
            <trkpt lat="42.31865" lon="9.48712"/>
            <trkpt lat="42.31874" lon="9.48631"/>
            <trkpt lat="42.31878" lon="9.48614"/>
            <trkpt lat="42.31898" lon="9.48546"/>
            <trkpt lat="42.319" lon="9.48517"/>
            <trkpt lat="42.31897" lon="9.48502"/>
            <trkpt lat="42.31893" lon="9.48488"/>
            <trkpt lat="42.31885" lon="9.48471"/>
            <trkpt lat="42.31873" lon="9.48451"/>
            <trkpt lat="42.31855" lon="9.48414"/>
            <trkpt lat="42.31836" lon="9.48384"/>
            <trkpt lat="42.31787" lon="9.48296"/>
            <trkpt lat="42.31768" lon="9.48259"/>
            <trkpt lat="42.31749" lon="9.48213"/>
            <trkpt lat="42.31739" lon="9.48179"/>
            <trkpt lat="42.31728" lon="9.48112"/>
            <trkpt lat="42.31717" lon="9.48058"/>
            <trkpt lat="42.31716" lon="9.48042"/>
            <trkpt lat="42.31715" lon="9.48022"/>
            <trkpt lat="42.31717" lon="9.48004"/>
            <trkpt lat="42.31721" lon="9.47989"/>
            <trkpt lat="42.31741" lon="9.47954"/>
            <trkpt lat="42.31744" lon="9.47944"/>
            <trkpt lat="42.31746" lon="9.47933"/>
            <trkpt lat="42.31745" lon="9.47921"/>
            <trkpt lat="42.31742" lon="9.47909"/>
            <trkpt lat="42.31737" lon="9.47898"/>
            <trkpt lat="42.31728" lon="9.47893"/>
            <trkpt lat="42.31717" lon="9.47893"/>
            <trkpt lat="42.31715" lon="9.47893"/>
            <trkpt lat="42.31707" lon="9.47896"/>
            <trkpt lat="42.31694" lon="9.47904"/>
            <trkpt lat="42.3167" lon="9.47925"/>
            <trkpt lat="42.31659" lon="9.4794"/>
            <trkpt lat="42.31643" lon="9.47968"/>
            <trkpt lat="42.3163" lon="9.47994"/>
            <trkpt lat="42.31619" lon="9.4802"/>
            <trkpt lat="42.31608" lon="9.48066"/>
            <trkpt lat="42.31605" lon="9.48085"/>
            <trkpt lat="42.31599" lon="9.48117"/>
            <trkpt lat="42.31571" lon="9.48207"/>
            <trkpt lat="42.31551" lon="9.48263"/>
            <trkpt lat="42.31548" lon="9.48273"/>
            <trkpt lat="42.31546" lon="9.48285"/>
            <trkpt lat="42.31545" lon="9.48292"/>
            <trkpt lat="42.31545" lon="9.48295"/>
            <trkpt lat="42.31546" lon="9.48298"/>
            <trkpt lat="42.31548" lon="9.48304"/>
            <trkpt lat="42.31554" lon="9.48317"/>
            <trkpt lat="42.31558" lon="9.48328"/>
            <trkpt lat="42.31563" lon="9.48347"/>
            <trkpt lat="42.31565" lon="9.48358"/>
            <trkpt lat="42.31565" lon="9.48363"/>
            <trkpt lat="42.31565" lon="9.4837"/>
            <trkpt lat="42.31563" lon="9.48377"/>
            <trkpt lat="42.31561" lon="9.48381"/>
            <trkpt lat="42.31557" lon="9.48387"/>
            <trkpt lat="42.31555" lon="9.48389"/>
            <trkpt lat="42.31556" lon="9.48396"/>
            <trkpt lat="42.31556" lon="9.484"/>
            <trkpt lat="42.31556" lon="9.48403"/>
            <trkpt lat="42.31554" lon="9.48409"/>
            <trkpt lat="42.31552" lon="9.48414"/>
            <trkpt lat="42.31547" lon="9.48417"/>
            <trkpt lat="42.31521" lon="9.4843"/>
            <trkpt lat="42.315" lon="9.48448"/>
            <trkpt lat="42.31485" lon="9.48465"/>
            <trkpt lat="42.31471" lon="9.48485"/>
            <trkpt lat="42.3145" lon="9.48517"/>
            <trkpt lat="42.31441" lon="9.48521"/>
            <trkpt lat="42.31425" lon="9.48524"/>
            <trkpt lat="42.31402" lon="9.48525"/>
            <trkpt lat="42.31361" lon="9.48523"/>
            <trkpt lat="42.31352" lon="9.48519"/>
            <trkpt lat="42.31344" lon="9.48511"/>
            <trkpt lat="42.31312" lon="9.48466"/>
            <trkpt lat="42.31297" lon="9.48445"/>
            <trkpt lat="42.31286" lon="9.48431"/>
            <trkpt lat="42.31275" lon="9.4842"/>
            <trkpt lat="42.31244" lon="9.48398"/>
            <trkpt lat="42.31238" lon="9.48387"/>
            <trkpt lat="42.31234" lon="9.48373"/>
            <trkpt lat="42.3123" lon="9.48352"/>
            <trkpt lat="42.31225" lon="9.48333"/>
            <trkpt lat="42.31212" lon="9.48304"/>
            <trkpt lat="42.31195" lon="9.48279"/>
            <trkpt lat="42.31166" lon="9.48249"/>
            <trkpt lat="42.3114" lon="9.48225"/>
            <trkpt lat="42.31112" lon="9.48192"/>
            <trkpt lat="42.31104" lon="9.48167"/>
            <trkpt lat="42.31101" lon="9.48125"/>
            <trkpt lat="42.31099" lon="9.48104"/>
            <trkpt lat="42.31095" lon="9.48091"/>
            <trkpt lat="42.31088" lon="9.48086"/>
            <trkpt lat="42.31077" lon="9.48084"/>
            <trkpt lat="42.31072" lon="9.48087"/>
            <trkpt lat="42.31071" lon="9.48088"/>
            <trkpt lat="42.31066" lon="9.48094"/>
            <trkpt lat="42.3106" lon="9.48103"/>
            <trkpt lat="42.31052" lon="9.48118"/>
            <trkpt lat="42.31047" lon="9.48132"/>
            <trkpt lat="42.31043" lon="9.48148"/>
            <trkpt lat="42.31039" lon="9.48167"/>
            <trkpt lat="42.31038" lon="9.48216"/>
            <trkpt lat="42.31041" lon="9.48242"/>
            <trkpt lat="42.31045" lon="9.48264"/>
            <trkpt lat="42.31051" lon="9.48296"/>
            <trkpt lat="42.31051" lon="9.48308"/>
            <trkpt lat="42.31048" lon="9.48321"/>
            <trkpt lat="42.31033" lon="9.48343"/>
            <trkpt lat="42.31022" lon="9.48348"/>
            <trkpt lat="42.31007" lon="9.48352"/>
            <trkpt lat="42.30989" lon="9.48351"/>
            <trkpt lat="42.30971" lon="9.48348"/>
            <trkpt lat="42.30968" lon="9.48343"/>
            <trkpt lat="42.30957" lon="9.48325"/>
            <trkpt lat="42.30946" lon="9.48303"/>
            <trkpt lat="42.30938" lon="9.48294"/>
            <trkpt lat="42.30919" lon="9.4828"/>
            <trkpt lat="42.30906" lon="9.48264"/>
            <trkpt lat="42.30887" lon="9.48244"/>
            <trkpt lat="42.30882" lon="9.48235"/>
            <trkpt lat="42.30881" lon="9.48226"/>
            <trkpt lat="42.30879" lon="9.48211"/>
            <trkpt lat="42.3088" lon="9.48188"/>
            <trkpt lat="42.30878" lon="9.48181"/>
            <trkpt lat="42.3087" lon="9.48172"/>
            <trkpt lat="42.30866" lon="9.4817"/>
            <trkpt lat="42.30861" lon="9.48169"/>
            <trkpt lat="42.30855" lon="9.48169"/>
            <trkpt lat="42.30849" lon="9.48174"/>
            <trkpt lat="42.30844" lon="9.48184"/>
            <trkpt lat="42.30841" lon="9.48195"/>
            <trkpt lat="42.30835" lon="9.48233"/>
            <trkpt lat="42.30835" lon="9.48248"/>
            <trkpt lat="42.30843" lon="9.48296"/>
            <trkpt lat="42.30842" lon="9.48307"/>
            <trkpt lat="42.30839" lon="9.48321"/>
            <trkpt lat="42.30839" lon="9.48328"/>
            <trkpt lat="42.30832" lon="9.48352"/>
            <trkpt lat="42.30821" lon="9.48428"/>
            <trkpt lat="42.3082" lon="9.48443"/>
            <trkpt lat="42.30817" lon="9.48458"/>
            <trkpt lat="42.30813" lon="9.48485"/>
            <trkpt lat="42.30803" lon="9.48517"/>
            <trkpt lat="42.30791" lon="9.48546"/>
            <trkpt lat="42.30783" lon="9.48557"/>
            <trkpt lat="42.30769" lon="9.4857"/>
            <trkpt lat="42.30743" lon="9.48588"/>
            <trkpt lat="42.30738" lon="9.48596"/>
            <trkpt lat="42.3073" lon="9.48618"/>
            <trkpt lat="42.30713" lon="9.48662"/>
            <trkpt lat="42.30702" lon="9.48703"/>
            <trkpt lat="42.30702" lon="9.48712"/>
            <trkpt lat="42.30707" lon="9.48739"/>
            <trkpt lat="42.30711" lon="9.48778"/>
            <trkpt lat="42.3071" lon="9.48794"/>
            <trkpt lat="42.30704" lon="9.48811"/>
            <trkpt lat="42.30693" lon="9.48833"/>
            <trkpt lat="42.30665" lon="9.48879"/>
            <trkpt lat="42.30655" lon="9.48898"/>
            <trkpt lat="42.30645" lon="9.48911"/>
            <trkpt lat="42.30618" lon="9.48935"/>
            <trkpt lat="42.30603" lon="9.48941"/>
            <trkpt lat="42.30587" lon="9.48944"/>
            <trkpt lat="42.30566" lon="9.48942"/>
            <trkpt lat="42.30545" lon="9.48938"/>
            <trkpt lat="42.30534" lon="9.48934"/>
            <trkpt lat="42.30508" lon="9.48921"/>
            <trkpt lat="42.3049" lon="9.48914"/>
            <trkpt lat="42.30481" lon="9.48912"/>
            <trkpt lat="42.30474" lon="9.48914"/>
            <trkpt lat="42.3047" lon="9.48922"/>
            <trkpt lat="42.30469" lon="9.4894"/>
            <trkpt lat="42.3047" lon="9.48992"/>
            <trkpt lat="42.30467" lon="9.49016"/>
            <trkpt lat="42.30464" lon="9.49023"/>
            <trkpt lat="42.30459" lon="9.49032"/>
            <trkpt lat="42.3045" lon="9.49041"/>
            <trkpt lat="42.30422" lon="9.49054"/>
            <trkpt lat="42.30406" lon="9.49065"/>
            <trkpt lat="42.30399" lon="9.49073"/>
            <trkpt lat="42.30392" lon="9.49084"/>
            <trkpt lat="42.30382" lon="9.49097"/>
            <trkpt lat="42.30377" lon="9.49105"/>
            <trkpt lat="42.30373" lon="9.49117"/>
            <trkpt lat="42.30365" lon="9.49128"/>
            <trkpt lat="42.30357" lon="9.49135"/>
            <trkpt lat="42.30344" lon="9.49143"/>
            <trkpt lat="42.30308" lon="9.49158"/>
            <trkpt lat="42.3028" lon="9.49166"/>
            <trkpt lat="42.30262" lon="9.49167"/>
            <trkpt lat="42.30257" lon="9.49167"/>
            <trkpt lat="42.30234" lon="9.49158"/>
            <trkpt lat="42.30223" lon="9.49151"/>
            <trkpt lat="42.30212" lon="9.49148"/>
            <trkpt lat="42.30205" lon="9.49148"/>
            <trkpt lat="42.30184" lon="9.49155"/>
            <trkpt lat="42.30168" lon="9.49158"/>
            <trkpt lat="42.30156" lon="9.49157"/>
            <trkpt lat="42.30146" lon="9.49153"/>
            <trkpt lat="42.30127" lon="9.49141"/>
            <trkpt lat="42.30107" lon="9.4913"/>
            <trkpt lat="42.30091" lon="9.49125"/>
            <trkpt lat="42.30061" lon="9.49098"/>
            <trkpt lat="42.30042" lon="9.49083"/>
            <trkpt lat="42.30015" lon="9.49069"/>
            <trkpt lat="42.30009" lon="9.4906"/>
            <trkpt lat="42.30009" lon="9.49053"/>
            <trkpt lat="42.30011" lon="9.49048"/>
            <trkpt lat="42.30016" lon="9.49041"/>
            <trkpt lat="42.30026" lon="9.49023"/>
            <trkpt lat="42.30033" lon="9.49006"/>
            <trkpt lat="42.30034" lon="9.49001"/>
            <trkpt lat="42.30031" lon="9.48982"/>
            <trkpt lat="42.30018" lon="9.48956"/>
            <trkpt lat="42.30004" lon="9.48938"/>
            <trkpt lat="42.29974" lon="9.48894"/>
            <trkpt lat="42.29961" lon="9.48868"/>
            <trkpt lat="42.29956" lon="9.48858"/>
            <trkpt lat="42.29956" lon="9.4883"/>
            <trkpt lat="42.29957" lon="9.48812"/>
            <trkpt lat="42.29963" lon="9.48792"/>
            <trkpt lat="42.29967" lon="9.48767"/>
            <trkpt lat="42.2996" lon="9.48732"/>
            <trkpt lat="42.29954" lon="9.48687"/>
            <trkpt lat="42.29947" lon="9.48583"/>
            <trkpt lat="42.29942" lon="9.48552"/>
            <trkpt lat="42.29936" lon="9.48539"/>
            <trkpt lat="42.29928" lon="9.48531"/>
            <trkpt lat="42.29922" lon="9.48528"/>
            <trkpt lat="42.29909" lon="9.48526"/>
            <trkpt lat="42.29857" lon="9.48519"/>
            <trkpt lat="42.29851" lon="9.48519"/>
            <trkpt lat="42.29833" lon="9.48517"/>
            <trkpt lat="42.29804" lon="9.48515"/>
            <trkpt lat="42.29797" lon="9.48515"/>
            <trkpt lat="42.29793" lon="9.48518"/>
            <trkpt lat="42.29788" lon="9.48525"/>
            <trkpt lat="42.29785" lon="9.48532"/>
            <trkpt lat="42.29774" lon="9.48588"/>
            <trkpt lat="42.29775" lon="9.48609"/>
            <trkpt lat="42.29779" lon="9.48629"/>
            <trkpt lat="42.29785" lon="9.48653"/>
            <trkpt lat="42.29786" lon="9.48668"/>
            <trkpt lat="42.29786" lon="9.48685"/>
            <trkpt lat="42.29773" lon="9.48777"/>
            <trkpt lat="42.29773" lon="9.48799"/>
            <trkpt lat="42.29769" lon="9.48822"/>
            <trkpt lat="42.29767" lon="9.48845"/>
            <trkpt lat="42.29772" lon="9.48889"/>
            <trkpt lat="42.29771" lon="9.48905"/>
            <trkpt lat="42.29767" lon="9.48915"/>
            <trkpt lat="42.29736" lon="9.48951"/>
            <trkpt lat="42.29726" lon="9.48962"/>
            <trkpt lat="42.29694" lon="9.49008"/>
            <trkpt lat="42.29634" lon="9.49103"/>
            <trkpt lat="42.29612" lon="9.49131"/>
            <trkpt lat="42.29595" lon="9.49148"/>
            <trkpt lat="42.29585" lon="9.49156"/>
            <trkpt lat="42.29571" lon="9.49157"/>
            <trkpt lat="42.29556" lon="9.49153"/>
            <trkpt lat="42.29527" lon="9.49142"/>
            <trkpt lat="42.29489" lon="9.49121"/>
            <trkpt lat="42.29476" lon="9.49118"/>
            <trkpt lat="42.29429" lon="9.4912"/>
            <trkpt lat="42.29416" lon="9.49117"/>
            <trkpt lat="42.29403" lon="9.49111"/>
            <trkpt lat="42.29363" lon="9.49096"/>
            <trkpt lat="42.29355" lon="9.49094"/>
            <trkpt lat="42.2935" lon="9.49094"/>
            <trkpt lat="42.29347" lon="9.49095"/>
            <trkpt lat="42.29341" lon="9.49099"/>
            <trkpt lat="42.29317" lon="9.49126"/>
            <trkpt lat="42.29309" lon="9.49129"/>
            <trkpt lat="42.29297" lon="9.4913"/>
            <trkpt lat="42.29284" lon="9.49128"/>
            <trkpt lat="42.2927" lon="9.49122"/>
            <trkpt lat="42.29259" lon="9.49117"/>
            <trkpt lat="42.29253" lon="9.49113"/>
            <trkpt lat="42.29242" lon="9.49109"/>
            <trkpt lat="42.29234" lon="9.49109"/>
            <trkpt lat="42.29228" lon="9.49112"/>
            <trkpt lat="42.29222" lon="9.49116"/>
            <trkpt lat="42.29208" lon="9.49133"/>
            <trkpt lat="42.29199" lon="9.49137"/>
            <trkpt lat="42.29186" lon="9.49137"/>
            <trkpt lat="42.29177" lon="9.49134"/>
            <trkpt lat="42.29161" lon="9.49123"/>
            <trkpt lat="42.29157" lon="9.49118"/>
            <trkpt lat="42.29153" lon="9.49108"/>
            <trkpt lat="42.29148" lon="9.49097"/>
            <trkpt lat="42.29142" lon="9.49088"/>
            <trkpt lat="42.29134" lon="9.49084"/>
            <trkpt lat="42.29125" lon="9.49082"/>
            <trkpt lat="42.29116" lon="9.49084"/>
            <trkpt lat="42.29108" lon="9.4909"/>
            <trkpt lat="42.29092" lon="9.49108"/>
            <trkpt lat="42.29081" lon="9.49117"/>
            <trkpt lat="42.29067" lon="9.49119"/>
            <trkpt lat="42.2905" lon="9.49119"/>
            <trkpt lat="42.29039" lon="9.49115"/>
            <trkpt lat="42.29033" lon="9.49107"/>
            <trkpt lat="42.29014" lon="9.49066"/>
            <trkpt lat="42.29009" lon="9.49061"/>
            <trkpt lat="42.29002" lon="9.49058"/>
            <trkpt lat="42.28993" lon="9.49057"/>
            <trkpt lat="42.28986" lon="9.49059"/>
            <trkpt lat="42.28966" lon="9.49064"/>
            <trkpt lat="42.28961" lon="9.49065"/>
            <trkpt lat="42.28955" lon="9.49063"/>
            <trkpt lat="42.28951" lon="9.49059"/>
            <trkpt lat="42.28947" lon="9.49052"/>
            <trkpt lat="42.28944" lon="9.49043"/>
            <trkpt lat="42.28941" lon="9.49005"/>
            <trkpt lat="42.28937" lon="9.48986"/>
            <trkpt lat="42.28931" lon="9.48976"/>
            <trkpt lat="42.28923" lon="9.48967"/>
            <trkpt lat="42.28917" lon="9.48966"/>
            <trkpt lat="42.2891" lon="9.48968"/>
            <trkpt lat="42.28908" lon="9.4897"/>
            <trkpt lat="42.28903" lon="9.48976"/>
            <trkpt lat="42.28893" lon="9.48995"/>
            <trkpt lat="42.28877" lon="9.49028"/>
            <trkpt lat="42.28869" lon="9.49051"/>
            <trkpt lat="42.28865" lon="9.49067"/>
            <trkpt lat="42.28864" lon="9.49079"/>
            <trkpt lat="42.28865" lon="9.49102"/>
            <trkpt lat="42.28869" lon="9.49119"/>
            <trkpt lat="42.28871" lon="9.4913"/>
            <trkpt lat="42.28868" lon="9.49137"/>
            <trkpt lat="42.28863" lon="9.49142"/>
            <trkpt lat="42.28855" lon="9.49147"/>
            <trkpt lat="42.28846" lon="9.49149"/>
            <trkpt lat="42.28844" lon="9.49149"/>
            <trkpt lat="42.28833" lon="9.49148"/>
            <trkpt lat="42.28826" lon="9.49141"/>
            <trkpt lat="42.28791" lon="9.49096"/>
            <trkpt lat="42.2878" lon="9.49086"/>
            <trkpt lat="42.28769" lon="9.49078"/>
            <trkpt lat="42.28728" lon="9.49058"/>
            <trkpt lat="42.28721" lon="9.49052"/>
            <trkpt lat="42.28715" lon="9.49043"/>
            <trkpt lat="42.28708" lon="9.49031"/>
            <trkpt lat="42.28699" lon="9.49007"/>
            <trkpt lat="42.28697" lon="9.48998"/>
            <trkpt lat="42.28696" lon="9.48983"/>
            <trkpt lat="42.28699" lon="9.48945"/>
            <trkpt lat="42.28699" lon="9.48926"/>
            <trkpt lat="42.28696" lon="9.48919"/>
            <trkpt lat="42.28689" lon="9.48914"/>
            <trkpt lat="42.28662" lon="9.48908"/>
            <trkpt lat="42.28653" lon="9.48904"/>
            <trkpt lat="42.28644" lon="9.48894"/>
            <trkpt lat="42.28627" lon="9.4887"/>
            <trkpt lat="42.28619" lon="9.48861"/>
            <trkpt lat="42.28612" lon="9.48854"/>
            <trkpt lat="42.28604" lon="9.48849"/>
            <trkpt lat="42.28578" lon="9.48838"/>
            <trkpt lat="42.28566" lon="9.48832"/>
            <trkpt lat="42.28546" lon="9.48815"/>
            <trkpt lat="42.2854" lon="9.48808"/>
            <trkpt lat="42.28533" lon="9.48796"/>
            <trkpt lat="42.28527" lon="9.48782"/>
            <trkpt lat="42.2852" lon="9.48762"/>
            <trkpt lat="42.28516" lon="9.48752"/>
            <trkpt lat="42.28511" lon="9.48743"/>
            <trkpt lat="42.28501" lon="9.48732"/>
            <trkpt lat="42.285" lon="9.48729"/>
            <trkpt lat="42.28489" lon="9.48709"/>
            <trkpt lat="42.28482" lon="9.48684"/>
            <trkpt lat="42.2848" lon="9.48661"/>
            <trkpt lat="42.28477" lon="9.48641"/>
            <trkpt lat="42.28474" lon="9.48636"/>
            <trkpt lat="42.28471" lon="9.48633"/>
            <trkpt lat="42.28467" lon="9.48633"/>
            <trkpt lat="42.28465" lon="9.48633"/>
            <trkpt lat="42.28458" lon="9.48636"/>
            <trkpt lat="42.2843" lon="9.48657"/>
            <trkpt lat="42.28424" lon="9.4866"/>
            <trkpt lat="42.28418" lon="9.48662"/>
            <trkpt lat="42.2841" lon="9.48663"/>
            <trkpt lat="42.28405" lon="9.48662"/>
            <trkpt lat="42.28399" lon="9.48659"/>
            <trkpt lat="42.2839" lon="9.48651"/>
            <trkpt lat="42.28409" lon="9.48654"/>
            <trkpt lat="42.28417" lon="9.48654"/>
            <trkpt lat="42.28427" lon="9.4865"/>
            <trkpt lat="42.28438" lon="9.48642"/>
            <trkpt lat="42.28458" lon="9.48599"/>
            <trkpt lat="42.28462" lon="9.48591"/>
            <trkpt lat="42.28469" lon="9.48586"/>
            <trkpt lat="42.28474" lon="9.48585"/>
            <trkpt lat="42.28481" lon="9.48588"/>
            <trkpt lat="42.2849" lon="9.48602"/>
            <trkpt lat="42.28513" lon="9.48641"/>
            <trkpt lat="42.28531" lon="9.4866"/>
            <trkpt lat="42.28544" lon="9.48673"/>
            <trkpt lat="42.28558" lon="9.48691"/>
            <trkpt lat="42.28567" lon="9.487"/>
            <trkpt lat="42.2858" lon="9.48706"/>
            <trkpt lat="42.28595" lon="9.48708"/>
            <trkpt lat="42.28609" lon="9.48705"/>
            <trkpt lat="42.28622" lon="9.48696"/>
            <trkpt lat="42.2863" lon="9.48682"/>
            <trkpt lat="42.28632" lon="9.48671"/>
            <trkpt lat="42.28631" lon="9.48655"/>
            <trkpt lat="42.28611" lon="9.48594"/>
            <trkpt lat="42.28603" lon="9.48558"/>
            <trkpt lat="42.28595" lon="9.48521"/>
            <trkpt lat="42.28582" lon="9.48472"/>
            <trkpt lat="42.28573" lon="9.48415"/>
            <trkpt lat="42.28567" lon="9.4837"/>
            <trkpt lat="42.28566" lon="9.48345"/>
            <trkpt lat="42.28559" lon="9.48279"/>
            <trkpt lat="42.28559" lon="9.48263"/>
            <trkpt lat="42.28569" lon="9.48201"/>
            <trkpt lat="42.28573" lon="9.48188"/>
            <trkpt lat="42.28582" lon="9.48167"/>
            <trkpt lat="42.28594" lon="9.48143"/>
            <trkpt lat="42.2861" lon="9.4812"/>
            <trkpt lat="42.28628" lon="9.481"/>
            <trkpt lat="42.28641" lon="9.48082"/>
            <trkpt lat="42.28648" lon="9.48067"/>
            <trkpt lat="42.28664" lon="9.48007"/>
            <trkpt lat="42.28672" lon="9.47983"/>
            <trkpt lat="42.2868" lon="9.47966"/>
            <trkpt lat="42.28686" lon="9.47955"/>
            <trkpt lat="42.28709" lon="9.47933"/>
            <trkpt lat="42.28725" lon="9.47916"/>
            <trkpt lat="42.28731" lon="9.47904"/>
            <trkpt lat="42.28733" lon="9.47861"/>
            <trkpt lat="42.28733" lon="9.47842"/>
            <trkpt lat="42.28734" lon="9.47828"/>
            <trkpt lat="42.28739" lon="9.47819"/>
            <trkpt lat="42.28746" lon="9.47815"/>
            <trkpt lat="42.28758" lon="9.47816"/>
            <trkpt lat="42.28762" lon="9.47818"/>
            <trkpt lat="42.28774" lon="9.47821"/>
            <trkpt lat="42.28782" lon="9.47819"/>
            <trkpt lat="42.28789" lon="9.47813"/>
            <trkpt lat="42.28792" lon="9.47807"/>
            <trkpt lat="42.28801" lon="9.47777"/>
            <trkpt lat="42.28805" lon="9.47754"/>
            <trkpt lat="42.28813" lon="9.47738"/>
            <trkpt lat="42.28824" lon="9.47724"/>
            <trkpt lat="42.28859" lon="9.47693"/>
            <trkpt lat="42.28867" lon="9.47677"/>
            <trkpt lat="42.2887" lon="9.47667"/>
            <trkpt lat="42.28871" lon="9.47657"/>
            <trkpt lat="42.28868" lon="9.47628"/>
            <trkpt lat="42.28863" lon="9.47604"/>
            <trkpt lat="42.28845" lon="9.47566"/>
            <trkpt lat="42.28813" lon="9.47523"/>
            <trkpt lat="42.28801" lon="9.47506"/>
            <trkpt lat="42.28787" lon="9.4748"/>
            <trkpt lat="42.28778" lon="9.4747"/>
            <trkpt lat="42.28769" lon="9.47454"/>
            <trkpt lat="42.28768" lon="9.4744"/>
            <trkpt lat="42.2877" lon="9.47431"/>
            <trkpt lat="42.28794" lon="9.47382"/>
            <trkpt lat="42.28799" lon="9.47366"/>
            <trkpt lat="42.288" lon="9.47352"/>
            <trkpt lat="42.28795" lon="9.47329"/>
            <trkpt lat="42.2879" lon="9.47316"/>
            <trkpt lat="42.28783" lon="9.47305"/>
            <trkpt lat="42.28777" lon="9.473"/>
            <trkpt lat="42.28758" lon="9.47291"/>
            <trkpt lat="42.28713" lon="9.47258"/>
            <trkpt lat="42.28681" lon="9.47228"/>
            <trkpt lat="42.28678" lon="9.47216"/>
            <trkpt lat="42.28676" lon="9.47204"/>
            <trkpt lat="42.28678" lon="9.47198"/>
            <trkpt lat="42.28681" lon="9.47188"/>
            <trkpt lat="42.28694" lon="9.47181"/>
            <trkpt lat="42.28743" lon="9.47179"/>
            <trkpt lat="42.28755" lon="9.47176"/>
            <trkpt lat="42.28763" lon="9.4717"/>
            <trkpt lat="42.28776" lon="9.47166"/>
            <trkpt lat="42.28785" lon="9.47167"/>
            <trkpt lat="42.28794" lon="9.47171"/>
            <trkpt lat="42.28811" lon="9.47184"/>
            <trkpt lat="42.28838" lon="9.47192"/>
            <trkpt lat="42.28846" lon="9.47192"/>
            <trkpt lat="42.28853" lon="9.47189"/>
            <trkpt lat="42.28859" lon="9.47182"/>
            <trkpt lat="42.28885" lon="9.47156"/>
            <trkpt lat="42.28918" lon="9.47138"/>
            <trkpt lat="42.28923" lon="9.47138"/>
            <trkpt lat="42.28934" lon="9.4714"/>
            <trkpt lat="42.28939" lon="9.47147"/>
            <trkpt lat="42.28947" lon="9.47181"/>
            <trkpt lat="42.28955" lon="9.47187"/>
            <trkpt lat="42.28963" lon="9.47187"/>
            <trkpt lat="42.28974" lon="9.47184"/>
            <trkpt lat="42.28991" lon="9.47177"/>
            <trkpt lat="42.29005" lon="9.47166"/>
            <trkpt lat="42.29015" lon="9.47164"/>
            <trkpt lat="42.29026" lon="9.47166"/>
            <trkpt lat="42.29031" lon="9.47168"/>
            <trkpt lat="42.29036" lon="9.47176"/>
            <trkpt lat="42.29039" lon="9.47187"/>
            <trkpt lat="42.29039" lon="9.47215"/>
            <trkpt lat="42.29031" lon="9.47276"/>
            <trkpt lat="42.29029" lon="9.47289"/>
            <trkpt lat="42.29012" lon="9.47326"/>
            <trkpt lat="42.29004" lon="9.47345"/>
            <trkpt lat="42.29001" lon="9.47358"/>
            <trkpt lat="42.29001" lon="9.47366"/>
            <trkpt lat="42.29002" lon="9.47373"/>
            <trkpt lat="42.29007" lon="9.47377"/>
            <trkpt lat="42.2902" lon="9.47379"/>
            <trkpt lat="42.29028" lon="9.47378"/>
            <trkpt lat="42.29052" lon="9.47381"/>
            <trkpt lat="42.29062" lon="9.47388"/>
            <trkpt lat="42.29069" lon="9.47394"/>
            <trkpt lat="42.29078" lon="9.47407"/>
            <trkpt lat="42.29084" lon="9.47422"/>
            <trkpt lat="42.29087" lon="9.47429"/>
            <trkpt lat="42.29092" lon="9.47446"/>
            <trkpt lat="42.29099" lon="9.47462"/>
            <trkpt lat="42.29104" lon="9.47471"/>
            <trkpt lat="42.29107" lon="9.47476"/>
            <trkpt lat="42.2911" lon="9.47482"/>
            <trkpt lat="42.29116" lon="9.47486"/>
            <trkpt lat="42.29123" lon="9.47484"/>
            <trkpt lat="42.29127" lon="9.4747"/>
            <trkpt lat="42.29128" lon="9.47466"/>
            <trkpt lat="42.29126" lon="9.47456"/>
            <trkpt lat="42.29114" lon="9.47377"/>
            <trkpt lat="42.29108" lon="9.4732"/>
            <trkpt lat="42.29093" lon="9.47222"/>
            <trkpt lat="42.29093" lon="9.47204"/>
            <trkpt lat="42.29096" lon="9.47182"/>
            <trkpt lat="42.29099" lon="9.47172"/>
            <trkpt lat="42.29107" lon="9.47153"/>
            <trkpt lat="42.2914" lon="9.471"/>
            <trkpt lat="42.29144" lon="9.47088"/>
            <trkpt lat="42.29144" lon="9.47078"/>
            <trkpt lat="42.29143" lon="9.47069"/>
            <trkpt lat="42.2913" lon="9.47028"/>
            <trkpt lat="42.29129" lon="9.47021"/>
            <trkpt lat="42.29126" lon="9.47009"/>
            <trkpt lat="42.29124" lon="9.46986"/>
            <trkpt lat="42.29123" lon="9.46968"/>
            <trkpt lat="42.29128" lon="9.46932"/>
            <trkpt lat="42.29134" lon="9.4689"/>
            <trkpt lat="42.29135" lon="9.46784"/>
            <trkpt lat="42.29132" lon="9.46682"/>
            <trkpt lat="42.29133" lon="9.46667"/>
            <trkpt lat="42.29143" lon="9.4661"/>
            <trkpt lat="42.29144" lon="9.46592"/>
            <trkpt lat="42.29142" lon="9.4655"/>
            <trkpt lat="42.29142" lon="9.46537"/>
            <trkpt lat="42.29142" lon="9.46525"/>
            <trkpt lat="42.29144" lon="9.46517"/>
            <trkpt lat="42.29147" lon="9.46511"/>
            <trkpt lat="42.29149" lon="9.46507"/>
            <trkpt lat="42.29166" lon="9.46498"/>
            <trkpt lat="42.29177" lon="9.4649"/>
            <trkpt lat="42.29186" lon="9.46478"/>
            <trkpt lat="42.29195" lon="9.4647"/>
            <trkpt lat="42.29225" lon="9.4645"/>
            <trkpt lat="42.29234" lon="9.46441"/>
            <trkpt lat="42.29245" lon="9.46421"/>
            <trkpt lat="42.29254" lon="9.46402"/>
            <trkpt lat="42.29264" lon="9.46382"/>
            <trkpt lat="42.29271" lon="9.46374"/>
            <trkpt lat="42.29291" lon="9.46361"/>
            <trkpt lat="42.293" lon="9.46353"/>
            <trkpt lat="42.29302" lon="9.4635"/>
            <trkpt lat="42.29303" lon="9.46346"/>
            <trkpt lat="42.29302" lon="9.46339"/>
            <trkpt lat="42.29299" lon="9.46335"/>
            <trkpt lat="42.29293" lon="9.46331"/>
            <trkpt lat="42.29269" lon="9.4632"/>
            <trkpt lat="42.29256" lon="9.46313"/>
            <trkpt lat="42.29243" lon="9.46301"/>
            <trkpt lat="42.2923" lon="9.4629"/>
            <trkpt lat="42.2922" lon="9.46284"/>
            <trkpt lat="42.29181" lon="9.4627"/>
            <trkpt lat="42.29167" lon="9.46263"/>
            <trkpt lat="42.29157" lon="9.46257"/>
            <trkpt lat="42.29148" lon="9.46249"/>
            <trkpt lat="42.29135" lon="9.46234"/>
            <trkpt lat="42.29108" lon="9.46195"/>
            <trkpt lat="42.29102" lon="9.46179"/>
            <trkpt lat="42.291" lon="9.46169"/>
            <trkpt lat="42.291" lon="9.4616"/>
            <trkpt lat="42.29104" lon="9.46104"/>
            <trkpt lat="42.29105" lon="9.46095"/>
            <trkpt lat="42.29107" lon="9.4609"/>
            <trkpt lat="42.2911" lon="9.46085"/>
            <trkpt lat="42.29115" lon="9.46081"/>
            <trkpt lat="42.29118" lon="9.46079"/>
            <trkpt lat="42.29124" lon="9.46079"/>
            <trkpt lat="42.29132" lon="9.46079"/>
            <trkpt lat="42.29147" lon="9.46085"/>
            <trkpt lat="42.29159" lon="9.46092"/>
            <trkpt lat="42.29167" lon="9.46094"/>
            <trkpt lat="42.29174" lon="9.46094"/>
            <trkpt lat="42.29199" lon="9.46081"/>
            <trkpt lat="42.29211" lon="9.46077"/>
            <trkpt lat="42.29253" lon="9.46062"/>
            <trkpt lat="42.29257" lon="9.4606"/>
            <trkpt lat="42.2926" lon="9.46056"/>
            <trkpt lat="42.29264" lon="9.46051"/>
            <trkpt lat="42.29265" lon="9.46042"/>
            <trkpt lat="42.29263" lon="9.46028"/>
            <trkpt lat="42.29256" lon="9.45996"/>
            <trkpt lat="42.29251" lon="9.4598"/>
            <trkpt lat="42.29248" lon="9.45956"/>
            <trkpt lat="42.29247" lon="9.45945"/>
            <trkpt lat="42.29248" lon="9.45927"/>
            <trkpt lat="42.29251" lon="9.45905"/>
            <trkpt lat="42.29253" lon="9.45897"/>
            <trkpt lat="42.29258" lon="9.4589"/>
            <trkpt lat="42.29263" lon="9.45886"/>
            <trkpt lat="42.2927" lon="9.45883"/>
            <trkpt lat="42.29354" lon="9.45899"/>
            <trkpt lat="42.29361" lon="9.45902"/>
            <trkpt lat="42.29368" lon="9.45908"/>
            <trkpt lat="42.29374" lon="9.45911"/>
            <trkpt lat="42.2938" lon="9.45911"/>
            <trkpt lat="42.29405" lon="9.45905"/>
            <trkpt lat="42.29432" lon="9.4589"/>
            <trkpt lat="42.29454" lon="9.45888"/>
            <trkpt lat="42.29463" lon="9.45886"/>
            <trkpt lat="42.29472" lon="9.4588"/>
            <trkpt lat="42.29489" lon="9.45868"/>
            <trkpt lat="42.29493" lon="9.45862"/>
            <trkpt lat="42.29495" lon="9.45853"/>
            <trkpt lat="42.29493" lon="9.45844"/>
            <trkpt lat="42.29484" lon="9.45836"/>
            <trkpt lat="42.29482" lon="9.45834"/>
            <trkpt lat="42.29465" lon="9.45814"/>
            <trkpt lat="42.29449" lon="9.45788"/>
            <trkpt lat="42.29419" lon="9.45724"/>
            <trkpt lat="42.29416" lon="9.45714"/>
            <trkpt lat="42.29416" lon="9.45699"/>
            <trkpt lat="42.29418" lon="9.45687"/>
            <trkpt lat="42.29433" lon="9.45656"/>
            <trkpt lat="42.29438" lon="9.45631"/>
            <trkpt lat="42.29443" lon="9.45613"/>
            <trkpt lat="42.29449" lon="9.456"/>
            <trkpt lat="42.29462" lon="9.45582"/>
            <trkpt lat="42.29466" lon="9.45573"/>
            <trkpt lat="42.29466" lon="9.45561"/>
            <trkpt lat="42.29461" lon="9.45529"/>
            <trkpt lat="42.29464" lon="9.45517"/>
            <trkpt lat="42.29476" lon="9.45494"/>
            <trkpt lat="42.29478" lon="9.45479"/>
            <trkpt lat="42.29476" lon="9.45465"/>
            <trkpt lat="42.29471" lon="9.45458"/>
            <trkpt lat="42.29447" lon="9.45434"/>
            <trkpt lat="42.29438" lon="9.45421"/>
            <trkpt lat="42.29433" lon="9.45404"/>
            <trkpt lat="42.29425" lon="9.4537"/>
            <trkpt lat="42.29422" lon="9.45341"/>
            <trkpt lat="42.29421" lon="9.45294"/>
            <trkpt lat="42.29419" lon="9.45276"/>
            <trkpt lat="42.29412" lon="9.4525"/>
            <trkpt lat="42.29409" lon="9.4524"/>
            <trkpt lat="42.29403" lon="9.4521"/>
            <trkpt lat="42.29401" lon="9.4519"/>
            <trkpt lat="42.29401" lon="9.45129"/>
            <trkpt lat="42.29403" lon="9.45109"/>
            <trkpt lat="42.29406" lon="9.45101"/>
            <trkpt lat="42.29422" lon="9.45085"/>
            <trkpt lat="42.29425" lon="9.45077"/>
            <trkpt lat="42.29427" lon="9.45064"/>
            <trkpt lat="42.29424" lon="9.4505"/>
            <trkpt lat="42.29396" lon="9.44979"/>
            <trkpt lat="42.29394" lon="9.44966"/>
            <trkpt lat="42.29396" lon="9.44922"/>
            <trkpt lat="42.29394" lon="9.4491"/>
            <trkpt lat="42.29385" lon="9.44892"/>
            <trkpt lat="42.2938" lon="9.44883"/>
            <trkpt lat="42.29374" lon="9.4488"/>
            <trkpt lat="42.29366" lon="9.4488"/>
            <trkpt lat="42.29303" lon="9.44907"/>
            <trkpt lat="42.29292" lon="9.44917"/>
            <trkpt lat="42.29286" lon="9.44927"/>
            <trkpt lat="42.29275" lon="9.44971"/>
            <trkpt lat="42.2927" lon="9.44986"/>
            <trkpt lat="42.29257" lon="9.45017"/>
            <trkpt lat="42.29251" lon="9.45038"/>
            <trkpt lat="42.29244" lon="9.45089"/>
            <trkpt lat="42.2924" lon="9.45103"/>
            <trkpt lat="42.29227" lon="9.45123"/>
            <trkpt lat="42.29216" lon="9.45133"/>
            <trkpt lat="42.29208" lon="9.45137"/>
            <trkpt lat="42.29199" lon="9.45137"/>
            <trkpt lat="42.29192" lon="9.45134"/>
            <trkpt lat="42.29175" lon="9.45111"/>
            <trkpt lat="42.29171" lon="9.4511"/>
            <trkpt lat="42.29168" lon="9.45109"/>
            <trkpt lat="42.29132" lon="9.45121"/>
            <trkpt lat="42.29127" lon="9.45119"/>
            <trkpt lat="42.29123" lon="9.45114"/>
            <trkpt lat="42.2912" lon="9.45105"/>
            <trkpt lat="42.29117" lon="9.45088"/>
            <trkpt lat="42.29114" lon="9.4508"/>
            <trkpt lat="42.29111" lon="9.45076"/>
            <trkpt lat="42.29108" lon="9.45075"/>
            <trkpt lat="42.29105" lon="9.45075"/>
            <trkpt lat="42.29074" lon="9.45092"/>
            <trkpt lat="42.29038" lon="9.45116"/>
            <trkpt lat="42.29027" lon="9.4512"/>
            <trkpt lat="42.29019" lon="9.45122"/>
            <trkpt lat="42.29007" lon="9.45122"/>
            <trkpt lat="42.28995" lon="9.45118"/>
            <trkpt lat="42.28966" lon="9.45102"/>
            <trkpt lat="42.28955" lon="9.45098"/>
            <trkpt lat="42.28946" lon="9.45098"/>
            <trkpt lat="42.28911" lon="9.45114"/>
            <trkpt lat="42.28902" lon="9.45113"/>
            <trkpt lat="42.28895" lon="9.45108"/>
            <trkpt lat="42.28891" lon="9.45102"/>
            <trkpt lat="42.28891" lon="9.45093"/>
            <trkpt lat="42.28901" lon="9.45072"/>
            <trkpt lat="42.2892" lon="9.45026"/>
            <trkpt lat="42.28926" lon="9.45014"/>
            <trkpt lat="42.28934" lon="9.45003"/>
            <trkpt lat="42.28944" lon="9.44994"/>
            <trkpt lat="42.28955" lon="9.44981"/>
            <trkpt lat="42.28956" lon="9.44975"/>
            <trkpt lat="42.28956" lon="9.44966"/>
            <trkpt lat="42.28955" lon="9.44957"/>
            <trkpt lat="42.28952" lon="9.44949"/>
            <trkpt lat="42.28941" lon="9.44937"/>
            <trkpt lat="42.28908" lon="9.44908"/>
            <trkpt lat="42.28864" lon="9.44875"/>
            <trkpt lat="42.28856" lon="9.44868"/>
            <trkpt lat="42.28848" lon="9.44863"/>
            <trkpt lat="42.2884" lon="9.44861"/>
            <trkpt lat="42.28833" lon="9.44863"/>
            <trkpt lat="42.28817" lon="9.44871"/>
            <trkpt lat="42.28793" lon="9.44891"/>
            <trkpt lat="42.28776" lon="9.44912"/>
            <trkpt lat="42.28764" lon="9.44925"/>
            <trkpt lat="42.28757" lon="9.44926"/>
            <trkpt lat="42.28752" lon="9.44921"/>
            <trkpt lat="42.28746" lon="9.44913"/>
            <trkpt lat="42.28732" lon="9.44847"/>
            <trkpt lat="42.28725" lon="9.44842"/>
            <trkpt lat="42.28717" lon="9.44842"/>
            <trkpt lat="42.28709" lon="9.44851"/>
            <trkpt lat="42.28643" lon="9.44985"/>
            <trkpt lat="42.28633" lon="9.44994"/>
            <trkpt lat="42.28623" lon="9.44996"/>
            <trkpt lat="42.28617" lon="9.44994"/>
            <trkpt lat="42.2861" lon="9.44989"/>
            <trkpt lat="42.28593" lon="9.44968"/>
            <trkpt lat="42.28584" lon="9.44964"/>
            <trkpt lat="42.2857" lon="9.44963"/>
            <trkpt lat="42.28513" lon="9.44973"/>
            <trkpt lat="42.28498" lon="9.44967"/>
            <trkpt lat="42.28485" lon="9.44958"/>
            <trkpt lat="42.28472" lon="9.44944"/>
            <trkpt lat="42.28467" lon="9.44928"/>
            <trkpt lat="42.28471" lon="9.44901"/>
            <trkpt lat="42.28476" lon="9.44883"/>
            <trkpt lat="42.28497" lon="9.44837"/>
            <trkpt lat="42.285" lon="9.44824"/>
            <trkpt lat="42.285" lon="9.44819"/>
            <trkpt lat="42.28496" lon="9.44807"/>
            <trkpt lat="42.2849" lon="9.44796"/>
            <trkpt lat="42.28476" lon="9.44782"/>
            <trkpt lat="42.28461" lon="9.44772"/>
            <trkpt lat="42.28449" lon="9.44772"/>
            <trkpt lat="42.28426" lon="9.44778"/>
            <trkpt lat="42.28389" lon="9.44794"/>
            <trkpt lat="42.28369" lon="9.44795"/>
            <trkpt lat="42.28361" lon="9.44788"/>
            <trkpt lat="42.28352" lon="9.44777"/>
            <trkpt lat="42.28338" lon="9.44755"/>
            <trkpt lat="42.28326" lon="9.44746"/>
            <trkpt lat="42.28311" lon="9.44739"/>
            <trkpt lat="42.28286" lon="9.44721"/>
            <trkpt lat="42.28272" lon="9.44695"/>
            <trkpt lat="42.28266" lon="9.44675"/>
            <trkpt lat="42.28264" lon="9.44655"/>
            <trkpt lat="42.28267" lon="9.44627"/>
            <trkpt lat="42.28276" lon="9.44602"/>
            <trkpt lat="42.28298" lon="9.44545"/>
            <trkpt lat="42.28301" lon="9.44519"/>
            <trkpt lat="42.28295" lon="9.44507"/>
            <trkpt lat="42.28287" lon="9.44498"/>
            <trkpt lat="42.28271" lon="9.44485"/>
            <trkpt lat="42.28221" lon="9.44457"/>
            <trkpt lat="42.28198" lon="9.44449"/>
            <trkpt lat="42.28136" lon="9.44433"/>
            <trkpt lat="42.28121" lon="9.44427"/>
            <trkpt lat="42.28115" lon="9.44419"/>
            <trkpt lat="42.28112" lon="9.44407"/>
            <trkpt lat="42.28111" lon="9.44392"/>
            <trkpt lat="42.28111" lon="9.44371"/>
            <trkpt lat="42.28108" lon="9.44351"/>
            <trkpt lat="42.28105" lon="9.44343"/>
            <trkpt lat="42.28096" lon="9.44335"/>
            <trkpt lat="42.2808" lon="9.44323"/>
            <trkpt lat="42.28062" lon="9.44318"/>
            <trkpt lat="42.2804" lon="9.44315"/>
            <trkpt lat="42.27918" lon="9.44323"/>
            <trkpt lat="42.27907" lon="9.44321"/>
            <trkpt lat="42.27896" lon="9.44316"/>
            <trkpt lat="42.27877" lon="9.44292"/>
            <trkpt lat="42.27867" lon="9.44276"/>
            <trkpt lat="42.27854" lon="9.44266"/>
            <trkpt lat="42.27834" lon="9.4425"/>
            <trkpt lat="42.27821" lon="9.44235"/>
            <trkpt lat="42.27817" lon="9.44227"/>
            <trkpt lat="42.27815" lon="9.44217"/>
            <trkpt lat="42.27816" lon="9.44204"/>
            <trkpt lat="42.2782" lon="9.44189"/>
            <trkpt lat="42.27823" lon="9.44179"/>
            <trkpt lat="42.27825" lon="9.44169"/>
            <trkpt lat="42.27823" lon="9.4413"/>
            <trkpt lat="42.27824" lon="9.44121"/>
            <trkpt lat="42.27827" lon="9.44113"/>
            <trkpt lat="42.27831" lon="9.44108"/>
            <trkpt lat="42.27838" lon="9.44107"/>
            <trkpt lat="42.27847" lon="9.44107"/>
            <trkpt lat="42.27905" lon="9.44124"/>
            <trkpt lat="42.27915" lon="9.44125"/>
            <trkpt lat="42.27922" lon="9.44122"/>
            <trkpt lat="42.27926" lon="9.44118"/>
            <trkpt lat="42.2793" lon="9.44112"/>
            <trkpt lat="42.27932" lon="9.44104"/>
            <trkpt lat="42.27932" lon="9.44094"/>
            <trkpt lat="42.2793" lon="9.4408"/>
            <trkpt lat="42.27922" lon="9.44066"/>
            <trkpt lat="42.27895" lon="9.44032"/>
            <trkpt lat="42.27888" lon="9.44021"/>
            <trkpt lat="42.27885" lon="9.44013"/>
            <trkpt lat="42.27878" lon="9.43993"/>
            <trkpt lat="42.27877" lon="9.43976"/>
            <trkpt lat="42.27879" lon="9.43957"/>
            <trkpt lat="42.27882" lon="9.43951"/>
            <trkpt lat="42.27888" lon="9.43945"/>
            <trkpt lat="42.27893" lon="9.43942"/>
            <trkpt lat="42.27904" lon="9.43938"/>
            <trkpt lat="42.27918" lon="9.43931"/>
            <trkpt lat="42.27935" lon="9.43917"/>
            <trkpt lat="42.27946" lon="9.43905"/>
            <trkpt lat="42.27984" lon="9.43863"/>
            <trkpt lat="42.27992" lon="9.43859"/>
            <trkpt lat="42.28" lon="9.43857"/>
            <trkpt lat="42.28006" lon="9.43859"/>
            <trkpt lat="42.2803" lon="9.43873"/>
            <trkpt lat="42.28039" lon="9.43877"/>
            <trkpt lat="42.28045" lon="9.43876"/>
            <trkpt lat="42.28052" lon="9.43873"/>
            <trkpt lat="42.28078" lon="9.4385"/>
            <trkpt lat="42.28088" lon="9.43845"/>
            <trkpt lat="42.28097" lon="9.43843"/>
            <trkpt lat="42.28109" lon="9.43844"/>
            <trkpt lat="42.2813" lon="9.43849"/>
            <trkpt lat="42.2817" lon="9.43865"/>
            <trkpt lat="42.28189" lon="9.4387"/>
            <trkpt lat="42.28199" lon="9.43869"/>
            <trkpt lat="42.28206" lon="9.43867"/>
            <trkpt lat="42.28212" lon="9.43861"/>
            <trkpt lat="42.28214" lon="9.43852"/>
            <trkpt lat="42.28213" lon="9.43843"/>
            <trkpt lat="42.28156" lon="9.43759"/>
            <trkpt lat="42.28123" lon="9.4372"/>
            <trkpt lat="42.28078" lon="9.43681"/>
            <trkpt lat="42.28072" lon="9.43672"/>
            <trkpt lat="42.28069" lon="9.43663"/>
            <trkpt lat="42.28069" lon="9.43654"/>
            <trkpt lat="42.28071" lon="9.43646"/>
            <trkpt lat="42.28095" lon="9.43605"/>
            <trkpt lat="42.281" lon="9.43592"/>
            <trkpt lat="42.28105" lon="9.43575"/>
            <trkpt lat="42.28107" lon="9.43542"/>
            <trkpt lat="42.28106" lon="9.4349"/>
            <trkpt lat="42.28106" lon="9.43473"/>
            <trkpt lat="42.28107" lon="9.43462"/>
            <trkpt lat="42.28112" lon="9.43448"/>
            <trkpt lat="42.28139" lon="9.43392"/>
            <trkpt lat="42.28144" lon="9.43384"/>
            <trkpt lat="42.2815" lon="9.43378"/>
            <trkpt lat="42.28158" lon="9.43376"/>
            <trkpt lat="42.28168" lon="9.43375"/>
            <trkpt lat="42.28175" lon="9.43377"/>
            <trkpt lat="42.28184" lon="9.4338"/>
            <trkpt lat="42.28191" lon="9.43386"/>
            <trkpt lat="42.28222" lon="9.43428"/>
            <trkpt lat="42.28232" lon="9.43434"/>
            <trkpt lat="42.28239" lon="9.43435"/>
            <trkpt lat="42.28245" lon="9.43434"/>
            <trkpt lat="42.28252" lon="9.43428"/>
            <trkpt lat="42.28258" lon="9.43421"/>
            <trkpt lat="42.28262" lon="9.43414"/>
            <trkpt lat="42.28266" lon="9.43403"/>
            <trkpt lat="42.28268" lon="9.43389"/>
            <trkpt lat="42.28266" lon="9.43373"/>
            <trkpt lat="42.28234" lon="9.4326"/>
            <trkpt lat="42.28232" lon="9.43248"/>
            <trkpt lat="42.2823" lon="9.43232"/>
            <trkpt lat="42.2823" lon="9.43211"/>
            <trkpt lat="42.28233" lon="9.43188"/>
            <trkpt lat="42.28239" lon="9.43174"/>
            <trkpt lat="42.28264" lon="9.43137"/>
            <trkpt lat="42.28267" lon="9.43123"/>
            <trkpt lat="42.2827" lon="9.43082"/>
            <trkpt lat="42.28274" lon="9.43069"/>
            <trkpt lat="42.28297" lon="9.43031"/>
            <trkpt lat="42.28317" lon="9.42994"/>
            <trkpt lat="42.28326" lon="9.42971"/>
            <trkpt lat="42.28329" lon="9.42956"/>
            <trkpt lat="42.2833" lon="9.42938"/>
            <trkpt lat="42.28328" lon="9.42912"/>
            <trkpt lat="42.28319" lon="9.42883"/>
            <trkpt lat="42.28311" lon="9.42864"/>
            <trkpt lat="42.28299" lon="9.4285"/>
            <trkpt lat="42.28276" lon="9.42831"/>
            <trkpt lat="42.28258" lon="9.42809"/>
            <trkpt lat="42.2825" lon="9.42788"/>
            <trkpt lat="42.28246" lon="9.42783"/>
            <trkpt lat="42.28238" lon="9.42775"/>
            <trkpt lat="42.28193" lon="9.42752"/>
            <trkpt lat="42.28179" lon="9.42746"/>
            <trkpt lat="42.28164" lon="9.42743"/>
            <trkpt lat="42.28126" lon="9.42741"/>
            <trkpt lat="42.28119" lon="9.42738"/>
            <trkpt lat="42.28093" lon="9.42713"/>
            <trkpt lat="42.28069" lon="9.42675"/>
            <trkpt lat="42.28037" lon="9.42631"/>
            <trkpt lat="42.28034" lon="9.42627"/>
            <trkpt lat="42.28019" lon="9.42598"/>
            <trkpt lat="42.28009" lon="9.42588"/>
            <trkpt lat="42.28" lon="9.42585"/>
            <trkpt lat="42.27962" lon="9.42577"/>
            <trkpt lat="42.27943" lon="9.42575"/>
            <trkpt lat="42.27898" lon="9.42589"/>
            <trkpt lat="42.27876" lon="9.42603"/>
            <trkpt lat="42.27849" lon="9.42627"/>
            <trkpt lat="42.27848" lon="9.42627"/>
            <trkpt lat="42.27827" lon="9.42636"/>
            <trkpt lat="42.27785" lon="9.42634"/>
            <trkpt lat="42.27714" lon="9.42644"/>
            <trkpt lat="42.27713" lon="9.42644"/>
            <trkpt lat="42.27704" lon="9.42641"/>
            <trkpt lat="42.27698" lon="9.42635"/>
            <trkpt lat="42.27695" lon="9.42631"/>
            <trkpt lat="42.27694" lon="9.42627"/>
            <trkpt lat="42.27693" lon="9.42618"/>
            <trkpt lat="42.27695" lon="9.42612"/>
            <trkpt lat="42.277" lon="9.42606"/>
            <trkpt lat="42.27706" lon="9.42603"/>
            <trkpt lat="42.27711" lon="9.42604"/>
            <trkpt lat="42.27732" lon="9.42613"/>
            <trkpt lat="42.27741" lon="9.42615"/>
            <trkpt lat="42.27789" lon="9.42611"/>
            <trkpt lat="42.27812" lon="9.42608"/>
            <trkpt lat="42.27826" lon="9.42603"/>
            <trkpt lat="42.27834" lon="9.42598"/>
            <trkpt lat="42.27846" lon="9.42585"/>
            <trkpt lat="42.27857" lon="9.42575"/>
            <trkpt lat="42.27883" lon="9.42559"/>
            <trkpt lat="42.27901" lon="9.42549"/>
            <trkpt lat="42.27913" lon="9.4254"/>
            <trkpt lat="42.27917" lon="9.42534"/>
            <trkpt lat="42.27923" lon="9.42518"/>
            <trkpt lat="42.27926" lon="9.42505"/>
            <trkpt lat="42.27927" lon="9.425"/>
            <trkpt lat="42.27927" lon="9.42495"/>
            <trkpt lat="42.27924" lon="9.42482"/>
            <trkpt lat="42.27903" lon="9.42422"/>
            <trkpt lat="42.27871" lon="9.42313"/>
            <trkpt lat="42.2787" lon="9.42301"/>
            <trkpt lat="42.27872" lon="9.42297"/>
            <trkpt lat="42.27877" lon="9.42292"/>
            <trkpt lat="42.27882" lon="9.42291"/>
            <trkpt lat="42.27887" lon="9.42289"/>
            <trkpt lat="42.27892" lon="9.42291"/>
            <trkpt lat="42.27906" lon="9.42304"/>
            <trkpt lat="42.27916" lon="9.42315"/>
            <trkpt lat="42.27926" lon="9.42329"/>
            <trkpt lat="42.2794" lon="9.42355"/>
            <trkpt lat="42.27955" lon="9.42403"/>
            <trkpt lat="42.27966" lon="9.42431"/>
            <trkpt lat="42.27978" lon="9.42452"/>
            <trkpt lat="42.27992" lon="9.42467"/>
            <trkpt lat="42.27999" lon="9.42471"/>
            <trkpt lat="42.2801" lon="9.42475"/>
            <trkpt lat="42.28027" lon="9.42478"/>
            <trkpt lat="42.28052" lon="9.4248"/>
            <trkpt lat="42.28063" lon="9.42484"/>
            <trkpt lat="42.28068" lon="9.42488"/>
            <trkpt lat="42.28073" lon="9.42491"/>
            <trkpt lat="42.28081" lon="9.42498"/>
            <trkpt lat="42.28128" lon="9.42559"/>
            <trkpt lat="42.28137" lon="9.42568"/>
            <trkpt lat="42.2815" lon="9.42578"/>
            <trkpt lat="42.28166" lon="9.42581"/>
            <trkpt lat="42.28195" lon="9.42577"/>
            <trkpt lat="42.28254" lon="9.4256"/>
            <trkpt lat="42.28258" lon="9.42555"/>
            <trkpt lat="42.28265" lon="9.42523"/>
            <trkpt lat="42.2827" lon="9.42507"/>
            <trkpt lat="42.28279" lon="9.42492"/>
            <trkpt lat="42.28297" lon="9.42475"/>
            <trkpt lat="42.28312" lon="9.42466"/>
            <trkpt lat="42.2832" lon="9.42459"/>
            <trkpt lat="42.28339" lon="9.42428"/>
            <trkpt lat="42.28345" lon="9.42413"/>
            <trkpt lat="42.28345" lon="9.42399"/>
            <trkpt lat="42.28343" lon="9.42386"/>
            <trkpt lat="42.28344" lon="9.42379"/>
            <trkpt lat="42.28342" lon="9.42357"/>
            <trkpt lat="42.28332" lon="9.42323"/>
            <trkpt lat="42.2833" lon="9.42302"/>
            <trkpt lat="42.28336" lon="9.4221"/>
            <trkpt lat="42.28338" lon="9.42187"/>
            <trkpt lat="42.28341" lon="9.42173"/>
            <trkpt lat="42.28345" lon="9.42166"/>
            <trkpt lat="42.28349" lon="9.42165"/>
            <trkpt lat="42.28355" lon="9.42166"/>
            <trkpt lat="42.2839" lon="9.42191"/>
            <trkpt lat="42.28415" lon="9.42202"/>
            <trkpt lat="42.28427" lon="9.42209"/>
            <trkpt lat="42.28447" lon="9.42224"/>
            <trkpt lat="42.28453" lon="9.42225"/>
            <trkpt lat="42.28458" lon="9.42225"/>
            <trkpt lat="42.28461" lon="9.42222"/>
            <trkpt lat="42.28464" lon="9.42217"/>
            <trkpt lat="42.28465" lon="9.4221"/>
            <trkpt lat="42.28465" lon="9.42202"/>
            <trkpt lat="42.28458" lon="9.42177"/>
            <trkpt lat="42.28451" lon="9.42133"/>
            <trkpt lat="42.28448" lon="9.42124"/>
            <trkpt lat="42.28444" lon="9.42116"/>
            <trkpt lat="42.28431" lon="9.42097"/>
            <trkpt lat="42.28427" lon="9.4209"/>
            <trkpt lat="42.28427" lon="9.42082"/>
            <trkpt lat="42.28429" lon="9.42075"/>
            <trkpt lat="42.28435" lon="9.42056"/>
            <trkpt lat="42.28438" lon="9.42035"/>
            <trkpt lat="42.28438" lon="9.42024"/>
            <trkpt lat="42.28435" lon="9.42015"/>
            <trkpt lat="42.28428" lon="9.42006"/>
            <trkpt lat="42.28422" lon="9.42003"/>
            <trkpt lat="42.28415" lon="9.42003"/>
            <trkpt lat="42.28408" lon="9.42005"/>
            <trkpt lat="42.28392" lon="9.42014"/>
            <trkpt lat="42.28384" lon="9.42016"/>
            <trkpt lat="42.28376" lon="9.42016"/>
            <trkpt lat="42.28367" lon="9.42014"/>
            <trkpt lat="42.28358" lon="9.42007"/>
            <trkpt lat="42.28329" lon="9.41963"/>
            <trkpt lat="42.28323" lon="9.41951"/>
            <trkpt lat="42.28319" lon="9.41939"/>
            <trkpt lat="42.28317" lon="9.41899"/>
            <trkpt lat="42.28315" lon="9.41895"/>
            <trkpt lat="42.28301" lon="9.41886"/>
            <trkpt lat="42.28281" lon="9.41853"/>
            <trkpt lat="42.28266" lon="9.41833"/>
            <trkpt lat="42.28249" lon="9.41804"/>
            <trkpt lat="42.28236" lon="9.41778"/>
            <trkpt lat="42.28208" lon="9.41715"/>
            <trkpt lat="42.28176" lon="9.41653"/>
            <trkpt lat="42.28175" lon="9.41646"/>
            <trkpt lat="42.28174" lon="9.41639"/>
            <trkpt lat="42.28176" lon="9.41624"/>
            <trkpt lat="42.28177" lon="9.41616"/>
            <trkpt lat="42.28178" lon="9.41609"/>
            <trkpt lat="42.28179" lon="9.41596"/>
            <trkpt lat="42.28179" lon="9.4159"/>
            <trkpt lat="42.28177" lon="9.41582"/>
            <trkpt lat="42.28176" lon="9.41576"/>
            <trkpt lat="42.28167" lon="9.41547"/>
            <trkpt lat="42.28165" lon="9.41539"/>
            <trkpt lat="42.28163" lon="9.41529"/>
            <trkpt lat="42.28163" lon="9.41495"/>
            <trkpt lat="42.28165" lon="9.41446"/>
            <trkpt lat="42.28164" lon="9.41441"/>
            <trkpt lat="42.28161" lon="9.41416"/>
            <trkpt lat="42.28138" lon="9.41329"/>
            <trkpt lat="42.28133" lon="9.41316"/>
            <trkpt lat="42.28129" lon="9.41308"/>
            <trkpt lat="42.28115" lon="9.41285"/>
            <trkpt lat="42.28099" lon="9.41269"/>
            <trkpt lat="42.28089" lon="9.4126"/>
            <trkpt lat="42.28066" lon="9.41247"/>
            <trkpt lat="42.28029" lon="9.41232"/>
            <trkpt lat="42.28003" lon="9.41228"/>
            <trkpt lat="42.27977" lon="9.4123"/>
            <trkpt lat="42.2797" lon="9.41231"/>
            <trkpt lat="42.27962" lon="9.41235"/>
            <trkpt lat="42.27962" lon="9.41235"/>
            <trkpt lat="42.27955" lon="9.41238"/>
            <trkpt lat="42.27949" lon="9.41241"/>
            <trkpt lat="42.27921" lon="9.41249"/>
            <trkpt lat="42.27917" lon="9.4125"/>
            <trkpt lat="42.27915" lon="9.41249"/>
            <trkpt lat="42.27912" lon="9.41248"/>
            <trkpt lat="42.2791" lon="9.41245"/>
            <trkpt lat="42.27909" lon="9.41241"/>
            <trkpt lat="42.27909" lon="9.41237"/>
            <trkpt lat="42.27909" lon="9.41232"/>
            <trkpt lat="42.27909" lon="9.41228"/>
            <trkpt lat="42.27912" lon="9.41224"/>
            <trkpt lat="42.27924" lon="9.41205"/>
            <trkpt lat="42.27957" lon="9.4115"/>
            <trkpt lat="42.2796" lon="9.41144"/>
            <trkpt lat="42.27963" lon="9.41138"/>
            <trkpt lat="42.27973" lon="9.41104"/>
            <trkpt lat="42.27977" lon="9.41091"/>
            <trkpt lat="42.27982" lon="9.41073"/>
            <trkpt lat="42.27988" lon="9.41056"/>
            <trkpt lat="42.27989" lon="9.4105"/>
            <trkpt lat="42.27991" lon="9.41039"/>
            <trkpt lat="42.27992" lon="9.41032"/>
            <trkpt lat="42.27993" lon="9.41003"/>
            <trkpt lat="42.27993" lon="9.40997"/>
            <trkpt lat="42.27995" lon="9.40984"/>
            <trkpt lat="42.27996" lon="9.40979"/>
            <trkpt lat="42.27999" lon="9.4097"/>
            <trkpt lat="42.28001" lon="9.40966"/>
            <trkpt lat="42.28019" lon="9.40932"/>
            <trkpt lat="42.28029" lon="9.4091"/>
            <trkpt lat="42.2803" lon="9.40904"/>
            <trkpt lat="42.28033" lon="9.40891"/>
            <trkpt lat="42.28034" lon="9.40878"/>
            <trkpt lat="42.28034" lon="9.4087"/>
            <trkpt lat="42.28034" lon="9.40862"/>
            <trkpt lat="42.28032" lon="9.40843"/>
            <trkpt lat="42.28032" lon="9.40841"/>
            <trkpt lat="42.28032" lon="9.40839"/>
            <trkpt lat="42.28033" lon="9.40835"/>
            <trkpt lat="42.28033" lon="9.40832"/>
            <trkpt lat="42.28055" lon="9.40784"/>
            <trkpt lat="42.28056" lon="9.40779"/>
            <trkpt lat="42.28057" lon="9.40774"/>
            <trkpt lat="42.28059" lon="9.40763"/>
            <trkpt lat="42.2806" lon="9.40758"/>
            <trkpt lat="42.28065" lon="9.40749"/>
            <trkpt lat="42.28067" lon="9.40745"/>
            <trkpt lat="42.281" lon="9.40704"/>
            <trkpt lat="42.28109" lon="9.40695"/>
            <trkpt lat="42.28115" lon="9.40689"/>
            <trkpt lat="42.28118" lon="9.40686"/>
            <trkpt lat="42.2812" lon="9.40681"/>
            <trkpt lat="42.28122" lon="9.40674"/>
            <trkpt lat="42.28122" lon="9.40668"/>
            <trkpt lat="42.28122" lon="9.40663"/>
            <trkpt lat="42.28122" lon="9.40661"/>
            <trkpt lat="42.28121" lon="9.40658"/>
            <trkpt lat="42.28121" lon="9.40656"/>
            <trkpt lat="42.28119" lon="9.40654"/>
            <trkpt lat="42.28116" lon="9.40649"/>
            <trkpt lat="42.28111" lon="9.40644"/>
            <trkpt lat="42.28109" lon="9.40639"/>
            <trkpt lat="42.28107" lon="9.40634"/>
            <trkpt lat="42.28106" lon="9.40628"/>
            <trkpt lat="42.28105" lon="9.40621"/>
            <trkpt lat="42.28106" lon="9.40616"/>
            <trkpt lat="42.28109" lon="9.40604"/>
            <trkpt lat="42.28114" lon="9.40592"/>
            <trkpt lat="42.28119" lon="9.40581"/>
            <trkpt lat="42.28124" lon="9.40568"/>
            <trkpt lat="42.28128" lon="9.40555"/>
            <trkpt lat="42.28132" lon="9.40531"/>
            <trkpt lat="42.28132" lon="9.40523"/>
            <trkpt lat="42.28132" lon="9.40518"/>
            <trkpt lat="42.2813" lon="9.40508"/>
            <trkpt lat="42.2812" lon="9.40486"/>
            <trkpt lat="42.28112" lon="9.4047"/>
            <trkpt lat="42.2811" lon="9.40463"/>
            <trkpt lat="42.28108" lon="9.40457"/>
            <trkpt lat="42.28109" lon="9.40451"/>
            <trkpt lat="42.28112" lon="9.40438"/>
            <trkpt lat="42.28114" lon="9.4043"/>
            <trkpt lat="42.28116" lon="9.40418"/>
            <trkpt lat="42.28117" lon="9.40407"/>
            <trkpt lat="42.28116" lon="9.40399"/>
            <trkpt lat="42.28114" lon="9.40382"/>
            <trkpt lat="42.28112" lon="9.40374"/>
            <trkpt lat="42.28103" lon="9.4034"/>
            <trkpt lat="42.28102" lon="9.40327"/>
            <trkpt lat="42.28104" lon="9.40315"/>
            <trkpt lat="42.28106" lon="9.4031"/>
            <trkpt lat="42.28108" lon="9.40304"/>
            <trkpt lat="42.28116" lon="9.4029"/>
            <trkpt lat="42.28137" lon="9.40249"/>
            <trkpt lat="42.28139" lon="9.40244"/>
            <trkpt lat="42.2814" lon="9.40238"/>
            <trkpt lat="42.28141" lon="9.40233"/>
            <trkpt lat="42.2814" lon="9.40228"/>
            <trkpt lat="42.28138" lon="9.40223"/>
            <trkpt lat="42.28111" lon="9.40173"/>
            <trkpt lat="42.28108" lon="9.40167"/>
            <trkpt lat="42.28105" lon="9.40152"/>
            <trkpt lat="42.28102" lon="9.4011"/>
            <trkpt lat="42.28102" lon="9.40096"/>
            <trkpt lat="42.28102" lon="9.40082"/>
            <trkpt lat="42.28103" lon="9.40076"/>
            <trkpt lat="42.28106" lon="9.40062"/>
            <trkpt lat="42.2814" lon="9.39976"/>
            <trkpt lat="42.28143" lon="9.39967"/>
            <trkpt lat="42.28148" lon="9.39953"/>
            <trkpt lat="42.28149" lon="9.39947"/>
            <trkpt lat="42.2815" lon="9.39941"/>
            <trkpt lat="42.28149" lon="9.39935"/>
            <trkpt lat="42.28148" lon="9.39929"/>
            <trkpt lat="42.28144" lon="9.39918"/>
            <trkpt lat="42.2814" lon="9.39906"/>
            <trkpt lat="42.28125" lon="9.39875"/>
            <trkpt lat="42.28121" lon="9.39867"/>
            <trkpt lat="42.28118" lon="9.39863"/>
            <trkpt lat="42.28113" lon="9.39857"/>
            <trkpt lat="42.2811" lon="9.39855"/>
            <trkpt lat="42.28085" lon="9.39839"/>
            <trkpt lat="42.2808" lon="9.39835"/>
            <trkpt lat="42.28078" lon="9.39832"/>
            <trkpt lat="42.28077" lon="9.3983"/>
            <trkpt lat="42.28076" lon="9.39828"/>
            <trkpt lat="42.28076" lon="9.39825"/>
            <trkpt lat="42.28075" lon="9.39818"/>
            <trkpt lat="42.28075" lon="9.39812"/>
            <trkpt lat="42.28076" lon="9.39807"/>
            <trkpt lat="42.28078" lon="9.39801"/>
            <trkpt lat="42.28096" lon="9.39768"/>
            <trkpt lat="42.28141" lon="9.39677"/>
            <trkpt lat="42.28145" lon="9.39669"/>
            <trkpt lat="42.28148" lon="9.39664"/>
            <trkpt lat="42.28155" lon="9.39658"/>
            <trkpt lat="42.28162" lon="9.39652"/>
            <trkpt lat="42.2818" lon="9.39649"/>
            <trkpt lat="42.28195" lon="9.39646"/>
            <trkpt lat="42.28198" lon="9.39644"/>
            <trkpt lat="42.28201" lon="9.39641"/>
            <trkpt lat="42.28203" lon="9.39638"/>
            <trkpt lat="42.28205" lon="9.39634"/>
            <trkpt lat="42.28207" lon="9.39624"/>
            <trkpt lat="42.28207" lon="9.39619"/>
            <trkpt lat="42.28205" lon="9.39588"/>
            <trkpt lat="42.28205" lon="9.39559"/>
            <trkpt lat="42.28208" lon="9.39534"/>
            <trkpt lat="42.28214" lon="9.39497"/>
            <trkpt lat="42.28221" lon="9.39453"/>
            <trkpt lat="42.28225" lon="9.39421"/>
            <trkpt lat="42.28228" lon="9.39408"/>
            <trkpt lat="42.28229" lon="9.39398"/>
            <trkpt lat="42.28229" lon="9.39388"/>
            <trkpt lat="42.28227" lon="9.39366"/>
            <trkpt lat="42.28227" lon="9.39359"/>
            <trkpt lat="42.28227" lon="9.39353"/>
            <trkpt lat="42.28229" lon="9.3933"/>
            <trkpt lat="42.28231" lon="9.39276"/>
            <trkpt lat="42.28231" lon="9.3927"/>
            <trkpt lat="42.2823" lon="9.39259"/>
            <trkpt lat="42.28229" lon="9.39255"/>
            <trkpt lat="42.28228" lon="9.3925"/>
            <trkpt lat="42.28226" lon="9.39247"/>
            <trkpt lat="42.28224" lon="9.39243"/>
            <trkpt lat="42.28222" lon="9.3924"/>
            <trkpt lat="42.28219" lon="9.39236"/>
            <trkpt lat="42.28191" lon="9.39205"/>
            <trkpt lat="42.28177" lon="9.39189"/>
            <trkpt lat="42.28165" lon="9.39175"/>
            <trkpt lat="42.28122" lon="9.39125"/>
            <trkpt lat="42.28119" lon="9.39121"/>
            <trkpt lat="42.28118" lon="9.39115"/>
            <trkpt lat="42.28117" lon="9.39111"/>
            <trkpt lat="42.28117" lon="9.39105"/>
            <trkpt lat="42.28172" lon="9.39106"/>
            <trkpt lat="42.28176" lon="9.39106"/>
            <trkpt lat="42.28185" lon="9.39104"/>
            <trkpt lat="42.28188" lon="9.39103"/>
            <trkpt lat="42.28191" lon="9.39101"/>
            <trkpt lat="42.28196" lon="9.39096"/>
            <trkpt lat="42.28199" lon="9.39093"/>
            <trkpt lat="42.28204" lon="9.39084"/>
            <trkpt lat="42.28205" lon="9.39079"/>
            <trkpt lat="42.28206" lon="9.39074"/>
            <trkpt lat="42.28206" lon="9.39069"/>
            <trkpt lat="42.28205" lon="9.39066"/>
            <trkpt lat="42.28204" lon="9.39059"/>
            <trkpt lat="42.28201" lon="9.39055"/>
            <trkpt lat="42.28198" lon="9.3905"/>
            <trkpt lat="42.28195" lon="9.39046"/>
            <trkpt lat="42.28191" lon="9.39044"/>
            <trkpt lat="42.28181" lon="9.39039"/>
            <trkpt lat="42.28177" lon="9.39037"/>
            <trkpt lat="42.28173" lon="9.39034"/>
            <trkpt lat="42.2817" lon="9.39031"/>
            <trkpt lat="42.28162" lon="9.39016"/>
            <trkpt lat="42.2815" lon="9.38997"/>
            <trkpt lat="42.28141" lon="9.38987"/>
            <trkpt lat="42.28124" lon="9.38971"/>
            <trkpt lat="42.28122" lon="9.38968"/>
            <trkpt lat="42.28119" lon="9.38964"/>
            <trkpt lat="42.28118" lon="9.3896"/>
            <trkpt lat="42.28116" lon="9.38954"/>
            <trkpt lat="42.28113" lon="9.38932"/>
            <trkpt lat="42.28113" lon="9.38926"/>
            <trkpt lat="42.28111" lon="9.3892"/>
            <trkpt lat="42.2811" lon="9.38915"/>
            <trkpt lat="42.28102" lon="9.38899"/>
            <trkpt lat="42.281" lon="9.38893"/>
            <trkpt lat="42.28097" lon="9.38869"/>
            <trkpt lat="42.28095" lon="9.38863"/>
            <trkpt lat="42.28093" lon="9.38857"/>
            <trkpt lat="42.28087" lon="9.38846"/>
            <trkpt lat="42.28065" lon="9.38816"/>
            <trkpt lat="42.28053" lon="9.38805"/>
            <trkpt lat="42.28047" lon="9.38801"/>
            <trkpt lat="42.28042" lon="9.38798"/>
            <trkpt lat="42.28037" lon="9.38798"/>
            <trkpt lat="42.28031" lon="9.38799"/>
            <trkpt lat="42.28027" lon="9.38801"/>
            <trkpt lat="42.28017" lon="9.38809"/>
            <trkpt lat="42.28014" lon="9.38813"/>
            <trkpt lat="42.2801" lon="9.38814"/>
            <trkpt lat="42.28005" lon="9.38814"/>
            <trkpt lat="42.28001" lon="9.38812"/>
            <trkpt lat="42.27997" lon="9.38809"/>
            <trkpt lat="42.27993" lon="9.38803"/>
            <trkpt lat="42.27979" lon="9.38774"/>
            <trkpt lat="42.27973" lon="9.38765"/>
            <trkpt lat="42.27964" lon="9.3876"/>
            <trkpt lat="42.27946" lon="9.38751"/>
            <trkpt lat="42.27925" lon="9.38744"/>
            <trkpt lat="42.27904" lon="9.38739"/>
            <trkpt lat="42.27858" lon="9.38735"/>
            <trkpt lat="42.27849" lon="9.38727"/>
            <trkpt lat="42.27844" lon="9.38714"/>
            <trkpt lat="42.27839" lon="9.38692"/>
            <trkpt lat="42.27835" lon="9.38685"/>
            <trkpt lat="42.27808" lon="9.38678"/>
            <trkpt lat="42.27794" lon="9.3867"/>
            <trkpt lat="42.27788" lon="9.38661"/>
            <trkpt lat="42.27786" lon="9.38651"/>
            <trkpt lat="42.27783" lon="9.38597"/>
            <trkpt lat="42.27776" lon="9.3857"/>
            <trkpt lat="42.27768" lon="9.38546"/>
            <trkpt lat="42.2776" lon="9.38537"/>
            <trkpt lat="42.27747" lon="9.38528"/>
            <trkpt lat="42.27727" lon="9.38518"/>
            <trkpt lat="42.27697" lon="9.38489"/>
            <trkpt lat="42.27673" lon="9.38467"/>
            <trkpt lat="42.27665" lon="9.38464"/>
            <trkpt lat="42.2765" lon="9.3846"/>
            <trkpt lat="42.27594" lon="9.38454"/>
            <trkpt lat="42.27583" lon="9.3845"/>
            <trkpt lat="42.27574" lon="9.38444"/>
            <trkpt lat="42.27564" lon="9.38428"/>
            <trkpt lat="42.27541" lon="9.38386"/>
            <trkpt lat="42.27539" lon="9.38383"/>
            <trkpt lat="42.27529" lon="9.38369"/>
            <trkpt lat="42.27511" lon="9.38355"/>
            <trkpt lat="42.275" lon="9.38343"/>
            <trkpt lat="42.27497" lon="9.38331"/>
            <trkpt lat="42.27503" lon="9.38317"/>
            <trkpt lat="42.27521" lon="9.38292"/>
            <trkpt lat="42.27539" lon="9.38273"/>
            <trkpt lat="42.27539" lon="9.38273"/>
            <trkpt lat="42.27553" lon="9.38264"/>
            <trkpt lat="42.27577" lon="9.38257"/>
            <trkpt lat="42.27601" lon="9.38252"/>
            <trkpt lat="42.27624" lon="9.38243"/>
            <trkpt lat="42.27642" lon="9.38233"/>
            <trkpt lat="42.27643" lon="9.38232"/>
            <trkpt lat="42.27664" lon="9.38215"/>
            <trkpt lat="42.27677" lon="9.38198"/>
            <trkpt lat="42.27681" lon="9.38194"/>
            <trkpt lat="42.27691" lon="9.38169"/>
            <trkpt lat="42.27705" lon="9.38128"/>
            <trkpt lat="42.27723" lon="9.38096"/>
            <trkpt lat="42.27738" lon="9.38065"/>
            <trkpt lat="42.27743" lon="9.3805"/>
            <trkpt lat="42.27744" lon="9.3804"/>
            <trkpt lat="42.2774" lon="9.37993"/>
            <trkpt lat="42.27743" lon="9.37952"/>
            <trkpt lat="42.27759" lon="9.37899"/>
            <trkpt lat="42.27775" lon="9.37868"/>
            <trkpt lat="42.27787" lon="9.37851"/>
            <trkpt lat="42.2781" lon="9.37831"/>
            <trkpt lat="42.27818" lon="9.37827"/>
            <trkpt lat="42.2783" lon="9.37828"/>
            <trkpt lat="42.27845" lon="9.37836"/>
            <trkpt lat="42.27855" lon="9.37845"/>
            <trkpt lat="42.27874" lon="9.37868"/>
            <trkpt lat="42.27888" lon="9.37878"/>
            <trkpt lat="42.27903" lon="9.37879"/>
            <trkpt lat="42.27935" lon="9.37864"/>
            <trkpt lat="42.27966" lon="9.37845"/>
            <trkpt lat="42.27987" lon="9.37831"/>
            <trkpt lat="42.27996" lon="9.37827"/>
            <trkpt lat="42.28018" lon="9.37825"/>
            <trkpt lat="42.28028" lon="9.37822"/>
            <trkpt lat="42.28036" lon="9.37815"/>
            <trkpt lat="42.28042" lon="9.37804"/>
            <trkpt lat="42.2805" lon="9.37778"/>
            <trkpt lat="42.28056" lon="9.37761"/>
            <trkpt lat="42.28081" lon="9.3773"/>
            <trkpt lat="42.28089" lon="9.37716"/>
            <trkpt lat="42.28097" lon="9.3769"/>
            <trkpt lat="42.28099" lon="9.37663"/>
            <trkpt lat="42.28093" lon="9.37643"/>
            <trkpt lat="42.28095" lon="9.37619"/>
            <trkpt lat="42.28158" lon="9.37497"/>
            <trkpt lat="42.28171" lon="9.37488"/>
            <trkpt lat="42.28187" lon="9.37484"/>
            <trkpt lat="42.28199" lon="9.37484"/>
            <trkpt lat="42.28214" lon="9.37489"/>
            <trkpt lat="42.28224" lon="9.3749"/>
            <trkpt lat="42.28232" lon="9.37489"/>
            <trkpt lat="42.28291" lon="9.37468"/>
            <trkpt lat="42.28321" lon="9.37452"/>
            <trkpt lat="42.2836" lon="9.37427"/>
            <trkpt lat="42.28373" lon="9.37417"/>
            <trkpt lat="42.28402" lon="9.37399"/>
            <trkpt lat="42.28435" lon="9.37382"/>
            <trkpt lat="42.28443" lon="9.37375"/>
            <trkpt lat="42.28466" lon="9.37353"/>
            <trkpt lat="42.28486" lon="9.37337"/>
            <trkpt lat="42.28507" lon="9.37325"/>
            <trkpt lat="42.28528" lon="9.37322"/>
            <trkpt lat="42.28542" lon="9.37326"/>
            <trkpt lat="42.28554" lon="9.37331"/>
            <trkpt lat="42.286" lon="9.37362"/>
            <trkpt lat="42.28651" lon="9.37393"/>
            <trkpt lat="42.28678" lon="9.37401"/>
            <trkpt lat="42.28721" lon="9.37407"/>
            <trkpt lat="42.28742" lon="9.37405"/>
            <trkpt lat="42.28756" lon="9.37403"/>
            <trkpt lat="42.28766" lon="9.37405"/>
            <trkpt lat="42.2878" lon="9.37413"/>
            <trkpt lat="42.28787" lon="9.37419"/>
            <trkpt lat="42.28807" lon="9.37454"/>
            <trkpt lat="42.28812" lon="9.37462"/>
            <trkpt lat="42.28821" lon="9.37468"/>
            <trkpt lat="42.28828" lon="9.37467"/>
            <trkpt lat="42.28834" lon="9.37462"/>
            <trkpt lat="42.28837" lon="9.37449"/>
            <trkpt lat="42.28835" lon="9.37415"/>
            <trkpt lat="42.28838" lon="9.37391"/>
            <trkpt lat="42.28847" lon="9.37367"/>
            <trkpt lat="42.28853" lon="9.37355"/>
            <trkpt lat="42.28862" lon="9.37343"/>
            <trkpt lat="42.2887" lon="9.37339"/>
            <trkpt lat="42.2889" lon="9.37332"/>
            <trkpt lat="42.28896" lon="9.37327"/>
            <trkpt lat="42.28927" lon="9.37286"/>
            <trkpt lat="42.28942" lon="9.37274"/>
            <trkpt lat="42.28957" lon="9.37265"/>
            <trkpt lat="42.28969" lon="9.37264"/>
            <trkpt lat="42.29012" lon="9.37267"/>
            <trkpt lat="42.29059" lon="9.37274"/>
            <trkpt lat="42.29074" lon="9.37281"/>
            <trkpt lat="42.2909" lon="9.37283"/>
            <trkpt lat="42.29117" lon="9.37268"/>
            <trkpt lat="42.2913" lon="9.37269"/>
            <trkpt lat="42.29141" lon="9.37273"/>
            <trkpt lat="42.29173" lon="9.37303"/>
            <trkpt lat="42.29202" lon="9.37321"/>
            <trkpt lat="42.29216" lon="9.37324"/>
            <trkpt lat="42.29232" lon="9.37319"/>
            <trkpt lat="42.29236" lon="9.37309"/>
            <trkpt lat="42.29236" lon="9.37298"/>
            <trkpt lat="42.29236" lon="9.37289"/>
            <trkpt lat="42.29231" lon="9.37272"/>
            <trkpt lat="42.29227" lon="9.37254"/>
            <trkpt lat="42.2923" lon="9.37217"/>
            <trkpt lat="42.29237" lon="9.37194"/>
            <trkpt lat="42.2925" lon="9.37135"/>
            <trkpt lat="42.29254" lon="9.37099"/>
            <trkpt lat="42.29256" lon="9.37043"/>
            <trkpt lat="42.29259" lon="9.37023"/>
            <trkpt lat="42.29262" lon="9.37015"/>
            <trkpt lat="42.29269" lon="9.37005"/>
            <trkpt lat="42.29285" lon="9.36994"/>
            <trkpt lat="42.29305" lon="9.36981"/>
            <trkpt lat="42.29321" lon="9.36975"/>
            <trkpt lat="42.2937" lon="9.36966"/>
            <trkpt lat="42.29386" lon="9.3696"/>
            <trkpt lat="42.29425" lon="9.36948"/>
            <trkpt lat="42.29448" lon="9.36945"/>
            <trkpt lat="42.29488" lon="9.36944"/>
            <trkpt lat="42.29505" lon="9.36941"/>
            <trkpt lat="42.29515" lon="9.36935"/>
            <trkpt lat="42.29521" lon="9.36928"/>
            <trkpt lat="42.29529" lon="9.36915"/>
            <trkpt lat="42.29533" lon="9.36871"/>
            <trkpt lat="42.29533" lon="9.36843"/>
            <trkpt lat="42.29535" lon="9.36792"/>
            <trkpt lat="42.29538" lon="9.36773"/>
            <trkpt lat="42.29546" lon="9.36753"/>
            <trkpt lat="42.29555" lon="9.36729"/>
            <trkpt lat="42.29568" lon="9.36685"/>
            <trkpt lat="42.29573" lon="9.36677"/>
            <trkpt lat="42.29581" lon="9.36669"/>
            <trkpt lat="42.29595" lon="9.36661"/>
            <trkpt lat="42.29617" lon="9.36654"/>
            <trkpt lat="42.29627" lon="9.36642"/>
            <trkpt lat="42.29628" lon="9.36627"/>
            <trkpt lat="42.29628" lon="9.36609"/>
            <trkpt lat="42.29631" lon="9.36594"/>
            <trkpt lat="42.29655" lon="9.36564"/>
            <trkpt lat="42.29668" lon="9.3654"/>
            <trkpt lat="42.29677" lon="9.36527"/>
            <trkpt lat="42.29687" lon="9.36506"/>
            <trkpt lat="42.29723" lon="9.36426"/>
            <trkpt lat="42.29736" lon="9.36399"/>
            <trkpt lat="42.2975" lon="9.36372"/>
            <trkpt lat="42.29774" lon="9.36328"/>
            <trkpt lat="42.29807" lon="9.36264"/>
            <trkpt lat="42.29832" lon="9.36229"/>
            <trkpt lat="42.29842" lon="9.36218"/>
            <trkpt lat="42.29845" lon="9.36211"/>
            <trkpt lat="42.29843" lon="9.362"/>
            <trkpt lat="42.29834" lon="9.36179"/>
            <trkpt lat="42.29828" lon="9.36171"/>
            <trkpt lat="42.29813" lon="9.36165"/>
            <trkpt lat="42.29806" lon="9.36164"/>
            <trkpt lat="42.29798" lon="9.36167"/>
            <trkpt lat="42.29779" lon="9.36172"/>
            <trkpt lat="42.2977" lon="9.36177"/>
            <trkpt lat="42.29759" lon="9.36185"/>
            <trkpt lat="42.2974" lon="9.36203"/>
            <trkpt lat="42.29736" lon="9.36207"/>
            <trkpt lat="42.29704" lon="9.36244"/>
            <trkpt lat="42.29682" lon="9.36262"/>
            <trkpt lat="42.29657" lon="9.36274"/>
            <trkpt lat="42.29621" lon="9.36274"/>
            <trkpt lat="42.29609" lon="9.36278"/>
            <trkpt lat="42.29567" lon="9.36302"/>
            <trkpt lat="42.29526" lon="9.36336"/>
            <trkpt lat="42.2952" lon="9.36339"/>
            <trkpt lat="42.29464" lon="9.36339"/>
            <trkpt lat="42.29447" lon="9.36343"/>
            <trkpt lat="42.29439" lon="9.36343"/>
            <trkpt lat="42.29401" lon="9.36339"/>
            <trkpt lat="42.29381" lon="9.36341"/>
            <trkpt lat="42.29373" lon="9.36345"/>
            <trkpt lat="42.2935" lon="9.36361"/>
            <trkpt lat="42.29328" lon="9.3637"/>
            <trkpt lat="42.29321" lon="9.36378"/>
            <trkpt lat="42.29298" lon="9.36414"/>
            <trkpt lat="42.2929" lon="9.36424"/>
            <trkpt lat="42.29285" lon="9.36428"/>
            <trkpt lat="42.2928" lon="9.3643"/>
            <trkpt lat="42.29274" lon="9.3643"/>
            <trkpt lat="42.29265" lon="9.36428"/>
            <trkpt lat="42.29214" lon="9.36398"/>
            <trkpt lat="42.29208" lon="9.36397"/>
            <trkpt lat="42.292" lon="9.36399"/>
            <trkpt lat="42.29196" lon="9.36403"/>
            <trkpt lat="42.29178" lon="9.36433"/>
            <trkpt lat="42.29168" lon="9.36444"/>
            <trkpt lat="42.29156" lon="9.36455"/>
            <trkpt lat="42.2915" lon="9.36458"/>
            <trkpt lat="42.29141" lon="9.36459"/>
            <trkpt lat="42.2913" lon="9.36459"/>
            <trkpt lat="42.29123" lon="9.36458"/>
            <trkpt lat="42.29116" lon="9.36453"/>
            <trkpt lat="42.29092" lon="9.36417"/>
            <trkpt lat="42.29076" lon="9.36389"/>
            <trkpt lat="42.29047" lon="9.36324"/>
            <trkpt lat="42.29039" lon="9.36312"/>
            <trkpt lat="42.29032" lon="9.36305"/>
            <trkpt lat="42.29022" lon="9.36301"/>
            <trkpt lat="42.28997" lon="9.36295"/>
            <trkpt lat="42.28989" lon="9.3629"/>
            <trkpt lat="42.28973" lon="9.36273"/>
            <trkpt lat="42.28964" lon="9.36266"/>
            <trkpt lat="42.28956" lon="9.36264"/>
            <trkpt lat="42.28924" lon="9.36261"/>
            <trkpt lat="42.28911" lon="9.36256"/>
            <trkpt lat="42.28891" lon="9.36245"/>
            <trkpt lat="42.28877" lon="9.36233"/>
            <trkpt lat="42.28865" lon="9.36219"/>
            <trkpt lat="42.28855" lon="9.36208"/>
            <trkpt lat="42.28848" lon="9.36196"/>
            <trkpt lat="42.28846" lon="9.36191"/>
            <trkpt lat="42.28846" lon="9.36185"/>
            <trkpt lat="42.28849" lon="9.36181"/>
            <trkpt lat="42.28886" lon="9.36159"/>
            <trkpt lat="42.28916" lon="9.36138"/>
            <trkpt lat="42.28931" lon="9.36123"/>
            <trkpt lat="42.28944" lon="9.36105"/>
            <trkpt lat="42.28952" lon="9.36091"/>
            <trkpt lat="42.28962" lon="9.36065"/>
            <trkpt lat="42.28964" lon="9.3606"/>
            <trkpt lat="42.28967" lon="9.36057"/>
            <trkpt lat="42.28972" lon="9.36053"/>
            <trkpt lat="42.28981" lon="9.36046"/>
            <trkpt lat="42.28983" lon="9.36044"/>
            <trkpt lat="42.28986" lon="9.36039"/>
            <trkpt lat="42.28987" lon="9.36036"/>
            <trkpt lat="42.28987" lon="9.36035"/>
            <trkpt lat="42.28987" lon="9.36031"/>
            <trkpt lat="42.28989" lon="9.36005"/>
            <trkpt lat="42.28989" lon="9.35995"/>
            <trkpt lat="42.28989" lon="9.3599"/>
            <trkpt lat="42.28987" lon="9.35986"/>
            <trkpt lat="42.28986" lon="9.35983"/>
            <trkpt lat="42.28974" lon="9.35969"/>
            <trkpt lat="42.28966" lon="9.35957"/>
            <trkpt lat="42.28965" lon="9.35953"/>
            <trkpt lat="42.28965" lon="9.35948"/>
            <trkpt lat="42.28967" lon="9.35945"/>
            <trkpt lat="42.28971" lon="9.35943"/>
            <trkpt lat="42.28977" lon="9.35942"/>
            <trkpt lat="42.29003" lon="9.35945"/>
            <trkpt lat="42.29027" lon="9.35936"/>
            <trkpt lat="42.29052" lon="9.35923"/>
            <trkpt lat="42.29058" lon="9.35919"/>
            <trkpt lat="42.2907" lon="9.35904"/>
            <trkpt lat="42.29079" lon="9.35896"/>
            <trkpt lat="42.29091" lon="9.35891"/>
            <trkpt lat="42.29103" lon="9.35887"/>
            <trkpt lat="42.29113" lon="9.35881"/>
            <trkpt lat="42.29121" lon="9.35871"/>
            <trkpt lat="42.29125" lon="9.35864"/>
            <trkpt lat="42.29136" lon="9.35838"/>
            <trkpt lat="42.2914" lon="9.35827"/>
            <trkpt lat="42.29144" lon="9.35813"/>
            <trkpt lat="42.29144" lon="9.35805"/>
            <trkpt lat="42.29145" lon="9.35792"/>
            <trkpt lat="42.29144" lon="9.35785"/>
            <trkpt lat="42.29142" lon="9.35779"/>
            <trkpt lat="42.29128" lon="9.35754"/>
            <trkpt lat="42.29124" lon="9.35745"/>
            <trkpt lat="42.29121" lon="9.35735"/>
            <trkpt lat="42.29113" lon="9.35707"/>
            <trkpt lat="42.29111" lon="9.35697"/>
            <trkpt lat="42.29111" lon="9.3569"/>
            <trkpt lat="42.29112" lon="9.35677"/>
            <trkpt lat="42.29115" lon="9.35662"/>
            <trkpt lat="42.29118" lon="9.35652"/>
            <trkpt lat="42.29123" lon="9.35638"/>
            <trkpt lat="42.29134" lon="9.35615"/>
            <trkpt lat="42.29135" lon="9.35608"/>
            <trkpt lat="42.29135" lon="9.35601"/>
            <trkpt lat="42.29135" lon="9.35595"/>
            <trkpt lat="42.29134" lon="9.35589"/>
            <trkpt lat="42.29131" lon="9.35584"/>
            <trkpt lat="42.29128" lon="9.35577"/>
            <trkpt lat="42.29109" lon="9.35546"/>
            <trkpt lat="42.29092" lon="9.35522"/>
            <trkpt lat="42.29087" lon="9.35516"/>
            <trkpt lat="42.29078" lon="9.35506"/>
            <trkpt lat="42.29072" lon="9.35501"/>
            <trkpt lat="42.29066" lon="9.35497"/>
            <trkpt lat="42.28987" lon="9.35474"/>
            <trkpt lat="42.28941" lon="9.35453"/>
            <trkpt lat="42.28926" lon="9.3545"/>
            <trkpt lat="42.28916" lon="9.3545"/>
            <trkpt lat="42.28905" lon="9.35452"/>
            <trkpt lat="42.2888" lon="9.35462"/>
            <trkpt lat="42.28862" lon="9.35467"/>
            <trkpt lat="42.2885" lon="9.35468"/>
            <trkpt lat="42.2884" lon="9.35465"/>
            <trkpt lat="42.28828" lon="9.35456"/>
            <trkpt lat="42.28811" lon="9.35433"/>
            <trkpt lat="42.28807" lon="9.35424"/>
            <trkpt lat="42.28806" lon="9.35418"/>
            <trkpt lat="42.28806" lon="9.35412"/>
            <trkpt lat="42.28807" lon="9.35407"/>
            <trkpt lat="42.28808" lon="9.35402"/>
            <trkpt lat="42.28811" lon="9.35397"/>
            <trkpt lat="42.28836" lon="9.3536"/>
            <trkpt lat="42.28848" lon="9.35339"/>
            <trkpt lat="42.28852" lon="9.3533"/>
            <trkpt lat="42.28861" lon="9.35308"/>
            <trkpt lat="42.28863" lon="9.35301"/>
            <trkpt lat="42.28864" lon="9.35294"/>
            <trkpt lat="42.28866" lon="9.35271"/>
            <trkpt lat="42.28867" lon="9.35265"/>
            <trkpt lat="42.28869" lon="9.35258"/>
            <trkpt lat="42.28875" lon="9.35242"/>
            <trkpt lat="42.28881" lon="9.35228"/>
            <trkpt lat="42.28882" lon="9.35223"/>
            <trkpt lat="42.28881" lon="9.35218"/>
            <trkpt lat="42.2888" lon="9.35211"/>
            <trkpt lat="42.28877" lon="9.35206"/>
            <trkpt lat="42.28873" lon="9.352"/>
            <trkpt lat="42.28834" lon="9.35162"/>
            <trkpt lat="42.28827" lon="9.35152"/>
            <trkpt lat="42.28825" lon="9.35147"/>
            <trkpt lat="42.28824" lon="9.35141"/>
            <trkpt lat="42.28823" lon="9.35135"/>
            <trkpt lat="42.28823" lon="9.35124"/>
            <trkpt lat="42.28823" lon="9.3511"/>
            <trkpt lat="42.28822" lon="9.35104"/>
            <trkpt lat="42.28815" lon="9.35062"/>
            <trkpt lat="42.28812" lon="9.35031"/>
            <trkpt lat="42.28812" lon="9.3502"/>
            <trkpt lat="42.28815" lon="9.35002"/>
            <trkpt lat="42.28824" lon="9.34969"/>
            <trkpt lat="42.28825" lon="9.34964"/>
            <trkpt lat="42.28826" lon="9.34959"/>
            <trkpt lat="42.28825" lon="9.34954"/>
            <trkpt lat="42.28824" lon="9.34948"/>
            <trkpt lat="42.28823" lon="9.34943"/>
            <trkpt lat="42.2882" lon="9.34936"/>
            <trkpt lat="42.28814" lon="9.34928"/>
            <trkpt lat="42.28801" lon="9.34906"/>
            <trkpt lat="42.28798" lon="9.34901"/>
            <trkpt lat="42.28791" lon="9.34893"/>
            <trkpt lat="42.2878" lon="9.34884"/>
            <trkpt lat="42.28778" lon="9.34882"/>
            <trkpt lat="42.28775" lon="9.34877"/>
            <trkpt lat="42.28774" lon="9.34874"/>
            <trkpt lat="42.28773" lon="9.34871"/>
            <trkpt lat="42.28772" lon="9.34867"/>
            <trkpt lat="42.28772" lon="9.34861"/>
            <trkpt lat="42.28773" lon="9.34856"/>
            <trkpt lat="42.28774" lon="9.34851"/>
            <trkpt lat="42.28778" lon="9.34845"/>
            <trkpt lat="42.28784" lon="9.34834"/>
            <trkpt lat="42.28786" lon="9.34831"/>
            <trkpt lat="42.28787" lon="9.34827"/>
            <trkpt lat="42.28788" lon="9.34823"/>
            <trkpt lat="42.28788" lon="9.34819"/>
            <trkpt lat="42.28788" lon="9.34814"/>
            <trkpt lat="42.28786" lon="9.34809"/>
            <trkpt lat="42.28783" lon="9.34805"/>
            <trkpt lat="42.28779" lon="9.34803"/>
            <trkpt lat="42.28772" lon="9.348"/>
            <trkpt lat="42.28765" lon="9.34798"/>
            <trkpt lat="42.28728" lon="9.34786"/>
            <trkpt lat="42.28722" lon="9.34785"/>
            <trkpt lat="42.2871" lon="9.34783"/>
            <trkpt lat="42.28704" lon="9.34781"/>
            <trkpt lat="42.28698" lon="9.34778"/>
            <trkpt lat="42.2869" lon="9.34776"/>
            <trkpt lat="42.28686" lon="9.34776"/>
            <trkpt lat="42.28683" lon="9.34777"/>
            <trkpt lat="42.28651" lon="9.34787"/>
            <trkpt lat="42.28644" lon="9.34789"/>
            <trkpt lat="42.28639" lon="9.3479"/>
            <trkpt lat="42.28635" lon="9.3479"/>
            <trkpt lat="42.28632" lon="9.34788"/>
            <trkpt lat="42.28619" lon="9.34779"/>
            <trkpt lat="42.28617" lon="9.34777"/>
            <trkpt lat="42.28614" lon="9.34776"/>
            <trkpt lat="42.28608" lon="9.34776"/>
            <trkpt lat="42.286" lon="9.34778"/>
            <trkpt lat="42.28589" lon="9.34783"/>
            <trkpt lat="42.28554" lon="9.34799"/>
            <trkpt lat="42.28543" lon="9.348"/>
            <trkpt lat="42.28537" lon="9.348"/>
            <trkpt lat="42.28526" lon="9.34802"/>
            <trkpt lat="42.28516" lon="9.34804"/>
            <trkpt lat="42.2851" lon="9.34807"/>
            <trkpt lat="42.28506" lon="9.3481"/>
            <trkpt lat="42.28497" lon="9.34818"/>
            <trkpt lat="42.28492" lon="9.34822"/>
            <trkpt lat="42.28487" lon="9.34824"/>
            <trkpt lat="42.28479" lon="9.34827"/>
            <trkpt lat="42.28448" lon="9.34837"/>
            <trkpt lat="42.28444" lon="9.34839"/>
            <trkpt lat="42.28382" lon="9.34872"/>
            <trkpt lat="42.28376" lon="9.34873"/>
            <trkpt lat="42.28371" lon="9.34873"/>
            <trkpt lat="42.28368" lon="9.34872"/>
            <trkpt lat="42.28366" lon="9.34869"/>
            <trkpt lat="42.28364" lon="9.34866"/>
            <trkpt lat="42.28362" lon="9.34862"/>
            <trkpt lat="42.28361" lon="9.34857"/>
            <trkpt lat="42.2836" lon="9.34847"/>
            <trkpt lat="42.28357" lon="9.3479"/>
            <trkpt lat="42.28355" lon="9.34778"/>
            <trkpt lat="42.28353" lon="9.34773"/>
            <trkpt lat="42.28352" lon="9.34768"/>
            <trkpt lat="42.28347" lon="9.3476"/>
            <trkpt lat="42.28338" lon="9.34746"/>
            <trkpt lat="42.28335" lon="9.3474"/>
            <trkpt lat="42.28334" lon="9.34736"/>
            <trkpt lat="42.28331" lon="9.34725"/>
            <trkpt lat="42.28328" lon="9.34692"/>
            <trkpt lat="42.28328" lon="9.34678"/>
            <trkpt lat="42.2833" lon="9.34657"/>
            <trkpt lat="42.2833" lon="9.34652"/>
            <trkpt lat="42.28329" lon="9.34641"/>
            <trkpt lat="42.28327" lon="9.34629"/>
            <trkpt lat="42.28323" lon="9.34606"/>
            <trkpt lat="42.28322" lon="9.34597"/>
            <trkpt lat="42.28322" lon="9.34586"/>
            <trkpt lat="42.28323" lon="9.3458"/>
            <trkpt lat="42.28327" lon="9.34566"/>
            <trkpt lat="42.2833" lon="9.34559"/>
            <trkpt lat="42.28334" lon="9.34552"/>
            <trkpt lat="42.28337" lon="9.34548"/>
            <trkpt lat="42.2835" lon="9.34533"/>
            <trkpt lat="42.28352" lon="9.34529"/>
            <trkpt lat="42.28353" lon="9.34525"/>
            <trkpt lat="42.28352" lon="9.3452"/>
            <trkpt lat="42.28351" lon="9.34516"/>
            <trkpt lat="42.28347" lon="9.3451"/>
            <trkpt lat="42.2833" lon="9.34496"/>
            <trkpt lat="42.28326" lon="9.34492"/>
            <trkpt lat="42.28322" lon="9.34487"/>
            <trkpt lat="42.28318" lon="9.3448"/>
            <trkpt lat="42.28316" lon="9.34477"/>
            <trkpt lat="42.28316" lon="9.34475"/>
            <trkpt lat="42.28315" lon="9.34471"/>
            <trkpt lat="42.28315" lon="9.34468"/>
            <trkpt lat="42.28315" lon="9.34463"/>
            <trkpt lat="42.28315" lon="9.3446"/>
            <trkpt lat="42.28316" lon="9.34455"/>
            <trkpt lat="42.28325" lon="9.34433"/>
            <trkpt lat="42.28327" lon="9.34427"/>
            <trkpt lat="42.28335" lon="9.34384"/>
            <trkpt lat="42.28341" lon="9.34363"/>
            <trkpt lat="42.28347" lon="9.34352"/>
            <trkpt lat="42.28364" lon="9.34335"/>
            <trkpt lat="42.28392" lon="9.34319"/>
            <trkpt lat="42.28397" lon="9.34316"/>
            <trkpt lat="42.28399" lon="9.34312"/>
            <trkpt lat="42.28406" lon="9.3427"/>
            <trkpt lat="42.28408" lon="9.34251"/>
            <trkpt lat="42.28406" lon="9.34232"/>
            <trkpt lat="42.28402" lon="9.34227"/>
            <trkpt lat="42.28397" lon="9.34224"/>
            <trkpt lat="42.28385" lon="9.34222"/>
            <trkpt lat="42.28369" lon="9.34224"/>
            <trkpt lat="42.28357" lon="9.34221"/>
            <trkpt lat="42.28342" lon="9.34214"/>
            <trkpt lat="42.28299" lon="9.342"/>
            <trkpt lat="42.28293" lon="9.34197"/>
            <trkpt lat="42.28288" lon="9.34192"/>
            <trkpt lat="42.28286" lon="9.34186"/>
            <trkpt lat="42.28284" lon="9.34179"/>
            <trkpt lat="42.28284" lon="9.3417"/>
            <trkpt lat="42.28286" lon="9.34141"/>
            <trkpt lat="42.28298" lon="9.34079"/>
            <trkpt lat="42.28302" lon="9.34043"/>
            <trkpt lat="42.28302" lon="9.34025"/>
            <trkpt lat="42.28301" lon="9.34017"/>
            <trkpt lat="42.28295" lon="9.33981"/>
            <trkpt lat="42.28293" lon="9.33975"/>
            <trkpt lat="42.28291" lon="9.33969"/>
            <trkpt lat="42.28288" lon="9.33964"/>
            <trkpt lat="42.28282" lon="9.33959"/>
            <trkpt lat="42.28276" lon="9.33954"/>
            <trkpt lat="42.2827" lon="9.33953"/>
            <trkpt lat="42.28255" lon="9.33956"/>
            <trkpt lat="42.28249" lon="9.33956"/>
            <trkpt lat="42.28238" lon="9.33954"/>
            <trkpt lat="42.28232" lon="9.33954"/>
            <trkpt lat="42.28226" lon="9.33956"/>
            <trkpt lat="42.28219" lon="9.3396"/>
            <trkpt lat="42.28212" lon="9.33962"/>
            <trkpt lat="42.28206" lon="9.33964"/>
            <trkpt lat="42.28181" lon="9.33965"/>
            <trkpt lat="42.28158" lon="9.33968"/>
            <trkpt lat="42.28114" lon="9.33967"/>
            <trkpt lat="42.28108" lon="9.33967"/>
            <trkpt lat="42.28088" lon="9.33973"/>
            <trkpt lat="42.28082" lon="9.33974"/>
            <trkpt lat="42.28076" lon="9.33974"/>
            <trkpt lat="42.2807" lon="9.33973"/>
            <trkpt lat="42.28065" lon="9.33969"/>
            <trkpt lat="42.2806" lon="9.33962"/>
            <trkpt lat="42.28057" lon="9.33955"/>
            <trkpt lat="42.2805" lon="9.33944"/>
            <trkpt lat="42.28048" lon="9.3394"/>
            <trkpt lat="42.28047" lon="9.33936"/>
            <trkpt lat="42.28043" lon="9.33923"/>
            <trkpt lat="42.28041" lon="9.33916"/>
            <trkpt lat="42.2804" lon="9.33907"/>
            <trkpt lat="42.2804" lon="9.339"/>
            <trkpt lat="42.28041" lon="9.33891"/>
            <trkpt lat="42.28042" lon="9.33883"/>
            <trkpt lat="42.28041" lon="9.33876"/>
            <trkpt lat="42.2804" lon="9.33869"/>
            <trkpt lat="42.28037" lon="9.33866"/>
            <trkpt lat="42.28034" lon="9.33863"/>
            <trkpt lat="42.28031" lon="9.33861"/>
            <trkpt lat="42.28026" lon="9.33859"/>
            <trkpt lat="42.28021" lon="9.33859"/>
            <trkpt lat="42.28015" lon="9.3386"/>
            <trkpt lat="42.28009" lon="9.33862"/>
            <trkpt lat="42.28" lon="9.33866"/>
            <trkpt lat="42.27962" lon="9.33888"/>
            <trkpt lat="42.27954" lon="9.33895"/>
            <trkpt lat="42.27944" lon="9.33914"/>
            <trkpt lat="42.27936" lon="9.33929"/>
            <trkpt lat="42.27925" lon="9.33945"/>
            <trkpt lat="42.27914" lon="9.3396"/>
            <trkpt lat="42.2791" lon="9.33968"/>
            <trkpt lat="42.27907" lon="9.33975"/>
            <trkpt lat="42.27901" lon="9.34002"/>
            <trkpt lat="42.27898" lon="9.3401"/>
            <trkpt lat="42.27896" lon="9.34017"/>
            <trkpt lat="42.2789" lon="9.34023"/>
            <trkpt lat="42.27884" lon="9.34028"/>
            <trkpt lat="42.27874" lon="9.34032"/>
            <trkpt lat="42.27843" lon="9.34047"/>
            <trkpt lat="42.27833" lon="9.34054"/>
            <trkpt lat="42.27828" lon="9.3406"/>
            <trkpt lat="42.2782" lon="9.34075"/>
            <trkpt lat="42.27807" lon="9.34106"/>
            <trkpt lat="42.27802" lon="9.34113"/>
            <trkpt lat="42.27781" lon="9.3413"/>
            <trkpt lat="42.27761" lon="9.34151"/>
            <trkpt lat="42.27754" lon="9.34159"/>
            <trkpt lat="42.27745" lon="9.34179"/>
            <trkpt lat="42.27729" lon="9.3422"/>
            <trkpt lat="42.2768" lon="9.34327"/>
            <trkpt lat="42.27668" lon="9.34348"/>
            <trkpt lat="42.27664" lon="9.34362"/>
            <trkpt lat="42.27655" lon="9.34396"/>
            <trkpt lat="42.27642" lon="9.34434"/>
            <trkpt lat="42.2764" lon="9.34441"/>
            <trkpt lat="42.27637" lon="9.3447"/>
            <trkpt lat="42.2763" lon="9.3454"/>
            <trkpt lat="42.27627" lon="9.34558"/>
            <trkpt lat="42.27623" lon="9.34563"/>
            <trkpt lat="42.27619" lon="9.34569"/>
            <trkpt lat="42.2761" lon="9.34577"/>
            <trkpt lat="42.27605" lon="9.3458"/>
            <trkpt lat="42.27599" lon="9.34582"/>
            <trkpt lat="42.27592" lon="9.34568"/>
            <trkpt lat="42.27585" lon="9.34547"/>
            <trkpt lat="42.2758" lon="9.34521"/>
            <trkpt lat="42.27579" lon="9.34505"/>
            <trkpt lat="42.27579" lon="9.34496"/>
            <trkpt lat="42.27581" lon="9.34487"/>
            <trkpt lat="42.27603" lon="9.3443"/>
            <trkpt lat="42.27608" lon="9.34405"/>
            <trkpt lat="42.27608" lon="9.34382"/>
            <trkpt lat="42.27606" lon="9.3437"/>
            <trkpt lat="42.27605" lon="9.34359"/>
            <trkpt lat="42.27602" lon="9.3435"/>
            <trkpt lat="42.27586" lon="9.34308"/>
            <trkpt lat="42.27583" lon="9.34298"/>
            <trkpt lat="42.27582" lon="9.34291"/>
            <trkpt lat="42.27577" lon="9.34243"/>
            <trkpt lat="42.27576" lon="9.34236"/>
            <trkpt lat="42.27577" lon="9.34229"/>
            <trkpt lat="42.2758" lon="9.34222"/>
            <trkpt lat="42.27589" lon="9.3421"/>
            <trkpt lat="42.27611" lon="9.34191"/>
            <trkpt lat="42.27616" lon="9.34184"/>
            <trkpt lat="42.27627" lon="9.34161"/>
            <trkpt lat="42.2764" lon="9.34129"/>
            <trkpt lat="42.27647" lon="9.34108"/>
            <trkpt lat="42.27655" lon="9.34076"/>
            <trkpt lat="42.27663" lon="9.34034"/>
            <trkpt lat="42.27667" lon="9.3402"/>
            <trkpt lat="42.27686" lon="9.33991"/>
            <trkpt lat="42.27697" lon="9.33973"/>
            <trkpt lat="42.27713" lon="9.33942"/>
            <trkpt lat="42.27716" lon="9.33933"/>
            <trkpt lat="42.27718" lon="9.33925"/>
            <trkpt lat="42.27719" lon="9.33916"/>
            <trkpt lat="42.27718" lon="9.33899"/>
            <trkpt lat="42.27711" lon="9.33864"/>
            <trkpt lat="42.27708" lon="9.33838"/>
            <trkpt lat="42.27706" lon="9.33823"/>
            <trkpt lat="42.27706" lon="9.33816"/>
            <trkpt lat="42.27706" lon="9.338"/>
            <trkpt lat="42.27706" lon="9.33794"/>
            <trkpt lat="42.27705" lon="9.33786"/>
            <trkpt lat="42.27704" lon="9.33781"/>
            <trkpt lat="42.27701" lon="9.33774"/>
            <trkpt lat="42.27697" lon="9.33771"/>
            <trkpt lat="42.27692" lon="9.33768"/>
            <trkpt lat="42.27688" lon="9.33767"/>
            <trkpt lat="42.27682" lon="9.33768"/>
            <trkpt lat="42.27671" lon="9.33768"/>
            <trkpt lat="42.27654" lon="9.33762"/>
            <trkpt lat="42.27621" lon="9.33745"/>
            <trkpt lat="42.2761" lon="9.33739"/>
            <trkpt lat="42.27602" lon="9.33736"/>
            <trkpt lat="42.27595" lon="9.33734"/>
            <trkpt lat="42.2758" lon="9.33736"/>
            <trkpt lat="42.2756" lon="9.33736"/>
            <trkpt lat="42.27546" lon="9.33734"/>
            <trkpt lat="42.27539" lon="9.33732"/>
            <trkpt lat="42.27537" lon="9.33732"/>
            <trkpt lat="42.27508" lon="9.33724"/>
            <trkpt lat="42.27503" lon="9.33722"/>
            <trkpt lat="42.27499" lon="9.33718"/>
            <trkpt lat="42.27495" lon="9.33712"/>
            <trkpt lat="42.27494" lon="9.33706"/>
            <trkpt lat="42.27493" lon="9.33699"/>
            <trkpt lat="42.27493" lon="9.33667"/>
            <trkpt lat="42.27494" lon="9.33631"/>
            <trkpt lat="42.27495" lon="9.33621"/>
            <trkpt lat="42.27497" lon="9.33613"/>
            <trkpt lat="42.27499" lon="9.33605"/>
            <trkpt lat="42.275" lon="9.33597"/>
            <trkpt lat="42.27499" lon="9.33591"/>
            <trkpt lat="42.27497" lon="9.33586"/>
            <trkpt lat="42.27495" lon="9.33581"/>
            <trkpt lat="42.2749" lon="9.33577"/>
            <trkpt lat="42.27482" lon="9.33573"/>
            <trkpt lat="42.27467" lon="9.33569"/>
            <trkpt lat="42.27441" lon="9.33565"/>
            <trkpt lat="42.27383" lon="9.33544"/>
            <trkpt lat="42.27373" lon="9.3354"/>
            <trkpt lat="42.2737" lon="9.33536"/>
            <trkpt lat="42.27367" lon="9.33532"/>
            <trkpt lat="42.27365" lon="9.33528"/>
            <trkpt lat="42.27364" lon="9.33522"/>
            <trkpt lat="42.27364" lon="9.33516"/>
            <trkpt lat="42.27369" lon="9.33501"/>
            <trkpt lat="42.27394" lon="9.33443"/>
            <trkpt lat="42.27408" lon="9.33406"/>
            <trkpt lat="42.27416" lon="9.33381"/>
            <trkpt lat="42.27417" lon="9.33376"/>
            <trkpt lat="42.27417" lon="9.33371"/>
            <trkpt lat="42.27416" lon="9.33366"/>
            <trkpt lat="42.27415" lon="9.33362"/>
            <trkpt lat="42.27414" lon="9.33358"/>
            <trkpt lat="42.27411" lon="9.33352"/>
            <trkpt lat="42.27409" lon="9.3335"/>
            <trkpt lat="42.27404" lon="9.33344"/>
            <trkpt lat="42.27402" lon="9.33342"/>
            <trkpt lat="42.27399" lon="9.3334"/>
            <trkpt lat="42.27391" lon="9.33337"/>
            <trkpt lat="42.27383" lon="9.33335"/>
            <trkpt lat="42.27363" lon="9.33332"/>
            <trkpt lat="42.27352" lon="9.33328"/>
            <trkpt lat="42.27348" lon="9.33325"/>
            <trkpt lat="42.2734" lon="9.33318"/>
            <trkpt lat="42.27338" lon="9.33315"/>
            <trkpt lat="42.27334" lon="9.33304"/>
            <trkpt lat="42.27333" lon="9.33288"/>
            <trkpt lat="42.27334" lon="9.33281"/>
            <trkpt lat="42.27334" lon="9.33268"/>
            <trkpt lat="42.27334" lon="9.33262"/>
            <trkpt lat="42.27333" lon="9.33247"/>
            <trkpt lat="42.27332" lon="9.33239"/>
            <trkpt lat="42.27328" lon="9.33223"/>
            <trkpt lat="42.27321" lon="9.33207"/>
            <trkpt lat="42.27296" lon="9.33162"/>
            <trkpt lat="42.27286" lon="9.33148"/>
            <trkpt lat="42.27276" lon="9.33139"/>
            <trkpt lat="42.27266" lon="9.33132"/>
            <trkpt lat="42.27199" lon="9.33105"/>
            <trkpt lat="42.27183" lon="9.33103"/>
            <trkpt lat="42.27175" lon="9.33102"/>
            <trkpt lat="42.27154" lon="9.33103"/>
            <trkpt lat="42.27145" lon="9.33105"/>
            <trkpt lat="42.27136" lon="9.33108"/>
            <trkpt lat="42.27123" lon="9.33114"/>
            <trkpt lat="42.27118" lon="9.33115"/>
            <trkpt lat="42.27114" lon="9.33114"/>
            <trkpt lat="42.27112" lon="9.33112"/>
            <trkpt lat="42.27109" lon="9.33108"/>
            <trkpt lat="42.27107" lon="9.33102"/>
            <trkpt lat="42.27108" lon="9.33096"/>
            <trkpt lat="42.27111" lon="9.33091"/>
            <trkpt lat="42.27116" lon="9.33087"/>
            <trkpt lat="42.27191" lon="9.33078"/>
            <trkpt lat="42.27239" lon="9.33075"/>
            <trkpt lat="42.27271" lon="9.33072"/>
            <trkpt lat="42.27284" lon="9.33073"/>
            <trkpt lat="42.27323" lon="9.33087"/>
            <trkpt lat="42.27361" lon="9.33106"/>
            <trkpt lat="42.27391" lon="9.33124"/>
            <trkpt lat="42.27423" lon="9.33136"/>
            <trkpt lat="42.27447" lon="9.33142"/>
            <trkpt lat="42.27514" lon="9.33183"/>
            <trkpt lat="42.27529" lon="9.33197"/>
            <trkpt lat="42.27538" lon="9.33208"/>
            <trkpt lat="42.27539" lon="9.33209"/>
            <trkpt lat="42.2758" lon="9.33275"/>
            <trkpt lat="42.27602" lon="9.33305"/>
            <trkpt lat="42.27625" lon="9.3333"/>
            <trkpt lat="42.27637" lon="9.33337"/>
            <trkpt lat="42.27651" lon="9.33341"/>
            <trkpt lat="42.27695" lon="9.33337"/>
            <trkpt lat="42.27702" lon="9.33337"/>
            <trkpt lat="42.27712" lon="9.33338"/>
            <trkpt lat="42.2772" lon="9.33341"/>
            <trkpt lat="42.27729" lon="9.33353"/>
            <trkpt lat="42.27759" lon="9.33419"/>
            <trkpt lat="42.27767" lon="9.33448"/>
            <trkpt lat="42.27782" lon="9.3348"/>
            <trkpt lat="42.278" lon="9.33498"/>
            <trkpt lat="42.2781" lon="9.33507"/>
            <trkpt lat="42.2782" lon="9.33513"/>
            <trkpt lat="42.27834" lon="9.33516"/>
            <trkpt lat="42.27867" lon="9.33518"/>
            <trkpt lat="42.27899" lon="9.33517"/>
            <trkpt lat="42.2791" lon="9.33518"/>
            <trkpt lat="42.27924" lon="9.33522"/>
            <trkpt lat="42.27945" lon="9.33522"/>
            <trkpt lat="42.27969" lon="9.33515"/>
            <trkpt lat="42.27987" lon="9.33513"/>
            <trkpt lat="42.27991" lon="9.33513"/>
            <trkpt lat="42.28021" lon="9.33517"/>
            <trkpt lat="42.28052" lon="9.33515"/>
            <trkpt lat="42.28088" lon="9.33511"/>
            <trkpt lat="42.28108" lon="9.33507"/>
            <trkpt lat="42.28127" lon="9.335"/>
            <trkpt lat="42.2816" lon="9.33477"/>
            <trkpt lat="42.28192" lon="9.33449"/>
            <trkpt lat="42.2824" lon="9.33389"/>
            <trkpt lat="42.28251" lon="9.33372"/>
            <trkpt lat="42.28256" lon="9.33358"/>
            <trkpt lat="42.28258" lon="9.33329"/>
            <trkpt lat="42.28257" lon="9.33306"/>
            <trkpt lat="42.28259" lon="9.33245"/>
            <trkpt lat="42.28259" lon="9.33244"/>
            <trkpt lat="42.28264" lon="9.33231"/>
            <trkpt lat="42.28269" lon="9.33222"/>
            <trkpt lat="42.28284" lon="9.33211"/>
            <trkpt lat="42.28291" lon="9.33208"/>
            <trkpt lat="42.2835" lon="9.33205"/>
            <trkpt lat="42.2839" lon="9.33197"/>
            <trkpt lat="42.28422" lon="9.33185"/>
            <trkpt lat="42.28447" lon="9.33168"/>
            <trkpt lat="42.28464" lon="9.3315"/>
            <trkpt lat="42.28485" lon="9.33125"/>
            <trkpt lat="42.28509" lon="9.33089"/>
            <trkpt lat="42.28526" lon="9.3305"/>
            <trkpt lat="42.28525" lon="9.33018"/>
            <trkpt lat="42.28527" lon="9.32987"/>
            <trkpt lat="42.28528" lon="9.32928"/>
            <trkpt lat="42.28529" lon="9.32912"/>
            <trkpt lat="42.28532" lon="9.32898"/>
            <trkpt lat="42.28538" lon="9.32888"/>
            <trkpt lat="42.28548" lon="9.32877"/>
            <trkpt lat="42.28611" lon="9.32825"/>
            <trkpt lat="42.28621" lon="9.32812"/>
            <trkpt lat="42.28627" lon="9.32801"/>
            <trkpt lat="42.28632" lon="9.32779"/>
            <trkpt lat="42.28638" lon="9.32737"/>
            <trkpt lat="42.28642" lon="9.32715"/>
            <trkpt lat="42.28648" lon="9.327"/>
            <trkpt lat="42.28654" lon="9.32689"/>
            <trkpt lat="42.28673" lon="9.32672"/>
            <trkpt lat="42.28678" lon="9.32661"/>
            <trkpt lat="42.28684" lon="9.32641"/>
            <trkpt lat="42.28692" lon="9.32604"/>
            <trkpt lat="42.28694" lon="9.32576"/>
            <trkpt lat="42.28694" lon="9.32557"/>
            <trkpt lat="42.28692" lon="9.32542"/>
            <trkpt lat="42.28675" lon="9.32492"/>
            <trkpt lat="42.28672" lon="9.32475"/>
            <trkpt lat="42.28667" lon="9.32441"/>
            <trkpt lat="42.28667" lon="9.32433"/>
            <trkpt lat="42.28658" lon="9.32413"/>
            <trkpt lat="42.28649" lon="9.32402"/>
            <trkpt lat="42.28626" lon="9.32387"/>
            <trkpt lat="42.28592" lon="9.32361"/>
            <trkpt lat="42.28579" lon="9.32348"/>
            <trkpt lat="42.28571" lon="9.32337"/>
            <trkpt lat="42.2857" lon="9.32333"/>
            <trkpt lat="42.28569" lon="9.32327"/>
            <trkpt lat="42.28569" lon="9.3232"/>
            <trkpt lat="42.28572" lon="9.32309"/>
            <trkpt lat="42.28583" lon="9.32285"/>
            <trkpt lat="42.28593" lon="9.32258"/>
            <trkpt lat="42.28593" lon="9.32252"/>
            <trkpt lat="42.28593" lon="9.32244"/>
            <trkpt lat="42.28592" lon="9.32233"/>
            <trkpt lat="42.28583" lon="9.32221"/>
            <trkpt lat="42.28553" lon="9.32195"/>
            <trkpt lat="42.28542" lon="9.32181"/>
            <trkpt lat="42.28534" lon="9.32161"/>
            <trkpt lat="42.28529" lon="9.32099"/>
            <trkpt lat="42.28526" lon="9.32086"/>
            <trkpt lat="42.28507" lon="9.32033"/>
            <trkpt lat="42.28493" lon="9.3198"/>
            <trkpt lat="42.28489" lon="9.31971"/>
            <trkpt lat="42.28483" lon="9.31962"/>
            <trkpt lat="42.28476" lon="9.31957"/>
            <trkpt lat="42.28467" lon="9.31954"/>
            <trkpt lat="42.28443" lon="9.31953"/>
            <trkpt lat="42.2842" lon="9.3195"/>
            <trkpt lat="42.28413" lon="9.31945"/>
            <trkpt lat="42.28402" lon="9.31932"/>
            <trkpt lat="42.28396" lon="9.31921"/>
            <trkpt lat="42.28391" lon="9.31908"/>
            <trkpt lat="42.28387" lon="9.31889"/>
            <trkpt lat="42.28384" lon="9.31871"/>
            <trkpt lat="42.28378" lon="9.31817"/>
            <trkpt lat="42.28379" lon="9.31805"/>
            <trkpt lat="42.2838" lon="9.31796"/>
            <trkpt lat="42.28382" lon="9.31791"/>
            <trkpt lat="42.28387" lon="9.31785"/>
            <trkpt lat="42.28391" lon="9.31783"/>
            <trkpt lat="42.28399" lon="9.31779"/>
            <trkpt lat="42.28419" lon="9.31773"/>
            <trkpt lat="42.28432" lon="9.31766"/>
            <trkpt lat="42.28438" lon="9.31761"/>
            <trkpt lat="42.28441" lon="9.31756"/>
            <trkpt lat="42.2845" lon="9.31736"/>
            <trkpt lat="42.28472" lon="9.317"/>
            <trkpt lat="42.28492" lon="9.31673"/>
            <trkpt lat="42.28503" lon="9.31663"/>
            <trkpt lat="42.28507" lon="9.3166"/>
            <trkpt lat="42.28512" lon="9.31659"/>
            <trkpt lat="42.28519" lon="9.31659"/>
            <trkpt lat="42.28528" lon="9.31661"/>
            <trkpt lat="42.28549" lon="9.31673"/>
            <trkpt lat="42.28561" lon="9.31678"/>
            <trkpt lat="42.28594" lon="9.31685"/>
            <trkpt lat="42.28673" lon="9.31698"/>
            <trkpt lat="42.28694" lon="9.31697"/>
            <trkpt lat="42.28699" lon="9.31696"/>
            <trkpt lat="42.28704" lon="9.31692"/>
            <trkpt lat="42.28709" lon="9.31687"/>
            <trkpt lat="42.28712" lon="9.31682"/>
            <trkpt lat="42.28714" lon="9.31676"/>
            <trkpt lat="42.28715" lon="9.31669"/>
            <trkpt lat="42.28715" lon="9.31664"/>
            <trkpt lat="42.28715" lon="9.31659"/>
            <trkpt lat="42.28713" lon="9.31653"/>
            <trkpt lat="42.28708" lon="9.31641"/>
            <trkpt lat="42.28706" lon="9.31635"/>
            <trkpt lat="42.28698" lon="9.31617"/>
            <trkpt lat="42.28658" lon="9.3151"/>
            <trkpt lat="42.28657" lon="9.31503"/>
            <trkpt lat="42.28651" lon="9.31476"/>
            <trkpt lat="42.28647" lon="9.31462"/>
            <trkpt lat="42.28627" lon="9.31412"/>
            <trkpt lat="42.28617" lon="9.31395"/>
            <trkpt lat="42.286" lon="9.31371"/>
            <trkpt lat="42.28595" lon="9.31358"/>
            <trkpt lat="42.28593" lon="9.31352"/>
            <trkpt lat="42.28593" lon="9.31348"/>
            <trkpt lat="42.28595" lon="9.31345"/>
            <trkpt lat="42.28596" lon="9.31343"/>
            <trkpt lat="42.286" lon="9.3134"/>
            <trkpt lat="42.2865" lon="9.31324"/>
            <trkpt lat="42.28671" lon="9.31308"/>
            <trkpt lat="42.28691" lon="9.31288"/>
            <trkpt lat="42.28722" lon="9.31254"/>
            <trkpt lat="42.28726" lon="9.31244"/>
            <trkpt lat="42.28726" lon="9.31225"/>
            <trkpt lat="42.28722" lon="9.31215"/>
            <trkpt lat="42.28717" lon="9.31206"/>
            <trkpt lat="42.287" lon="9.31189"/>
            <trkpt lat="42.28687" lon="9.3118"/>
            <trkpt lat="42.28682" lon="9.31175"/>
            <trkpt lat="42.28679" lon="9.3117"/>
            <trkpt lat="42.28674" lon="9.31157"/>
            <trkpt lat="42.28674" lon="9.31145"/>
            <trkpt lat="42.28681" lon="9.31124"/>
            <trkpt lat="42.28693" lon="9.31103"/>
            <trkpt lat="42.28698" lon="9.3109"/>
            <trkpt lat="42.28697" lon="9.31058"/>
            <trkpt lat="42.28698" lon="9.31035"/>
            <trkpt lat="42.28696" lon="9.31015"/>
            <trkpt lat="42.28688" lon="9.30978"/>
            <trkpt lat="42.28682" lon="9.30914"/>
            <trkpt lat="42.28678" lon="9.309"/>
            <trkpt lat="42.28661" lon="9.30863"/>
            <trkpt lat="42.28656" lon="9.30834"/>
            <trkpt lat="42.28655" lon="9.3082"/>
            <trkpt lat="42.28663" lon="9.30764"/>
            <trkpt lat="42.28674" lon="9.30739"/>
            <trkpt lat="42.28686" lon="9.30725"/>
            <trkpt lat="42.28713" lon="9.30708"/>
            <trkpt lat="42.28745" lon="9.30694"/>
            <trkpt lat="42.28774" lon="9.30674"/>
            <trkpt lat="42.28811" lon="9.30642"/>
            <trkpt lat="42.28863" lon="9.30581"/>
            <trkpt lat="42.28873" lon="9.30566"/>
            <trkpt lat="42.28882" lon="9.30552"/>
            <trkpt lat="42.28887" lon="9.30546"/>
            <trkpt lat="42.28893" lon="9.30539"/>
            <trkpt lat="42.28892" lon="9.30536"/>
            <trkpt lat="42.2889" lon="9.30526"/>
            <trkpt lat="42.28888" lon="9.30522"/>
            <trkpt lat="42.28886" lon="9.30516"/>
            <trkpt lat="42.28881" lon="9.30509"/>
            <trkpt lat="42.28875" lon="9.30502"/>
            <trkpt lat="42.28844" lon="9.30474"/>
            <trkpt lat="42.28795" lon="9.30436"/>
            <trkpt lat="42.28775" lon="9.30423"/>
            <trkpt lat="42.2874" lon="9.30409"/>
            <trkpt lat="42.28703" lon="9.304"/>
            <trkpt lat="42.28624" lon="9.30384"/>
            <trkpt lat="42.2858" lon="9.30381"/>
            <trkpt lat="42.28568" lon="9.30383"/>
            <trkpt lat="42.28559" lon="9.30388"/>
            <trkpt lat="42.28551" lon="9.30394"/>
            <trkpt lat="42.28529" lon="9.30412"/>
            <trkpt lat="42.28497" lon="9.30436"/>
            <trkpt lat="42.28486" lon="9.30441"/>
            <trkpt lat="42.28475" lon="9.30442"/>
            <trkpt lat="42.28461" lon="9.3044"/>
            <trkpt lat="42.28455" lon="9.30437"/>
            <trkpt lat="42.28439" lon="9.30425"/>
            <trkpt lat="42.28411" lon="9.30396"/>
            <trkpt lat="42.28403" lon="9.30389"/>
            <trkpt lat="42.28395" lon="9.30383"/>
            <trkpt lat="42.28389" lon="9.30381"/>
            <trkpt lat="42.28381" lon="9.30381"/>
            <trkpt lat="42.28374" lon="9.30385"/>
            <trkpt lat="42.28346" lon="9.30403"/>
            <trkpt lat="42.28338" lon="9.30407"/>
            <trkpt lat="42.2833" lon="9.30409"/>
            <trkpt lat="42.28314" lon="9.30409"/>
            <trkpt lat="42.28299" lon="9.30408"/>
            <trkpt lat="42.28244" lon="9.30384"/>
            <trkpt lat="42.28177" lon="9.30357"/>
            <trkpt lat="42.28169" lon="9.30352"/>
            <trkpt lat="42.28117" lon="9.30311"/>
            <trkpt lat="42.28097" lon="9.30291"/>
            <trkpt lat="42.28086" lon="9.30275"/>
            <trkpt lat="42.28069" lon="9.3024"/>
            <trkpt lat="42.2806" lon="9.3021"/>
            <trkpt lat="42.28053" lon="9.30175"/>
            <trkpt lat="42.28044" lon="9.30151"/>
            <trkpt lat="42.28025" lon="9.3012"/>
            <trkpt lat="42.28022" lon="9.30113"/>
            <trkpt lat="42.28019" lon="9.30106"/>
            <trkpt lat="42.28016" lon="9.301"/>
            <trkpt lat="42.28013" lon="9.30095"/>
            <trkpt lat="42.2801" lon="9.30092"/>
            <trkpt lat="42.28005" lon="9.3009"/>
            <trkpt lat="42.27998" lon="9.3009"/>
            <trkpt lat="42.27986" lon="9.3009"/>
            <trkpt lat="42.27981" lon="9.30089"/>
            <trkpt lat="42.27976" lon="9.30087"/>
            <trkpt lat="42.27971" lon="9.30083"/>
            <trkpt lat="42.27948" lon="9.30056"/>
            <trkpt lat="42.27939" lon="9.30042"/>
            <trkpt lat="42.27934" lon="9.30034"/>
            <trkpt lat="42.2793" lon="9.3003"/>
            <trkpt lat="42.27923" lon="9.30025"/>
            <trkpt lat="42.27919" lon="9.30024"/>
            <trkpt lat="42.2791" lon="9.30022"/>
            <trkpt lat="42.27887" lon="9.30029"/>
            <trkpt lat="42.27878" lon="9.3003"/>
            <trkpt lat="42.27874" lon="9.30029"/>
            <trkpt lat="42.27855" lon="9.30023"/>
            <trkpt lat="42.27848" lon="9.30023"/>
            <trkpt lat="42.27842" lon="9.30023"/>
            <trkpt lat="42.27837" lon="9.30025"/>
            <trkpt lat="42.27822" lon="9.30034"/>
            <trkpt lat="42.27813" lon="9.30038"/>
            <trkpt lat="42.2781" lon="9.30038"/>
            <trkpt lat="42.27806" lon="9.30037"/>
            <trkpt lat="42.27803" lon="9.30034"/>
            <trkpt lat="42.27798" lon="9.30028"/>
            <trkpt lat="42.27787" lon="9.30007"/>
            <trkpt lat="42.27784" lon="9.30002"/>
            <trkpt lat="42.27774" lon="9.29991"/>
            <trkpt lat="42.27753" lon="9.29976"/>
            <trkpt lat="42.27745" lon="9.29971"/>
            <trkpt lat="42.27727" lon="9.29957"/>
            <trkpt lat="42.27723" lon="9.29953"/>
            <trkpt lat="42.2772" lon="9.29949"/>
            <trkpt lat="42.27715" lon="9.29939"/>
            <trkpt lat="42.27713" lon="9.29937"/>
            <trkpt lat="42.27677" lon="9.29896"/>
            <trkpt lat="42.27664" lon="9.29876"/>
            <trkpt lat="42.27633" lon="9.29824"/>
            <trkpt lat="42.27601" lon="9.29748"/>
            <trkpt lat="42.27594" lon="9.29739"/>
            <trkpt lat="42.27581" lon="9.29729"/>
            <trkpt lat="42.27545" lon="9.29689"/>
            <trkpt lat="42.27539" lon="9.29685"/>
            <trkpt lat="42.27536" lon="9.29683"/>
            <trkpt lat="42.27519" lon="9.29679"/>
            <trkpt lat="42.27479" lon="9.2966"/>
            <trkpt lat="42.27464" lon="9.29655"/>
            <trkpt lat="42.2744" lon="9.29654"/>
            <trkpt lat="42.27423" lon="9.29651"/>
            <trkpt lat="42.27416" lon="9.29647"/>
            <trkpt lat="42.27377" lon="9.29605"/>
            <trkpt lat="42.27364" lon="9.29595"/>
            <trkpt lat="42.27353" lon="9.29589"/>
            <trkpt lat="42.27343" lon="9.29589"/>
            <trkpt lat="42.27297" lon="9.29593"/>
            <trkpt lat="42.2729" lon="9.2959"/>
            <trkpt lat="42.27283" lon="9.29583"/>
            <trkpt lat="42.27265" lon="9.29548"/>
            <trkpt lat="42.27262" lon="9.29536"/>
            <trkpt lat="42.2726" lon="9.29523"/>
            <trkpt lat="42.27261" lon="9.2951"/>
            <trkpt lat="42.27266" lon="9.29494"/>
            <trkpt lat="42.27273" lon="9.29484"/>
            <trkpt lat="42.27289" lon="9.29471"/>
            <trkpt lat="42.273" lon="9.29458"/>
            <trkpt lat="42.27311" lon="9.29443"/>
            <trkpt lat="42.27311" lon="9.29443"/>
            <trkpt lat="42.27319" lon="9.29426"/>
            <trkpt lat="42.27331" lon="9.29396"/>
            <trkpt lat="42.27344" lon="9.29373"/>
            <trkpt lat="42.27346" lon="9.29367"/>
            <trkpt lat="42.27348" lon="9.29359"/>
            <trkpt lat="42.27348" lon="9.29347"/>
            <trkpt lat="42.27345" lon="9.29334"/>
            <trkpt lat="42.27337" lon="9.2932"/>
            <trkpt lat="42.2733" lon="9.2931"/>
            <trkpt lat="42.27312" lon="9.29292"/>
            <trkpt lat="42.27283" lon="9.29257"/>
            <trkpt lat="42.27258" lon="9.29233"/>
            <trkpt lat="42.27248" lon="9.29221"/>
            <trkpt lat="42.27232" lon="9.29198"/>
            <trkpt lat="42.27223" lon="9.29185"/>
            <trkpt lat="42.27214" lon="9.29176"/>
            <trkpt lat="42.27202" lon="9.29168"/>
            <trkpt lat="42.27164" lon="9.29141"/>
            <trkpt lat="42.27118" lon="9.29081"/>
            <trkpt lat="42.27111" lon="9.29073"/>
            <trkpt lat="42.27099" lon="9.29067"/>
            <trkpt lat="42.27044" lon="9.29056"/>
            <trkpt lat="42.27018" lon="9.29046"/>
            <trkpt lat="42.27" lon="9.29042"/>
            <trkpt lat="42.26988" lon="9.29042"/>
            <trkpt lat="42.26963" lon="9.29046"/>
            <trkpt lat="42.26947" lon="9.29047"/>
            <trkpt lat="42.26935" lon="9.29044"/>
            <trkpt lat="42.26891" lon="9.2902"/>
            <trkpt lat="42.26879" lon="9.29018"/>
            <trkpt lat="42.26868" lon="9.29018"/>
            <trkpt lat="42.26836" lon="9.2903"/>
            <trkpt lat="42.26821" lon="9.29034"/>
            <trkpt lat="42.26811" lon="9.29034"/>
            <trkpt lat="42.26806" lon="9.29029"/>
            <trkpt lat="42.26803" lon="9.29023"/>
            <trkpt lat="42.26802" lon="9.29011"/>
            <trkpt lat="42.26802" lon="9.29004"/>
            <trkpt lat="42.26804" lon="9.28985"/>
            <trkpt lat="42.26802" lon="9.28977"/>
            <trkpt lat="42.26798" lon="9.28972"/>
            <trkpt lat="42.26792" lon="9.28968"/>
            <trkpt lat="42.26774" lon="9.28966"/>
            <trkpt lat="42.26762" lon="9.28962"/>
            <trkpt lat="42.26753" lon="9.28954"/>
            <trkpt lat="42.26745" lon="9.28941"/>
            <trkpt lat="42.2673" lon="9.28906"/>
            <trkpt lat="42.26718" lon="9.28883"/>
            <trkpt lat="42.26704" lon="9.28862"/>
            <trkpt lat="42.26661" lon="9.28808"/>
            <trkpt lat="42.26618" lon="9.28764"/>
            <trkpt lat="42.26597" lon="9.28745"/>
            <trkpt lat="42.26557" lon="9.28718"/>
            <trkpt lat="42.26483" lon="9.28676"/>
            <trkpt lat="42.26407" lon="9.28643"/>
            <trkpt lat="42.26367" lon="9.28634"/>
            <trkpt lat="42.26351" lon="9.28632"/>
            <trkpt lat="42.26333" lon="9.28634"/>
            <trkpt lat="42.26293" lon="9.28651"/>
            <trkpt lat="42.26275" lon="9.28653"/>
            <trkpt lat="42.26263" lon="9.28649"/>
            <trkpt lat="42.26255" lon="9.28643"/>
            <trkpt lat="42.26253" lon="9.2864"/>
            <trkpt lat="42.26252" lon="9.28638"/>
            <trkpt lat="42.26251" lon="9.28634"/>
            <trkpt lat="42.26251" lon="9.2863"/>
            <trkpt lat="42.26251" lon="9.28625"/>
            <trkpt lat="42.26258" lon="9.28595"/>
            <trkpt lat="42.26258" lon="9.28587"/>
            <trkpt lat="42.26257" lon="9.28584"/>
            <trkpt lat="42.26256" lon="9.28579"/>
            <trkpt lat="42.26252" lon="9.28569"/>
            <trkpt lat="42.26249" lon="9.2856"/>
            <trkpt lat="42.26248" lon="9.28557"/>
            <trkpt lat="42.26247" lon="9.28542"/>
            <trkpt lat="42.26246" lon="9.28535"/>
            <trkpt lat="42.26238" lon="9.2849"/>
            <trkpt lat="42.26236" lon="9.28484"/>
            <trkpt lat="42.26233" lon="9.28473"/>
            <trkpt lat="42.26225" lon="9.28463"/>
            <trkpt lat="42.26221" lon="9.28458"/>
            <trkpt lat="42.26208" lon="9.28446"/>
            <trkpt lat="42.26206" lon="9.28443"/>
            <trkpt lat="42.26204" lon="9.28438"/>
            <trkpt lat="42.26202" lon="9.28433"/>
            <trkpt lat="42.26201" lon="9.28427"/>
            <trkpt lat="42.262" lon="9.28379"/>
            <trkpt lat="42.262" lon="9.28371"/>
            <trkpt lat="42.26198" lon="9.2836"/>
            <trkpt lat="42.26195" lon="9.28352"/>
            <trkpt lat="42.26193" lon="9.28347"/>
            <trkpt lat="42.26189" lon="9.28342"/>
            <trkpt lat="42.26187" lon="9.28339"/>
            <trkpt lat="42.2619" lon="9.2838"/>
            <trkpt lat="42.2619" lon="9.28408"/>
            <trkpt lat="42.26191" lon="9.28421"/>
            <trkpt lat="42.26191" lon="9.28426"/>
            <trkpt lat="42.26193" lon="9.28432"/>
            <trkpt lat="42.26197" lon="9.2844"/>
            <trkpt lat="42.26212" lon="9.28468"/>
            <trkpt lat="42.26216" lon="9.2848"/>
            <trkpt lat="42.26222" lon="9.28499"/>
            <trkpt lat="42.26224" lon="9.28515"/>
            <trkpt lat="42.26224" lon="9.28534"/>
            <trkpt lat="42.2622" lon="9.28561"/>
            <trkpt lat="42.26217" lon="9.28572"/>
            <trkpt lat="42.26213" lon="9.2858"/>
            <trkpt lat="42.26206" lon="9.28593"/>
            <trkpt lat="42.26196" lon="9.28605"/>
            <trkpt lat="42.2619" lon="9.28617"/>
            <trkpt lat="42.26187" lon="9.28634"/>
            <trkpt lat="42.26185" lon="9.28656"/>
            <trkpt lat="42.26187" lon="9.28683"/>
            <trkpt lat="42.26207" lon="9.28768"/>
            <trkpt lat="42.26214" lon="9.2878"/>
            <trkpt lat="42.26222" lon="9.28786"/>
            <trkpt lat="42.2623" lon="9.28787"/>
            <trkpt lat="42.2627" lon="9.28772"/>
            <trkpt lat="42.2631" lon="9.28762"/>
            <trkpt lat="42.26333" lon="9.28761"/>
            <trkpt lat="42.26351" lon="9.28762"/>
            <trkpt lat="42.26369" lon="9.28769"/>
            <trkpt lat="42.26388" lon="9.28778"/>
            <trkpt lat="42.26418" lon="9.28805"/>
            <trkpt lat="42.26447" lon="9.28838"/>
            <trkpt lat="42.26463" lon="9.28854"/>
            <trkpt lat="42.26478" lon="9.28864"/>
            <trkpt lat="42.26491" lon="9.28876"/>
            <trkpt lat="42.26501" lon="9.28884"/>
            <trkpt lat="42.26516" lon="9.28895"/>
            <trkpt lat="42.26528" lon="9.28908"/>
            <trkpt lat="42.2654" lon="9.28927"/>
            <trkpt lat="42.26549" lon="9.28948"/>
            <trkpt lat="42.26552" lon="9.28955"/>
            <trkpt lat="42.26558" lon="9.28973"/>
            <trkpt lat="42.26558" lon="9.28989"/>
            <trkpt lat="42.26555" lon="9.29001"/>
            <trkpt lat="42.2654" lon="9.29027"/>
            <trkpt lat="42.26538" lon="9.29039"/>
            <trkpt lat="42.26535" lon="9.2908"/>
            <trkpt lat="42.26529" lon="9.29123"/>
            <trkpt lat="42.26523" lon="9.29144"/>
            <trkpt lat="42.26514" lon="9.29158"/>
            <trkpt lat="42.26503" lon="9.29171"/>
            <trkpt lat="42.26488" lon="9.29182"/>
            <trkpt lat="42.26444" lon="9.29206"/>
            <trkpt lat="42.26433" lon="9.29213"/>
            <trkpt lat="42.26426" lon="9.2922"/>
            <trkpt lat="42.26404" lon="9.29247"/>
            <trkpt lat="42.26387" lon="9.29265"/>
            <trkpt lat="42.26367" lon="9.29281"/>
            <trkpt lat="42.26347" lon="9.29293"/>
            <trkpt lat="42.26299" lon="9.29318"/>
            <trkpt lat="42.26281" lon="9.2933"/>
            <trkpt lat="42.2626" lon="9.29355"/>
            <trkpt lat="42.26255" lon="9.29366"/>
            <trkpt lat="42.26253" lon="9.29379"/>
            <trkpt lat="42.26255" lon="9.29389"/>
            <trkpt lat="42.26259" lon="9.29397"/>
            <trkpt lat="42.26267" lon="9.29403"/>
            <trkpt lat="42.26292" lon="9.29411"/>
            <trkpt lat="42.26299" lon="9.29415"/>
            <trkpt lat="42.26304" lon="9.29421"/>
            <trkpt lat="42.26312" lon="9.29443"/>
            <trkpt lat="42.26316" lon="9.29456"/>
            <trkpt lat="42.26321" lon="9.29463"/>
            <trkpt lat="42.26326" lon="9.29468"/>
            <trkpt lat="42.26334" lon="9.29469"/>
            <trkpt lat="42.26343" lon="9.29466"/>
            <trkpt lat="42.26377" lon="9.29443"/>
            <trkpt lat="42.26379" lon="9.29442"/>
            <trkpt lat="42.26392" lon="9.2944"/>
            <trkpt lat="42.26403" lon="9.29441"/>
            <trkpt lat="42.26407" lon="9.29443"/>
            <trkpt lat="42.26415" lon="9.29449"/>
            <trkpt lat="42.26429" lon="9.29462"/>
            <trkpt lat="42.26437" lon="9.29468"/>
            <trkpt lat="42.26444" lon="9.29469"/>
            <trkpt lat="42.26466" lon="9.29462"/>
            <trkpt lat="42.26479" lon="9.2946"/>
            <trkpt lat="42.26511" lon="9.29467"/>
            <trkpt lat="42.26557" lon="9.29467"/>
            <trkpt lat="42.26569" lon="9.29465"/>
            <trkpt lat="42.26594" lon="9.29453"/>
            <trkpt lat="42.26604" lon="9.29452"/>
            <trkpt lat="42.26636" lon="9.29458"/>
            <trkpt lat="42.26651" lon="9.29457"/>
            <trkpt lat="42.26676" lon="9.29447"/>
            <trkpt lat="42.26685" lon="9.29448"/>
            <trkpt lat="42.26692" lon="9.29453"/>
            <trkpt lat="42.26697" lon="9.29461"/>
            <trkpt lat="42.26698" lon="9.29467"/>
            <trkpt lat="42.267" lon="9.29475"/>
            <trkpt lat="42.26699" lon="9.29489"/>
            <trkpt lat="42.26694" lon="9.29503"/>
            <trkpt lat="42.26687" lon="9.29513"/>
            <trkpt lat="42.2662" lon="9.29569"/>
            <trkpt lat="42.26605" lon="9.29583"/>
            <trkpt lat="42.26585" lon="9.2961"/>
            <trkpt lat="42.26573" lon="9.29621"/>
            <trkpt lat="42.26514" lon="9.29665"/>
            <trkpt lat="42.26467" lon="9.29697"/>
            <trkpt lat="42.26461" lon="9.29704"/>
            <trkpt lat="42.26459" lon="9.29711"/>
            <trkpt lat="42.26461" lon="9.29724"/>
            <trkpt lat="42.26473" lon="9.29742"/>
            <trkpt lat="42.26492" lon="9.29758"/>
            <trkpt lat="42.26541" lon="9.29778"/>
            <trkpt lat="42.2655" lon="9.29784"/>
            <trkpt lat="42.26561" lon="9.298"/>
            <trkpt lat="42.26564" lon="9.2981"/>
            <trkpt lat="42.26564" lon="9.29821"/>
            <trkpt lat="42.26557" lon="9.29848"/>
            <trkpt lat="42.26557" lon="9.29857"/>
            <trkpt lat="42.26561" lon="9.29869"/>
            <trkpt lat="42.26563" lon="9.29874"/>
            <trkpt lat="42.26568" lon="9.29881"/>
            <trkpt lat="42.26575" lon="9.29886"/>
            <trkpt lat="42.26583" lon="9.29891"/>
            <trkpt lat="42.26611" lon="9.29904"/>
            <trkpt lat="42.26617" lon="9.29909"/>
            <trkpt lat="42.2662" lon="9.29915"/>
            <trkpt lat="42.26623" lon="9.29923"/>
            <trkpt lat="42.26621" lon="9.29932"/>
            <trkpt lat="42.26618" lon="9.29939"/>
            <trkpt lat="42.26612" lon="9.29947"/>
            <trkpt lat="42.26603" lon="9.29951"/>
            <trkpt lat="42.2659" lon="9.29952"/>
            <trkpt lat="42.2657" lon="9.29952"/>
            <trkpt lat="42.26562" lon="9.29953"/>
            <trkpt lat="42.26549" lon="9.29959"/>
            <trkpt lat="42.26538" lon="9.29965"/>
            <trkpt lat="42.26521" lon="9.29979"/>
            <trkpt lat="42.26514" lon="9.2998"/>
            <trkpt lat="42.26509" lon="9.29978"/>
            <trkpt lat="42.26481" lon="9.29952"/>
            <trkpt lat="42.26461" lon="9.29936"/>
            <trkpt lat="42.26449" lon="9.29928"/>
            <trkpt lat="42.26441" lon="9.29926"/>
            <trkpt lat="42.26409" lon="9.29923"/>
            <trkpt lat="42.26374" lon="9.29905"/>
            <trkpt lat="42.26365" lon="9.29902"/>
            <trkpt lat="42.26359" lon="9.29902"/>
            <trkpt lat="42.26331" lon="9.2991"/>
            <trkpt lat="42.26322" lon="9.2991"/>
            <trkpt lat="42.26315" lon="9.29905"/>
            <trkpt lat="42.26311" lon="9.299"/>
            <trkpt lat="42.2631" lon="9.29891"/>
            <trkpt lat="42.26313" lon="9.29846"/>
            <trkpt lat="42.26311" lon="9.29839"/>
            <trkpt lat="42.26308" lon="9.29834"/>
            <trkpt lat="42.26274" lon="9.29815"/>
            <trkpt lat="42.2625" lon="9.29809"/>
            <trkpt lat="42.26242" lon="9.29809"/>
            <trkpt lat="42.26237" lon="9.29811"/>
            <trkpt lat="42.26221" lon="9.29832"/>
            <trkpt lat="42.26211" lon="9.29842"/>
            <trkpt lat="42.26202" lon="9.29843"/>
            <trkpt lat="42.26194" lon="9.29841"/>
            <trkpt lat="42.26189" lon="9.29834"/>
            <trkpt lat="42.26175" lon="9.29798"/>
            <trkpt lat="42.2617" lon="9.2979"/>
            <trkpt lat="42.26163" lon="9.29785"/>
            <trkpt lat="42.26128" lon="9.29777"/>
            <trkpt lat="42.26116" lon="9.29776"/>
            <trkpt lat="42.26104" lon="9.29778"/>
            <trkpt lat="42.2607" lon="9.29788"/>
            <trkpt lat="42.26057" lon="9.29787"/>
            <trkpt lat="42.26044" lon="9.29781"/>
            <trkpt lat="42.26034" lon="9.29774"/>
            <trkpt lat="42.26026" lon="9.29763"/>
            <trkpt lat="42.26013" lon="9.29744"/>
            <trkpt lat="42.26009" lon="9.29741"/>
            <trkpt lat="42.26002" lon="9.29741"/>
            <trkpt lat="42.25994" lon="9.29745"/>
            <trkpt lat="42.25989" lon="9.29754"/>
            <trkpt lat="42.25969" lon="9.29816"/>
            <trkpt lat="42.25962" lon="9.2983"/>
            <trkpt lat="42.25954" lon="9.29839"/>
            <trkpt lat="42.25926" lon="9.29853"/>
            <trkpt lat="42.25916" lon="9.29865"/>
            <trkpt lat="42.25913" lon="9.29877"/>
            <trkpt lat="42.2591" lon="9.29904"/>
            <trkpt lat="42.2591" lon="9.29971"/>
            <trkpt lat="42.25908" lon="9.29998"/>
            <trkpt lat="42.25906" lon="9.30037"/>
            <trkpt lat="42.25906" lon="9.30055"/>
            <trkpt lat="42.25897" lon="9.30107"/>
            <trkpt lat="42.25896" lon="9.30127"/>
            <trkpt lat="42.25898" lon="9.30144"/>
            <trkpt lat="42.25905" lon="9.30164"/>
            <trkpt lat="42.25918" lon="9.30186"/>
            <trkpt lat="42.25955" lon="9.30222"/>
            <trkpt lat="42.25961" lon="9.30231"/>
            <trkpt lat="42.25962" lon="9.3024"/>
            <trkpt lat="42.25962" lon="9.30245"/>
            <trkpt lat="42.25962" lon="9.30249"/>
            <trkpt lat="42.25961" lon="9.30256"/>
            <trkpt lat="42.25958" lon="9.30261"/>
            <trkpt lat="42.25945" lon="9.30263"/>
            <trkpt lat="42.25907" lon="9.30252"/>
            <trkpt lat="42.25872" lon="9.30245"/>
            <trkpt lat="42.25865" lon="9.30246"/>
            <trkpt lat="42.25856" lon="9.30255"/>
            <trkpt lat="42.25787" lon="9.30348"/>
            <trkpt lat="42.25769" lon="9.30366"/>
            <trkpt lat="42.25763" lon="9.30369"/>
            <trkpt lat="42.25758" lon="9.3037"/>
            <trkpt lat="42.25754" lon="9.30368"/>
            <trkpt lat="42.25751" lon="9.30362"/>
            <trkpt lat="42.25751" lon="9.30349"/>
            <trkpt lat="42.25759" lon="9.3032"/>
            <trkpt lat="42.25767" lon="9.30281"/>
            <trkpt lat="42.2577" lon="9.3025"/>
            <trkpt lat="42.25773" lon="9.30185"/>
            <trkpt lat="42.25772" lon="9.30164"/>
            <trkpt lat="42.25767" lon="9.30145"/>
            <trkpt lat="42.25733" lon="9.30041"/>
            <trkpt lat="42.25707" lon="9.29969"/>
            <trkpt lat="42.25694" lon="9.29938"/>
            <trkpt lat="42.25683" lon="9.29918"/>
            <trkpt lat="42.25676" lon="9.2991"/>
            <trkpt lat="42.25662" lon="9.29898"/>
            <trkpt lat="42.25649" lon="9.29891"/>
            <trkpt lat="42.2562" lon="9.2988"/>
            <trkpt lat="42.25612" lon="9.2988"/>
            <trkpt lat="42.25601" lon="9.29882"/>
            <trkpt lat="42.25592" lon="9.29893"/>
            <trkpt lat="42.25587" lon="9.29908"/>
            <trkpt lat="42.2558" lon="9.2995"/>
            <trkpt lat="42.25573" lon="9.29973"/>
            <trkpt lat="42.25567" lon="9.29987"/>
            <trkpt lat="42.25556" lon="9.29998"/>
            <trkpt lat="42.25544" lon="9.30006"/>
            <trkpt lat="42.255" lon="9.30024"/>
            <trkpt lat="42.25474" lon="9.30037"/>
            <trkpt lat="42.25465" lon="9.30046"/>
            <trkpt lat="42.25459" lon="9.30054"/>
            <trkpt lat="42.25433" lon="9.30123"/>
            <trkpt lat="42.25421" lon="9.30147"/>
            <trkpt lat="42.25412" lon="9.30179"/>
            <trkpt lat="42.25408" lon="9.30221"/>
            <trkpt lat="42.25394" lon="9.30312"/>
            <trkpt lat="42.25391" lon="9.30321"/>
            <trkpt lat="42.25386" lon="9.30326"/>
            <trkpt lat="42.2538" lon="9.30327"/>
            <trkpt lat="42.25374" lon="9.30324"/>
            <trkpt lat="42.25368" lon="9.30318"/>
            <trkpt lat="42.25351" lon="9.30283"/>
            <trkpt lat="42.25342" lon="9.30272"/>
            <trkpt lat="42.25342" lon="9.30272"/>
            <trkpt lat="42.25331" lon="9.30264"/>
            <trkpt lat="42.25317" lon="9.30256"/>
            <trkpt lat="42.253" lon="9.30252"/>
            <trkpt lat="42.2529" lon="9.30246"/>
            <trkpt lat="42.25279" lon="9.30234"/>
            <trkpt lat="42.25273" lon="9.30223"/>
            <trkpt lat="42.25265" lon="9.30215"/>
            <trkpt lat="42.25232" lon="9.30204"/>
            <trkpt lat="42.25222" lon="9.30199"/>
            <trkpt lat="42.25217" lon="9.30193"/>
            <trkpt lat="42.25215" lon="9.30186"/>
            <trkpt lat="42.25218" lon="9.30173"/>
            <trkpt lat="42.25246" lon="9.30117"/>
            <trkpt lat="42.25249" lon="9.30106"/>
            <trkpt lat="42.2525" lon="9.30087"/>
            <trkpt lat="42.25239" lon="9.30036"/>
            <trkpt lat="42.25235" lon="9.30013"/>
            <trkpt lat="42.25226" lon="9.29987"/>
            <trkpt lat="42.25221" lon="9.2998"/>
            <trkpt lat="42.25216" lon="9.29977"/>
            <trkpt lat="42.25188" lon="9.29973"/>
            <trkpt lat="42.25175" lon="9.29968"/>
            <trkpt lat="42.25167" lon="9.29962"/>
            <trkpt lat="42.25159" lon="9.29955"/>
            <trkpt lat="42.25154" lon="9.29941"/>
            <trkpt lat="42.25148" lon="9.29905"/>
            <trkpt lat="42.25143" lon="9.2985"/>
            <trkpt lat="42.25144" lon="9.29837"/>
            <trkpt lat="42.25158" lon="9.29805"/>
            <trkpt lat="42.25159" lon="9.29794"/>
            <trkpt lat="42.25159" lon="9.2978"/>
            <trkpt lat="42.25155" lon="9.29774"/>
            <trkpt lat="42.25119" lon="9.29756"/>
            <trkpt lat="42.25076" lon="9.29746"/>
            <trkpt lat="42.25066" lon="9.29738"/>
            <trkpt lat="42.25059" lon="9.29726"/>
            <trkpt lat="42.25054" lon="9.29708"/>
            <trkpt lat="42.2505" lon="9.29682"/>
            <trkpt lat="42.25042" lon="9.29632"/>
            <trkpt lat="42.25032" lon="9.29544"/>
            <trkpt lat="42.25031" lon="9.29533"/>
            <trkpt lat="42.25029" lon="9.29525"/>
            <trkpt lat="42.25026" lon="9.29522"/>
            <trkpt lat="42.25022" lon="9.29522"/>
            <trkpt lat="42.25018" lon="9.29522"/>
            <trkpt lat="42.25007" lon="9.29529"/>
            <trkpt lat="42.2496" lon="9.29568"/>
            <trkpt lat="42.24944" lon="9.2958"/>
            <trkpt lat="42.24927" lon="9.2959"/>
            <trkpt lat="42.24909" lon="9.296"/>
            <trkpt lat="42.24901" lon="9.29608"/>
            <trkpt lat="42.24885" lon="9.29623"/>
            <trkpt lat="42.24873" lon="9.29636"/>
            <trkpt lat="42.24865" lon="9.29651"/>
            <trkpt lat="42.24855" lon="9.29675"/>
            <trkpt lat="42.2484" lon="9.29702"/>
            <trkpt lat="42.24824" lon="9.29724"/>
            <trkpt lat="42.24814" lon="9.29728"/>
            <trkpt lat="42.24804" lon="9.29726"/>
            <trkpt lat="42.24782" lon="9.29712"/>
            <trkpt lat="42.24769" lon="9.29706"/>
            <trkpt lat="42.24734" lon="9.29702"/>
            <trkpt lat="42.24695" lon="9.2968"/>
            <trkpt lat="42.24682" lon="9.29667"/>
            <trkpt lat="42.24675" lon="9.29656"/>
            <trkpt lat="42.2467" lon="9.29641"/>
            <trkpt lat="42.24654" lon="9.29553"/>
            <trkpt lat="42.24645" lon="9.29519"/>
            <trkpt lat="42.24626" lon="9.29466"/>
            <trkpt lat="42.24623" lon="9.29451"/>
            <trkpt lat="42.24622" lon="9.29443"/>
            <trkpt lat="42.24622" lon="9.29434"/>
            <trkpt lat="42.24624" lon="9.2942"/>
            <trkpt lat="42.24638" lon="9.29374"/>
            <trkpt lat="42.24641" lon="9.29356"/>
            <trkpt lat="42.24641" lon="9.29344"/>
            <trkpt lat="42.24639" lon="9.29333"/>
            <trkpt lat="42.24628" lon="9.29317"/>
            <trkpt lat="42.24589" lon="9.29266"/>
            <trkpt lat="42.24577" lon="9.29253"/>
            <trkpt lat="42.2457" lon="9.29251"/>
            <trkpt lat="42.24562" lon="9.29249"/>
            <trkpt lat="42.24539" lon="9.29249"/>
            <trkpt lat="42.24507" lon="9.29256"/>
            <trkpt lat="42.24477" lon="9.29264"/>
            <trkpt lat="42.2447" lon="9.2927"/>
            <trkpt lat="42.24452" lon="9.2929"/>
            <trkpt lat="42.24442" lon="9.29297"/>
            <trkpt lat="42.24422" lon="9.29304"/>
            <trkpt lat="42.24393" lon="9.29312"/>
            <trkpt lat="42.24384" lon="9.29311"/>
            <trkpt lat="42.24375" lon="9.2931"/>
            <trkpt lat="42.24367" lon="9.29303"/>
            <trkpt lat="42.24365" lon="9.29299"/>
            <trkpt lat="42.24358" lon="9.29289"/>
            <trkpt lat="42.24339" lon="9.29259"/>
            <trkpt lat="42.24328" lon="9.29246"/>
            <trkpt lat="42.24317" lon="9.29238"/>
            <trkpt lat="42.24305" lon="9.29231"/>
            <trkpt lat="42.24276" lon="9.29224"/>
            <trkpt lat="42.24267" lon="9.29218"/>
            <trkpt lat="42.24244" lon="9.29192"/>
            <trkpt lat="42.24231" lon="9.29182"/>
            <trkpt lat="42.24217" lon="9.29175"/>
            <trkpt lat="42.24193" lon="9.2917"/>
            <trkpt lat="42.24166" lon="9.29168"/>
            <trkpt lat="42.2415" lon="9.29171"/>
            <trkpt lat="42.24139" lon="9.29177"/>
            <trkpt lat="42.2412" lon="9.29194"/>
            <trkpt lat="42.24108" lon="9.29198"/>
            <trkpt lat="42.24093" lon="9.292"/>
            <trkpt lat="42.2408" lon="9.29198"/>
            <trkpt lat="42.24068" lon="9.2919"/>
            <trkpt lat="42.24051" lon="9.29169"/>
            <trkpt lat="42.24043" lon="9.29161"/>
            <trkpt lat="42.24035" lon="9.29158"/>
            <trkpt lat="42.24026" lon="9.29157"/>
            <trkpt lat="42.24011" lon="9.29161"/>
            <trkpt lat="42.2397" lon="9.29181"/>
            <trkpt lat="42.23949" lon="9.29195"/>
            <trkpt lat="42.23931" lon="9.29216"/>
            <trkpt lat="42.2392" lon="9.29226"/>
            <trkpt lat="42.2391" lon="9.29231"/>
            <trkpt lat="42.23899" lon="9.29233"/>
            <trkpt lat="42.23893" lon="9.29234"/>
            <trkpt lat="42.23839" lon="9.29244"/>
            <trkpt lat="42.23817" lon="9.29248"/>
            <trkpt lat="42.23803" lon="9.29249"/>
            <trkpt lat="42.23797" lon="9.29248"/>
            <trkpt lat="42.23782" lon="9.29247"/>
            <trkpt lat="42.23759" lon="9.29232"/>
            <trkpt lat="42.23755" lon="9.29233"/>
            <trkpt lat="42.23751" lon="9.29235"/>
            <trkpt lat="42.23747" lon="9.29239"/>
            <trkpt lat="42.23744" lon="9.29245"/>
            <trkpt lat="42.23742" lon="9.2925"/>
            <trkpt lat="42.23742" lon="9.29265"/>
            <trkpt lat="42.2377" lon="9.29343"/>
            <trkpt lat="42.23779" lon="9.29373"/>
            <trkpt lat="42.23784" lon="9.294"/>
            <trkpt lat="42.23789" lon="9.29439"/>
            <trkpt lat="42.2379" lon="9.29443"/>
            <trkpt lat="42.23799" lon="9.29557"/>
            <trkpt lat="42.23802" lon="9.29576"/>
            <trkpt lat="42.23807" lon="9.2959"/>
            <trkpt lat="42.23825" lon="9.29623"/>
            <trkpt lat="42.23829" lon="9.29635"/>
            <trkpt lat="42.2383" lon="9.29652"/>
            <trkpt lat="42.23828" lon="9.29665"/>
            <trkpt lat="42.23817" lon="9.29698"/>
            <trkpt lat="42.23796" lon="9.29769"/>
            <trkpt lat="42.23788" lon="9.29823"/>
            <trkpt lat="42.23784" lon="9.29831"/>
            <trkpt lat="42.23783" lon="9.29834"/>
            <trkpt lat="42.23775" lon="9.29842"/>
            <trkpt lat="42.23764" lon="9.29846"/>
            <trkpt lat="42.2375" lon="9.29847"/>
            <trkpt lat="42.23679" lon="9.29834"/>
            <trkpt lat="42.23662" lon="9.29834"/>
            <trkpt lat="42.23646" lon="9.29838"/>
            <trkpt lat="42.23632" lon="9.29849"/>
            <trkpt lat="42.23622" lon="9.29862"/>
            <trkpt lat="42.23612" lon="9.29882"/>
            <trkpt lat="42.23601" lon="9.29912"/>
            <trkpt lat="42.23576" lon="9.30002"/>
            <trkpt lat="42.23569" lon="9.30019"/>
            <trkpt lat="42.23557" lon="9.30039"/>
            <trkpt lat="42.23545" lon="9.30051"/>
            <trkpt lat="42.23536" lon="9.30054"/>
            <trkpt lat="42.23515" lon="9.30054"/>
            <trkpt lat="42.23508" lon="9.30057"/>
            <trkpt lat="42.23469" lon="9.30102"/>
            <trkpt lat="42.2342" lon="9.30176"/>
            <trkpt lat="42.23414" lon="9.30191"/>
            <trkpt lat="42.23397" lon="9.3026"/>
            <trkpt lat="42.23388" lon="9.30291"/>
            <trkpt lat="42.23376" lon="9.3032"/>
            <trkpt lat="42.23365" lon="9.30343"/>
            <trkpt lat="42.23297" lon="9.30452"/>
            <trkpt lat="42.23271" lon="9.30497"/>
            <trkpt lat="42.23263" lon="9.30513"/>
            <trkpt lat="42.23259" lon="9.30527"/>
            <trkpt lat="42.23257" lon="9.30539"/>
            <trkpt lat="42.23255" lon="9.306"/>
            <trkpt lat="42.23248" lon="9.30642"/>
            <trkpt lat="42.23238" lon="9.30686"/>
            <trkpt lat="42.23235" lon="9.30704"/>
            <trkpt lat="42.23235" lon="9.30736"/>
            <trkpt lat="42.23236" lon="9.30739"/>
            <trkpt lat="42.23238" lon="9.30749"/>
            <trkpt lat="42.23261" lon="9.30804"/>
            <trkpt lat="42.23268" lon="9.30817"/>
            <trkpt lat="42.23274" lon="9.30823"/>
            <trkpt lat="42.2329" lon="9.30834"/>
            <trkpt lat="42.23301" lon="9.30844"/>
            <trkpt lat="42.23308" lon="9.30854"/>
            <trkpt lat="42.23313" lon="9.30867"/>
            <trkpt lat="42.23314" lon="9.30874"/>
            <trkpt lat="42.23315" lon="9.30878"/>
            <trkpt lat="42.23315" lon="9.30887"/>
            <trkpt lat="42.23314" lon="9.30898"/>
            <trkpt lat="42.23309" lon="9.30913"/>
            <trkpt lat="42.23292" lon="9.30957"/>
            <trkpt lat="42.23285" lon="9.30972"/>
            <trkpt lat="42.23272" lon="9.30989"/>
            <trkpt lat="42.23208" lon="9.31061"/>
            <trkpt lat="42.23161" lon="9.31108"/>
            <trkpt lat="42.23145" lon="9.31126"/>
            <trkpt lat="42.2314" lon="9.31131"/>
            <trkpt lat="42.23124" lon="9.31151"/>
            <trkpt lat="42.23119" lon="9.31162"/>
            <trkpt lat="42.23119" lon="9.3117"/>
            <trkpt lat="42.23121" lon="9.31179"/>
            <trkpt lat="42.23127" lon="9.31187"/>
            <trkpt lat="42.23138" lon="9.31195"/>
            <trkpt lat="42.23145" lon="9.31198"/>
            <trkpt lat="42.23148" lon="9.31199"/>
            <trkpt lat="42.23181" lon="9.31207"/>
            <trkpt lat="42.23192" lon="9.31213"/>
            <trkpt lat="42.23207" lon="9.31225"/>
            <trkpt lat="42.23218" lon="9.31237"/>
            <trkpt lat="42.23223" lon="9.31247"/>
            <trkpt lat="42.23226" lon="9.31259"/>
            <trkpt lat="42.23228" lon="9.31286"/>
            <trkpt lat="42.2323" lon="9.31292"/>
            <trkpt lat="42.23234" lon="9.31297"/>
            <trkpt lat="42.23241" lon="9.31298"/>
            <trkpt lat="42.23281" lon="9.31296"/>
            <trkpt lat="42.23299" lon="9.31292"/>
            <trkpt lat="42.23311" lon="9.31286"/>
            <trkpt lat="42.23318" lon="9.31278"/>
            <trkpt lat="42.23336" lon="9.31255"/>
            <trkpt lat="42.23344" lon="9.31247"/>
            <trkpt lat="42.23355" lon="9.31242"/>
            <trkpt lat="42.23376" lon="9.31235"/>
            <trkpt lat="42.2339" lon="9.31235"/>
            <trkpt lat="42.23403" lon="9.31238"/>
            <trkpt lat="42.23409" lon="9.31242"/>
            <trkpt lat="42.23415" lon="9.31249"/>
            <trkpt lat="42.23421" lon="9.31259"/>
            <trkpt lat="42.23422" lon="9.31264"/>
            <trkpt lat="42.23441" lon="9.31317"/>
            <trkpt lat="42.23448" lon="9.31332"/>
            <trkpt lat="42.23454" lon="9.3134"/>
            <trkpt lat="42.23461" lon="9.31344"/>
            <trkpt lat="42.23469" lon="9.31344"/>
            <trkpt lat="42.23478" lon="9.31342"/>
            <trkpt lat="42.23489" lon="9.31336"/>
            <trkpt lat="42.23528" lon="9.31309"/>
            <trkpt lat="42.23539" lon="9.31305"/>
            <trkpt lat="42.23579" lon="9.31297"/>
            <trkpt lat="42.23608" lon="9.31292"/>
            <trkpt lat="42.23616" lon="9.31293"/>
            <trkpt lat="42.23621" lon="9.31296"/>
            <trkpt lat="42.23625" lon="9.31302"/>
            <trkpt lat="42.23631" lon="9.31313"/>
            <trkpt lat="42.23638" lon="9.31336"/>
            <trkpt lat="42.23645" lon="9.31373"/>
            <trkpt lat="42.23646" lon="9.31392"/>
            <trkpt lat="42.23646" lon="9.31404"/>
            <trkpt lat="42.23643" lon="9.31417"/>
            <trkpt lat="42.23624" lon="9.31458"/>
            <trkpt lat="42.23622" lon="9.31468"/>
            <trkpt lat="42.23621" lon="9.31485"/>
            <trkpt lat="42.23625" lon="9.3153"/>
            <trkpt lat="42.23641" lon="9.31632"/>
            <trkpt lat="42.23641" lon="9.31641"/>
            <trkpt lat="42.23642" lon="9.31649"/>
            <trkpt lat="42.2364" lon="9.31666"/>
            <trkpt lat="42.23619" lon="9.31758"/>
            <trkpt lat="42.23608" lon="9.31803"/>
            <trkpt lat="42.23601" lon="9.3182"/>
            <trkpt lat="42.23599" lon="9.31824"/>
            <trkpt lat="42.23588" lon="9.31847"/>
            <trkpt lat="42.23566" lon="9.31884"/>
            <trkpt lat="42.23561" lon="9.31897"/>
            <trkpt lat="42.23559" lon="9.31912"/>
            <trkpt lat="42.23559" lon="9.31927"/>
            <trkpt lat="42.23561" lon="9.31938"/>
            <trkpt lat="42.23565" lon="9.31953"/>
            <trkpt lat="42.23565" lon="9.31967"/>
            <trkpt lat="42.23564" lon="9.31993"/>
            <trkpt lat="42.2356" lon="9.32015"/>
            <trkpt lat="42.23559" lon="9.32032"/>
            <trkpt lat="42.2356" lon="9.32046"/>
            <trkpt lat="42.23561" lon="9.3205"/>
            <trkpt lat="42.23562" lon="9.32055"/>
            <trkpt lat="42.23582" lon="9.32086"/>
            <trkpt lat="42.236" lon="9.32126"/>
            <trkpt lat="42.23602" lon="9.32137"/>
            <trkpt lat="42.23602" lon="9.32152"/>
            <trkpt lat="42.23598" lon="9.32174"/>
            <trkpt lat="42.23597" lon="9.32191"/>
            <trkpt lat="42.236" lon="9.32206"/>
            <trkpt lat="42.23619" lon="9.32257"/>
            <trkpt lat="42.23629" lon="9.32287"/>
            <trkpt lat="42.23638" lon="9.32326"/>
            <trkpt lat="42.23644" lon="9.32351"/>
            <trkpt lat="42.23646" lon="9.32368"/>
            <trkpt lat="42.23645" lon="9.32385"/>
            <trkpt lat="42.23642" lon="9.32404"/>
            <trkpt lat="42.23642" lon="9.32417"/>
            <trkpt lat="42.23653" lon="9.32459"/>
            <trkpt lat="42.23654" lon="9.32473"/>
            <trkpt lat="42.23654" lon="9.32503"/>
            <trkpt lat="42.23653" lon="9.32513"/>
            <trkpt lat="42.23655" lon="9.32523"/>
            <trkpt lat="42.2366" lon="9.32533"/>
            <trkpt lat="42.23687" lon="9.32565"/>
            <trkpt lat="42.23698" lon="9.32577"/>
            <trkpt lat="42.23713" lon="9.3259"/>
            <trkpt lat="42.23718" lon="9.32597"/>
            <trkpt lat="42.23719" lon="9.32605"/>
            <trkpt lat="42.23718" lon="9.32614"/>
            <trkpt lat="42.23715" lon="9.32621"/>
            <trkpt lat="42.23698" lon="9.32636"/>
            <trkpt lat="42.23686" lon="9.32648"/>
            <trkpt lat="42.23651" lon="9.32693"/>
            <trkpt lat="42.23633" lon="9.32715"/>
            <trkpt lat="42.23622" lon="9.32731"/>
            <trkpt lat="42.23614" lon="9.32747"/>
            <trkpt lat="42.23602" lon="9.32778"/>
            <trkpt lat="42.23601" lon="9.32793"/>
            <trkpt lat="42.23601" lon="9.32794"/>
            <trkpt lat="42.23599" lon="9.32811"/>
            <trkpt lat="42.236" lon="9.32815"/>
            <trkpt lat="42.236" lon="9.32825"/>
            <trkpt lat="42.23601" lon="9.32833"/>
            <trkpt lat="42.23601" lon="9.32833"/>
            <trkpt lat="42.23603" lon="9.32842"/>
            <trkpt lat="42.23606" lon="9.3285"/>
            <trkpt lat="42.23612" lon="9.32862"/>
            <trkpt lat="42.23628" lon="9.32887"/>
            <trkpt lat="42.23693" lon="9.32972"/>
            <trkpt lat="42.23706" lon="9.32991"/>
            <trkpt lat="42.23712" lon="9.33002"/>
            <trkpt lat="42.23715" lon="9.33011"/>
            <trkpt lat="42.23721" lon="9.33035"/>
            <trkpt lat="42.23732" lon="9.33097"/>
            <trkpt lat="42.23736" lon="9.33114"/>
            <trkpt lat="42.23745" lon="9.33137"/>
            <trkpt lat="42.23763" lon="9.33157"/>
            <trkpt lat="42.23767" lon="9.33161"/>
            <trkpt lat="42.23774" lon="9.33175"/>
            <trkpt lat="42.23777" lon="9.33186"/>
            <trkpt lat="42.23779" lon="9.33203"/>
            <trkpt lat="42.23779" lon="9.33238"/>
            <trkpt lat="42.23776" lon="9.33283"/>
            <trkpt lat="42.23777" lon="9.33297"/>
            <trkpt lat="42.23779" lon="9.33305"/>
            <trkpt lat="42.23791" lon="9.33326"/>
            <trkpt lat="42.23794" lon="9.33335"/>
            <trkpt lat="42.23795" lon="9.33345"/>
            <trkpt lat="42.23794" lon="9.33358"/>
            <trkpt lat="42.23794" lon="9.33359"/>
            <trkpt lat="42.23783" lon="9.33407"/>
            <trkpt lat="42.23782" lon="9.3342"/>
            <trkpt lat="42.23782" lon="9.33433"/>
            <trkpt lat="42.23782" lon="9.33434"/>
            <trkpt lat="42.23797" lon="9.3348"/>
            <trkpt lat="42.23801" lon="9.33496"/>
            <trkpt lat="42.23801" lon="9.3351"/>
            <trkpt lat="42.23798" lon="9.33531"/>
            <trkpt lat="42.23786" lon="9.33572"/>
            <trkpt lat="42.23784" lon="9.33584"/>
            <trkpt lat="42.23784" lon="9.33596"/>
            <trkpt lat="42.23787" lon="9.33605"/>
            <trkpt lat="42.23794" lon="9.33617"/>
            <trkpt lat="42.23834" lon="9.33662"/>
            <trkpt lat="42.23843" lon="9.33677"/>
            <trkpt lat="42.23845" lon="9.3369"/>
            <trkpt lat="42.23847" lon="9.3371"/>
            <trkpt lat="42.23845" lon="9.3376"/>
            <trkpt lat="42.23848" lon="9.33792"/>
            <trkpt lat="42.23847" lon="9.33811"/>
            <trkpt lat="42.23844" lon="9.33825"/>
            <trkpt lat="42.23835" lon="9.33838"/>
            <trkpt lat="42.2382" lon="9.33862"/>
            <trkpt lat="42.23793" lon="9.33898"/>
            <trkpt lat="42.23787" lon="9.33908"/>
            <trkpt lat="42.23781" lon="9.3394"/>
            <trkpt lat="42.23776" lon="9.33956"/>
            <trkpt lat="42.23768" lon="9.33974"/>
            <trkpt lat="42.23758" lon="9.33989"/>
            <trkpt lat="42.23744" lon="9.34007"/>
            <trkpt lat="42.2374" lon="9.34014"/>
            <trkpt lat="42.23739" lon="9.34023"/>
            <trkpt lat="42.23738" lon="9.34049"/>
            <trkpt lat="42.23736" lon="9.34061"/>
            <trkpt lat="42.23731" lon="9.34073"/>
            <trkpt lat="42.23725" lon="9.34085"/>
            <trkpt lat="42.23711" lon="9.34106"/>
            <trkpt lat="42.23706" lon="9.34116"/>
            <trkpt lat="42.23669" lon="9.34268"/>
            <trkpt lat="42.23667" lon="9.34279"/>
            <trkpt lat="42.23665" lon="9.34304"/>
            <trkpt lat="42.23659" lon="9.34409"/>
            <trkpt lat="42.23657" lon="9.34442"/>
            <trkpt lat="42.23655" lon="9.34455"/>
            <trkpt lat="42.23652" lon="9.34468"/>
            <trkpt lat="42.23648" lon="9.34479"/>
            <trkpt lat="42.23642" lon="9.34492"/>
            <trkpt lat="42.2363" lon="9.3451"/>
            <trkpt lat="42.23607" lon="9.34536"/>
            <trkpt lat="42.23587" lon="9.34558"/>
            <trkpt lat="42.2355" lon="9.34597"/>
            <trkpt lat="42.23536" lon="9.3461"/>
            <trkpt lat="42.23486" lon="9.34661"/>
            <trkpt lat="42.23474" lon="9.34667"/>
            <trkpt lat="42.2346" lon="9.34671"/>
            <trkpt lat="42.23445" lon="9.34673"/>
            <trkpt lat="42.23433" lon="9.34673"/>
            <trkpt lat="42.23402" lon="9.34675"/>
            <trkpt lat="42.23358" lon="9.34678"/>
            <trkpt lat="42.23321" lon="9.3468"/>
            <trkpt lat="42.233" lon="9.34681"/>
            <trkpt lat="42.23288" lon="9.34682"/>
            <trkpt lat="42.23261" lon="9.3469"/>
            <trkpt lat="42.23246" lon="9.34693"/>
            <trkpt lat="42.2324" lon="9.34692"/>
            <trkpt lat="42.23234" lon="9.34689"/>
            <trkpt lat="42.23229" lon="9.34682"/>
            <trkpt lat="42.23224" lon="9.34655"/>
            <trkpt lat="42.23219" lon="9.34645"/>
            <trkpt lat="42.23215" lon="9.3464"/>
            <trkpt lat="42.23207" lon="9.34636"/>
            <trkpt lat="42.23194" lon="9.34632"/>
            <trkpt lat="42.23175" lon="9.3463"/>
            <trkpt lat="42.23149" lon="9.34634"/>
            <trkpt lat="42.23145" lon="9.34635"/>
            <trkpt lat="42.23125" lon="9.34639"/>
            <trkpt lat="42.2311" lon="9.34638"/>
            <trkpt lat="42.23091" lon="9.34631"/>
            <trkpt lat="42.23036" lon="9.34603"/>
            <trkpt lat="42.23012" lon="9.34598"/>
            <trkpt lat="42.22999" lon="9.34597"/>
            <trkpt lat="42.22989" lon="9.34599"/>
            <trkpt lat="42.22973" lon="9.34609"/>
            <trkpt lat="42.22959" lon="9.34624"/>
            <trkpt lat="42.22948" lon="9.34642"/>
            <trkpt lat="42.22943" lon="9.34655"/>
            <trkpt lat="42.2294" lon="9.3467"/>
            <trkpt lat="42.22941" lon="9.34683"/>
            <trkpt lat="42.22945" lon="9.34702"/>
            <trkpt lat="42.22954" lon="9.34724"/>
            <trkpt lat="42.22957" lon="9.34737"/>
            <trkpt lat="42.22957" lon="9.34757"/>
            <trkpt lat="42.22955" lon="9.34775"/>
            <trkpt lat="42.22945" lon="9.34802"/>
            <trkpt lat="42.22941" lon="9.34814"/>
            <trkpt lat="42.2294" lon="9.34827"/>
            <trkpt lat="42.22942" lon="9.34874"/>
            <trkpt lat="42.2294" lon="9.34892"/>
            <trkpt lat="42.22933" lon="9.3492"/>
            <trkpt lat="42.22929" lon="9.34938"/>
            <trkpt lat="42.22928" lon="9.34956"/>
            <trkpt lat="42.22927" lon="9.35013"/>
            <trkpt lat="42.22925" lon="9.3503"/>
            <trkpt lat="42.22906" lon="9.35092"/>
            <trkpt lat="42.22904" lon="9.35105"/>
            <trkpt lat="42.22904" lon="9.35125"/>
            <trkpt lat="42.22914" lon="9.3519"/>
            <trkpt lat="42.22925" lon="9.35248"/>
            <trkpt lat="42.22934" lon="9.35281"/>
            <trkpt lat="42.22935" lon="9.35295"/>
            <trkpt lat="42.22933" lon="9.35389"/>
            <trkpt lat="42.2293" lon="9.35402"/>
            <trkpt lat="42.22906" lon="9.35436"/>
            <trkpt lat="42.22903" lon="9.35446"/>
            <trkpt lat="42.22901" lon="9.3546"/>
            <trkpt lat="42.22902" lon="9.35485"/>
            <trkpt lat="42.22904" lon="9.35499"/>
            <trkpt lat="42.22912" lon="9.35523"/>
            <trkpt lat="42.22915" lon="9.35538"/>
            <trkpt lat="42.22915" lon="9.3556"/>
            <trkpt lat="42.22914" lon="9.35579"/>
            <trkpt lat="42.22902" lon="9.35633"/>
            <trkpt lat="42.22898" lon="9.35658"/>
            <trkpt lat="42.22897" lon="9.35681"/>
            <trkpt lat="42.22902" lon="9.35728"/>
            <trkpt lat="42.22901" lon="9.35756"/>
            <trkpt lat="42.22896" lon="9.35785"/>
            <trkpt lat="42.22889" lon="9.35809"/>
            <trkpt lat="42.22884" lon="9.35825"/>
            <trkpt lat="42.22881" lon="9.35832"/>
            <trkpt lat="42.22867" lon="9.35857"/>
            <trkpt lat="42.22832" lon="9.35907"/>
            <trkpt lat="42.22797" lon="9.35956"/>
            <trkpt lat="42.22785" lon="9.35976"/>
            <trkpt lat="42.22779" lon="9.35987"/>
            <trkpt lat="42.2276" lon="9.36035"/>
            <trkpt lat="42.22759" lon="9.36039"/>
            <trkpt lat="42.22753" lon="9.36051"/>
            <trkpt lat="42.22719" lon="9.36102"/>
            <trkpt lat="42.22712" lon="9.36118"/>
            <trkpt lat="42.22704" lon="9.36145"/>
            <trkpt lat="42.22699" lon="9.3617"/>
            <trkpt lat="42.22695" lon="9.36215"/>
            <trkpt lat="42.22692" lon="9.36231"/>
            <trkpt lat="42.22683" lon="9.36249"/>
            <trkpt lat="42.22655" lon="9.36286"/>
            <trkpt lat="42.22638" lon="9.36309"/>
            <trkpt lat="42.22629" lon="9.36326"/>
            <trkpt lat="42.22626" lon="9.36336"/>
            <trkpt lat="42.22624" lon="9.36349"/>
            <trkpt lat="42.22623" lon="9.36399"/>
            <trkpt lat="42.22622" lon="9.36414"/>
            <trkpt lat="42.22618" lon="9.36431"/>
            <trkpt lat="42.2259" lon="9.36495"/>
            <trkpt lat="42.22583" lon="9.36516"/>
            <trkpt lat="42.22582" lon="9.36529"/>
            <trkpt lat="42.22582" lon="9.36541"/>
            <trkpt lat="42.22583" lon="9.36547"/>
            <trkpt lat="42.22586" lon="9.36559"/>
            <trkpt lat="42.22591" lon="9.36579"/>
            <trkpt lat="42.22593" lon="9.36587"/>
            <trkpt lat="42.22593" lon="9.36593"/>
            <trkpt lat="42.22592" lon="9.36597"/>
            <trkpt lat="42.22591" lon="9.36599"/>
            <trkpt lat="42.22589" lon="9.36604"/>
            <trkpt lat="42.22583" lon="9.3661"/>
            <trkpt lat="42.22577" lon="9.36615"/>
            <trkpt lat="42.22565" lon="9.36623"/>
            <trkpt lat="42.22558" lon="9.36626"/>
            <trkpt lat="42.22545" lon="9.36629"/>
            <trkpt lat="42.22534" lon="9.3663"/>
            <trkpt lat="42.22486" lon="9.36623"/>
            <trkpt lat="42.22451" lon="9.36621"/>
            <trkpt lat="42.2244" lon="9.36622"/>
            <trkpt lat="42.22429" lon="9.36624"/>
            <trkpt lat="42.22427" lon="9.36625"/>
            <trkpt lat="42.2242" lon="9.36628"/>
            <trkpt lat="42.2241" lon="9.36636"/>
            <trkpt lat="42.22402" lon="9.36645"/>
            <trkpt lat="42.22399" lon="9.36649"/>
            <trkpt lat="42.22394" lon="9.36658"/>
            <trkpt lat="42.22391" lon="9.36667"/>
            <trkpt lat="42.22388" lon="9.36682"/>
            <trkpt lat="42.22382" lon="9.36744"/>
            <trkpt lat="42.2238" lon="9.36753"/>
            <trkpt lat="42.22377" lon="9.36761"/>
            <trkpt lat="42.22344" lon="9.36824"/>
            <trkpt lat="42.22336" lon="9.3684"/>
            <trkpt lat="42.22326" lon="9.36866"/>
            <trkpt lat="42.22314" lon="9.36903"/>
            <trkpt lat="42.22303" lon="9.36937"/>
            <trkpt lat="42.22283" lon="9.36972"/>
            <trkpt lat="42.22279" lon="9.36978"/>
            <trkpt lat="42.2226" lon="9.37017"/>
            <trkpt lat="42.22257" lon="9.37023"/>
            <trkpt lat="42.22255" lon="9.37026"/>
            <trkpt lat="42.22252" lon="9.37029"/>
            <trkpt lat="42.22245" lon="9.37031"/>
            <trkpt lat="42.22243" lon="9.37031"/>
            <trkpt lat="42.22239" lon="9.37029"/>
            <trkpt lat="42.22237" lon="9.37026"/>
            <trkpt lat="42.22231" lon="9.37017"/>
            <trkpt lat="42.22221" lon="9.3699"/>
            <trkpt lat="42.22209" lon="9.36962"/>
            <trkpt lat="42.22203" lon="9.36954"/>
            <trkpt lat="42.2219" lon="9.36946"/>
            <trkpt lat="42.22182" lon="9.36945"/>
            <trkpt lat="42.22176" lon="9.36943"/>
            <trkpt lat="42.22168" lon="9.36937"/>
            <trkpt lat="42.22156" lon="9.36924"/>
            <trkpt lat="42.22146" lon="9.36915"/>
            <trkpt lat="42.2214" lon="9.36912"/>
            <trkpt lat="42.22131" lon="9.36912"/>
            <trkpt lat="42.22118" lon="9.36916"/>
            <trkpt lat="42.22115" lon="9.36916"/>
            <trkpt lat="42.2208" lon="9.36909"/>
            <trkpt lat="42.22076" lon="9.36911"/>
            <trkpt lat="42.22071" lon="9.36915"/>
            <trkpt lat="42.2207" lon="9.36918"/>
            <trkpt lat="42.22066" lon="9.36926"/>
            <trkpt lat="42.22055" lon="9.36972"/>
            <trkpt lat="42.22047" lon="9.36994"/>
            <trkpt lat="42.22042" lon="9.37002"/>
            <trkpt lat="42.22036" lon="9.37009"/>
            <trkpt lat="42.22019" lon="9.37026"/>
            <trkpt lat="42.22" lon="9.37037"/>
            <trkpt lat="42.21984" lon="9.37044"/>
            <trkpt lat="42.21955" lon="9.37051"/>
            <trkpt lat="42.21933" lon="9.3706"/>
            <trkpt lat="42.21924" lon="9.37068"/>
            <trkpt lat="42.21912" lon="9.3708"/>
            <trkpt lat="42.21907" lon="9.37084"/>
            <trkpt lat="42.21884" lon="9.37107"/>
            <trkpt lat="42.21849" lon="9.37132"/>
            <trkpt lat="42.2182" lon="9.37156"/>
            <trkpt lat="42.21812" lon="9.37162"/>
            <trkpt lat="42.21778" lon="9.37187"/>
            <trkpt lat="42.21752" lon="9.37206"/>
            <trkpt lat="42.21736" lon="9.37218"/>
            <trkpt lat="42.21719" lon="9.37231"/>
            <trkpt lat="42.2168" lon="9.37259"/>
            <trkpt lat="42.21674" lon="9.37265"/>
            <trkpt lat="42.21667" lon="9.37271"/>
            <trkpt lat="42.21661" lon="9.37274"/>
            <trkpt lat="42.21653" lon="9.37277"/>
            <trkpt lat="42.21642" lon="9.37278"/>
            <trkpt lat="42.21614" lon="9.37265"/>
            <trkpt lat="42.21606" lon="9.37263"/>
            <trkpt lat="42.216" lon="9.37263"/>
            <trkpt lat="42.21533" lon="9.37267"/>
            <trkpt lat="42.21518" lon="9.3727"/>
            <trkpt lat="42.21512" lon="9.37275"/>
            <trkpt lat="42.21509" lon="9.37279"/>
            <trkpt lat="42.21506" lon="9.37289"/>
            <trkpt lat="42.21505" lon="9.373"/>
            <trkpt lat="42.21515" lon="9.37351"/>
            <trkpt lat="42.21515" lon="9.37367"/>
            <trkpt lat="42.21513" lon="9.37389"/>
            <trkpt lat="42.21504" lon="9.3745"/>
            <trkpt lat="42.21499" lon="9.37476"/>
            <trkpt lat="42.21496" lon="9.37481"/>
            <trkpt lat="42.2149" lon="9.37485"/>
            <trkpt lat="42.21469" lon="9.37489"/>
            <trkpt lat="42.21463" lon="9.37489"/>
            <trkpt lat="42.21447" lon="9.37494"/>
            <trkpt lat="42.21441" lon="9.37496"/>
            <trkpt lat="42.21434" lon="9.375"/>
            <trkpt lat="42.21428" lon="9.37505"/>
            <trkpt lat="42.21362" lon="9.37586"/>
            <trkpt lat="42.21345" lon="9.37614"/>
            <trkpt lat="42.21328" lon="9.37647"/>
            <trkpt lat="42.21324" lon="9.37657"/>
            <trkpt lat="42.21321" lon="9.37666"/>
            <trkpt lat="42.21318" lon="9.37677"/>
            <trkpt lat="42.21317" lon="9.37692"/>
            <trkpt lat="42.21303" lon="9.37762"/>
            <trkpt lat="42.21299" lon="9.37795"/>
            <trkpt lat="42.21299" lon="9.37808"/>
            <trkpt lat="42.21301" lon="9.37821"/>
            <trkpt lat="42.21304" lon="9.37836"/>
            <trkpt lat="42.21304" lon="9.37841"/>
            <trkpt lat="42.21305" lon="9.37842"/>
            <trkpt lat="42.21304" lon="9.37852"/>
            <trkpt lat="42.21301" lon="9.3786"/>
            <trkpt lat="42.21294" lon="9.37875"/>
            <trkpt lat="42.21283" lon="9.37891"/>
            <trkpt lat="42.21267" lon="9.37911"/>
            <trkpt lat="42.21199" lon="9.37968"/>
            <trkpt lat="42.21191" lon="9.37975"/>
            <trkpt lat="42.21185" lon="9.37978"/>
            <trkpt lat="42.21181" lon="9.3798"/>
            <trkpt lat="42.21178" lon="9.3798"/>
            <trkpt lat="42.21173" lon="9.37981"/>
            <trkpt lat="42.21166" lon="9.3798"/>
            <trkpt lat="42.21163" lon="9.37979"/>
            <trkpt lat="42.21156" lon="9.37978"/>
            <trkpt lat="42.2114" lon="9.37971"/>
            <trkpt lat="42.21138" lon="9.3797"/>
            <trkpt lat="42.2112" lon="9.37959"/>
            <trkpt lat="42.21107" lon="9.37948"/>
            <trkpt lat="42.21106" lon="9.37946"/>
            <trkpt lat="42.21092" lon="9.37934"/>
            <trkpt lat="42.21074" lon="9.37921"/>
            <trkpt lat="42.21063" lon="9.37917"/>
            <trkpt lat="42.21055" lon="9.37914"/>
            <trkpt lat="42.2105" lon="9.3791"/>
            <trkpt lat="42.21045" lon="9.37906"/>
            <trkpt lat="42.2104" lon="9.37901"/>
            <trkpt lat="42.20982" lon="9.37826"/>
            <trkpt lat="42.20961" lon="9.37802"/>
            <trkpt lat="42.20955" lon="9.37795"/>
            <trkpt lat="42.20948" lon="9.3779"/>
            <trkpt lat="42.20947" lon="9.37789"/>
            <trkpt lat="42.20944" lon="9.37787"/>
            <trkpt lat="42.20932" lon="9.3778"/>
            <trkpt lat="42.20923" lon="9.37775"/>
            <trkpt lat="42.20905" lon="9.37766"/>
            <trkpt lat="42.20897" lon="9.37765"/>
            <trkpt lat="42.20893" lon="9.37765"/>
            <trkpt lat="42.20891" lon="9.37766"/>
            <trkpt lat="42.20888" lon="9.37768"/>
            <trkpt lat="42.20886" lon="9.37769"/>
            <trkpt lat="42.20884" lon="9.37772"/>
            <trkpt lat="42.20882" lon="9.37775"/>
            <trkpt lat="42.20881" lon="9.37779"/>
            <trkpt lat="42.20881" lon="9.37783"/>
            <trkpt lat="42.20881" lon="9.37788"/>
            <trkpt lat="42.20882" lon="9.37794"/>
            <trkpt lat="42.20883" lon="9.37801"/>
            <trkpt lat="42.20904" lon="9.37856"/>
            <trkpt lat="42.20908" lon="9.37874"/>
            <trkpt lat="42.20911" lon="9.37908"/>
            <trkpt lat="42.20913" lon="9.37962"/>
            <trkpt lat="42.20915" lon="9.37988"/>
            <trkpt lat="42.20922" lon="9.38027"/>
            <trkpt lat="42.20942" lon="9.38087"/>
            <trkpt lat="42.20946" lon="9.38103"/>
            <trkpt lat="42.20947" lon="9.38115"/>
            <trkpt lat="42.20948" lon="9.38117"/>
            <trkpt lat="42.20948" lon="9.38188"/>
            <trkpt lat="42.20947" lon="9.38191"/>
            <trkpt lat="42.20942" lon="9.38232"/>
            <trkpt lat="42.2094" lon="9.38254"/>
            <trkpt lat="42.20939" lon="9.38276"/>
            <trkpt lat="42.20942" lon="9.38308"/>
            <trkpt lat="42.20945" lon="9.38323"/>
            <trkpt lat="42.20947" lon="9.38329"/>
            <trkpt lat="42.20958" lon="9.38362"/>
            <trkpt lat="42.20958" lon="9.38374"/>
            <trkpt lat="42.20956" lon="9.38385"/>
            <trkpt lat="42.20951" lon="9.38393"/>
            <trkpt lat="42.20947" lon="9.38394"/>
            <trkpt lat="42.20943" lon="9.38396"/>
            <trkpt lat="42.20926" lon="9.38396"/>
            <trkpt lat="42.20885" lon="9.38391"/>
            <trkpt lat="42.2087" lon="9.3839"/>
            <trkpt lat="42.20832" lon="9.38391"/>
            <trkpt lat="42.20822" lon="9.38389"/>
            <trkpt lat="42.20812" lon="9.38385"/>
            <trkpt lat="42.20798" lon="9.38382"/>
            <trkpt lat="42.20789" lon="9.38381"/>
            <trkpt lat="42.20777" lon="9.38385"/>
            <trkpt lat="42.20764" lon="9.38392"/>
            <trkpt lat="42.20755" lon="9.38397"/>
            <trkpt lat="42.20743" lon="9.38396"/>
            <trkpt lat="42.20736" lon="9.38393"/>
            <trkpt lat="42.20723" lon="9.38387"/>
            <trkpt lat="42.20678" lon="9.38356"/>
            <trkpt lat="42.20663" lon="9.38349"/>
            <trkpt lat="42.20654" lon="9.38349"/>
            <trkpt lat="42.20648" lon="9.38353"/>
            <trkpt lat="42.20644" lon="9.38363"/>
            <trkpt lat="42.20644" lon="9.38378"/>
            <trkpt lat="42.20647" lon="9.38415"/>
            <trkpt lat="42.20648" lon="9.38468"/>
            <trkpt lat="42.20648" lon="9.38472"/>
            <trkpt lat="42.20647" lon="9.3849"/>
            <trkpt lat="42.20646" lon="9.38496"/>
            <trkpt lat="42.20644" lon="9.38504"/>
            <trkpt lat="42.20639" lon="9.38511"/>
            <trkpt lat="42.2063" lon="9.38516"/>
            <trkpt lat="42.20623" lon="9.38518"/>
            <trkpt lat="42.20621" lon="9.38518"/>
            <trkpt lat="42.20607" lon="9.38518"/>
            <trkpt lat="42.20599" lon="9.38519"/>
            <trkpt lat="42.2059" lon="9.38526"/>
            <trkpt lat="42.20571" lon="9.38558"/>
            <trkpt lat="42.20562" lon="9.38577"/>
            <trkpt lat="42.20513" lon="9.38687"/>
            <trkpt lat="42.20475" lon="9.38761"/>
            <trkpt lat="42.20467" lon="9.38773"/>
            <trkpt lat="42.20459" lon="9.38779"/>
            <trkpt lat="42.20451" lon="9.38782"/>
            <trkpt lat="42.20425" lon="9.38787"/>
            <trkpt lat="42.2042" lon="9.3879"/>
            <trkpt lat="42.20415" lon="9.38795"/>
            <trkpt lat="42.20411" lon="9.38801"/>
            <trkpt lat="42.20404" lon="9.38834"/>
            <trkpt lat="42.20397" lon="9.38854"/>
            <trkpt lat="42.2039" lon="9.38875"/>
            <trkpt lat="42.20389" lon="9.38879"/>
            <trkpt lat="42.20378" lon="9.38898"/>
            <trkpt lat="42.20362" lon="9.38919"/>
            <trkpt lat="42.20352" lon="9.38932"/>
            <trkpt lat="42.20344" lon="9.38938"/>
            <trkpt lat="42.20337" lon="9.38941"/>
            <trkpt lat="42.2033" lon="9.3894"/>
            <trkpt lat="42.20319" lon="9.38936"/>
            <trkpt lat="42.20267" lon="9.38901"/>
            <trkpt lat="42.20259" lon="9.38898"/>
            <trkpt lat="42.20252" lon="9.38898"/>
            <trkpt lat="42.20245" lon="9.38905"/>
            <trkpt lat="42.20242" lon="9.38915"/>
            <trkpt lat="42.20241" lon="9.38927"/>
            <trkpt lat="42.20241" lon="9.38946"/>
            <trkpt lat="42.20249" lon="9.39025"/>
            <trkpt lat="42.2025" lon="9.39075"/>
            <trkpt lat="42.20249" lon="9.39108"/>
            <trkpt lat="42.20247" lon="9.39125"/>
            <trkpt lat="42.20242" lon="9.39144"/>
            <trkpt lat="42.20233" lon="9.39153"/>
            <trkpt lat="42.20228" lon="9.39155"/>
            <trkpt lat="42.20221" lon="9.39155"/>
            <trkpt lat="42.20215" lon="9.39153"/>
            <trkpt lat="42.20206" lon="9.39149"/>
            <trkpt lat="42.20201" lon="9.39149"/>
            <trkpt lat="42.20197" lon="9.39151"/>
            <trkpt lat="42.20193" lon="9.39153"/>
            <trkpt lat="42.20191" lon="9.39156"/>
            <trkpt lat="42.20189" lon="9.3916"/>
            <trkpt lat="42.20179" lon="9.3922"/>
            <trkpt lat="42.20175" lon="9.39232"/>
            <trkpt lat="42.2017" lon="9.39242"/>
            <trkpt lat="42.20163" lon="9.39251"/>
            <trkpt lat="42.20153" lon="9.39262"/>
            <trkpt lat="42.20138" lon="9.39273"/>
            <trkpt lat="42.20128" lon="9.39278"/>
            <trkpt lat="42.20116" lon="9.39288"/>
            <trkpt lat="42.20091" lon="9.39322"/>
            <trkpt lat="42.20074" lon="9.39332"/>
            <trkpt lat="42.20064" lon="9.39333"/>
            <trkpt lat="42.20061" lon="9.39335"/>
            <trkpt lat="42.20057" lon="9.3934"/>
            <trkpt lat="42.20054" lon="9.3935"/>
            <trkpt lat="42.20047" lon="9.39377"/>
            <trkpt lat="42.20035" lon="9.39407"/>
            <trkpt lat="42.20029" lon="9.39418"/>
            <trkpt lat="42.20003" lon="9.39451"/>
            <trkpt lat="42.19983" lon="9.39477"/>
            <trkpt lat="42.19975" lon="9.39503"/>
            <trkpt lat="42.19971" lon="9.39527"/>
            <trkpt lat="42.19968" lon="9.39539"/>
            <trkpt lat="42.19962" lon="9.39551"/>
            <trkpt lat="42.19957" lon="9.39558"/>
            <trkpt lat="42.19954" lon="9.39563"/>
            <trkpt lat="42.19933" lon="9.39579"/>
            <trkpt lat="42.19909" lon="9.39596"/>
            <trkpt lat="42.19891" lon="9.39607"/>
            <trkpt lat="42.19882" lon="9.39616"/>
            <trkpt lat="42.19866" lon="9.39641"/>
            <trkpt lat="42.19837" lon="9.39695"/>
            <trkpt lat="42.19825" lon="9.39721"/>
            <trkpt lat="42.19814" lon="9.39742"/>
            <trkpt lat="42.19807" lon="9.3976"/>
            <trkpt lat="42.19804" lon="9.39769"/>
            <trkpt lat="42.19804" lon="9.39779"/>
            <trkpt lat="42.19805" lon="9.39787"/>
            <trkpt lat="42.19809" lon="9.39792"/>
            <trkpt lat="42.19813" lon="9.39795"/>
            <trkpt lat="42.19818" lon="9.39797"/>
            <trkpt lat="42.19823" lon="9.39795"/>
            <trkpt lat="42.19833" lon="9.39791"/>
            <trkpt lat="42.19842" lon="9.39779"/>
            <trkpt lat="42.19855" lon="9.39758"/>
            <trkpt lat="42.19868" lon="9.39734"/>
            <trkpt lat="42.19878" lon="9.39722"/>
            <trkpt lat="42.19904" lon="9.39697"/>
            <trkpt lat="42.19914" lon="9.39689"/>
            <trkpt lat="42.19923" lon="9.39686"/>
            <trkpt lat="42.19931" lon="9.39688"/>
            <trkpt lat="42.19936" lon="9.39692"/>
            <trkpt lat="42.19938" lon="9.39698"/>
            <trkpt lat="42.19939" lon="9.39703"/>
            <trkpt lat="42.19939" lon="9.39715"/>
            <trkpt lat="42.19933" lon="9.39733"/>
            <trkpt lat="42.19926" lon="9.39758"/>
            <trkpt lat="42.19925" lon="9.39777"/>
            <trkpt lat="42.19926" lon="9.39786"/>
            <trkpt lat="42.19927" lon="9.39792"/>
            <trkpt lat="42.1993" lon="9.39802"/>
            <trkpt lat="42.19936" lon="9.39817"/>
            <trkpt lat="42.19943" lon="9.39827"/>
            <trkpt lat="42.19951" lon="9.39838"/>
            <trkpt lat="42.19965" lon="9.39852"/>
            <trkpt lat="42.19975" lon="9.39859"/>
            <trkpt lat="42.20003" lon="9.39876"/>
            <trkpt lat="42.20008" lon="9.39883"/>
            <trkpt lat="42.20012" lon="9.39891"/>
            <trkpt lat="42.20016" lon="9.39909"/>
            <trkpt lat="42.20017" lon="9.39937"/>
            <trkpt lat="42.20016" lon="9.39991"/>
            <trkpt lat="42.20014" lon="9.40003"/>
            <trkpt lat="42.20011" lon="9.40013"/>
            <trkpt lat="42.20005" lon="9.40023"/>
            <trkpt lat="42.19998" lon="9.40029"/>
            <trkpt lat="42.1999" lon="9.40032"/>
            <trkpt lat="42.19982" lon="9.40031"/>
            <trkpt lat="42.19974" lon="9.40026"/>
            <trkpt lat="42.19965" lon="9.40011"/>
            <trkpt lat="42.19938" lon="9.39938"/>
            <trkpt lat="42.19928" lon="9.39902"/>
            <trkpt lat="42.19915" lon="9.39872"/>
            <trkpt lat="42.19908" lon="9.39865"/>
            <trkpt lat="42.19901" lon="9.39863"/>
            <trkpt lat="42.19894" lon="9.39867"/>
            <trkpt lat="42.1989" lon="9.39877"/>
            <trkpt lat="42.19862" lon="9.3994"/>
            <trkpt lat="42.19847" lon="9.39998"/>
            <trkpt lat="42.19843" lon="9.40007"/>
            <trkpt lat="42.19836" lon="9.40014"/>
            <trkpt lat="42.19823" lon="9.40022"/>
            <trkpt lat="42.19818" lon="9.40029"/>
            <trkpt lat="42.19815" lon="9.40036"/>
            <trkpt lat="42.19814" lon="9.40046"/>
            <trkpt lat="42.19816" lon="9.4007"/>
            <trkpt lat="42.19818" lon="9.4008"/>
            <trkpt lat="42.19824" lon="9.40102"/>
            <trkpt lat="42.19827" lon="9.40123"/>
            <trkpt lat="42.19827" lon="9.40148"/>
            <trkpt lat="42.19824" lon="9.40155"/>
            <trkpt lat="42.19819" lon="9.40161"/>
            <trkpt lat="42.19798" lon="9.40168"/>
            <trkpt lat="42.19792" lon="9.40174"/>
            <trkpt lat="42.19778" lon="9.40193"/>
            <trkpt lat="42.1977" lon="9.40208"/>
            <trkpt lat="42.19766" lon="9.40219"/>
            <trkpt lat="42.19765" lon="9.40226"/>
            <trkpt lat="42.19765" lon="9.40231"/>
            <trkpt lat="42.19766" lon="9.40236"/>
            <trkpt lat="42.19768" lon="9.40243"/>
            <trkpt lat="42.19775" lon="9.40259"/>
            <trkpt lat="42.19794" lon="9.40281"/>
            <trkpt lat="42.19802" lon="9.40298"/>
            <trkpt lat="42.19804" lon="9.40302"/>
            <trkpt lat="42.19807" lon="9.40314"/>
            <trkpt lat="42.19807" lon="9.40328"/>
            <trkpt lat="42.19802" lon="9.40338"/>
            <trkpt lat="42.19797" lon="9.40342"/>
            <trkpt lat="42.19788" lon="9.40344"/>
            <trkpt lat="42.1975" lon="9.40347"/>
            <trkpt lat="42.19745" lon="9.40348"/>
            <trkpt lat="42.1974" lon="9.40355"/>
            <trkpt lat="42.19738" lon="9.40363"/>
            <trkpt lat="42.19738" lon="9.40381"/>
            <trkpt lat="42.19738" lon="9.40394"/>
            <trkpt lat="42.1974" lon="9.40411"/>
            <trkpt lat="42.19744" lon="9.40425"/>
            <trkpt lat="42.19745" lon="9.4043"/>
            <trkpt lat="42.19745" lon="9.4044"/>
            <trkpt lat="42.19745" lon="9.40463"/>
            <trkpt lat="42.19743" lon="9.40483"/>
            <trkpt lat="42.19739" lon="9.405"/>
            <trkpt lat="42.19731" lon="9.40519"/>
            <trkpt lat="42.19728" lon="9.40525"/>
            <trkpt lat="42.19722" lon="9.40534"/>
            <trkpt lat="42.19694" lon="9.40565"/>
            <trkpt lat="42.19686" lon="9.40578"/>
            <trkpt lat="42.19681" lon="9.40588"/>
            <trkpt lat="42.19678" lon="9.40602"/>
            <trkpt lat="42.19658" lon="9.40655"/>
            <trkpt lat="42.19655" lon="9.40667"/>
            <trkpt lat="42.19654" lon="9.40693"/>
            <trkpt lat="42.19658" lon="9.40767"/>
            <trkpt lat="42.19658" lon="9.40785"/>
            <trkpt lat="42.19656" lon="9.40796"/>
            <trkpt lat="42.19647" lon="9.40812"/>
            <trkpt lat="42.1964" lon="9.40822"/>
            <trkpt lat="42.19623" lon="9.40839"/>
            <trkpt lat="42.19607" lon="9.40864"/>
            <trkpt lat="42.19601" lon="9.40868"/>
            <trkpt lat="42.19593" lon="9.40866"/>
            <trkpt lat="42.19582" lon="9.40858"/>
            <trkpt lat="42.19562" lon="9.40846"/>
            <trkpt lat="42.19551" lon="9.40845"/>
            <trkpt lat="42.19544" lon="9.40847"/>
            <trkpt lat="42.19527" lon="9.40858"/>
            <trkpt lat="42.19509" lon="9.40868"/>
            <trkpt lat="42.19487" lon="9.40874"/>
            <trkpt lat="42.19439" lon="9.40881"/>
            <trkpt lat="42.19425" lon="9.40885"/>
            <trkpt lat="42.19392" lon="9.4089"/>
            <trkpt lat="42.19382" lon="9.40889"/>
            <trkpt lat="42.19377" lon="9.40885"/>
            <trkpt lat="42.19371" lon="9.4088"/>
            <trkpt lat="42.19365" lon="9.40863"/>
            <trkpt lat="42.19358" lon="9.40835"/>
            <trkpt lat="42.19344" lon="9.40794"/>
            <trkpt lat="42.19335" lon="9.40772"/>
            <trkpt lat="42.19328" lon="9.40759"/>
            <trkpt lat="42.19322" lon="9.40751"/>
            <trkpt lat="42.19318" lon="9.40748"/>
            <trkpt lat="42.19313" lon="9.40744"/>
            <trkpt lat="42.19301" lon="9.4074"/>
            <trkpt lat="42.19289" lon="9.40739"/>
            <trkpt lat="42.19279" lon="9.40741"/>
            <trkpt lat="42.1927" lon="9.40746"/>
            <trkpt lat="42.19264" lon="9.40753"/>
            <trkpt lat="42.19258" lon="9.40765"/>
            <trkpt lat="42.19251" lon="9.40785"/>
            <trkpt lat="42.19246" lon="9.40803"/>
            <trkpt lat="42.19239" lon="9.40822"/>
            <trkpt lat="42.19232" lon="9.40833"/>
            <trkpt lat="42.19219" lon="9.40844"/>
            <trkpt lat="42.19207" lon="9.40847"/>
            <trkpt lat="42.19167" lon="9.40867"/>
            <trkpt lat="42.1915" lon="9.40872"/>
            <trkpt lat="42.19128" lon="9.40874"/>
            <trkpt lat="42.19105" lon="9.4087"/>
            <trkpt lat="42.19087" lon="9.40865"/>
            <trkpt lat="42.19043" lon="9.40836"/>
            <trkpt lat="42.19035" lon="9.40833"/>
            <trkpt lat="42.19027" lon="9.40832"/>
            <trkpt lat="42.19021" lon="9.40836"/>
            <trkpt lat="42.1902" lon="9.40836"/>
            <trkpt lat="42.19014" lon="9.40841"/>
            <trkpt lat="42.18999" lon="9.40859"/>
            <trkpt lat="42.18936" lon="9.40935"/>
            <trkpt lat="42.18932" lon="9.40942"/>
            <trkpt lat="42.1893" lon="9.40948"/>
            <trkpt lat="42.1893" lon="9.40956"/>
            <trkpt lat="42.18975" lon="9.41109"/>
            <trkpt lat="42.18979" lon="9.41126"/>
            <trkpt lat="42.1898" lon="9.41136"/>
            <trkpt lat="42.1898" lon="9.41145"/>
            <trkpt lat="42.18978" lon="9.4115"/>
            <trkpt lat="42.18973" lon="9.41154"/>
            <trkpt lat="42.18953" lon="9.41161"/>
            <trkpt lat="42.18922" lon="9.41166"/>
            <trkpt lat="42.18913" lon="9.41165"/>
            <trkpt lat="42.18905" lon="9.41162"/>
            <trkpt lat="42.18898" lon="9.41157"/>
            <trkpt lat="42.18892" lon="9.41148"/>
            <trkpt lat="42.18862" lon="9.4109"/>
            <trkpt lat="42.18857" lon="9.41083"/>
            <trkpt lat="42.18851" lon="9.4108"/>
            <trkpt lat="42.18845" lon="9.4108"/>
            <trkpt lat="42.1884" lon="9.41081"/>
            <trkpt lat="42.18836" lon="9.41088"/>
            <trkpt lat="42.18833" lon="9.41097"/>
            <trkpt lat="42.18834" lon="9.41111"/>
            <trkpt lat="42.18837" lon="9.4112"/>
            <trkpt lat="42.18848" lon="9.41142"/>
            <trkpt lat="42.18872" lon="9.41193"/>
            <trkpt lat="42.18878" lon="9.4121"/>
            <trkpt lat="42.18884" lon="9.41232"/>
            <trkpt lat="42.18885" lon="9.41247"/>
            <trkpt lat="42.18885" lon="9.41262"/>
            <trkpt lat="42.18883" lon="9.41278"/>
            <trkpt lat="42.18877" lon="9.41296"/>
            <trkpt lat="42.18868" lon="9.41313"/>
            <trkpt lat="42.18861" lon="9.41323"/>
            <trkpt lat="42.18852" lon="9.4133"/>
            <trkpt lat="42.18841" lon="9.41334"/>
            <trkpt lat="42.18797" lon="9.4134"/>
            <trkpt lat="42.18786" lon="9.41344"/>
            <trkpt lat="42.18773" lon="9.4135"/>
            <trkpt lat="42.18762" lon="9.41357"/>
            <trkpt lat="42.1875" lon="9.41368"/>
            <trkpt lat="42.1875" lon="9.41368"/>
            <trkpt lat="42.1874" lon="9.41379"/>
            <trkpt lat="42.18731" lon="9.41393"/>
            <trkpt lat="42.18715" lon="9.41431"/>
            <trkpt lat="42.18711" lon="9.41438"/>
            <trkpt lat="42.18707" lon="9.41443"/>
            <trkpt lat="42.18701" lon="9.41445"/>
            <trkpt lat="42.18666" lon="9.41448"/>
            <trkpt lat="42.18654" lon="9.41447"/>
            <trkpt lat="42.18648" lon="9.41444"/>
            <trkpt lat="42.18643" lon="9.41439"/>
            <trkpt lat="42.18635" lon="9.41428"/>
            <trkpt lat="42.18606" lon="9.41379"/>
            <trkpt lat="42.18597" lon="9.41367"/>
            <trkpt lat="42.18591" lon="9.4136"/>
            <trkpt lat="42.18573" lon="9.41348"/>
            <trkpt lat="42.18567" lon="9.41343"/>
            <trkpt lat="42.18563" lon="9.41337"/>
            <trkpt lat="42.18556" lon="9.41315"/>
            <trkpt lat="42.18552" lon="9.41306"/>
            <trkpt lat="42.18546" lon="9.41299"/>
            <trkpt lat="42.1854" lon="9.41293"/>
            <trkpt lat="42.18535" lon="9.4129"/>
            <trkpt lat="42.18528" lon="9.41289"/>
            <trkpt lat="42.18504" lon="9.41291"/>
            <trkpt lat="42.18499" lon="9.41293"/>
            <trkpt lat="42.18495" lon="9.41297"/>
            <trkpt lat="42.18472" lon="9.41331"/>
            <trkpt lat="42.18464" lon="9.4134"/>
            <trkpt lat="42.18457" lon="9.41343"/>
            <trkpt lat="42.18436" lon="9.41348"/>
            <trkpt lat="42.18426" lon="9.41352"/>
            <trkpt lat="42.18418" lon="9.41359"/>
            <trkpt lat="42.18402" lon="9.41374"/>
            <trkpt lat="42.18394" lon="9.41379"/>
            <trkpt lat="42.18386" lon="9.41381"/>
            <trkpt lat="42.18382" lon="9.4138"/>
            <trkpt lat="42.18379" lon="9.41378"/>
            <trkpt lat="42.18373" lon="9.41372"/>
            <trkpt lat="42.18369" lon="9.41365"/>
            <trkpt lat="42.18365" lon="9.4135"/>
            <trkpt lat="42.18365" lon="9.41332"/>
            <trkpt lat="42.18362" lon="9.41319"/>
            <trkpt lat="42.18355" lon="9.41305"/>
            <trkpt lat="42.18341" lon="9.41283"/>
            <trkpt lat="42.18336" lon="9.4128"/>
            <trkpt lat="42.1833" lon="9.41278"/>
            <trkpt lat="42.18324" lon="9.41277"/>
            <trkpt lat="42.18314" lon="9.41273"/>
            <trkpt lat="42.18306" lon="9.41266"/>
            <trkpt lat="42.18303" lon="9.41261"/>
            <trkpt lat="42.18294" lon="9.41251"/>
            <trkpt lat="42.18293" lon="9.4125"/>
            <trkpt lat="42.18282" lon="9.4123"/>
            <trkpt lat="42.18271" lon="9.41205"/>
            <trkpt lat="42.18265" lon="9.41194"/>
            <trkpt lat="42.18262" lon="9.4119"/>
            <trkpt lat="42.18259" lon="9.41187"/>
            <trkpt lat="42.18255" lon="9.41186"/>
            <trkpt lat="42.18254" lon="9.41185"/>
            <trkpt lat="42.1825" lon="9.41186"/>
            <trkpt lat="42.18246" lon="9.41189"/>
            <trkpt lat="42.18243" lon="9.41193"/>
            <trkpt lat="42.18239" lon="9.412"/>
            <trkpt lat="42.18234" lon="9.41212"/>
            <trkpt lat="42.1823" lon="9.41227"/>
            <trkpt lat="42.18228" lon="9.41236"/>
            <trkpt lat="42.18226" lon="9.41273"/>
            <trkpt lat="42.18226" lon="9.41274"/>
            <trkpt lat="42.18225" lon="9.41284"/>
            <trkpt lat="42.18224" lon="9.41286"/>
            <trkpt lat="42.18223" lon="9.4129"/>
            <trkpt lat="42.1822" lon="9.41295"/>
            <trkpt lat="42.18215" lon="9.41299"/>
            <trkpt lat="42.18212" lon="9.41301"/>
            <trkpt lat="42.18207" lon="9.41303"/>
            <trkpt lat="42.18186" lon="9.41311"/>
            <trkpt lat="42.18141" lon="9.41321"/>
            <trkpt lat="42.18137" lon="9.41322"/>
            <trkpt lat="42.18131" lon="9.41325"/>
            <trkpt lat="42.18129" lon="9.41327"/>
            <trkpt lat="42.18126" lon="9.41331"/>
            <trkpt lat="42.18122" lon="9.41337"/>
            <trkpt lat="42.18114" lon="9.41363"/>
            <trkpt lat="42.18109" lon="9.41373"/>
            <trkpt lat="42.18104" lon="9.41381"/>
            <trkpt lat="42.18098" lon="9.41386"/>
            <trkpt lat="42.18092" lon="9.41389"/>
            <trkpt lat="42.18084" lon="9.4139"/>
            <trkpt lat="42.1806" lon="9.41395"/>
            <trkpt lat="42.18035" lon="9.41401"/>
            <trkpt lat="42.18027" lon="9.41401"/>
            <trkpt lat="42.18023" lon="9.414"/>
            <trkpt lat="42.18008" lon="9.41394"/>
            <trkpt lat="42.18" lon="9.41392"/>
            <trkpt lat="42.17997" lon="9.41392"/>
            <trkpt lat="42.17992" lon="9.41393"/>
            <trkpt lat="42.17986" lon="9.41396"/>
            <trkpt lat="42.17983" lon="9.41398"/>
            <trkpt lat="42.17958" lon="9.41421"/>
            <trkpt lat="42.17954" lon="9.41424"/>
            <trkpt lat="42.17952" lon="9.41425"/>
            <trkpt lat="42.17948" lon="9.41425"/>
            <trkpt lat="42.17943" lon="9.41426"/>
            <trkpt lat="42.17913" lon="9.41414"/>
            <trkpt lat="42.17902" lon="9.41412"/>
            <trkpt lat="42.1787" lon="9.41418"/>
            <trkpt lat="42.17858" lon="9.41422"/>
            <trkpt lat="42.17825" lon="9.4144"/>
            <trkpt lat="42.17817" lon="9.41442"/>
            <trkpt lat="42.17799" lon="9.4144"/>
            <trkpt lat="42.17784" lon="9.41436"/>
            <trkpt lat="42.17772" lon="9.41436"/>
            <trkpt lat="42.17736" lon="9.41461"/>
            <trkpt lat="42.17689" lon="9.41494"/>
            <trkpt lat="42.17678" lon="9.41501"/>
            <trkpt lat="42.17674" lon="9.41503"/>
            <trkpt lat="42.17669" lon="9.41504"/>
            <trkpt lat="42.17666" lon="9.41505"/>
            <trkpt lat="42.17621" lon="9.41489"/>
            <trkpt lat="42.17614" lon="9.41485"/>
            <trkpt lat="42.17604" lon="9.41477"/>
            <trkpt lat="42.176" lon="9.41473"/>
            <trkpt lat="42.17597" lon="9.41468"/>
            <trkpt lat="42.17597" lon="9.41464"/>
            <trkpt lat="42.17597" lon="9.4146"/>
            <trkpt lat="42.17601" lon="9.41453"/>
            <trkpt lat="42.17607" lon="9.41448"/>
            <trkpt lat="42.17621" lon="9.41436"/>
            <trkpt lat="42.17641" lon="9.41423"/>
            <trkpt lat="42.17689" lon="9.41393"/>
            <trkpt lat="42.17698" lon="9.41384"/>
            <trkpt lat="42.17706" lon="9.41379"/>
            <trkpt lat="42.17724" lon="9.41371"/>
            <trkpt lat="42.17735" lon="9.41454"/>
            <trkpt lat="42.17736" lon="9.41461"/>
            <trkpt lat="42.1774" lon="9.41492"/>
            <trkpt lat="42.17743" lon="9.41522"/>
            <trkpt lat="42.17744" lon="9.41536"/>
            <trkpt lat="42.17745" lon="9.41568"/>
            <trkpt lat="42.17744" lon="9.41582"/>
            <trkpt lat="42.17743" lon="9.41595"/>
            <trkpt lat="42.17737" lon="9.41634"/>
            <trkpt lat="42.1773" lon="9.41657"/>
            <trkpt lat="42.17717" lon="9.41692"/>
            <trkpt lat="42.17702" lon="9.41719"/>
            <trkpt lat="42.1769" lon="9.41736"/>
            <trkpt lat="42.17675" lon="9.41755"/>
            <trkpt lat="42.17654" lon="9.41776"/>
            <trkpt lat="42.1759" lon="9.41842"/>
            <trkpt lat="42.17566" lon="9.41866"/>
            <trkpt lat="42.17546" lon="9.41886"/>
            <trkpt lat="42.17515" lon="9.41919"/>
            <trkpt lat="42.17511" lon="9.41924"/>
            <trkpt lat="42.17485" lon="9.41951"/>
            <trkpt lat="42.17469" lon="9.41964"/>
            <trkpt lat="42.17461" lon="9.41973"/>
            <trkpt lat="42.17454" lon="9.41981"/>
            <trkpt lat="42.17439" lon="9.42002"/>
            <trkpt lat="42.17418" lon="9.42031"/>
            <trkpt lat="42.17379" lon="9.42089"/>
            <trkpt lat="42.17357" lon="9.42124"/>
            <trkpt lat="42.17341" lon="9.42148"/>
            <trkpt lat="42.17335" lon="9.42161"/>
            <trkpt lat="42.17331" lon="9.42167"/>
            <trkpt lat="42.17323" lon="9.42177"/>
            <trkpt lat="42.17264" lon="9.42267"/>
            <trkpt lat="42.17073" lon="9.42569"/>
            <trkpt lat="42.17036" lon="9.42627"/>
            <trkpt lat="42.17" lon="9.42683"/>
            <trkpt lat="42.16922" lon="9.42811"/>
            <trkpt lat="42.16897" lon="9.42851"/>
            <trkpt lat="42.16882" lon="9.42874"/>
            <trkpt lat="42.16864" lon="9.42903"/>
            <trkpt lat="42.16824" lon="9.4296"/>
            <trkpt lat="42.1682" lon="9.42966"/>
            <trkpt lat="42.16799" lon="9.42995"/>
            <trkpt lat="42.16781" lon="9.43015"/>
            <trkpt lat="42.16771" lon="9.43023"/>
            <trkpt lat="42.16753" lon="9.43033"/>
            <trkpt lat="42.16739" lon="9.43037"/>
            <trkpt lat="42.16729" lon="9.43039"/>
            <trkpt lat="42.16722" lon="9.4304"/>
            <trkpt lat="42.16713" lon="9.4304"/>
            <trkpt lat="42.16644" lon="9.43028"/>
            <trkpt lat="42.16619" lon="9.43027"/>
            <trkpt lat="42.16591" lon="9.4303"/>
            <trkpt lat="42.16572" lon="9.43037"/>
            <trkpt lat="42.16553" lon="9.43048"/>
            <trkpt lat="42.16551" lon="9.43049"/>
            <trkpt lat="42.16534" lon="9.43063"/>
            <trkpt lat="42.16523" lon="9.43074"/>
            <trkpt lat="42.16394" lon="9.43234"/>
            <trkpt lat="42.16375" lon="9.43255"/>
            <trkpt lat="42.16358" lon="9.4327"/>
            <trkpt lat="42.16352" lon="9.43274"/>
            <trkpt lat="42.16339" lon="9.43281"/>
            <trkpt lat="42.16331" lon="9.43285"/>
            <trkpt lat="42.16325" lon="9.43286"/>
            <trkpt lat="42.16308" lon="9.43289"/>
            <trkpt lat="42.163" lon="9.43289"/>
            <trkpt lat="42.16286" lon="9.43286"/>
            <trkpt lat="42.16229" lon="9.43273"/>
            <trkpt lat="42.162" lon="9.43269"/>
            <trkpt lat="42.1619" lon="9.43269"/>
            <trkpt lat="42.1617" lon="9.43271"/>
            <trkpt lat="42.16153" lon="9.43276"/>
            <trkpt lat="42.16123" lon="9.43287"/>
            <trkpt lat="42.16113" lon="9.4329"/>
            <trkpt lat="42.16044" lon="9.43314"/>
            <trkpt lat="42.15988" lon="9.43335"/>
            <trkpt lat="42.15967" lon="9.43341"/>
            <trkpt lat="42.15942" lon="9.43353"/>
            <trkpt lat="42.15915" lon="9.43373"/>
            <trkpt lat="42.15906" lon="9.43381"/>
            <trkpt lat="42.15891" lon="9.43402"/>
            <trkpt lat="42.15879" lon="9.43423"/>
            <trkpt lat="42.15842" lon="9.43497"/>
            <trkpt lat="42.15829" lon="9.43522"/>
            <trkpt lat="42.15812" lon="9.43554"/>
            <trkpt lat="42.15797" lon="9.43575"/>
            <trkpt lat="42.15782" lon="9.43591"/>
            <trkpt lat="42.15772" lon="9.43598"/>
            <trkpt lat="42.15758" lon="9.43606"/>
            <trkpt lat="42.15712" lon="9.43626"/>
            <trkpt lat="42.15696" lon="9.43634"/>
            <trkpt lat="42.15675" lon="9.43648"/>
            <trkpt lat="42.15657" lon="9.43668"/>
            <trkpt lat="42.15648" lon="9.4368"/>
            <trkpt lat="42.15615" lon="9.43742"/>
            <trkpt lat="42.15504" lon="9.43958"/>
            <trkpt lat="42.1542" lon="9.44127"/>
            <trkpt lat="42.15385" lon="9.44197"/>
            <trkpt lat="42.15323" lon="9.44321"/>
            <trkpt lat="42.15239" lon="9.4449"/>
            <trkpt lat="42.15235" lon="9.44498"/>
            <trkpt lat="42.15217" lon="9.44535"/>
            <trkpt lat="42.15204" lon="9.44562"/>
            <trkpt lat="42.1519" lon="9.44584"/>
            <trkpt lat="42.15167" lon="9.44618"/>
            <trkpt lat="42.1514" lon="9.44647"/>
            <trkpt lat="42.15068" lon="9.44713"/>
            <trkpt lat="42.14948" lon="9.44815"/>
            <trkpt lat="42.14938" lon="9.44824"/>
            <trkpt lat="42.14935" lon="9.44826"/>
            <trkpt lat="42.14844" lon="9.44905"/>
            <trkpt lat="42.14827" lon="9.44918"/>
            <trkpt lat="42.14796" lon="9.44937"/>
            <trkpt lat="42.14674" lon="9.44997"/>
            <trkpt lat="42.14629" lon="9.4502"/>
            <trkpt lat="42.14604" lon="9.45037"/>
            <trkpt lat="42.14567" lon="9.45067"/>
            <trkpt lat="42.14532" lon="9.45098"/>
            <trkpt lat="42.14493" lon="9.45135"/>
            <trkpt lat="42.14479" lon="9.45153"/>
            <trkpt lat="42.14466" lon="9.45172"/>
            <trkpt lat="42.14416" lon="9.45271"/>
            <trkpt lat="42.14404" lon="9.4529"/>
            <trkpt lat="42.14397" lon="9.45301"/>
            <trkpt lat="42.14355" lon="9.45348"/>
            <trkpt lat="42.14339" lon="9.45365"/>
            <trkpt lat="42.14323" lon="9.45389"/>
            <trkpt lat="42.14285" lon="9.4546"/>
            <trkpt lat="42.14255" lon="9.45512"/>
            <trkpt lat="42.14235" lon="9.45533"/>
            <trkpt lat="42.14225" lon="9.45541"/>
            <trkpt lat="42.14214" lon="9.45547"/>
            <trkpt lat="42.14186" lon="9.45556"/>
            <trkpt lat="42.14142" lon="9.45566"/>
            <trkpt lat="42.14119" lon="9.45573"/>
            <trkpt lat="42.14084" lon="9.4559"/>
            <trkpt lat="42.14068" lon="9.45603"/>
            <trkpt lat="42.14048" lon="9.45621"/>
            <trkpt lat="42.14007" lon="9.45671"/>
            <trkpt lat="42.13993" lon="9.45689"/>
            <trkpt lat="42.13989" lon="9.45694"/>
            <trkpt lat="42.1398" lon="9.45702"/>
            <trkpt lat="42.13969" lon="9.4571"/>
            <trkpt lat="42.13951" lon="9.4572"/>
            <trkpt lat="42.13924" lon="9.45729"/>
            <trkpt lat="42.13834" lon="9.4574"/>
            <trkpt lat="42.13769" lon="9.45748"/>
            <trkpt lat="42.13719" lon="9.45754"/>
            <trkpt lat="42.13694" lon="9.45761"/>
            <trkpt lat="42.13672" lon="9.45773"/>
            <trkpt lat="42.1366" lon="9.45782"/>
            <trkpt lat="42.13641" lon="9.45801"/>
            <trkpt lat="42.13631" lon="9.45813"/>
            <trkpt lat="42.13623" lon="9.45826"/>
            <trkpt lat="42.13619" lon="9.45833"/>
            <trkpt lat="42.1359" lon="9.45895"/>
            <trkpt lat="42.13574" lon="9.45923"/>
            <trkpt lat="42.13558" lon="9.45943"/>
            <trkpt lat="42.13402" lon="9.46108"/>
            <trkpt lat="42.13372" lon="9.46136"/>
            <trkpt lat="42.13363" lon="9.46142"/>
            <trkpt lat="42.13297" lon="9.46175"/>
            <trkpt lat="42.13273" lon="9.46191"/>
            <trkpt lat="42.13235" lon="9.46216"/>
            <trkpt lat="42.13199" lon="9.46233"/>
            <trkpt lat="42.13154" lon="9.46248"/>
            <trkpt lat="42.1312" lon="9.46261"/>
            <trkpt lat="42.131" lon="9.46272"/>
            <trkpt lat="42.13082" lon="9.46288"/>
            <trkpt lat="42.13071" lon="9.46303"/>
            <trkpt lat="42.13062" lon="9.46318"/>
            <trkpt lat="42.13055" lon="9.46333"/>
            <trkpt lat="42.13035" lon="9.46395"/>
            <trkpt lat="42.12997" lon="9.46517"/>
            <trkpt lat="42.12989" lon="9.46545"/>
            <trkpt lat="42.12979" lon="9.46576"/>
            <trkpt lat="42.12954" lon="9.46654"/>
            <trkpt lat="42.12929" lon="9.46752"/>
            <trkpt lat="42.12908" lon="9.46856"/>
            <trkpt lat="42.12885" lon="9.46964"/>
            <trkpt lat="42.12873" lon="9.47021"/>
            <trkpt lat="42.12844" lon="9.4716"/>
            <trkpt lat="42.12812" lon="9.47318"/>
            <trkpt lat="42.12793" lon="9.47406"/>
            <trkpt lat="42.12684" lon="9.47932"/>
            <trkpt lat="42.12679" lon="9.47952"/>
            <trkpt lat="42.12674" lon="9.47973"/>
            <trkpt lat="42.12664" lon="9.4801"/>
            <trkpt lat="42.12649" lon="9.48045"/>
            <trkpt lat="42.12644" lon="9.48055"/>
            <trkpt lat="42.12593" lon="9.48152"/>
            <trkpt lat="42.12528" lon="9.48272"/>
            <trkpt lat="42.12483" lon="9.48357"/>
            <trkpt lat="42.12453" lon="9.48424"/>
            <trkpt lat="42.12432" lon="9.4847"/>
            <trkpt lat="42.12419" lon="9.48493"/>
            <trkpt lat="42.12401" lon="9.48519"/>
            <trkpt lat="42.12389" lon="9.48533"/>
            <trkpt lat="42.12373" lon="9.48549"/>
            <trkpt lat="42.12362" lon="9.48559"/>
            <trkpt lat="42.12337" lon="9.48577"/>
            <trkpt lat="42.12312" lon="9.48591"/>
            <trkpt lat="42.12275" lon="9.48601"/>
            <trkpt lat="42.12249" lon="9.48605"/>
            <trkpt lat="42.12227" lon="9.48605"/>
            <trkpt lat="42.12212" lon="9.48603"/>
            <trkpt lat="42.12191" lon="9.48599"/>
            <trkpt lat="42.12172" lon="9.48594"/>
            <trkpt lat="42.12158" lon="9.48591"/>
            <trkpt lat="42.12111" lon="9.48579"/>
            <trkpt lat="42.12097" lon="9.4858"/>
            <trkpt lat="42.12066" lon="9.48586"/>
            <trkpt lat="42.12044" lon="9.48595"/>
            <trkpt lat="42.12031" lon="9.48604"/>
            <trkpt lat="42.12016" lon="9.48616"/>
            <trkpt lat="42.11997" lon="9.48639"/>
            <trkpt lat="42.11991" lon="9.48651"/>
            <trkpt lat="42.11986" lon="9.4866"/>
            <trkpt lat="42.11976" lon="9.48685"/>
            <trkpt lat="42.11968" lon="9.48712"/>
            <trkpt lat="42.11955" lon="9.48759"/>
            <trkpt lat="42.11941" lon="9.48796"/>
            <trkpt lat="42.11916" lon="9.48851"/>
            <trkpt lat="42.11879" lon="9.48927"/>
            <trkpt lat="42.11871" lon="9.48935"/>
            <trkpt lat="42.11827" lon="9.49029"/>
            <trkpt lat="42.11816" lon="9.4905"/>
            <trkpt lat="42.11799" lon="9.49079"/>
            <trkpt lat="42.11794" lon="9.49087"/>
            <trkpt lat="42.11781" lon="9.49102"/>
            <trkpt lat="42.11769" lon="9.49113"/>
            <trkpt lat="42.11747" lon="9.49126"/>
            <trkpt lat="42.11724" lon="9.49136"/>
            <trkpt lat="42.1168" lon="9.49148"/>
            <trkpt lat="42.11674" lon="9.49152"/>
            <trkpt lat="42.11642" lon="9.49156"/>
            <trkpt lat="42.11605" lon="9.49168"/>
            <trkpt lat="42.11589" lon="9.49176"/>
            <trkpt lat="42.11576" lon="9.49184"/>
            <trkpt lat="42.11556" lon="9.492"/>
            <trkpt lat="42.11538" lon="9.49217"/>
            <trkpt lat="42.11537" lon="9.49219"/>
            <trkpt lat="42.11484" lon="9.4928"/>
            <trkpt lat="42.11454" lon="9.49319"/>
            <trkpt lat="42.11438" lon="9.49337"/>
            <trkpt lat="42.11417" lon="9.49369"/>
            <trkpt lat="42.11407" lon="9.49389"/>
            <trkpt lat="42.11399" lon="9.49409"/>
            <trkpt lat="42.11395" lon="9.49433"/>
            <trkpt lat="42.11393" lon="9.49455"/>
            <trkpt lat="42.11394" lon="9.49491"/>
            <trkpt lat="42.11406" lon="9.49607"/>
            <trkpt lat="42.11411" lon="9.49649"/>
            <trkpt lat="42.11414" lon="9.49696"/>
            <trkpt lat="42.11414" lon="9.49706"/>
            <trkpt lat="42.11413" lon="9.49735"/>
            <trkpt lat="42.11411" lon="9.49748"/>
            <trkpt lat="42.11409" lon="9.49773"/>
            <trkpt lat="42.11388" lon="9.49921"/>
            <trkpt lat="42.11381" lon="9.49986"/>
            <trkpt lat="42.1138" lon="9.50011"/>
            <trkpt lat="42.11387" lon="9.50158"/>
            <trkpt lat="42.11388" lon="9.502"/>
            <trkpt lat="42.11385" lon="9.50238"/>
            <trkpt lat="42.11382" lon="9.50264"/>
            <trkpt lat="42.11376" lon="9.50299"/>
            <trkpt lat="42.11344" lon="9.50453"/>
            <trkpt lat="42.11335" lon="9.50495"/>
            <trkpt lat="42.11281" lon="9.50753"/>
            <trkpt lat="42.11273" lon="9.50799"/>
            <trkpt lat="42.11271" lon="9.50806"/>
            <trkpt lat="42.11264" lon="9.50857"/>
            <trkpt lat="42.11261" lon="9.509"/>
            <trkpt lat="42.11261" lon="9.50932"/>
            <trkpt lat="42.11263" lon="9.50964"/>
            <trkpt lat="42.11267" lon="9.51004"/>
            <trkpt lat="42.11269" lon="9.5103"/>
            <trkpt lat="42.11272" lon="9.51052"/>
            <trkpt lat="42.11277" lon="9.51091"/>
            <trkpt lat="42.11288" lon="9.51188"/>
            <trkpt lat="42.11289" lon="9.512"/>
            <trkpt lat="42.11297" lon="9.51266"/>
            <trkpt lat="42.11299" lon="9.51285"/>
            <trkpt lat="42.11303" lon="9.51319"/>
            <trkpt lat="42.11303" lon="9.51332"/>
            <trkpt lat="42.11303" lon="9.5134"/>
            <trkpt lat="42.11303" lon="9.51355"/>
            <trkpt lat="42.11304" lon="9.51362"/>
            <trkpt lat="42.11305" lon="9.51366"/>
            <trkpt lat="42.11307" lon="9.51371"/>
            <trkpt lat="42.11311" lon="9.51377"/>
            <trkpt lat="42.11333" lon="9.51372"/>
            <trkpt lat="42.11388" lon="9.51363"/>
            <trkpt lat="42.1148" lon="9.51348"/>
            <trkpt lat="42.11496" lon="9.51346"/>
            <trkpt lat="42.11534" lon="9.51339"/>
            <trkpt lat="42.11558" lon="9.51335"/>
            <trkpt lat="42.11593" lon="9.51329"/>
            <trkpt lat="42.11642" lon="9.51321"/>
            <trkpt lat="42.11644" lon="9.51324"/>
            <trkpt lat="42.11645" lon="9.51326"/>
            <trkpt lat="42.11646" lon="9.51327"/>
            <trkpt lat="42.11647" lon="9.51328"/>
            <trkpt lat="42.11648" lon="9.51329"/>
            <trkpt lat="42.11651" lon="9.51329"/>
            <trkpt lat="42.11652" lon="9.51329"/>
            <trkpt lat="42.11654" lon="9.51329"/>
            <trkpt lat="42.11656" lon="9.51329"/>
            <trkpt lat="42.11657" lon="9.51327"/>
            <trkpt lat="42.11659" lon="9.51326"/>
            <trkpt lat="42.1166" lon="9.51324"/>
            <trkpt lat="42.1166" lon="9.51322"/>
            <trkpt lat="42.11705" lon="9.51315"/>
            <trkpt lat="42.11733" lon="9.51306"/>
            <trkpt lat="42.11749" lon="9.51297"/>
            <trkpt lat="42.11761" lon="9.51291"/>
            <trkpt lat="42.11792" lon="9.51268"/>
            <trkpt lat="42.11833" lon="9.51233"/>
            <trkpt lat="42.11915" lon="9.5117"/>
            <trkpt lat="42.11919" lon="9.51163"/>
            <trkpt lat="42.11926" lon="9.51157"/>
            <trkpt lat="42.11945" lon="9.51141"/>
            <trkpt lat="42.12044" lon="9.51064"/>
            <trkpt lat="42.1205" lon="9.5106"/>
            <trkpt lat="42.12077" lon="9.51046"/>
            <trkpt lat="42.12088" lon="9.51043"/>
            <trkpt lat="42.12112" lon="9.51038"/>
            <trkpt lat="42.12145" lon="9.51037"/>
            <trkpt lat="42.12158" lon="9.51037"/>
            <trkpt lat="42.12204" lon="9.51035"/>
            <trkpt lat="42.12229" lon="9.51034"/>
            <trkpt lat="42.12239" lon="9.51033"/>
            <trkpt lat="42.12307" lon="9.51031"/>
            <trkpt lat="42.12362" lon="9.51029"/>
            <trkpt lat="42.12451" lon="9.51026"/>
            <trkpt lat="42.12513" lon="9.51023"/>
            <trkpt lat="42.12599" lon="9.5102"/>
            <trkpt lat="42.12664" lon="9.51017"/>
            <trkpt lat="42.12688" lon="9.51016"/>
            <trkpt lat="42.12763" lon="9.51013"/>
            <trkpt lat="42.12966" lon="9.51003"/>
            <trkpt lat="42.13098" lon="9.50998"/>
            <trkpt lat="42.13263" lon="9.50994"/>
            <trkpt lat="42.1328" lon="9.50993"/>
            <trkpt lat="42.13369" lon="9.50988"/>
            <trkpt lat="42.1345" lon="9.50977"/>
            <trkpt lat="42.13507" lon="9.50965"/>
            <trkpt lat="42.13648" lon="9.50922"/>
            <trkpt lat="42.13679" lon="9.50912"/>
            <trkpt lat="42.13718" lon="9.509"/>
            <trkpt lat="42.1373" lon="9.50897"/>
            <trkpt lat="42.14191" lon="9.50754"/>
            <trkpt lat="42.14239" lon="9.50743"/>
            <trkpt lat="42.14278" lon="9.50741"/>
            <trkpt lat="42.14315" lon="9.50746"/>
            <trkpt lat="42.14355" lon="9.50754"/>
            <trkpt lat="42.14395" lon="9.50763"/>
            <trkpt lat="42.14423" lon="9.50766"/>
            <trkpt lat="42.14448" lon="9.50765"/>
            <trkpt lat="42.14478" lon="9.50759"/>
            <trkpt lat="42.14498" lon="9.50751"/>
            <trkpt lat="42.14521" lon="9.50739"/>
            <trkpt lat="42.14543" lon="9.50723"/>
            <trkpt lat="42.14561" lon="9.50706"/>
            <trkpt lat="42.14576" lon="9.50689"/>
            <trkpt lat="42.14641" lon="9.50606"/>
            <trkpt lat="42.14664" lon="9.50581"/>
            <trkpt lat="42.14684" lon="9.50562"/>
            <trkpt lat="42.14688" lon="9.50559"/>
            <trkpt lat="42.14701" lon="9.50551"/>
            <trkpt lat="42.14721" lon="9.50539"/>
            <trkpt lat="42.14751" lon="9.50528"/>
            <trkpt lat="42.14788" lon="9.50523"/>
            <trkpt lat="42.14807" lon="9.50525"/>
            <trkpt lat="42.14818" lon="9.5053"/>
            <trkpt lat="42.14841" lon="9.50537"/>
            <trkpt lat="42.14856" lon="9.50542"/>
            <trkpt lat="42.14881" lon="9.50555"/>
            <trkpt lat="42.14908" lon="9.50569"/>
            <trkpt lat="42.14991" lon="9.50615"/>
            <trkpt lat="42.15025" lon="9.50634"/>
            <trkpt lat="42.15165" lon="9.5071"/>
            <trkpt lat="42.1519" lon="9.50721"/>
            <trkpt lat="42.15202" lon="9.50722"/>
            <trkpt lat="42.15251" lon="9.50749"/>
            <trkpt lat="42.15312" lon="9.50782"/>
            <trkpt lat="42.15338" lon="9.50797"/>
            <trkpt lat="42.15371" lon="9.50825"/>
            <trkpt lat="42.15383" lon="9.50838"/>
            <trkpt lat="42.15406" lon="9.50866"/>
            <trkpt lat="42.15421" lon="9.50893"/>
            <trkpt lat="42.15471" lon="9.50994"/>
            <trkpt lat="42.15653" lon="9.51362"/>
            <trkpt lat="42.15679" lon="9.51416"/>
            <trkpt lat="42.15723" lon="9.51508"/>
            <trkpt lat="42.15742" lon="9.51547"/>
            <trkpt lat="42.15854" lon="9.51773"/>
            <trkpt lat="42.15893" lon="9.51848"/>
            <trkpt lat="42.15926" lon="9.51898"/>
            <trkpt lat="42.15982" lon="9.51982"/>
            <trkpt lat="42.16113" lon="9.5217"/>
            <trkpt lat="42.16302" lon="9.5244"/>
            <trkpt lat="42.16309" lon="9.52451"/>
            <trkpt lat="42.1633" lon="9.52475"/>
            <trkpt lat="42.16356" lon="9.52499"/>
            <trkpt lat="42.16385" lon="9.52518"/>
            <trkpt lat="42.16415" lon="9.52531"/>
            <trkpt lat="42.16428" lon="9.52535"/>
            <trkpt lat="42.16461" lon="9.52543"/>
            <trkpt lat="42.1647" lon="9.52545"/>
            <trkpt lat="42.16504" lon="9.52553"/>
            <trkpt lat="42.16512" lon="9.52554"/>
            <trkpt lat="42.16553" lon="9.52563"/>
            <trkpt lat="42.1657" lon="9.52567"/>
            <trkpt lat="42.16613" lon="9.52578"/>
            <trkpt lat="42.16786" lon="9.52618"/>
            <trkpt lat="42.16836" lon="9.52631"/>
            <trkpt lat="42.16883" lon="9.5265"/>
            <trkpt lat="42.17054" lon="9.52744"/>
            <trkpt lat="42.17248" lon="9.52848"/>
            <trkpt lat="42.17297" lon="9.52875"/>
            <trkpt lat="42.17347" lon="9.52901"/>
            <trkpt lat="42.17374" lon="9.5291"/>
            <trkpt lat="42.17403" lon="9.52916"/>
            <trkpt lat="42.17638" lon="9.52938"/>
            <trkpt lat="42.17788" lon="9.52952"/>
            <trkpt lat="42.18107" lon="9.52981"/>
            <trkpt lat="42.18552" lon="9.53022"/>
            <trkpt lat="42.18624" lon="9.53027"/>
            <trkpt lat="42.1875" lon="9.5304"/>
            <trkpt lat="42.18797" lon="9.53044"/>
            <trkpt lat="42.18947" lon="9.53058"/>
            <trkpt lat="42.19198" lon="9.53078"/>
            <trkpt lat="42.19216" lon="9.5308"/>
            <trkpt lat="42.19238" lon="9.53081"/>
            <trkpt lat="42.19245" lon="9.53082"/>
            <trkpt lat="42.19308" lon="9.53088"/>
            <trkpt lat="42.19444" lon="9.53101"/>
            <trkpt lat="42.19528" lon="9.53109"/>
            <trkpt lat="42.19595" lon="9.53115"/>
            <trkpt lat="42.1961" lon="9.53118"/>
            <trkpt lat="42.19628" lon="9.53124"/>
            <trkpt lat="42.19658" lon="9.53136"/>
            <trkpt lat="42.19668" lon="9.53142"/>
            <trkpt lat="42.19684" lon="9.53153"/>
            <trkpt lat="42.19744" lon="9.532"/>
            <trkpt lat="42.19782" lon="9.53231"/>
            <trkpt lat="42.19798" lon="9.53243"/>
            <trkpt lat="42.19852" lon="9.53286"/>
            <trkpt lat="42.19975" lon="9.53383"/>
            <trkpt lat="42.20025" lon="9.53422"/>
            <trkpt lat="42.20048" lon="9.53437"/>
            <trkpt lat="42.20089" lon="9.53459"/>
            <trkpt lat="42.20124" lon="9.53473"/>
            <trkpt lat="42.20131" lon="9.53475"/>
            <trkpt lat="42.20171" lon="9.53485"/>
            <trkpt lat="42.20215" lon="9.53489"/>
            <trkpt lat="42.2025" lon="9.53489"/>
            <trkpt lat="42.2032" lon="9.53481"/>
            <trkpt lat="42.20383" lon="9.53473"/>
            <trkpt lat="42.20482" lon="9.53462"/>
            <trkpt lat="42.20502" lon="9.53459"/>
            <trkpt lat="42.20514" lon="9.53458"/>
            <trkpt lat="42.2059" lon="9.53449"/>
            <trkpt lat="42.20594" lon="9.53449"/>
            <trkpt lat="42.20815" lon="9.53424"/>
            <trkpt lat="42.20853" lon="9.5342"/>
            <trkpt lat="42.20878" lon="9.53418"/>
            <trkpt lat="42.20947" lon="9.53411"/>
            <trkpt lat="42.20951" lon="9.53411"/>
            <trkpt lat="42.21029" lon="9.53403"/>
            <trkpt lat="42.21141" lon="9.53392"/>
            <trkpt lat="42.21185" lon="9.53387"/>
            <trkpt lat="42.21207" lon="9.53385"/>
            <trkpt lat="42.21226" lon="9.53383"/>
            <trkpt lat="42.21335" lon="9.53371"/>
            <trkpt lat="42.21381" lon="9.53366"/>
            <trkpt lat="42.21505" lon="9.53352"/>
            <trkpt lat="42.2154" lon="9.5335"/>
            <trkpt lat="42.2157" lon="9.53354"/>
            <trkpt lat="42.21598" lon="9.53364"/>
            <trkpt lat="42.21622" lon="9.53378"/>
            <trkpt lat="42.21682" lon="9.53428"/>
            <trkpt lat="42.21755" lon="9.5349"/>
            <trkpt lat="42.21864" lon="9.53582"/>
            <trkpt lat="42.219" lon="9.53613"/>
            <trkpt lat="42.21946" lon="9.53652"/>
            <trkpt lat="42.22107" lon="9.53789"/>
            <trkpt lat="42.22162" lon="9.53835"/>
            <trkpt lat="42.22258" lon="9.53916"/>
            <trkpt lat="42.22643" lon="9.54244"/>
            <trkpt lat="42.22759" lon="9.54345"/>
            <trkpt lat="42.22772" lon="9.54355"/>
            <trkpt lat="42.22798" lon="9.5437"/>
            <trkpt lat="42.22826" lon="9.54379"/>
            <trkpt lat="42.22966" lon="9.54413"/>
            <trkpt lat="42.23029" lon="9.54429"/>
            <trkpt lat="42.23125" lon="9.54453"/>
            <trkpt lat="42.23145" lon="9.54457"/>
            <trkpt lat="42.23146" lon="9.54458"/>
            <trkpt lat="42.23533" lon="9.54553"/>
            <trkpt lat="42.23611" lon="9.54568"/>
            <trkpt lat="42.23919" lon="9.54565"/>
            <trkpt lat="42.2415" lon="9.54562"/>
            <trkpt lat="42.24176" lon="9.54562"/>
            <trkpt lat="42.24232" lon="9.54561"/>
            <trkpt lat="42.24305" lon="9.54561"/>
            <trkpt lat="42.24394" lon="9.5456"/>
            <trkpt lat="42.24424" lon="9.5456"/>
            <trkpt lat="42.24526" lon="9.54558"/>
            <trkpt lat="42.24701" lon="9.54557"/>
            <trkpt lat="42.24839" lon="9.54557"/>
            <trkpt lat="42.24921" lon="9.54556"/>
            <trkpt lat="42.24987" lon="9.54556"/>
            <trkpt lat="42.24999" lon="9.54555"/>
            <trkpt lat="42.25018" lon="9.54555"/>
            <trkpt lat="42.25037" lon="9.54555"/>
            <trkpt lat="42.25079" lon="9.54555"/>
            <trkpt lat="42.25131" lon="9.54554"/>
            <trkpt lat="42.25174" lon="9.54553"/>
            <trkpt lat="42.25211" lon="9.54553"/>
            <trkpt lat="42.25243" lon="9.54553"/>
            <trkpt lat="42.25272" lon="9.54552"/>
            <trkpt lat="42.25289" lon="9.54553"/>
            <trkpt lat="42.25325" lon="9.5456"/>
            <trkpt lat="42.25342" lon="9.54565"/>
            <trkpt lat="42.254" lon="9.54583"/>
            <trkpt lat="42.25422" lon="9.54588"/>
            <trkpt lat="42.25435" lon="9.54597"/>
            <trkpt lat="42.25517" lon="9.54619"/>
            <trkpt lat="42.25572" lon="9.54633"/>
            <trkpt lat="42.25582" lon="9.54635"/>
            <trkpt lat="42.25598" lon="9.54635"/>
            <trkpt lat="42.25636" lon="9.54646"/>
            <trkpt lat="42.25695" lon="9.54664"/>
            <trkpt lat="42.2571" lon="9.54667"/>
            <trkpt lat="42.25826" lon="9.54697"/>
            <trkpt lat="42.25892" lon="9.54714"/>
            <trkpt lat="42.25947" lon="9.54728"/>
            <trkpt lat="42.26023" lon="9.54748"/>
            <trkpt lat="42.26083" lon="9.54764"/>
            <trkpt lat="42.26111" lon="9.54772"/>
            <trkpt lat="42.2612" lon="9.54777"/>
            <trkpt lat="42.2615" lon="9.54786"/>
            <trkpt lat="42.26157" lon="9.54788"/>
            <trkpt lat="42.26195" lon="9.548"/>
            <trkpt lat="42.26248" lon="9.54815"/>
            <trkpt lat="42.26298" lon="9.54828"/>
            <trkpt lat="42.26338" lon="9.54838"/>
            <trkpt lat="42.26358" lon="9.54843"/>
            <trkpt lat="42.26423" lon="9.54862"/>
            <trkpt lat="42.26462" lon="9.5487"/>
            <trkpt lat="42.26516" lon="9.54882"/>
            <trkpt lat="42.26532" lon="9.54882"/>
            <trkpt lat="42.26571" lon="9.54888"/>
            <trkpt lat="42.26621" lon="9.54893"/>
            <trkpt lat="42.26706" lon="9.54901"/>
            <trkpt lat="42.26735" lon="9.54904"/>
            <trkpt lat="42.26773" lon="9.54908"/>
            <trkpt lat="42.2685" lon="9.54915"/>
            <trkpt lat="42.26898" lon="9.5492"/>
            <trkpt lat="42.26928" lon="9.54923"/>
            <trkpt lat="42.27377" lon="9.54966"/>
            <trkpt lat="42.27533" lon="9.54982"/>
            <trkpt lat="42.27539" lon="9.54985"/>
            <trkpt lat="42.27545" lon="9.54988"/>
            <trkpt lat="42.27643" lon="9.55003"/>
            <trkpt lat="42.27664" lon="9.55005"/>
            <trkpt lat="42.27771" lon="9.55014"/>
            <trkpt lat="42.27831" lon="9.5502"/>
            <trkpt lat="42.27918" lon="9.55025"/>
            <trkpt lat="42.2793" lon="9.55023"/>
            <trkpt lat="42.28025" lon="9.55031"/>
            <trkpt lat="42.28265" lon="9.55056"/>
            <trkpt lat="42.2836" lon="9.55065"/>
            <trkpt lat="42.28394" lon="9.55069"/>
            <trkpt lat="42.28445" lon="9.55073"/>
            <trkpt lat="42.28471" lon="9.55072"/>
            <trkpt lat="42.28496" lon="9.55067"/>
            <trkpt lat="42.28509" lon="9.55062"/>
            <trkpt lat="42.28736" lon="9.54965"/>
            <trkpt lat="42.28838" lon="9.54923"/>
            <trkpt lat="42.28936" lon="9.5488"/>
            <trkpt lat="42.29166" lon="9.54782"/>
            <trkpt lat="42.29321" lon="9.54716"/>
            <trkpt lat="42.29403" lon="9.54681"/>
            <trkpt lat="42.29418" lon="9.54674"/>
            <trkpt lat="42.29476" lon="9.5465"/>
            <trkpt lat="42.29532" lon="9.54625"/>
            <trkpt lat="42.29632" lon="9.54585"/>
            <trkpt lat="42.29695" lon="9.54565"/>
            <trkpt lat="42.29736" lon="9.54555"/>
            <trkpt lat="42.298" lon="9.54539"/>
            <trkpt lat="42.29819" lon="9.54534"/>
            <trkpt lat="42.29962" lon="9.54499"/>
            <trkpt lat="42.29992" lon="9.54491"/>
            <trkpt lat="42.3009" lon="9.54468"/>
            <trkpt lat="42.30226" lon="9.54435"/>
            <trkpt lat="42.30451" lon="9.54379"/>
            <trkpt lat="42.30522" lon="9.5436"/>
            <trkpt lat="42.30663" lon="9.54326"/>
            <trkpt lat="42.30805" lon="9.5429"/>
            <trkpt lat="42.30853" lon="9.54278"/>
            <trkpt lat="42.30919" lon="9.54261"/>
            <trkpt lat="42.30987" lon="9.54246"/>
            <trkpt lat="42.31084" lon="9.54223"/>
            <trkpt lat="42.31121" lon="9.54214"/>
            <trkpt lat="42.31167" lon="9.54202"/>
            <trkpt lat="42.31199" lon="9.54195"/>
            <trkpt lat="42.31257" lon="9.5418"/>
            <trkpt lat="42.31382" lon="9.54149"/>
            <trkpt lat="42.31506" lon="9.5412"/>
            <trkpt lat="42.31517" lon="9.54117"/>
            <trkpt lat="42.31609" lon="9.54095"/>
            <trkpt lat="42.31651" lon="9.54085"/>
            <trkpt lat="42.31685" lon="9.54076"/>
            <trkpt lat="42.31761" lon="9.54057"/>
            <trkpt lat="42.31784" lon="9.54057"/>
            <trkpt lat="42.31934" lon="9.54026"/>
            <trkpt lat="42.31958" lon="9.54021"/>
            <trkpt lat="42.3196" lon="9.54025"/>
            <trkpt lat="42.31963" lon="9.54027"/>
            <trkpt lat="42.31966" lon="9.54027"/>
            <trkpt lat="42.31968" lon="9.54027"/>
            <trkpt lat="42.3197" lon="9.54026"/>
            <trkpt lat="42.31979" lon="9.54053"/>
            <trkpt lat="42.31996" lon="9.54097"/>
            <trkpt lat="42.32003" lon="9.54111"/>
            <trkpt lat="42.32036" lon="9.5421"/>
            <trkpt lat="42.32076" lon="9.54321"/>
            <trkpt lat="42.32092" lon="9.5437"/>
            <trkpt lat="42.32128" lon="9.54477"/>
            <trkpt lat="42.32242" lon="9.54425"/>
            <trkpt lat="42.32259" lon="9.54424"/>
            <trkpt lat="42.32308" lon="9.54406"/>
            <trkpt lat="42.32334" lon="9.54392"/>
            <trkpt lat="42.32371" lon="9.54375"/>
        </trkseg>
    </trk>
</gpx>
